{
  "authorDailyContributionsMap": {
    "Crisgu": [
      {
        "insertions": 136,
        "deletions": 54,
        "date": "2019-10-02",
        "commitResults": [
          {
            "hash": "721307c0b99129a6e9d9dae91ffb178bc02d7d67",
            "messageTitle": "Update DeveloperGuide.adoc (#59)",
            "messageBody": "* Update DeveloperGuide.adoc",
            "insertions": 136,
            "deletions": 54
          }
        ]
      }
    ],
    "eshwarkp": [
      {
        "insertions": 382,
        "deletions": 21,
        "date": "2019-09-25",
        "commitResults": [
          {
            "hash": "56eadff20d8a367316fa011e26a84607fca8d5fc",
            "messageTitle": "Add files via upload",
            "messageBody": "Individual group Member Description",
            "insertions": 360,
            "deletions": 0
          },
          {
            "hash": "b573099723a448374c42fd434b1d342de8a51a52",
            "messageTitle": "Update AboutUs.adoc",
            "messageBody": "Replaced info of SE-EDU developers with info of our team. \r\nIncluded suitable photos for each team member.\r\nIndicated the different roles played and responsibilities held by each team member.",
            "insertions": 22,
            "deletions": 21
          }
        ]
      },
      {
        "insertions": 91,
        "deletions": 91,
        "date": "2019-10-02",
        "commitResults": [
          {
            "hash": "64a3398406fdb03159266841cab4da03ce67f9a1",
            "messageTitle": "Update AboutUs.adoc (#57)",
            "messageBody": "* Update AboutUs.adoc\r\n\r\n* Update and rename calvin.adoc to calvinxcz.adoc\r\n\r\nUpdate and rename calvin.adoc to calvinxcz.adoc\r\n\r\n* Update and rename cris.adoc to crisgu.adoc\r\n\r\n* Update and rename de_xun.adoc to divinedx.adoc\r\n\r\n* Update and rename eshwar.adoc to eshwarkp.adoc\r\n\r\nUpdate and rename eshwar.adoc to eshwarkp.adoc\r\n\r\n* Update and rename shi_hao.adoc to shihaoyap.adoc\r\n\r\nUpdate and rename shi_hao.adoc to shihaoyap.adoc\r\n\r\n* Update AboutUs.adoc\r\n\r\n* Update of roles and responsibilities\r\n",
            "insertions": 91,
            "deletions": 91
          }
        ]
      },
      {
        "insertions": 10,
        "deletions": 10,
        "date": "2019-10-03",
        "commitResults": [
          {
            "hash": "13df26c8c621e0b6d8f1774ef11578b7253970f2",
            "messageTitle": "Update AboutUs.adoc",
            "messageBody": "",
            "insertions": 10,
            "deletions": 10
          }
        ]
      }
    ],
    "calvincxz": [
      {
        "insertions": 13,
        "deletions": 10,
        "date": "2019-09-25",
        "commitResults": [
          {
            "hash": "83869244634fd188260d30b4f0774c336eaa7c39",
            "messageTitle": "Update ContactUs.adoc",
            "messageBody": "",
            "insertions": 4,
            "deletions": 2
          },
          {
            "hash": "093c7f057df9079ad229ba224605bbf4a2a79f37",
            "messageTitle": "Update ContactUs.adoc",
            "messageBody": "",
            "insertions": 1,
            "deletions": 1
          },
          {
            "hash": "e6138c2fd24ed46d688bd7b35e0ca51af4500e04",
            "messageTitle": "Update ContactUs.adoc",
            "messageBody": "",
            "insertions": 1,
            "deletions": 1
          },
          {
            "hash": "81ac4d6f94a32036300eee692fa8f07a5a657421",
            "messageTitle": "Update README.adoc",
            "messageBody": "",
            "insertions": 3,
            "deletions": 4
          },
          {
            "hash": "6434e19501bf0e5faf80587542ac01c272b006b2",
            "messageTitle": "Update README.adoc",
            "messageBody": "",
            "insertions": 4,
            "deletions": 2
          }
        ]
      }
    ],
    "DivineDX": [
      {
        "insertions": 2,
        "deletions": 2,
        "date": "2019-09-10",
        "commitResults": [
          {
            "hash": "fe6e24bfcca0f466ed58e9b114f3b970cbd77a22",
            "messageTitle": "Test Travis CI",
            "messageBody": "",
            "insertions": 1,
            "deletions": 0
          },
          {
            "hash": "62b1902a5c0a3d72dc35f631172e7489e52f9fe9",
            "messageTitle": "Update README.adoc",
            "messageBody": "",
            "insertions": 1,
            "deletions": 1
          },
          {
            "hash": "75c3bb25f6420592762904657e986edc3ae11b68",
            "messageTitle": "Update README.adoc",
            "messageBody": "",
            "insertions": 0,
            "deletions": 1
          }
        ]
      },
      {
        "insertions": 107,
        "deletions": 6,
        "date": "2019-09-25",
        "commitResults": [
          {
            "hash": "3870d3c844460f10810e001972624fc1a2ba6c59",
            "messageTitle": "Add Skeleton for Event Objects",
            "messageBody": "",
            "insertions": 71,
            "deletions": 0
          },
          {
            "hash": "7a1eb90ac9a3a0938566d7f42a8876e9b4c291f0",
            "messageTitle": "Fix checkstyle",
            "messageBody": "",
            "insertions": 36,
            "deletions": 6
          }
        ]
      },
      {
        "insertions": 13,
        "deletions": 381,
        "date": "2019-09-30",
        "commitResults": [
          {
            "hash": "68e29d3556302251b247245695bbc7866b0a6560",
            "messageTitle": "Revert Code Commits that failed CI in master branch",
            "messageBody": "",
            "insertions": 7,
            "deletions": 375
          },
          {
            "hash": "1ed47622287df35ad1cec538b8f47d740ca2ade7",
            "messageTitle": "Fix from ascii doctor suggestions",
            "messageBody": "",
            "insertions": 6,
            "deletions": 6
          }
        ]
      },
      {
        "insertions": 281,
        "deletions": 69,
        "date": "2019-10-01",
        "commitResults": [
          {
            "hash": "07ec84c7406bd67de7de1a0269ff34fcbeb225e1",
            "messageTitle": "Update UserGuide.adoc",
            "messageBody": "",
            "insertions": 281,
            "deletions": 69
          }
        ]
      }
    ],
    "shihaoyap": [
      {
        "insertions": 274,
        "deletions": 7,
        "date": "2019-09-25",
        "commitResults": [
          {
            "hash": "141344f4d066e35fb0466288aac2bdf50fe7baf8",
            "messageTitle": "Refactor: AddressBook, Model, ModelManager, UserPref Added: EventBook, ReadOnlyEventBook",
            "messageBody": "",
            "insertions": 274,
            "deletions": 7
          }
        ]
      },
      {
        "insertions": 90,
        "deletions": 18,
        "date": "2019-10-01",
        "commitResults": [
          {
            "hash": "fe34ad584068f14b3c1bea3fc29e8b6eaddd079c",
            "messageTitle": "PR: Doc-ReadMe (#15)",
            "messageBody": "* Doc-ReadMe\r\n\r\n* Delete unnecessary files\r\n",
            "insertions": 3,
            "deletions": 4
          },
          {
            "hash": "52f2a4a9a4d3bdb7e83c0008d393aa18705a80f2",
            "messageTitle": "Update AboutUs.adoc (#51)",
            "messageBody": "",
            "insertions": 5,
            "deletions": 5
          },
          {
            "hash": "ecd51eb3871c20a2164486e468afdfa395dae992",
            "messageTitle": "Website template (#53)",
            "messageBody": "* Update Website Template\r\n\r\n* Updated to fix error\r\n\r\n* Fix Build\r\n",
            "insertions": 2,
            "deletions": 2
          },
          {
            "hash": "91ffe63cd0e8aea7728a00da6978b1d5dd1d686d",
            "messageTitle": "Website template (#54)",
            "messageBody": "* Update Website Template\r\n\r\n* Updated to fix error\r\n\r\n* Fix Build\r\n\r\n* Fix Formating\r\n",
            "insertions": 6,
            "deletions": 7
          },
          {
            "hash": "0d53060be1d7011e661080ae3ee1b5b53fbbe062",
            "messageTitle": "Website template (#58)",
            "messageBody": "* Update Website Template\r\n\r\n* Updated to fix error\r\n\r\n* Fix Build\r\n\r\n* Fix Formating\r\n\r\n* Updated User Guide\r\n",
            "insertions": 74,
            "deletions": 0
          }
        ]
      },
      {
        "insertions": 7,
        "deletions": 9,
        "date": "2019-10-02",
        "commitResults": [
          {
            "hash": "6dd89d65239cd92556f532b3ac46a637a7694de0",
            "messageTitle": "Website template (#60)",
            "messageBody": "* Update Website Template\r\n\r\n* Updated to fix error\r\n\r\n* Fix Build\r\n\r\n* Fix Formating\r\n\r\n* Updated User Guide\r\n\r\n* Update UG - Archive\r\n",
            "insertions": 7,
            "deletions": 9
          }
        ]
      }
    ]
  },
  "authorFinalContributionMap": {
    "Crisgu": 136,
    "eshwarkp": 381,
    "calvincxz": 9,
    "DivineDX": 277,
    "shihaoyap": 81
  },
  "authorFileTypeContributionMap": {
    "Crisgu": {
      "docs": 136,
      "tests": 0,
      "functional": 0
    },
    "eshwarkp": {
      "docs": 381,
      "tests": 0,
      "functional": 0
    },
    "calvincxz": {
      "docs": 9,
      "tests": 0,
      "functional": 0
    },
    "DivineDX": {
      "docs": 276,
      "tests": 0,
      "functional": 0,
      "other": 1
    },
    "shihaoyap": {
      "docs": 81,
      "tests": 0,
      "functional": 0
    }
  },
  "authorContributionVariance": {
    "Crisgu": 1243.2396,
    "eshwarkp": 6530.7397,
    "calvincxz": 18.218113,
    "DivineDX": 9430.1875,
    "shihaoyap": 3036.535
  },
  "authorDisplayNameMap": {
    "Crisgu": "CS2103T-T11-3 GU CH ... UNZHI",
    "eshwarkp": "CS2103T-T11-3 ESHWA ... PATHY",
    "calvincxz": "CS2103T-T11-3 CALVI ... NGZHU",
    "DivineDX": "CS2103T-T11-3 CHIA  ... E XUN",
    "shihaoyap": "CS2103T-T11-3 YAP S ... I HAO"
  }
}
