{
  "authorDailyContributionsMap": {
    "Crisgu": [],
    "eshwarkp": [
      {
        "insertions": 382,
        "deletions": 21,
        "date": "2019-09-25",
        "commitResults": [
          {
            "hash": "56eadff20d8a367316fa011e26a84607fca8d5fc",
            "messageTitle": "Add files via upload",
            "messageBody": "Individual group Member Description",
            "insertions": 360,
            "deletions": 0
          },
          {
            "hash": "b573099723a448374c42fd434b1d342de8a51a52",
            "messageTitle": "Update AboutUs.adoc",
            "messageBody": "Replaced info of SE-EDU developers with info of our team. \r\nIncluded suitable photos for each team member.\r\nIndicated the different roles played and responsibilities held by each team member.",
            "insertions": 22,
            "deletions": 21
          }
        ]
      }
    ],
    "calvincxz": [
      {
        "insertions": 13,
        "deletions": 10,
        "date": "2019-09-25",
        "commitResults": [
          {
            "hash": "83869244634fd188260d30b4f0774c336eaa7c39",
            "messageTitle": "Update ContactUs.adoc",
            "messageBody": "",
            "insertions": 4,
            "deletions": 2
          },
          {
            "hash": "093c7f057df9079ad229ba224605bbf4a2a79f37",
            "messageTitle": "Update ContactUs.adoc",
            "messageBody": "",
            "insertions": 1,
            "deletions": 1
          },
          {
            "hash": "e6138c2fd24ed46d688bd7b35e0ca51af4500e04",
            "messageTitle": "Update ContactUs.adoc",
            "messageBody": "",
            "insertions": 1,
            "deletions": 1
          },
          {
            "hash": "81ac4d6f94a32036300eee692fa8f07a5a657421",
            "messageTitle": "Update README.adoc",
            "messageBody": "",
            "insertions": 3,
            "deletions": 4
          },
          {
            "hash": "6434e19501bf0e5faf80587542ac01c272b006b2",
            "messageTitle": "Update README.adoc",
            "messageBody": "",
            "insertions": 4,
            "deletions": 2
          }
        ]
      }
    ],
    "DivineDX": [
      {
        "insertions": 2,
        "deletions": 2,
        "date": "2019-09-10",
        "commitResults": [
          {
            "hash": "fe6e24bfcca0f466ed58e9b114f3b970cbd77a22",
            "messageTitle": "Test Travis CI",
            "messageBody": "",
            "insertions": 1,
            "deletions": 0
          },
          {
            "hash": "62b1902a5c0a3d72dc35f631172e7489e52f9fe9",
            "messageTitle": "Update README.adoc",
            "messageBody": "",
            "insertions": 1,
            "deletions": 1
          },
          {
            "hash": "75c3bb25f6420592762904657e986edc3ae11b68",
            "messageTitle": "Update README.adoc",
            "messageBody": "",
            "insertions": 0,
            "deletions": 1
          }
        ]
      },
      {
        "insertions": 107,
        "deletions": 6,
        "date": "2019-09-25",
        "commitResults": [
          {
            "hash": "3870d3c844460f10810e001972624fc1a2ba6c59",
            "messageTitle": "Add Skeleton for Event Objects",
            "messageBody": "",
            "insertions": 71,
            "deletions": 0
          },
          {
            "hash": "7a1eb90ac9a3a0938566d7f42a8876e9b4c291f0",
            "messageTitle": "Fix checkstyle",
            "messageBody": "",
            "insertions": 36,
            "deletions": 6
          }
        ]
      }
    ],
    "shihaoyap": [
      {
        "insertions": 274,
        "deletions": 7,
        "date": "2019-09-25",
        "commitResults": [
          {
            "hash": "141344f4d066e35fb0466288aac2bdf50fe7baf8",
            "messageTitle": "Refactor: AddressBook, Model, ModelManager, UserPref Added: EventBook, ReadOnlyEventBook",
            "messageBody": "",
            "insertions": 274,
            "deletions": 7
          }
        ]
      }
    ]
  },
  "authorFinalContributionMap": {
    "Crisgu": 0,
    "eshwarkp": 382,
    "calvincxz": 9,
    "DivineDX": 103,
    "shihaoyap": 274
  },
  "authorFileTypeContributionMap": {
    "Crisgu": {
      "docs": 0,
      "tests": 0,
      "functional": 0
    },
    "eshwarkp": {
      "docs": 382,
      "tests": 0,
      "functional": 0
    },
    "calvincxz": {
      "docs": 9,
      "tests": 0,
      "functional": 0
    },
    "DivineDX": {
      "docs": 1,
      "tests": 0,
      "functional": 101,
      "other": 1
    },
    "shihaoyap": {
      "docs": 0,
      "tests": 0,
      "functional": 274
    }
  },
  "authorContributionVariance": {
    "Crisgu": 0.0,
    "eshwarkp": 7714.4272,
    "calvincxz": 25.1275,
    "DivineDX": 605.02747,
    "shihaoyap": 3750.648
  },
  "authorDisplayNameMap": {
    "Crisgu": "CS2103T-T11-3 GU CH ... UNZHI",
    "eshwarkp": "CS2103T-T11-3 ESHWA ... PATHY",
    "calvincxz": "CS2103T-T11-3 CALVI ... NGZHU",
    "DivineDX": "CS2103T-T11-3 CHIA  ... E XUN",
    "shihaoyap": "CS2103T-T11-3 YAP S ... I HAO"
  }
}
