{
  "authorDailyContributionsMap": {
    "Crisgu": [
      {
        "insertions": 136,
        "deletions": 54,
        "date": "2019-10-02",
        "commitResults": [
          {
            "hash": "721307c0b99129a6e9d9dae91ffb178bc02d7d67",
            "messageTitle": "Update DeveloperGuide.adoc (#59)",
            "messageBody": "* Update DeveloperGuide.adoc",
            "insertions": 136,
            "deletions": 54
          }
        ]
      }
    ],
    "eshwarkp": [
      {
        "insertions": 382,
        "deletions": 21,
        "date": "2019-09-25",
        "commitResults": [
          {
            "hash": "56eadff20d8a367316fa011e26a84607fca8d5fc",
            "messageTitle": "Add files via upload",
            "messageBody": "Individual group Member Description",
            "insertions": 360,
            "deletions": 0
          },
          {
            "hash": "b573099723a448374c42fd434b1d342de8a51a52",
            "messageTitle": "Update AboutUs.adoc",
            "messageBody": "Replaced info of SE-EDU developers with info of our team. \r\nIncluded suitable photos for each team member.\r\nIndicated the different roles played and responsibilities held by each team member.",
            "insertions": 22,
            "deletions": 21
          }
        ]
      },
      {
        "insertions": 91,
        "deletions": 91,
        "date": "2019-10-02",
        "commitResults": [
          {
            "hash": "64a3398406fdb03159266841cab4da03ce67f9a1",
            "messageTitle": "Update AboutUs.adoc (#57)",
            "messageBody": "* Update AboutUs.adoc\r\n\r\n* Update and rename calvin.adoc to calvinxcz.adoc\r\n\r\nUpdate and rename calvin.adoc to calvinxcz.adoc\r\n\r\n* Update and rename cris.adoc to crisgu.adoc\r\n\r\n* Update and rename de_xun.adoc to divinedx.adoc\r\n\r\n* Update and rename eshwar.adoc to eshwarkp.adoc\r\n\r\nUpdate and rename eshwar.adoc to eshwarkp.adoc\r\n\r\n* Update and rename shi_hao.adoc to shihaoyap.adoc\r\n\r\nUpdate and rename shi_hao.adoc to shihaoyap.adoc\r\n\r\n* Update AboutUs.adoc\r\n\r\n* Update of roles and responsibilities\r\n",
            "insertions": 91,
            "deletions": 91
          }
        ]
      },
      {
        "insertions": 10,
        "deletions": 10,
        "date": "2019-10-03",
        "commitResults": [
          {
            "hash": "13df26c8c621e0b6d8f1774ef11578b7253970f2",
            "messageTitle": "Update AboutUs.adoc",
            "messageBody": "",
            "insertions": 10,
            "deletions": 10
          }
        ]
      },
      {
        "insertions": 103,
        "deletions": 17,
        "date": "2019-10-16",
        "commitResults": [
          {
            "hash": "b17d8d63b83add6e3ffe9f6f3b7787b83129d03c",
            "messageTitle": "Created DeleteEventCommand Created DeleteEventParser Updated AddressBookParser",
            "messageBody": "",
            "insertions": 86,
            "deletions": 13
          },
          {
            "hash": "a667abe5131504a972eab23ee1dc4040bb5a1f94",
            "messageTitle": "Updated files based on PR review comments",
            "messageBody": "",
            "insertions": 17,
            "deletions": 4
          }
        ]
      }
    ],
    "calvincxz": [
      {
        "insertions": 202,
        "deletions": 32,
        "date": "2019-09-25",
        "commitResults": [
          {
            "hash": "83869244634fd188260d30b4f0774c336eaa7c39",
            "messageTitle": "Update ContactUs.adoc",
            "messageBody": "",
            "insertions": 4,
            "deletions": 2
          },
          {
            "hash": "093c7f057df9079ad229ba224605bbf4a2a79f37",
            "messageTitle": "Update ContactUs.adoc",
            "messageBody": "",
            "insertions": 1,
            "deletions": 1
          },
          {
            "hash": "e6138c2fd24ed46d688bd7b35e0ca51af4500e04",
            "messageTitle": "Update ContactUs.adoc",
            "messageBody": "",
            "insertions": 1,
            "deletions": 1
          },
          {
            "hash": "81ac4d6f94a32036300eee692fa8f07a5a657421",
            "messageTitle": "Update README.adoc",
            "messageBody": "",
            "insertions": 3,
            "deletions": 4
          },
          {
            "hash": "6434e19501bf0e5faf80587542ac01c272b006b2",
            "messageTitle": "Update README.adoc",
            "messageBody": "",
            "insertions": 4,
            "deletions": 2
          },
          {
            "hash": "5021c14c09f074fb942650c60eb5892050fa6660",
            "messageTitle": "updated storage to include eventbook -added listevent command",
            "messageBody": "",
            "insertions": 189,
            "deletions": 22
          }
        ]
      },
      {
        "insertions": 1132,
        "deletions": 137,
        "date": "2019-09-27",
        "commitResults": [
          {
            "hash": "f030d819ce4083c930030c2ee0e9864223b0876f",
            "messageTitle": "backup",
            "messageBody": "",
            "insertions": 450,
            "deletions": 6
          },
          {
            "hash": "376cc7a098880d28fd60c689bfe5edd1cb56e7b1",
            "messageTitle": "added some code from shihao\u0027s commit with addevent command (WORKING)",
            "messageBody": "",
            "insertions": 682,
            "deletions": 131
          }
        ]
      },
      {
        "insertions": 90,
        "deletions": 31,
        "date": "2019-09-29",
        "commitResults": [
          {
            "hash": "44cd132abaca6113ba9f0e92630c778440da9dbf",
            "messageTitle": "fixed checkstyle test",
            "messageBody": "",
            "insertions": 90,
            "deletions": 31
          }
        ]
      },
      {
        "insertions": 1,
        "deletions": 0,
        "date": "2019-09-30",
        "commitResults": [
          {
            "hash": "a2003ebe9d3c6324d2d94d0c3cdd1bc47809816a",
            "messageTitle": "fixed logic manger\u0027s link to storage",
            "messageBody": "",
            "insertions": 1,
            "deletions": 0
          }
        ]
      },
      {
        "insertions": 47,
        "deletions": 8,
        "date": "2019-10-07",
        "commitResults": [
          {
            "hash": "ed01560418baae07d766cf235600bd503790f542",
            "messageTitle": "corrected checkstyle errors",
            "messageBody": "",
            "insertions": 13,
            "deletions": 3
          },
          {
            "hash": "949eb915e410292d4e4c0c474845cf71fcd7e512",
            "messageTitle": "corrected assertion errors for CI",
            "messageBody": "",
            "insertions": 34,
            "deletions": 2
          },
          {
            "hash": "6b8cb081db471c0d0887738f3b2dc121fe7e70b5",
            "messageTitle": "correction v2",
            "messageBody": "",
            "insertions": 0,
            "deletions": 3
          }
        ]
      },
      {
        "insertions": 365,
        "deletions": 79,
        "date": "2019-10-12",
        "commitResults": [
          {
            "hash": "0a477cde74040d51cd0ae1ad143269483eb40373",
            "messageTitle": "updated GUI to show 2 lists",
            "messageBody": "",
            "insertions": 248,
            "deletions": 64
          },
          {
            "hash": "991dd8f2d80d4118241b08f27e3f14aa924bd1dd",
            "messageTitle": "fix checkstyleTest",
            "messageBody": "",
            "insertions": 8,
            "deletions": 5
          },
          {
            "hash": "fa80c97f73ec8e6265380b476d43bd7ec6cc6637",
            "messageTitle": "fix test",
            "messageBody": "",
            "insertions": 98,
            "deletions": 6
          },
          {
            "hash": "a83f3814262b7c178f3915fa5257cc0e049c748c",
            "messageTitle": "final fix",
            "messageBody": "",
            "insertions": 11,
            "deletions": 4
          }
        ]
      },
      {
        "insertions": 167,
        "deletions": 6,
        "date": "2019-10-16",
        "commitResults": [
          {
            "hash": "11b8694034bf00bc090fc6c96134d97444f6a47a",
            "messageTitle": "added fetch command (no manpower list display) and some test (#83)",
            "messageBody": "* added fetch command (no manpower list display) and some test\r\n\r\n* change predicate to improve readability\r\n\r\n* fix naming\r\n",
            "insertions": 167,
            "deletions": 6
          }
        ]
      }
    ],
    "DivineDX": [
      {
        "insertions": 2,
        "deletions": 2,
        "date": "2019-09-10",
        "commitResults": [
          {
            "hash": "fe6e24bfcca0f466ed58e9b114f3b970cbd77a22",
            "messageTitle": "Test Travis CI",
            "messageBody": "",
            "insertions": 1,
            "deletions": 0
          },
          {
            "hash": "62b1902a5c0a3d72dc35f631172e7489e52f9fe9",
            "messageTitle": "Update README.adoc",
            "messageBody": "",
            "insertions": 1,
            "deletions": 1
          },
          {
            "hash": "75c3bb25f6420592762904657e986edc3ae11b68",
            "messageTitle": "Update README.adoc",
            "messageBody": "",
            "insertions": 0,
            "deletions": 1
          }
        ]
      },
      {
        "insertions": 107,
        "deletions": 6,
        "date": "2019-09-25",
        "commitResults": [
          {
            "hash": "3870d3c844460f10810e001972624fc1a2ba6c59",
            "messageTitle": "Add Skeleton for Event Objects",
            "messageBody": "",
            "insertions": 71,
            "deletions": 0
          },
          {
            "hash": "7a1eb90ac9a3a0938566d7f42a8876e9b4c291f0",
            "messageTitle": "Fix checkstyle",
            "messageBody": "",
            "insertions": 36,
            "deletions": 6
          }
        ]
      },
      {
        "insertions": 147,
        "deletions": 95,
        "date": "2019-09-29",
        "commitResults": [
          {
            "hash": "95af742b78dfd9d574f38b48dd3b7f82cac2d4ef",
            "messageTitle": "Fixed all checkstyle errors",
            "messageBody": "",
            "insertions": 147,
            "deletions": 95
          }
        ]
      },
      {
        "insertions": 13,
        "deletions": 381,
        "date": "2019-09-30",
        "commitResults": [
          {
            "hash": "68e29d3556302251b247245695bbc7866b0a6560",
            "messageTitle": "Revert Code Commits that failed CI in master branch",
            "messageBody": "",
            "insertions": 7,
            "deletions": 375
          },
          {
            "hash": "1ed47622287df35ad1cec538b8f47d740ca2ade7",
            "messageTitle": "Fix from ascii doctor suggestions",
            "messageBody": "",
            "insertions": 6,
            "deletions": 6
          }
        ]
      },
      {
        "insertions": 281,
        "deletions": 69,
        "date": "2019-10-01",
        "commitResults": [
          {
            "hash": "07ec84c7406bd67de7de1a0269ff34fcbeb225e1",
            "messageTitle": "Update UserGuide.adoc",
            "messageBody": "",
            "insertions": 281,
            "deletions": 69
          }
        ]
      },
      {
        "insertions": 352,
        "deletions": 51,
        "date": "2019-10-07",
        "commitResults": [
          {
            "hash": "97b91b9a9a4314a5ed67dcd72eb2dfccf50265af",
            "messageTitle": "Build Event Objects Skeleton",
            "messageBody": "",
            "insertions": 352,
            "deletions": 51
          }
        ]
      },
      {
        "insertions": 296,
        "deletions": 7,
        "date": "2019-10-08",
        "commitResults": [
          {
            "hash": "ade37afb105fbb68bf3216e8ebac20a325746a10",
            "messageTitle": "Add Event Test Classes",
            "messageBody": "",
            "insertions": 296,
            "deletions": 7
          }
        ]
      },
      {
        "insertions": 41,
        "deletions": 150,
        "date": "2019-10-09",
        "commitResults": [
          {
            "hash": "f476e1ad643ffa30beb1548a5113858bf98e1fd6",
            "messageTitle": "Delete redundant methods in Event Command class",
            "messageBody": "",
            "insertions": 3,
            "deletions": 15
          },
          {
            "hash": "a055ab82e92f4ac0f8954b316cf6b67f56065ab6",
            "messageTitle": "Delete non-working V1.2 Event Commands",
            "messageBody": "",
            "insertions": 0,
            "deletions": 135
          },
          {
            "hash": "96d286918a67d815e56311086b55897e87b14850",
            "messageTitle": "Add Event Test",
            "messageBody": "",
            "insertions": 38,
            "deletions": 0
          }
        ]
      },
      {
        "insertions": 142,
        "deletions": 4,
        "date": "2019-10-15",
        "commitResults": [
          {
            "hash": "f9ea7ff9d39a99ac5afd5e0d2efa050aa066aa74",
            "messageTitle": "Add FindEventCommand. No Test Case yet",
            "messageBody": "",
            "insertions": 112,
            "deletions": 1
          },
          {
            "hash": "c3391415f7cbb7718d3fc2acfe997cb52a3ded02",
            "messageTitle": "Add ListEvent Command",
            "messageBody": "",
            "insertions": 30,
            "deletions": 3
          }
        ]
      },
      {
        "insertions": 15,
        "deletions": 10,
        "date": "2019-10-17",
        "commitResults": [
          {
            "hash": "8174261a5765e15a4db97369e361272565d71a7c",
            "messageTitle": "Update AboutUs.Doc",
            "messageBody": "Update to Team Responsibilities and Work Responsibilities",
            "insertions": 15,
            "deletions": 10
          }
        ]
      }
    ],
    "shihaoyap": [
      {
        "insertions": 274,
        "deletions": 7,
        "date": "2019-09-25",
        "commitResults": [
          {
            "hash": "141344f4d066e35fb0466288aac2bdf50fe7baf8",
            "messageTitle": "Refactor: AddressBook, Model, ModelManager, UserPref Added: EventBook, ReadOnlyEventBook",
            "messageBody": "",
            "insertions": 274,
            "deletions": 7
          }
        ]
      },
      {
        "insertions": 90,
        "deletions": 18,
        "date": "2019-10-01",
        "commitResults": [
          {
            "hash": "fe34ad584068f14b3c1bea3fc29e8b6eaddd079c",
            "messageTitle": "PR: Doc-ReadMe (#15)",
            "messageBody": "* Doc-ReadMe\r\n\r\n* Delete unnecessary files\r\n",
            "insertions": 3,
            "deletions": 4
          },
          {
            "hash": "52f2a4a9a4d3bdb7e83c0008d393aa18705a80f2",
            "messageTitle": "Update AboutUs.adoc (#51)",
            "messageBody": "",
            "insertions": 5,
            "deletions": 5
          },
          {
            "hash": "ecd51eb3871c20a2164486e468afdfa395dae992",
            "messageTitle": "Website template (#53)",
            "messageBody": "* Update Website Template\r\n\r\n* Updated to fix error\r\n\r\n* Fix Build\r\n",
            "insertions": 2,
            "deletions": 2
          },
          {
            "hash": "91ffe63cd0e8aea7728a00da6978b1d5dd1d686d",
            "messageTitle": "Website template (#54)",
            "messageBody": "* Update Website Template\r\n\r\n* Updated to fix error\r\n\r\n* Fix Build\r\n\r\n* Fix Formating\r\n",
            "insertions": 6,
            "deletions": 7
          },
          {
            "hash": "0d53060be1d7011e661080ae3ee1b5b53fbbe062",
            "messageTitle": "Website template (#58)",
            "messageBody": "* Update Website Template\r\n\r\n* Updated to fix error\r\n\r\n* Fix Build\r\n\r\n* Fix Formating\r\n\r\n* Updated User Guide\r\n",
            "insertions": 74,
            "deletions": 0
          }
        ]
      },
      {
        "insertions": 7,
        "deletions": 9,
        "date": "2019-10-02",
        "commitResults": [
          {
            "hash": "6dd89d65239cd92556f532b3ac46a637a7694de0",
            "messageTitle": "Website template (#60)",
            "messageBody": "* Update Website Template\r\n\r\n* Updated to fix error\r\n\r\n* Fix Build\r\n\r\n* Fix Formating\r\n\r\n* Updated User Guide\r\n\r\n* Update UG - Archive\r\n",
            "insertions": 7,
            "deletions": 9
          }
        ]
      },
      {
        "insertions": 348,
        "deletions": 51,
        "date": "2019-10-10",
        "commitResults": [
          {
            "hash": "8826b6a4371b94c54f0a3780270f0f9a915063d0",
            "messageTitle": "AddEvent Implementation, Event Storage working, EventClass Semi Implemented.",
            "messageBody": "",
            "insertions": 344,
            "deletions": 46
          },
          {
            "hash": "6ab9591f71116536d08c6b88a2c4d2d6e9d541f2",
            "messageTitle": "debug to pass CI",
            "messageBody": "",
            "insertions": 4,
            "deletions": 5
          }
        ]
      },
      {
        "insertions": 223,
        "deletions": 67,
        "date": "2019-10-11",
        "commitResults": [
          {
            "hash": "db9c286de977f90f88be05a30ae430332d15cf31",
            "messageTitle": "Updated AddEventCommand and Event Class to take in Start and End Date",
            "messageBody": "",
            "insertions": 156,
            "deletions": 49
          },
          {
            "hash": "2a3b154b860e060a7c8f1a018a203c66f0abad02",
            "messageTitle": "Update Test Case to pass Coverage Test",
            "messageBody": "",
            "insertions": 60,
            "deletions": 0
          },
          {
            "hash": "99b42e45cd4952e03579c6fe56e86c100fbe95d3",
            "messageTitle": "Fixed code to pass CI",
            "messageBody": "",
            "insertions": 6,
            "deletions": 9
          },
          {
            "hash": "dfe11b70d2c75a9afbcb33ad26cedf54bf679dd7",
            "messageTitle": "Fixed code for CI",
            "messageBody": "",
            "insertions": 1,
            "deletions": 8
          },
          {
            "hash": "96939279cb05f07022d5a7c43f3f4a4cb3f495d6",
            "messageTitle": "Fixed",
            "messageBody": "",
            "insertions": 0,
            "deletions": 1
          }
        ]
      },
      {
        "insertions": 378,
        "deletions": 1,
        "date": "2019-10-12",
        "commitResults": [
          {
            "hash": "d1d6a14506b8b78ce425e65b1f86ef6d7ea394b7",
            "messageTitle": "EditEvent Function/Feature Added - Test Case not done yet",
            "messageBody": "",
            "insertions": 378,
            "deletions": 1
          }
        ]
      },
      {
        "insertions": 7,
        "deletions": 7,
        "date": "2019-10-13",
        "commitResults": [
          {
            "hash": "2a8ed472a8c890d33518b165b991afe14a6f1763",
            "messageTitle": "Fixed Command input to match UG, Minor Update to JAVA-FX File (Title, Picture, Help)",
            "messageBody": "",
            "insertions": 7,
            "deletions": 7
          }
        ]
      },
      {
        "insertions": 3,
        "deletions": 27,
        "date": "2019-10-15",
        "commitResults": [
          {
            "hash": "515e51b3023df804fd6b5765ec92cd9184970445",
            "messageTitle": "Removed unnecessary class - EventRelatedCommand",
            "messageBody": "",
            "insertions": 2,
            "deletions": 26
          },
          {
            "hash": "5d6f6ee71d825cc5547762269dce0e1b5256c7b6",
            "messageTitle": "Minor Edits to Command Keyword",
            "messageBody": "",
            "insertions": 1,
            "deletions": 1
          }
        ]
      },
      {
        "insertions": 12,
        "deletions": 12,
        "date": "2019-10-16",
        "commitResults": [
          {
            "hash": "33f35eea9df72033372a23b38efd76ffbb2a8954",
            "messageTitle": "Fix Edit Function - Tags will continue to be stored as per created unless specified",
            "messageBody": "",
            "insertions": 1,
            "deletions": 1
          },
          {
            "hash": "fa91b98678277347dee56351952d857c279dc8a4",
            "messageTitle": "Discover some minor problems - User prompt message for invalid input was not displayed properly. Fixed",
            "messageBody": "",
            "insertions": 10,
            "deletions": 6
          },
          {
            "hash": "fa6714f642c90d7ab5e9077309c5938960f07634",
            "messageTitle": "fix to pass CI",
            "messageBody": "",
            "insertions": 0,
            "deletions": 4
          },
          {
            "hash": "91e6cb1268754e774ca5dab3c394e51227a2e794",
            "messageTitle": "Changes for Code Consistency.",
            "messageBody": "",
            "insertions": 1,
            "deletions": 1
          }
        ]
      }
    ]
  },
  "authorFinalContributionMap": {
    "Crisgu": 136,
    "eshwarkp": 462,
    "calvincxz": 1511,
    "DivineDX": 1230,
    "shihaoyap": 957
  },
  "authorFileTypeContributionMap": {
    "Crisgu": {
      "docs": 136,
      "tests": 0,
      "functional": 0
    },
    "eshwarkp": {
      "docs": 371,
      "tests": 0,
      "functional": 91
    },
    "calvincxz": {
      "docs": 9,
      "tests": 291,
      "functional": 1211
    },
    "DivineDX": {
      "docs": 291,
      "tests": 328,
      "functional": 610,
      "other": 1
    },
    "shihaoyap": {
      "docs": 81,
      "tests": 49,
      "functional": 827
    }
  },
  "authorContributionVariance": {
    "Crisgu": 839.05896,
    "eshwarkp": 4709.953,
    "calvincxz": 42481.53,
    "DivineDX": 13083.448,
    "shihaoyap": 10070.3545
  },
  "authorDisplayNameMap": {
    "Crisgu": "CS2103T-T11-3 GU CH ... UNZHI",
    "eshwarkp": "CS2103T-T11-3 ESHWA ... PATHY",
    "calvincxz": "CS2103T-T11-3 CALVI ... NGZHU",
    "DivineDX": "CS2103T-T11-3 CHIA  ... E XUN",
    "shihaoyap": "CS2103T-T11-3 YAP S ... I HAO"
  }
}
