{
  "authorDailyContributionsMap": {
    "dorcastan": [
      {
        "insertions": 2495,
        "deletions": 2494,
        "date": "2019-09-26",
        "commitResults": [
          {
            "hash": "b92dff220b930ec5898cb7f8277f76483a5d19e6",
            "messageTitle": "Refactor: seedu.address to seedu.bookmark",
            "messageBody": "Replace all occurrences of seedu.address with seedu.bookmark (basic find\nand replace). Comments and string occurrences not replaced.\n",
            "insertions": 748,
            "deletions": 748
          },
          {
            "hash": "14276d98abdcd2f2c3caee0ce642f5b3ecf4b065",
            "messageTitle": "Refactor UI (PersonCard, PersonListCard)",
            "messageBody": "Rename two classes as BookmarkCard and BookmarkListCard.\nUpdate FXML names too.\n",
            "insertions": 17,
            "deletions": 17
          },
          {
            "hash": "7725b58dbff25feaf3558dcfeda04de9d3b54f1f",
            "messageTitle": "Refactor UI class names (complete)",
            "messageBody": "Update user guide link to CS2103T-T13-4 user guide.\n",
            "insertions": 3,
            "deletions": 3
          },
          {
            "hash": "92d4af1a4946bdf992ad2afced6cb3f5e306b9b5",
            "messageTitle": "Refactor: Package names (overall and model)",
            "messageBody": "Change seedu.bookmark to seedu.mark, and model.person to\nmodel.bookmark.\n",
            "insertions": 748,
            "deletions": 748
          },
          {
            "hash": "ff6cfcb29fca7b348d61b773a3eea511d28db6a4",
            "messageTitle": "Refactor: Model exceptions",
            "messageBody": "Rename DuplicatePerson and PersonNotFound exceptions to\nDuplicateBookmark and BookmarkNotFound exceptions respectively.\nFix unchanged JavaFX element name in FXML for MainWindow that was\ncausing build problems.\n",
            "insertions": 35,
            "deletions": 35
          },
          {
            "hash": "93ddfb9e95f57d460c917073e601de5ebc876275",
            "messageTitle": "Fix: JavaFX element names (ListPanel, MainWindow)",
            "messageBody": "",
            "insertions": 7,
            "deletions": 8
          },
          {
            "hash": "148909009aa49153b2ae4454ffcc48bdaefa2862",
            "messageTitle": "Refactor: Model (Email to Url)",
            "messageBody": "Rename Email class and several method names to Url.\nTests were not touched.\n",
            "insertions": 156,
            "deletions": 156
          },
          {
            "hash": "81c1768fa446185eba2d598a9672b02e86af6e46",
            "messageTitle": "Refactor: Person to Bookmark class",
            "messageBody": "Rename the Model class.\n",
            "insertions": 400,
            "deletions": 400
          },
          {
            "hash": "47147d3902033b14e556cdf2b91bf33bb1f03e2f",
            "messageTitle": "Refactor: isSamePerson to isSameBookmark",
            "messageBody": "",
            "insertions": 22,
            "deletions": 22
          },
          {
            "hash": "8acdac16465f7ac5e0aa5265c1bf28ec50bf647a",
            "messageTitle": "Refactor: UniquePersonList to UniqueBookmarkList",
            "messageBody": "",
            "insertions": 70,
            "deletions": 70
          },
          {
            "hash": "dacab910b8ce5b41b7d681f78d21382a49d0cab7",
            "messageTitle": "Refactor: Model (AddressBook to BookmarkManager)",
            "messageBody": "",
            "insertions": 289,
            "deletions": 287
          }
        ]
      },
      {
        "insertions": 1969,
        "deletions": 1836,
        "date": "2019-09-27",
        "commitResults": [
          {
            "hash": "1959edf82173d1926cbf0cbc326b530c22ae5ffc",
            "messageTitle": "Refactor: User Prefs and file path",
            "messageBody": "Change storage file from addressbook.json to bookmarker.json.\n",
            "insertions": 46,
            "deletions": 46
          },
          {
            "hash": "980808bf9f031f0f725e68a59be7333d631d3926",
            "messageTitle": "Refactor: Model and ModelManager",
            "messageBody": "Change names of fields, parameters, methods, etc.\n",
            "insertions": 128,
            "deletions": 128
          },
          {
            "hash": "d3996e3660b7be8dcd17e67a88bc621a51cb9c2d",
            "messageTitle": "Refactor: Model util (SampleDataUtil)",
            "messageBody": "",
            "insertions": 8,
            "deletions": 8
          },
          {
            "hash": "45980a01d8eb4d4da58ce0df03c85ced146423da",
            "messageTitle": "Refactor: Storage - JsonAdapted(Person-\u003eBookmark)",
            "messageBody": "Rename email field as url.\n",
            "insertions": 69,
            "deletions": 69
          },
          {
            "hash": "3c5285f9395540ba6e4e46e2f44d851c73e1e60a",
            "messageTitle": "Refactor: Storage (SerializableAB to S.BM)",
            "messageBody": "Modify test files accordingly too.\n",
            "insertions": 30,
            "deletions": 30
          },
          {
            "hash": "9382ccd19d37655f2e514f295e05f958621265ad",
            "messageTitle": "Refactor: Storage (ABStorage to BMStorage)",
            "messageBody": "",
            "insertions": 70,
            "deletions": 70
          },
          {
            "hash": "ef2836141dfc8be29c6ffb8c540fcc25b0d643eb",
            "messageTitle": "Refactor: Logic (AddCommand)",
            "messageBody": "And change PREFIX_EMAIL to PREFIX_URL in logic.parser.CliSyntax.\n",
            "insertions": 28,
            "deletions": 28
          },
          {
            "hash": "89dfd44ca0ff978bce101761a56567fecb157e81",
            "messageTitle": "Refactor: Logic (ClearCommand, DeleteCommand)",
            "messageBody": "Also changed commons.core.Messages from persons to bookmarks.\n",
            "insertions": 21,
            "deletions": 21
          },
          {
            "hash": "b916061899bbac9ebc3e69096604fb91bcffb44a",
            "messageTitle": "Refactor: Logic (EditCommand and nested class)",
            "messageBody": "Rename EditPersonDescriptor to EditBookmarkDescriptor.\n",
            "insertions": 80,
            "deletions": 83
          },
          {
            "hash": "bc5fd9a57263a695c4bff21e9f1ee4f369722b9f",
            "messageTitle": "Refactor: Logic (Edit, Find and List Commands)",
            "messageBody": "Rename bookmarks to persons.\n",
            "insertions": 6,
            "deletions": 6
          },
          {
            "hash": "21d2f17e6cd0ec3c94947c7c73eeca16d17c284f",
            "messageTitle": "Refactor: Logic (Parser classes)",
            "messageBody": "Rename AddressBookParser to BookmarkManagerParser.\nRename fields in other classes and add TODOs.\n",
            "insertions": 25,
            "deletions": 25
          },
          {
            "hash": "678d36420f2a22e1bf47bf42d3916f8da863f3e7",
            "messageTitle": "Refactor: Logic and Logic Manager",
            "messageBody": "Rename references to persons and address book.\n",
            "insertions": 8,
            "deletions": 8
          },
          {
            "hash": "7fa256377c5ed92dab3a08bf4f1700245d475c4f",
            "messageTitle": "Refactor: JSON and Log file names",
            "messageBody": "From bookmarker.json/.log to mark.json/.log.\n",
            "insertions": 4,
            "deletions": 4
          },
          {
            "hash": "2bf224abf214797f366fd92d8673d18b83d59e5d",
            "messageTitle": "Update README and tutorials (#1)",
            "messageBody": "* Add tutorial on implementing the remark command\r\n\r\nSince we removed the tutorial for RemarkCommand from AB-4\u0027s developer\r\nguide, let\u0027s add a new tutorial for it at the AB-3.5 level.\r\n\r\n* Remove the codacy badge from README (Nazhou)\r\n\r\n* Update the links to the \u0027build status\u0027 and \u0027coverage status\u0027 badges in README (Nazhou)\r\n\r\n* Adapt tutorial for AY1918S1\r\n",
            "insertions": 428,
            "deletions": 4
          },
          {
            "hash": "921d7675806a1f47e20d3de3c6ce54dcc634ea86",
            "messageTitle": "Update: Jar archive name (build.gradle)",
            "messageBody": "Rename from addressbook to mark.\n",
            "insertions": 2,
            "deletions": 2
          },
          {
            "hash": "54579e88a3a6a9ddb2828bc9bb117cb8d7b80bf0",
            "messageTitle": "Refactor: Names of all test fields and methods",
            "messageBody": "AddressBook to BookmarkManager, Person to Bookmark, Email to Url\n",
            "insertions": 645,
            "deletions": 644
          },
          {
            "hash": "b8cdf62419366da080b2728c0d96c0d45e64217c",
            "messageTitle": "Refactor: Delete Phone and PhoneTest",
            "messageBody": "Remove all references to phones.\n",
            "insertions": 87,
            "deletions": 376
          },
          {
            "hash": "2f8e007a29c3c96ffdb099f37ffa13177a4fb6f3",
            "messageTitle": "Refactor: Address to Remark",
            "messageBody": "Change optional Bookmark field from Address to Remark.\n",
            "insertions": 284,
            "deletions": 284
          }
        ]
      },
      {
        "insertions": 790,
        "deletions": 740,
        "date": "2019-09-28",
        "commitResults": [
          {
            "hash": "10f0b46521e69306e538fa81acc76d914d1f4acd",
            "messageTitle": "Fix: URL validation regex",
            "messageBody": "Current requirement: scheme://authority[/path][?query][#fragment][/]\n",
            "insertions": 119,
            "deletions": 66
          },
          {
            "hash": "4968602fd987eba6ba6b032c4b6d6e926dacf1d4",
            "messageTitle": "Refactor: BookmarkManager to Mark",
            "messageBody": "To avoid confusion with classes like LogicManager, StorageManager,\nModelManager, etc.\n",
            "insertions": 579,
            "deletions": 597
          },
          {
            "hash": "903356c233ea758e26a63c20764df8460d1bd23c",
            "messageTitle": "Fix: Minor UI issues (URL position, icon)",
            "messageBody": "Display URL above remark. Update icon and window title to\nbookmark_icon.png and \"Mark - Your Personal Bookmark Manager\"\nrespectively.\n",
            "insertions": 10,
            "deletions": 7
          },
          {
            "hash": "e8298a4c2b1de4108bc46b46c537601a547571af",
            "messageTitle": "Delete: Completed TODOs",
            "messageBody": "",
            "insertions": 1,
            "deletions": 1
          },
          {
            "hash": "4850511fe66d792cddb5f75863c030a246412bfa",
            "messageTitle": "Fix: Checkstyle issues",
            "messageBody": "Reorder import statements alphabetically and separate lines that\nexceed 120 characters.\n",
            "insertions": 67,
            "deletions": 56
          },
          {
            "hash": "f9fdff168f08479e360dfba10347b173fa8d9e8e",
            "messageTitle": "Fix: Unintentionally modified files",
            "messageBody": "Restore class paths in tutorials to AddressBook classpaths.\nRestore gradle wrapper properties.\n",
            "insertions": 3,
            "deletions": 3
          },
          {
            "hash": "73a819c650199ed18df372194defb54f1070ab36",
            "messageTitle": "Fix: Missing EOF newline and asciidoctor warnings",
            "messageBody": "Fix possible error(s) causing Travis CI to fail.\n",
            "insertions": 7,
            "deletions": 6
          },
          {
            "hash": "b2a51da3f1c989e406fcd54782e7c445f7714c3e",
            "messageTitle": "Fix: Unintentionally modified files (part 2)",
            "messageBody": "SettingUp and Testing .adocs\n",
            "insertions": 4,
            "deletions": 4
          }
        ]
      },
      {
        "insertions": 72,
        "deletions": 68,
        "date": "2019-09-30",
        "commitResults": [
          {
            "hash": "08231666fbe75b7cb5c3c197ba9e425cfef68541",
            "messageTitle": "Update: User Guide sections 3.12 to 3.16",
            "messageBody": "Minor edits, plus update format to match original AB3 user guide.\nAddresses #9.\n",
            "insertions": 72,
            "deletions": 68
          }
        ]
      },
      {
        "insertions": 183,
        "deletions": 118,
        "date": "2019-10-01",
        "commitResults": [
          {
            "hash": "b5732c4eb31e684b2f8ffe8ed617bd7ddd66770d",
            "messageTitle": "Update: Dev Guide (use cases, NFR, glossary)",
            "messageBody": "Add use cases for export and import.\n\nSigned-off-by: dorcastan \u003cdorcas.tann@gmail.com\u003e\n",
            "insertions": 59,
            "deletions": 5
          },
          {
            "hash": "7049b5823788a9831d9b9ecb4384e08dd05010b2",
            "messageTitle": "Fix: References to persons",
            "messageBody": "Co-Authored-By: Na Nazhou \u003c42093424+Na-Nazhou@users.noreply.github.com\u003e",
            "insertions": 1,
            "deletions": 1
          },
          {
            "hash": "1514faecd4b1a63ba412d1881f1ba5b3d7330c67",
            "messageTitle": "Apply suggestions from code review",
            "messageBody": "Remove references to persons\n\nCo-Authored-By: Na Nazhou \u003c42093424+Na-Nazhou@users.noreply.github.com\u003e",
            "insertions": 3,
            "deletions": 3
          },
          {
            "hash": "eadf8615331f672dcff15accc849ab760d7acb92",
            "messageTitle": "Fix: suggested changes from code review",
            "messageBody": "Invalid URL examples. References to persons and addresses changed to\nbookmarks and remarks respectively. Revert docs/tutorials files.\n\nSigned-off-by: dorcastan \u003cdorcas.tann@gmail.com\u003e\n",
            "insertions": 39,
            "deletions": 40
          },
          {
            "hash": "912c7dad345655218a19aead4378b3342c4de728",
            "messageTitle": "Fix: Non-matching url in NameContainsPredicateTest",
            "messageBody": "",
            "insertions": 1,
            "deletions": 1
          },
          {
            "hash": "f1b6a638647461d99d00b59a088f100518327fc7",
            "messageTitle": "Fix: Non-matching url in NameContainsPredicateTest",
            "messageBody": "",
            "insertions": 1,
            "deletions": 1
          },
          {
            "hash": "9ecefb9a52bfb63efae13e9f46e9451ff9e74f1d",
            "messageTitle": "Fix: Checkstyle indentation (array initialization)",
            "messageBody": "",
            "insertions": 18,
            "deletions": 18
          },
          {
            "hash": "7ac02cf64964cba51f629e498e02675482b7ca4b",
            "messageTitle": "Fix: Codacy-suggested issues from AB3",
            "messageBody": "Refactor non-static init block. Add explicit scoping in private\nclass ModelStubAcceptingBookmarkAdded.\n",
            "insertions": 2,
            "deletions": 11
          },
          {
            "hash": "2a6bf445ef9b3185e892b225910c815521a94316",
            "messageTitle": "Update: Criteria for isSameBookmark",
            "messageBody": "Bookmarks are identical if either their names or their URLs are the\nsame. Changed for easy identification of bookmarks (e.g. for reminders\nor cache).\n",
            "insertions": 13,
            "deletions": 8
          },
          {
            "hash": "ce952a849b9da2d81e87c885369ef6d442bcae34",
            "messageTitle": "Update DevGuide (target user, value proposition)",
            "messageBody": "Other changes: edit formatting for README introduction section.\n\nSigned-off-by: dorcastan \u003cdorcas.tann@gmail.com\u003e\n",
            "insertions": 26,
            "deletions": 11
          },
          {
            "hash": "01dda9e7aa9b1991f50f74cbcf00aeb369e4c0e3",
            "messageTitle": "Update DG - user stories, NFRs",
            "messageBody": "Complete all columns for user stories table. Add one more NFR.\n",
            "insertions": 20,
            "deletions": 19
          }
        ]
      },
      {
        "insertions": 15,
        "deletions": 13,
        "date": "2019-10-02",
        "commitResults": [
          {
            "hash": "b2dbd6e7054f1235b8ceca510a0e0c530d9a0784",
            "messageTitle": "Apply suggestions from code review",
            "messageBody": "Better parallelism in target user and value proposition sections.\n\nCo-Authored-By: Open O. Close \u003c3646725+openorclose@users.noreply.github.com\u003e",
            "insertions": 3,
            "deletions": 3
          },
          {
            "hash": "333a1973ce33bb9b46e35da1042076c16173e4a0",
            "messageTitle": "Fix: asciidoc format in Quick Start section",
            "messageBody": "",
            "insertions": 1,
            "deletions": 0
          },
          {
            "hash": "4644faffb179f46d7e2522acf61be75f1123eb7d",
            "messageTitle": "Fix: Paragraph format in annotate command section",
            "messageBody": "",
            "insertions": 1,
            "deletions": 1
          },
          {
            "hash": "d0adc0b03dbd23c5279853262bc8d8c94a7a5add",
            "messageTitle": "Fix: paragraphing issue in Features section",
            "messageBody": "",
            "insertions": 10,
            "deletions": 9
          }
        ]
      },
      {
        "insertions": 66,
        "deletions": 17,
        "date": "2019-10-05",
        "commitResults": [
          {
            "hash": "3b83ec63ccfde7d370e6351c9d69927485dca727",
            "messageTitle": "Update: Make Remark field optional",
            "messageBody": "Bookmarks can be added without a Remark. Empty remarks are replaced by\na default value, and remarks containing \u0027/\u0027 are invalid.\n",
            "insertions": 60,
            "deletions": 15
          },
          {
            "hash": "7efc8f29cd5cdab794d7944945a03315ff9c3b65",
            "messageTitle": "Fix: Broken Javadocs link in CommandException",
            "messageBody": "Add import statement/ qualifier for Command class.\n",
            "insertions": 2,
            "deletions": 0
          },
          {
            "hash": "322d60ec77f775216ac929e665e1c8aae5247d32",
            "messageTitle": "Fix: Missing remark parameter in UserGuide",
            "messageBody": "Update \"Add Command\" format to include Remark parameter.\n",
            "insertions": 4,
            "deletions": 2
          }
        ]
      },
      {
        "insertions": 441,
        "deletions": 67,
        "date": "2019-10-07",
        "commitResults": [
          {
            "hash": "449c3da2a36d8648f503c00959ac490b9bf9e457",
            "messageTitle": "Add: Search for partial URLs",
            "messageBody": "Name search requires full word match, but URL search allows for partial\nmatches i.e. matching URLs may contain only part of a given keyword.\n",
            "insertions": 101,
            "deletions": 9
          },
          {
            "hash": "8a7969524a82c928004032307a08bba8c9e7d06a",
            "messageTitle": "Fix: Tests for URL search",
            "messageBody": "Add tests for new Predicates and update existing tests e.g. FindCommand.\nRename StringUtil method from `containsPartialWordIgnoreCase` to\n`containsPhraseIgnoreCase` to better describe its function.\n",
            "insertions": 248,
            "deletions": 30
          },
          {
            "hash": "26c82e4ba8d2f0a36f8f8e13486ead3f5e54dd43",
            "messageTitle": "Refactor: Predicates into separate package",
            "messageBody": "Create a new package under seedu.mark.model for the predicates used in\nsearching.\n",
            "insertions": 17,
            "deletions": 13
          },
          {
            "hash": "a6fa3e86920283afbef642d45ae942ae65321d08",
            "messageTitle": "Refactor: Command#execute to use Storage too",
            "messageBody": "In preparation for implementing export/ import commands.\nCreate StorageStub in CommandUtil to maintain existing JUnit tests.\n",
            "insertions": 75,
            "deletions": 15
          }
        ]
      },
      {
        "insertions": 300,
        "deletions": 5,
        "date": "2019-10-08",
        "commitResults": [
          {
            "hash": "af50ae123e84951e4292540fc2aba3059703bbba",
            "messageTitle": "Add: Export command",
            "messageBody": "Export all of Mark\u0027s data into a given file in /data/bookmarks/.\nFirst increment of the export command.\n",
            "insertions": 176,
            "deletions": 0
          },
          {
            "hash": "e0774765f3cb914bcb775a0fb5cbcb6f7cde1d2b",
            "messageTitle": "Fix: Suggested changes from code review",
            "messageBody": "Rename a field used in the Remark validation regex\n(SPECIAL_CHARACTER -\u003e INVALID_CHARACTER).\n",
            "insertions": 5,
            "deletions": 3
          },
          {
            "hash": "db1972452e69957fdbfc6e4032ca40aede765bc6",
            "messageTitle": "Fix: Suggested changes from code review",
            "messageBody": "Allow partial matches when searching by Name.\n",
            "insertions": 6,
            "deletions": 2
          },
          {
            "hash": "079856232e5381044cd96fe315c6381d311bf91a",
            "messageTitle": "Add: Import command",
            "messageBody": "Replace all of Mark\u0027s bookmarks with bookmarks from a given file.\n",
            "insertions": 113,
            "deletions": 0
          }
        ]
      },
      {
        "insertions": 325,
        "deletions": 34,
        "date": "2019-10-09",
        "commitResults": [
          {
            "hash": "eebc20ea89855113068479683330d8dbde4f815a",
            "messageTitle": "Add: Tests for import and export",
            "messageBody": "Allow a Storage to be specified when asserting command success or\ncommand failure using the CommandTestUtil methods.\n",
            "insertions": 325,
            "deletions": 34
          }
        ]
      },
      {
        "insertions": 4,
        "deletions": 4,
        "date": "2019-10-10",
        "commitResults": [
          {
            "hash": "f618a3c1838a8504fc4523d452d63418a75c21cc",
            "messageTitle": "Fix: Suggested changes from code review",
            "messageBody": "Avoid throwing raw exception type, and use requireAllNonNull to reduce\nnumber of statements.\n",
            "insertions": 4,
            "deletions": 4
          }
        ]
      },
      {
        "insertions": 140,
        "deletions": 27,
        "date": "2019-10-11",
        "commitResults": [
          {
            "hash": "bda41e8c27c3bf6ffb5b81a2f5f0a28cc13808bd",
            "messageTitle": "Add: Import without replacing existing bookmarks",
            "messageBody": "Modify import functionality: add imported bookmarks to Mark instead of\nreplacing existing bookmarks. Duplicate bookmarks are skipped and\nshown in the command result.\n",
            "insertions": 122,
            "deletions": 17
          },
          {
            "hash": "c23984ef2ddc298dde881f6d0c7b187b6632c189",
            "messageTitle": "Fix: Suggestions from code review",
            "messageBody": "Add logging for ExportCommand and improve ImportCommand log messages.\nAppend the file extension (.json) to the given filename when parsing\nexport and import commands.\nReplace usage of Paths#get(...) with Path#of(...).\n",
            "insertions": 13,
            "deletions": 4
          },
          {
            "hash": "03ab5885e7ae0f02fefe5a7046d5e80bf60690fb",
            "messageTitle": "Fix: Invalid tests and checkstyle errors",
            "messageBody": "Remove unused import statements and update parser tests to include\nfile extension.\nTo Do: Abstract the conversion of a filename to a Path into a separate\nmethod.\n",
            "insertions": 5,
            "deletions": 6
          }
        ]
      },
      {
        "insertions": 121,
        "deletions": 74,
        "date": "2019-10-12",
        "commitResults": [
          {
            "hash": "cf05dcdd0ead14678ca8a01f4f1565a34698161a",
            "messageTitle": "Fix: Broken tests",
            "messageBody": "Modify ImportCommandTest to account for folder structure not being\nimported yet. Modify AddFolderCommandTest to account for additional\nstorage parameter in Command#execute().\n\nBug to fix: Folder structure is ignored during import\n",
            "insertions": 54,
            "deletions": 13
          },
          {
            "hash": "afceee6382c1d8ed6b9899c1ee94179ed6314a4f",
            "messageTitle": "Refactor: StorageStub to separate class",
            "messageBody": "Move StorageStub from CommandTestUtil to seedu.mark.storage in test\nmodule, to match ModelStub.\n",
            "insertions": 67,
            "deletions": 61
          }
        ]
      },
      {
        "insertions": 278,
        "deletions": 96,
        "date": "2019-10-13",
        "commitResults": [
          {
            "hash": "178d9f60116a22bccc7688b79d16e6d97b4cf178",
            "messageTitle": "Refactor: bookmark-importing logic into MarkImporter",
            "messageBody": "Move the \"add bookmarks/folders to the model\" logic into a separate\nclass for better OOP. Modify Model to handle the addition of multiple\nbookmarks or folders.\n\nTo-Do: implement folder addition.\n",
            "insertions": 214,
            "deletions": 89
          },
          {
            "hash": "33c27042b6c1217c15fac0a1f5c41672175d07bc",
            "messageTitle": "Add: Test for MarkImporter#equals()",
            "messageBody": "Fix equals() method and add a JUnit test for it.\n",
            "insertions": 57,
            "deletions": 0
          },
          {
            "hash": "02a0ae2fa93fde7bf568e319279ca448f2981fc3",
            "messageTitle": "Fix: Checkstyle error (import statement order)",
            "messageBody": "And update variable name in ImportCommand#equals()\n",
            "insertions": 7,
            "deletions": 7
          }
        ]
      },
      {
        "insertions": 95,
        "deletions": 31,
        "date": "2019-10-16",
        "commitResults": [
          {
            "hash": "ae28e2203f5c0ea30fbb811c5f2ea15ef035c305",
            "messageTitle": "Fix: Set bookmark folders to ROOT during import",
            "messageBody": "Only for bookmarks whose folders do not exist in Mark.\n",
            "insertions": 95,
            "deletions": 31
          }
        ]
      }
    ],
    "openorclose": [
      {
        "insertions": 542,
        "deletions": 104,
        "date": "2019-09-27",
        "commitResults": [
          {
            "hash": "621fc16ef479c0c45a571efcc178d541add4e2b2",
            "messageTitle": "Migrate user guide from Address Book 3 to Mark",
            "messageBody": "",
            "insertions": 542,
            "deletions": 104
          }
        ]
      },
      {
        "insertions": 10,
        "deletions": 7,
        "date": "2019-09-29",
        "commitResults": [
          {
            "hash": "dafbd9f137d72219396d05d5dda8be3bb3c2858f",
            "messageTitle": "Update readme",
            "messageBody": "",
            "insertions": 10,
            "deletions": 7
          }
        ]
      },
      {
        "insertions": 145,
        "deletions": 69,
        "date": "2019-09-30",
        "commitResults": [
          {
            "hash": "4efacaa13141c2979e4c37f925c9a12ec32320a8",
            "messageTitle": "Update readme",
            "messageBody": "",
            "insertions": 61,
            "deletions": 68
          },
          {
            "hash": "b4a0e1ee242e9d0e1f0d29ec8618d8409df9dc2e",
            "messageTitle": "Add devguide",
            "messageBody": "",
            "insertions": 84,
            "deletions": 1
          }
        ]
      },
      {
        "insertions": 30,
        "deletions": 4,
        "date": "2019-10-01",
        "commitResults": [
          {
            "hash": "d9b21a746b938e31f821f9e5db0c51a740e77e1c",
            "messageTitle": "Add command summary",
            "messageBody": "",
            "insertions": 27,
            "deletions": 1
          },
          {
            "hash": "da40af6a51700a538152a1efabdfbfa87a468587",
            "messageTitle": "Update docs/UserGuide.adoc",
            "messageBody": "Co-Authored-By: Na Nazhou \u003c42093424+Na-Nazhou@users.noreply.github.com\u003e",
            "insertions": 1,
            "deletions": 1
          },
          {
            "hash": "20f1bd690726f8122a6341f7c0fd3c5999d4392c",
            "messageTitle": "Update docs/UserGuide.adoc",
            "messageBody": "Co-Authored-By: dorcastan \u003c46101221+dorcastan@users.noreply.github.com\u003e",
            "insertions": 1,
            "deletions": 1
          },
          {
            "hash": "250b720dad25491f5c921624f5388e6dfcd908d8",
            "messageTitle": "Update docs/UserGuide.adoc",
            "messageBody": "Co-Authored-By: Na Nazhou \u003c42093424+Na-Nazhou@users.noreply.github.com\u003e",
            "insertions": 1,
            "deletions": 1
          }
        ]
      },
      {
        "insertions": 0,
        "deletions": 17,
        "date": "2019-10-02",
        "commitResults": [
          {
            "hash": "9021ee7bf6363bcaae4bf8dbb7c0dbf0dc162d75",
            "messageTitle": "Remove product survey from devguide",
            "messageBody": "",
            "insertions": 0,
            "deletions": 17
          }
        ]
      },
      {
        "insertions": 34,
        "deletions": 19,
        "date": "2019-10-03",
        "commitResults": [
          {
            "hash": "7ededd4f9ea96cf1adf746a591297f08d3f8e9d7",
            "messageTitle": "Fix some formatting issues (#56)",
            "messageBody": "* Fix some formatting issues\r\n\r\n* Fix missed out [none]\r\n\r\n* Fix anchors\r\n\r\n* Update docs/UserGuide.adoc\r\n\r\nCo-Authored-By: Na Nazhou \u003c42093424+Na-Nazhou@users.noreply.github.com\u003e\r\n",
            "insertions": 34,
            "deletions": 19
          }
        ]
      },
      {
        "insertions": 34,
        "deletions": 0,
        "date": "2019-10-05",
        "commitResults": [
          {
            "hash": "969c5e66116335960a6a713556bdeb01833be256",
            "messageTitle": "Add folder commands",
            "messageBody": "",
            "insertions": 34,
            "deletions": 0
          }
        ]
      },
      {
        "insertions": 5,
        "deletions": 5,
        "date": "2019-10-07",
        "commitResults": [
          {
            "hash": "a11043a1d6acb3ba9e90db003e087e4c6861b2ae",
            "messageTitle": "Apply suggestions from code review",
            "messageBody": "Co-Authored-By: dorcastan \u003c46101221+dorcastan@users.noreply.github.com\u003e",
            "insertions": 5,
            "deletions": 5
          }
        ]
      },
      {
        "insertions": 5,
        "deletions": 5,
        "date": "2019-10-08",
        "commitResults": [
          {
            "hash": "6da03f81ed64bff62a8603250408ea4ea068fcbc",
            "messageTitle": "Apply suggestions from code review",
            "messageBody": "Co-Authored-By: Kappayolk \u003c45960468+kxyoke@users.noreply.github.com\u003e",
            "insertions": 5,
            "deletions": 5
          }
        ]
      },
      {
        "insertions": 1357,
        "deletions": 221,
        "date": "2019-10-09",
        "commitResults": [
          {
            "hash": "56f33226894e7bedbef2791feff65cb24a16194e",
            "messageTitle": "Refactor CommandResult to be more extension-friendly. (#72)",
            "messageBody": "",
            "insertions": 85,
            "deletions": 38
          },
          {
            "hash": "b0bfb7fecde172b78abbed9d3bca79f82c2c0e0e",
            "messageTitle": "Add folder functionality to Mark",
            "messageBody": "",
            "insertions": 697,
            "deletions": 42
          },
          {
            "hash": "012c723af3b79addebb7deb6c1cffc4ef7a1fc18",
            "messageTitle": "Fix tests",
            "messageBody": "",
            "insertions": 12,
            "deletions": 1
          },
          {
            "hash": "0ece0134079385adc24e2a834ed7debad3afd7cf",
            "messageTitle": "Fix checkstyle",
            "messageBody": "",
            "insertions": 5,
            "deletions": 7
          },
          {
            "hash": "622b0969d021bc329d3622ffe7d1246697aa55e0",
            "messageTitle": "Apply codacy suggestions",
            "messageBody": "",
            "insertions": 1,
            "deletions": 5
          },
          {
            "hash": "09be849b609337ac27d890cc3c3375913853a736",
            "messageTitle": "Clone FolderStructure when setting, to allow for undo/redo",
            "messageBody": "",
            "insertions": 14,
            "deletions": 2
          },
          {
            "hash": "fb625abcbd65c1ab19f692d19ef98159c7d55b68",
            "messageTitle": "Apply suggestions from code review",
            "messageBody": "Co-Authored-By: Na Nazhou \u003c42093424+Na-Nazhou@users.noreply.github.com\u003e",
            "insertions": 1,
            "deletions": 2
          },
          {
            "hash": "b060cf60fa67bce6bf2a51d73b9d3a0ebf41d707",
            "messageTitle": "Fix code review and javadoc",
            "messageBody": "",
            "insertions": 2,
            "deletions": 2
          },
          {
            "hash": "eb10a37d799fee2b9e5a73a48004d35a23d42e9e",
            "messageTitle": "Fix merge master",
            "messageBody": "",
            "insertions": 2,
            "deletions": 1
          },
          {
            "hash": "25fd65d03c40c2fa68918c1569b4d1fe9c8baf46",
            "messageTitle": "Put back the browser",
            "messageBody": "",
            "insertions": 7,
            "deletions": 0
          },
          {
            "hash": "8c7d987730dcf9439ffdfff486b163615fe3064f",
            "messageTitle": "Apply suggestions from code review",
            "messageBody": "Co-Authored-By: Na Nazhou \u003c42093424+Na-Nazhou@users.noreply.github.com\u003e",
            "insertions": 2,
            "deletions": 1
          },
          {
            "hash": "9b3ee4cb2f978f474bd1625eefc2d30a706b3f0f",
            "messageTitle": "Apply code suggestions",
            "messageBody": "",
            "insertions": 12,
            "deletions": 5
          },
          {
            "hash": "8cd4726aef9d98bdf729cfe26cfcfddf57be3c0b",
            "messageTitle": "Improve javadoc for AddFolderCommand",
            "messageBody": "",
            "insertions": 2,
            "deletions": 0
          },
          {
            "hash": "f04c6517df67c2714afd86f544e37dce29778588",
            "messageTitle": "Extract out ModelStub for future use",
            "messageBody": "",
            "insertions": 93,
            "deletions": 6
          },
          {
            "hash": "f4ddf089f44982948e952948b20403f2698920a5",
            "messageTitle": "Rename createFolder to addFolder",
            "messageBody": "",
            "insertions": 4,
            "deletions": 4
          },
          {
            "hash": "02807443e9a75f56f2898315b0c2440ddebac476",
            "messageTitle": "Add AddFolderCommandTest",
            "messageBody": "",
            "insertions": 139,
            "deletions": 1
          },
          {
            "hash": "8a4bc595e80354d9d5cd8c324b4f881a8b1d062f",
            "messageTitle": "Fix AddCommandTest",
            "messageBody": "",
            "insertions": 0,
            "deletions": 80
          },
          {
            "hash": "b052850ef0e9d6aa9d1c07f603c9551cac3f208a",
            "messageTitle": "Add AddFolderCommandParserTest",
            "messageBody": "",
            "insertions": 51,
            "deletions": 10
          },
          {
            "hash": "669baca5bcc58ecd6908bf836292ca1870731f29",
            "messageTitle": "Add folder tests to EditCommandParserTest",
            "messageBody": "",
            "insertions": 32,
            "deletions": 4
          },
          {
            "hash": "d7b2409f951e9d4569b08bcfab683d53bc83b3f6",
            "messageTitle": "Add FolderTest",
            "messageBody": "",
            "insertions": 42,
            "deletions": 0
          },
          {
            "hash": "ef88c1c08186020f3ceb93a0551d5c2d7410d79d",
            "messageTitle": "Add JSON tests for folder and add some folder structure to TypicalBookmarks",
            "messageBody": "",
            "insertions": 34,
            "deletions": 6
          },
          {
            "hash": "d778a8ccab905b5dce5b8d96fea2523f124e4539",
            "messageTitle": "Add folders to BookmarkTest and ModelManagerTest",
            "messageBody": "",
            "insertions": 18,
            "deletions": 0
          },
          {
            "hash": "526d4268c50acbf8c9b8e26c80ab02cb69894a6b",
            "messageTitle": "Fix equals of FolderStructure and Mark and other tests",
            "messageBody": "",
            "insertions": 23,
            "deletions": 4
          },
          {
            "hash": "d6f780fb40b52a83ec1cd00abf54580ad54552d0",
            "messageTitle": "Fix checkstyle",
            "messageBody": "",
            "insertions": 1,
            "deletions": 0
          },
          {
            "hash": "5d7d59224b03eccd21de3efc39ee71015544c2c1",
            "messageTitle": "Test AddFolderCommand in MarkParserTest",
            "messageBody": "",
            "insertions": 10,
            "deletions": 0
          },
          {
            "hash": "f731a132382ee28b46bb7201ba8349a7346a380b",
            "messageTitle": "Add duplicate folder and no root folder tests to JsonSerializableMarkTest",
            "messageBody": "",
            "insertions": 20,
            "deletions": 0
          },
          {
            "hash": "4364cde249cc2f3cc9feb2c878f93b156b9d00c9",
            "messageTitle": "Add getFolderStructure test to LogicManagerTest",
            "messageBody": "",
            "insertions": 9,
            "deletions": 0
          },
          {
            "hash": "30bb95c5ab26414b84e882449e04de1eb861e0cb",
            "messageTitle": "Add SampleDataUtilTest",
            "messageBody": "",
            "insertions": 39,
            "deletions": 0
          }
        ]
      },
      {
        "insertions": 144,
        "deletions": 132,
        "date": "2019-10-10",
        "commitResults": [
          {
            "hash": "7a8be5ff7c7467ca27d65c0749b7a4585279c67b",
            "messageTitle": "Refactor to always use Folder except when parsing",
            "messageBody": "",
            "insertions": 109,
            "deletions": 102
          },
          {
            "hash": "d15e55810b3be205576f1d2d9ccef1727834bee0",
            "messageTitle": "Fix code suggestions",
            "messageBody": "",
            "insertions": 2,
            "deletions": 2
          },
          {
            "hash": "f4296db412248e429eb11b346e8ea077fa85507c",
            "messageTitle": "Update src/test/java/seedu/mark/testutil/EditBookmarkDescriptorBuilder.java",
            "messageBody": "Co-Authored-By: Na Nazhou \u003c42093424+Na-Nazhou@users.noreply.github.com\u003e",
            "insertions": 1,
            "deletions": 1
          },
          {
            "hash": "77b96bb8684cd124cb192df736b40124a99d591e",
            "messageTitle": "Update SampleDataUtilTest.java",
            "messageBody": "",
            "insertions": 1,
            "deletions": 1
          },
          {
            "hash": "325f7e4c3998642edbae7b125c89f242fed13364",
            "messageTitle": "Update SampleDataUtilTest.java",
            "messageBody": "",
            "insertions": 4,
            "deletions": 4
          },
          {
            "hash": "99a42887fcf268b87714533eccfa0c0cf25240f9",
            "messageTitle": "Apply suggestions from code review",
            "messageBody": "Co-Authored-By: Na Nazhou \u003c42093424+Na-Nazhou@users.noreply.github.com\u003e",
            "insertions": 8,
            "deletions": 8
          },
          {
            "hash": "620bbcde858040d58895bec439f62e3167674356",
            "messageTitle": "Apply suggestions from code review",
            "messageBody": "Co-Authored-By: Na Nazhou \u003c42093424+Na-Nazhou@users.noreply.github.com\u003e",
            "insertions": 8,
            "deletions": 10
          },
          {
            "hash": "ed8c7a80e8cd832188aaad16004df21af134f9de",
            "messageTitle": "Fix code suggestions",
            "messageBody": "",
            "insertions": 11,
            "deletions": 4
          }
        ]
      },
      {
        "insertions": 15,
        "deletions": 18,
        "date": "2019-10-15",
        "commitResults": [
          {
            "hash": "5eb3e3b307fb9c8d254ac405f3e77678cd7b435f",
            "messageTitle": "Move FolderStructure display to Dashboard",
            "messageBody": "",
            "insertions": 15,
            "deletions": 18
          }
        ]
      }
    ],
    "TSAI-HSIAO-HAN": [
      {
        "insertions": 50,
        "deletions": 32,
        "date": "2019-09-29",
        "commitResults": [
          {
            "hash": "59199567bce1785f4b2af21349bb4010a7e4dcc9",
            "messageTitle": "edit user guide, about us and contact us",
            "messageBody": "",
            "insertions": 50,
            "deletions": 32
          }
        ]
      },
      {
        "insertions": 23,
        "deletions": 23,
        "date": "2019-10-01",
        "commitResults": [
          {
            "hash": "2d878d82d8b161dce26c4b5d7eec941380330b89",
            "messageTitle": "Edit profile to johndoe in About Us",
            "messageBody": "",
            "insertions": 4,
            "deletions": 4
          },
          {
            "hash": "e57377fa1b6c6585cbfe2d9d4a88290c4978405e",
            "messageTitle": "Edit UG format and About Us",
            "messageBody": "",
            "insertions": 19,
            "deletions": 19
          }
        ]
      },
      {
        "insertions": 221,
        "deletions": 99,
        "date": "2019-10-02",
        "commitResults": [
          {
            "hash": "7ef8595af58e5852ff4edad4b701a3afd3e06ff9",
            "messageTitle": "update UG",
            "messageBody": "",
            "insertions": 31,
            "deletions": 15
          },
          {
            "hash": "5fc8439ae346c6e7065a95a7f727f090481c27d5",
            "messageTitle": "Edit UG reminder command",
            "messageBody": "",
            "insertions": 14,
            "deletions": 24
          },
          {
            "hash": "672b542e81e7351463ffc714f20c97a3a0ae45fd",
            "messageTitle": "Edit upcoming features of UG",
            "messageBody": "",
            "insertions": 1,
            "deletions": 1
          },
          {
            "hash": "e39c7d315f8eab4874ca4f65e69ed8220f9c3e93",
            "messageTitle": "Edit UG",
            "messageBody": "",
            "insertions": 6,
            "deletions": 6
          },
          {
            "hash": "6fc2ace9a53f67f5fb3b046fcb11b74cbeef1c04",
            "messageTitle": "Edit UG",
            "messageBody": "",
            "insertions": 1,
            "deletions": 1
          },
          {
            "hash": "8bc91c0037751a6a6cc9b8bac84d8b61bb3a5db3",
            "messageTitle": "Update UG",
            "messageBody": "",
            "insertions": 4,
            "deletions": 4
          },
          {
            "hash": "32c01c33fd85066bb0045c75cf4158d128933d88",
            "messageTitle": "Apply suggestions from code review",
            "messageBody": "Co-Authored-By: dorcastan \u003c46101221+dorcastan@users.noreply.github.com\u003e",
            "insertions": 0,
            "deletions": 1
          },
          {
            "hash": "bfb8b26e2df791b3a32b0052e9075650b0783e28",
            "messageTitle": "Edit reminder in UG.",
            "messageBody": "",
            "insertions": 2,
            "deletions": 3
          },
          {
            "hash": "479d211ade84acd4673090342d8786162b162164",
            "messageTitle": "Apply suggestions from code review",
            "messageBody": "Co-Authored-By: dorcastan \u003c46101221+dorcastan@users.noreply.github.com\u003e",
            "insertions": 1,
            "deletions": 1
          },
          {
            "hash": "eca17fe752b2b9998a2cf9a49b31187578c3e99a",
            "messageTitle": "Add DG Use Cases",
            "messageBody": "",
            "insertions": 100,
            "deletions": 0
          },
          {
            "hash": "342f212ce1756b8d04e191245e7bc3e516b99446",
            "messageTitle": "Edit UG",
            "messageBody": "",
            "insertions": 8,
            "deletions": 8
          },
          {
            "hash": "459e461c4131182552ef9d993a23f3d84e7e2e24",
            "messageTitle": "Update UG",
            "messageBody": "",
            "insertions": 13,
            "deletions": 2
          },
          {
            "hash": "488096acc59d30bb389c9e2aa2355ae2f5abd88e",
            "messageTitle": "Add Use Cases",
            "messageBody": "",
            "insertions": 40,
            "deletions": 33
          }
        ]
      },
      {
        "insertions": 4,
        "deletions": 0,
        "date": "2019-10-08",
        "commitResults": [
          {
            "hash": "a4b2dbe079fbc6694a088bf2f88935a542b4a3af",
            "messageTitle": "create reminder class",
            "messageBody": "",
            "insertions": 4,
            "deletions": 0
          }
        ]
      },
      {
        "insertions": 198,
        "deletions": 33,
        "date": "2019-10-09",
        "commitResults": [
          {
            "hash": "6d346741b545220bec3e64bbb73b896e29392c51",
            "messageTitle": "add Note class and attribute for Reminder class",
            "messageBody": "",
            "insertions": 20,
            "deletions": 0
          },
          {
            "hash": "5126d2fd0fd94d47037f5a6580b58fa9423a0610",
            "messageTitle": "add comment",
            "messageBody": "",
            "insertions": 9,
            "deletions": 0
          },
          {
            "hash": "14f72fc5b7bec23678892e82e4612df43c863e46",
            "messageTitle": "add methods for reminder",
            "messageBody": "",
            "insertions": 34,
            "deletions": 3
          },
          {
            "hash": "c53cdc6d05804fe96b7dde2aec4e4c8336e7752e",
            "messageTitle": "formatting",
            "messageBody": "",
            "insertions": 2,
            "deletions": 1
          },
          {
            "hash": "43b4982cd5b1cf63bea183b691822b2db7053c71",
            "messageTitle": "Apply suggestions from code review",
            "messageBody": "Co-Authored-By: Na Nazhou \u003c42093424+Na-Nazhou@users.noreply.github.com\u003e",
            "insertions": 1,
            "deletions": 1
          },
          {
            "hash": "a14b1f7ee65c990250a06ff0218e9fa2912d4467",
            "messageTitle": "add test for reminder and note",
            "messageBody": "",
            "insertions": 14,
            "deletions": 0
          },
          {
            "hash": "f9f76851558936bea47dcab466668c1c30865dad",
            "messageTitle": "formatting",
            "messageBody": "",
            "insertions": 4,
            "deletions": 4
          },
          {
            "hash": "d39a3740c697fe58c1f7084ee644500c763e1293",
            "messageTitle": "add methods to Note",
            "messageBody": "",
            "insertions": 65,
            "deletions": 5
          },
          {
            "hash": "aaa1401e07ed12303c139a62aa361b881cf5c517",
            "messageTitle": "add comment",
            "messageBody": "",
            "insertions": 6,
            "deletions": 1
          },
          {
            "hash": "9995efaf129ffbb1336ad552468dad5833463359",
            "messageTitle": "add noteTest, still need to change",
            "messageBody": "",
            "insertions": 32,
            "deletions": 7
          },
          {
            "hash": "7ed239ad755858c7d9a8dba3140fa6d9c11ef165",
            "messageTitle": "formatting",
            "messageBody": "",
            "insertions": 6,
            "deletions": 4
          },
          {
            "hash": "74fca3b1e5f6c9813d85f6694595620c52abb571",
            "messageTitle": "formatting",
            "messageBody": "",
            "insertions": 2,
            "deletions": 3
          },
          {
            "hash": "19e382251382ee376a461e5a3c3e5db977e81c16",
            "messageTitle": "formatting",
            "messageBody": "",
            "insertions": 0,
            "deletions": 1
          },
          {
            "hash": "6e622c4590ce553e77b0e4e5f16ba5492ff47a36",
            "messageTitle": "formatting",
            "messageBody": "",
            "insertions": 2,
            "deletions": 2
          },
          {
            "hash": "c634a2140dbbd9077e21ac1b9e39a8f141a2e62b",
            "messageTitle": "add new line at the end of NoteTest",
            "messageBody": "",
            "insertions": 1,
            "deletions": 1
          }
        ]
      },
      {
        "insertions": 6,
        "deletions": 6,
        "date": "2019-10-11",
        "commitResults": [
          {
            "hash": "74f362bc5777b010cddf416bca90244c5fa5d654",
            "messageTitle": "Update src/main/java/seedu/mark/model/reminder/Note.java",
            "messageBody": "Co-Authored-By: Na Nazhou \u003c42093424+Na-Nazhou@users.noreply.github.com\u003e",
            "insertions": 1,
            "deletions": 1
          },
          {
            "hash": "c2a440a06289b43b8b5b1f4954a5783de023f249",
            "messageTitle": "Apply suggestions from code review",
            "messageBody": "Co-Authored-By: Kappayolk \u003c45960468+kxyoke@users.noreply.github.com\u003e",
            "insertions": 2,
            "deletions": 2
          },
          {
            "hash": "26ad60a88269476bf9427a59bd4b5c8e51e34b68",
            "messageTitle": "apply suggestion",
            "messageBody": "",
            "insertions": 3,
            "deletions": 3
          }
        ]
      },
      {
        "insertions": 309,
        "deletions": 61,
        "date": "2019-10-12",
        "commitResults": [
          {
            "hash": "b9ed372bea1da4e9d71a300baf34e0e90299c632",
            "messageTitle": "add ReminderTest",
            "messageBody": "",
            "insertions": 276,
            "deletions": 26
          },
          {
            "hash": "df412efa70298e657552333dd80650d3d92fe8af",
            "messageTitle": "checkstyle",
            "messageBody": "",
            "insertions": 32,
            "deletions": 30
          },
          {
            "hash": "8111ffd5adfc4b6c5c9de0cd3394772326217ed1",
            "messageTitle": "fix typo and test",
            "messageBody": "",
            "insertions": 1,
            "deletions": 5
          }
        ]
      },
      {
        "insertions": 13,
        "deletions": 9,
        "date": "2019-10-13",
        "commitResults": [
          {
            "hash": "6ae696aa25bc167948884f773b4b5431cad04543",
            "messageTitle": "Apply suggestions from code review",
            "messageBody": "Co-Authored-By: Na Nazhou \u003c42093424+Na-Nazhou@users.noreply.github.com\u003e",
            "insertions": 7,
            "deletions": 7
          },
          {
            "hash": "296325a4e1236f6ea0eaf93f84a2a4356f616ab7",
            "messageTitle": "import typicalbookmark",
            "messageBody": "",
            "insertions": 4,
            "deletions": 1
          },
          {
            "hash": "dea60b93bb44149233317e3123713b03ffe779f6",
            "messageTitle": "apply suggestion",
            "messageBody": "",
            "insertions": 1,
            "deletions": 1
          },
          {
            "hash": "675499ca43880633064a6111bca94e240c63590e",
            "messageTitle": "Update src/main/java/seedu/mark/model/reminder/Reminder.java",
            "messageBody": "Co-Authored-By: Kappayolk \u003c45960468+kxyoke@users.noreply.github.com\u003e",
            "insertions": 1,
            "deletions": 0
          }
        ]
      }
    ],
    "Na-Nazhou": [
      {
        "insertions": 3,
        "deletions": 4,
        "date": "2019-09-10",
        "commitResults": [
          {
            "hash": "4904cc36ede5069ac17c25f2a9b970189ce6255e",
            "messageTitle": "Remove the codacy badge from README",
            "messageBody": "",
            "insertions": 0,
            "deletions": 1
          },
          {
            "hash": "127ba0e23a4e1ba4e232f7e667e0059df27fe136",
            "messageTitle": "Update the links to the \u0027build status\u0027 and \u0027coverage status\u0027 badges in README",
            "messageBody": "",
            "insertions": 3,
            "deletions": 3
          }
        ]
      },
      {
        "insertions": 63,
        "deletions": 20,
        "date": "2019-09-27",
        "commitResults": [
          {
            "hash": "45ac03054019a551bc461ae83b409ce3a562bcd2",
            "messageTitle": "Update Developer Guide",
            "messageBody": "",
            "insertions": 63,
            "deletions": 20
          }
        ]
      },
      {
        "insertions": 234,
        "deletions": 133,
        "date": "2019-10-01",
        "commitResults": [
          {
            "hash": "76a0edad121cab134bcb45b8a8d10e7b63d2d3cb",
            "messageTitle": "Update developer guide",
            "messageBody": "",
            "insertions": 40,
            "deletions": 10
          },
          {
            "hash": "aa3f346f4e584000e8bc927933024af8ebd55fd9",
            "messageTitle": "Update user guide",
            "messageBody": "",
            "insertions": 125,
            "deletions": 93
          },
          {
            "hash": "c5c00c7376f2faf8b8e903915b32595b0b6d9d6e",
            "messageTitle": "Update readme and build.gradle",
            "messageBody": "",
            "insertions": 3,
            "deletions": 3
          },
          {
            "hash": "32af78f0f318d1834fc25c18a27af41272f7a1d3",
            "messageTitle": "Update sites style",
            "messageBody": "",
            "insertions": 0,
            "deletions": 1
          },
          {
            "hash": "724c4c8ea86f6f07bc3b0f77e718abcc0027a056",
            "messageTitle": "Update about us and contact us",
            "messageBody": "",
            "insertions": 18,
            "deletions": 20
          },
          {
            "hash": "e70909b9454e7a09f798c141a718557a7b4844ae",
            "messageTitle": "Update team name",
            "messageBody": "",
            "insertions": 3,
            "deletions": 3
          },
          {
            "hash": "3cc2b925298229382d66af3562c77b85ce0ece1a",
            "messageTitle": "Add use cases to developer guide",
            "messageBody": "",
            "insertions": 45,
            "deletions": 3
          }
        ]
      },
      {
        "insertions": 13,
        "deletions": 14,
        "date": "2019-10-08",
        "commitResults": [
          {
            "hash": "9bd4491b6c05668cf0c68819075bff61e884d543",
            "messageTitle": "Clean up variable names and outdated comments",
            "messageBody": "",
            "insertions": 13,
            "deletions": 14
          }
        ]
      },
      {
        "insertions": 314,
        "deletions": 40,
        "date": "2019-10-10",
        "commitResults": [
          {
            "hash": "183e815c3417e0cf269724b8d7bfa3b4e770d801",
            "messageTitle": "Add Redo, Undo command and VersionedMark",
            "messageBody": "",
            "insertions": 150,
            "deletions": 0
          },
          {
            "hash": "b519ff6caf3b366a0933cfe57f8272b9ce5976a2",
            "messageTitle": "Modify parser, model and add Model#commit() to #execute() of all undoable commands(add, edit, delete, clear)",
            "messageBody": "",
            "insertions": 74,
            "deletions": 10
          },
          {
            "hash": "af84d6c3bdd840d8a1a69fe98497ffe2ec21a01c",
            "messageTitle": "Fix tests",
            "messageBody": "",
            "insertions": 40,
            "deletions": 0
          },
          {
            "hash": "a9a436c3bf30dec376e81d1dedffd0110931a4dd",
            "messageTitle": "Add CannotUndoException and CannotRedoException",
            "messageBody": "",
            "insertions": 22,
            "deletions": 2
          },
          {
            "hash": "fb0728040422b3bbd86040905eee278e39c00bc2",
            "messageTitle": "Rename commitMark to saveMark",
            "messageBody": "",
            "insertions": 28,
            "deletions": 28
          }
        ]
      },
      {
        "insertions": 143,
        "deletions": 17,
        "date": "2019-10-11",
        "commitResults": [
          {
            "hash": "9aa9c794bb5eb4175d0a90ef6b5263078a1fcff8",
            "messageTitle": "Support undo/redo for folder operations",
            "messageBody": "",
            "insertions": 13,
            "deletions": 6
          },
          {
            "hash": "03cc35539cecbd98ec9b8e570c4bc68dc7f9e413",
            "messageTitle": "Fix tests for AddFolderCommandTest",
            "messageBody": "",
            "insertions": 5,
            "deletions": 0
          },
          {
            "hash": "39a4e83ebb185b9824a69ab24ff567c5c65530ae",
            "messageTitle": "Replace `mark` with `Mark`",
            "messageBody": "Co-Authored-By: Open O. Close \u003c3646725+openorclose@users.noreply.github.com\u003e",
            "insertions": 11,
            "deletions": 11
          },
          {
            "hash": "43a489168de20ff667285dfde88e5e620c04366b",
            "messageTitle": "Add tests for undo and redo",
            "messageBody": "",
            "insertions": 114,
            "deletions": 0
          }
        ]
      },
      {
        "insertions": 555,
        "deletions": 215,
        "date": "2019-10-12",
        "commitResults": [
          {
            "hash": "cc211ce99b9873bfcc0e2eccfce76aa7994293e2",
            "messageTitle": "Implement goto command",
            "messageBody": "",
            "insertions": 111,
            "deletions": 2
          },
          {
            "hash": "12997ae3e18e376df3dc80051b03b8c703bad430",
            "messageTitle": "Add GotoCommandResult",
            "messageBody": "",
            "insertions": 33,
            "deletions": 6
          },
          {
            "hash": "300108df7895ef6789fa794ef21c413a0a27552c",
            "messageTitle": "Add tests for goto command",
            "messageBody": "",
            "insertions": 201,
            "deletions": 10
          },
          {
            "hash": "57cd30aa28c0dad7f3d2f7594e7863a1c1572536",
            "messageTitle": "Rename method CommandResult#is() to isGoto()",
            "messageBody": "",
            "insertions": 8,
            "deletions": 7
          },
          {
            "hash": "a5b219c44d692f2bcdc144700fec91beb35051db",
            "messageTitle": "Rename package commandresult to results",
            "messageBody": "",
            "insertions": 34,
            "deletions": 34
          },
          {
            "hash": "ec4325e4c98ab027c54b5eee5560e01d06611df4",
            "messageTitle": "Update tests for command results and mark parser",
            "messageBody": "",
            "insertions": 14,
            "deletions": 6
          },
          {
            "hash": "dd5b377efb2074c791b97079e381efb029534901",
            "messageTitle": "Apply suggestions from code review",
            "messageBody": "Co-Authored-By: Kappayolk \u003c45960468+kxyoke@users.noreply.github.com\u003e",
            "insertions": 3,
            "deletions": 3
          },
          {
            "hash": "1355313749e2c0c44e8d203b88f92239596481bb",
            "messageTitle": "Apply suggestions from code review",
            "messageBody": "",
            "insertions": 5,
            "deletions": 10
          },
          {
            "hash": "16c9e60da7557588e0039860224752c3ba130e66",
            "messageTitle": "Reimplement goto command using SimpleObjectProperty to track currentUrl",
            "messageBody": "",
            "insertions": 146,
            "deletions": 137
          }
        ]
      },
      {
        "insertions": 74,
        "deletions": 66,
        "date": "2019-10-13",
        "commitResults": [
          {
            "hash": "aaf99f3a41e6d0592856c18da7086fbea149e3ed",
            "messageTitle": "Update bookmark examples",
            "messageBody": "",
            "insertions": 74,
            "deletions": 66
          }
        ]
      },
      {
        "insertions": 7,
        "deletions": 1,
        "date": "2019-10-14",
        "commitResults": [
          {
            "hash": "7d98b3a45d63242a44ba1cd4dd89a96888ee78b5",
            "messageTitle": "Fix tab switch NPE",
            "messageBody": "",
            "insertions": 7,
            "deletions": 1
          }
        ]
      },
      {
        "insertions": 61,
        "deletions": 22,
        "date": "2019-10-15",
        "commitResults": [
          {
            "hash": "1c363c0ff930036dbfefc459d77333057e1e7809",
            "messageTitle": "Standardise messages and add tab switch for goto command",
            "messageBody": "",
            "insertions": 22,
            "deletions": 14
          },
          {
            "hash": "05dec72756fce3f3e744b7df54b22a26ddd01248",
            "messageTitle": "Support opening bookmarks via bookmarkListPanel",
            "messageBody": "",
            "insertions": 39,
            "deletions": 8
          }
        ]
      },
      {
        "insertions": 12,
        "deletions": 12,
        "date": "2019-10-16",
        "commitResults": [
          {
            "hash": "ed8c5d594d4baed2691b7b4451001c01bb82a28a",
            "messageTitle": "Apply suggestions from code review",
            "messageBody": "",
            "insertions": 12,
            "deletions": 12
          }
        ]
      }
    ],
    "kxyoke": [
      {
        "insertions": 167,
        "deletions": 97,
        "date": "2019-09-30",
        "commitResults": [
          {
            "hash": "f41e5bdd2aff881d59b950bce3298db7562ee770",
            "messageTitle": "Update UG commands: annotation",
            "messageBody": "",
            "insertions": 124,
            "deletions": 68
          },
          {
            "hash": "a46ca33234f5d590eaaf904ccc92e7183de7621e",
            "messageTitle": "Add Ui Mockup in User Guide",
            "messageBody": "",
            "insertions": 13,
            "deletions": 0
          },
          {
            "hash": "862b0e5db0bdd6c43a5dc860c694a499d0b7ed3e",
            "messageTitle": "Update User Guide format: closes #1",
            "messageBody": "",
            "insertions": 29,
            "deletions": 28
          },
          {
            "hash": "8fd30a42fee2e3e242e144b63bad6e6a49875658",
            "messageTitle": "Update Ui Mockup format",
            "messageBody": "",
            "insertions": 1,
            "deletions": 1
          }
        ]
      },
      {
        "insertions": 34,
        "deletions": 2,
        "date": "2019-10-01",
        "commitResults": [
          {
            "hash": "29f622758f8bb0fd02470c8a8dd52e86d76e6a39",
            "messageTitle": "Add user case - annotate",
            "messageBody": "",
            "insertions": 23,
            "deletions": 1
          },
          {
            "hash": "8858ca54c75cd36e0dd5849230540013e118a546",
            "messageTitle": "Update UC annotate",
            "messageBody": "",
            "insertions": 11,
            "deletions": 1
          }
        ]
      },
      {
        "insertions": 320,
        "deletions": 266,
        "date": "2019-10-02",
        "commitResults": [
          {
            "hash": "e5fa68d09a654fc39fe2ab09d5e029383b9d4969",
            "messageTitle": "Add user case: browse",
            "messageBody": "",
            "insertions": 45,
            "deletions": 25
          },
          {
            "hash": "03abaad3c6fe4013383343ae638a4156f726f75c",
            "messageTitle": "Update use case title format. Add extension to UC11 - browse the web",
            "messageBody": "",
            "insertions": 26,
            "deletions": 13
          },
          {
            "hash": "26a1c2749560a7e1a11ca7a880d1501cae5c6399",
            "messageTitle": "Add link from UC12 to UC02",
            "messageBody": "",
            "insertions": 3,
            "deletions": 1
          },
          {
            "hash": "15a8a13571dc28e4ae0cd0c12f85cf118a6c9f5c",
            "messageTitle": "Add section id to UCs and link between UCs",
            "messageBody": "",
            "insertions": 12,
            "deletions": 2
          },
          {
            "hash": "68731c0c80205429a63ab12eccb7a490bb450c33",
            "messageTitle": "Apply suggestions from code review",
            "messageBody": "Edit UC (minor)\n\nCo-Authored-By: dorcastan \u003c46101221+dorcastan@users.noreply.github.com\u003e",
            "insertions": 2,
            "deletions": 2
          },
          {
            "hash": "1449ab74cb119006adde802c6d3bd3f810ea8ed7",
            "messageTitle": "Edit UG section before command specification",
            "messageBody": "",
            "insertions": 18,
            "deletions": 16
          },
          {
            "hash": "443336c9c7c77922977c37010799f643f0cd6a5c",
            "messageTitle": "Format UG commands",
            "messageBody": "",
            "insertions": 210,
            "deletions": 203
          },
          {
            "hash": "960d798adbf31a0e5ef3c610f6bb6e56f1838530",
            "messageTitle": "Format number examples for index inputs",
            "messageBody": "",
            "insertions": 3,
            "deletions": 3
          },
          {
            "hash": "c4305efbbbf7820f5ac73f057d958a081b4ba9f2",
            "messageTitle": "Apply suggestions from code review",
            "messageBody": "Co-Authored-By: Open O. Close \u003c3646725+openorclose@users.noreply.github.com\u003e",
            "insertions": 1,
            "deletions": 1
          }
        ]
      },
      {
        "insertions": 287,
        "deletions": 39,
        "date": "2019-10-06",
        "commitResults": [
          {
            "hash": "4eb346a65bc51e66defd7b284b9ba192ff439236",
            "messageTitle": "Embed browser panel. - Each action on browser triggers a check on internet connectivity. Needs mechanism to show no internet connectivity alert. - Needs reformatting of GUI",
            "messageBody": "",
            "insertions": 121,
            "deletions": 6
          },
          {
            "hash": "74c45d328444c442b29bf598fb9f1bb0b8674f00",
            "messageTitle": "Add address bar and home button for embedded browser. - Address bar text field supports out of focus reverting to website url and on focus select-all-text. - Need to link address bar to new webpage - Need to add parser to facilitate google search of non websites. (If not, give warning that url given is invalid and suggest/redirect to google.) - Need to reformat gui (including google button)",
            "messageBody": "",
            "insertions": 134,
            "deletions": 21
          },
          {
            "hash": "e2994188749663e962d01464504af3b7608eb762",
            "messageTitle": "Add getCurrentPageUrl() to interface. For add bookmark.",
            "messageBody": "",
            "insertions": 4,
            "deletions": 0
          },
          {
            "hash": "9acaa34cfcb33e8ff2d4662b3833019139cbb90e",
            "messageTitle": "Format to checkstyle standards. - Handlers used in fxml only.",
            "messageBody": "",
            "insertions": 28,
            "deletions": 12
          }
        ]
      },
      {
        "insertions": 24,
        "deletions": 21,
        "date": "2019-10-07",
        "commitResults": [
          {
            "hash": "bb399b03c9ea90ed296afe0add2c73fdce274c0e",
            "messageTitle": "Standardise names of methods and fields",
            "messageBody": "",
            "insertions": 17,
            "deletions": 14
          },
          {
            "hash": "a2c3aab46d8de77dabc862d51db531518e78e866",
            "messageTitle": "Fix error (fxml not updated)",
            "messageBody": "",
            "insertions": 3,
            "deletions": 3
          },
          {
            "hash": "6b0df61a571a460f167bb793c8cfd97c84d27286",
            "messageTitle": "Improve gui for browser. - Less cramped; temporary fix - Default offline page should be changed to a more sophisticated one (not urgent)",
            "messageBody": "",
            "insertions": 4,
            "deletions": 4
          }
        ]
      },
      {
        "insertions": 469,
        "deletions": 97,
        "date": "2019-10-09",
        "commitResults": [
          {
            "hash": "5e3b09faaa1eb8022eafebc906acd876fbfe1b59",
            "messageTitle": "Add dashboard and offline tab stubs. - Tab command supports switching of tabs; need to add switch function between the three tabs - Need to add tab view buttons",
            "messageBody": "",
            "insertions": 230,
            "deletions": 6
          },
          {
            "hash": "41ec321607d92f472f635d10c231e811514dcc20",
            "messageTitle": "Improve previous commit structure.",
            "messageBody": "",
            "insertions": 47,
            "deletions": 24
          },
          {
            "hash": "95e0e09a193481d5bb50ba908c3bfd7519fffd6a",
            "messageTitle": "Implement switch tab functionality on tab command",
            "messageBody": "",
            "insertions": 19,
            "deletions": 18
          },
          {
            "hash": "491a7ec5f5e8b35a410a7094deb54e57c7b7e67a",
            "messageTitle": "Add button for tabs. - Need to fix the GUI (white blank) and reformat in future",
            "messageBody": "",
            "insertions": 39,
            "deletions": 15
          },
          {
            "hash": "acdaa26076210151e45fa5e284318eee5e9d8769",
            "messageTitle": "Add tests for Tab command",
            "messageBody": "",
            "insertions": 133,
            "deletions": 33
          },
          {
            "hash": "8c6bdf1a4a22406bb3fcf3ca21187556962e4525",
            "messageTitle": "Resolve borderpane background problem",
            "messageBody": "",
            "insertions": 1,
            "deletions": 1
          }
        ]
      },
      {
        "insertions": 55,
        "deletions": 21,
        "date": "2019-10-10",
        "commitResults": [
          {
            "hash": "f9d181a26040f83fdeb7f4309e962765f6262088",
            "messageTitle": "Conform to checkstyle",
            "messageBody": "",
            "insertions": 55,
            "deletions": 21
          }
        ]
      },
      {
        "insertions": 104,
        "deletions": 21,
        "date": "2019-10-11",
        "commitResults": [
          {
            "hash": "f9f50c670cd4cac61fc30f07e1f07c3c8ff5cdfe",
            "messageTitle": "Add test to increase coverage",
            "messageBody": "",
            "insertions": 30,
            "deletions": 5
          },
          {
            "hash": "ccb5e634d7c18d45bff8296bb377d070b961b94e",
            "messageTitle": "Add keyword to tab command. - now supports tab dash, on and off to switch tabs; updates user guide - todo: add mnemonics (not urgent)",
            "messageBody": "",
            "insertions": 74,
            "deletions": 15
          },
          {
            "hash": "c250d95f29ef40f85510e818e1ca87f6542a0604",
            "messageTitle": "Correct test",
            "messageBody": "",
            "insertions": 0,
            "deletions": 1
          }
        ]
      },
      {
        "insertions": 134,
        "deletions": 145,
        "date": "2019-10-12",
        "commitResults": [
          {
            "hash": "d95b60d44bcd920e649c4c7da03e15ff56639061",
            "messageTitle": "Apply suggestions from code review",
            "messageBody": "Co-Authored-By: dorcastan \u003c46101221+dorcastan@users.noreply.github.com\u003e",
            "insertions": 5,
            "deletions": 6
          },
          {
            "hash": "2b963b77e1b536e2b47f8ea1dc13a46d9edad781",
            "messageTitle": "Edit user guide and update test to use assertThrows instead.",
            "messageBody": "",
            "insertions": 2,
            "deletions": 16
          },
          {
            "hash": "9d6daeea263149e5402d1f19fe9b6daa20e20511",
            "messageTitle": "Refactor tab command to handle Tabs. - Tab decision is now made in MainWindow - ParserUtil handles all Tab parsing - Tests updated",
            "messageBody": "",
            "insertions": 119,
            "deletions": 118
          },
          {
            "hash": "43f2341a5bddd6232d035fdc5bc7748631f770d6",
            "messageTitle": "Edit to pass code quality tests",
            "messageBody": "",
            "insertions": 4,
            "deletions": 1
          },
          {
            "hash": "3899ca647b98b6be09d5136e0600e9a666646e1b",
            "messageTitle": "Change TabCommandResult package to new package",
            "messageBody": "",
            "insertions": 3,
            "deletions": 3
          },
          {
            "hash": "6121cb7469df15e02057434db08b95e78a9b3319",
            "messageTitle": "Conform to checkstyle imports",
            "messageBody": "",
            "insertions": 1,
            "deletions": 1
          }
        ]
      },
      {
        "insertions": 153,
        "deletions": 156,
        "date": "2019-10-13",
        "commitResults": [
          {
            "hash": "28ae4d60e80309420540b0e58a0113dfed39f63b",
            "messageTitle": "Conform to checkstyle for test",
            "messageBody": "",
            "insertions": 2,
            "deletions": 2
          },
          {
            "hash": "875ed4a8e89772f48d9b27e5ba77cae486906210",
            "messageTitle": "Conform to checkstyleTest",
            "messageBody": "",
            "insertions": 5,
            "deletions": 12
          },
          {
            "hash": "fbf0b7fbcb749c62d1dd7b763a1e4de57b174d57",
            "messageTitle": "Move tab command parser helpers from ParserUtil to TabCommandParser",
            "messageBody": "",
            "insertions": 145,
            "deletions": 141
          },
          {
            "hash": "8a0e6690dbbb47dc24cc21e28f3873a1d7f171ab",
            "messageTitle": "Fix #98",
            "messageBody": "",
            "insertions": 1,
            "deletions": 1
          }
        ]
      }
    ]
  },
  "authorFinalContributionMap": {
    "dorcastan": 4112,
    "openorclose": 1575,
    "TSAI-HSIAO-HAN": 565,
    "Na-Nazhou": 1141,
    "kxyoke": 1094
  },
  "authorFileTypeContributionMap": {
    "dorcastan": {
      "docs": 160,
      "tests": 2300,
      "functional": 1646,
      "other": 6
    },
    "openorclose": {
      "docs": 334,
      "tests": 529,
      "functional": 712
    },
    "TSAI-HSIAO-HAN": {
      "docs": 144,
      "tests": 236,
      "functional": 185
    },
    "Na-Nazhou": {
      "docs": 187,
      "tests": 361,
      "functional": 592,
      "other": 1
    },
    "kxyoke": {
      "docs": 375,
      "tests": 125,
      "functional": 588,
      "other": 6
    }
  },
  "authorContributionVariance": {
    "dorcastan": 938012.3,
    "openorclose": 68978.41,
    "TSAI-HSIAO-HAN": 6666.4946,
    "Na-Nazhou": 19841.053,
    "kxyoke": 21252.795
  },
  "authorDisplayNameMap": {
    "dorcastan": "CS2103T-T13-4 DORCA ... A TAN",
    "openorclose": "CS2103T-T13-4 DARYL ... L TAN",
    "TSAI-HSIAO-HAN": "CS2103T-T13-4 TSAI, ... O-HAN",
    "Na-Nazhou": "CS2103T-T13-4 NA NA ... AZHOU",
    "kxyoke": "CS2103T-T13-4 YOKE  ... I XIN"
  }
}
