{
  "authorDailyContributionsMap": {
    "dorcastan": [],
    "openorclose": [
      {
        "insertions": 542,
        "deletions": 104,
        "date": "2019-09-27",
        "commitResults": [
          {
            "hash": "621fc16ef479c0c45a571efcc178d541add4e2b2",
            "messageTitle": "Migrate user guide from Address Book 3 to Mark",
            "messageBody": "",
            "insertions": 542,
            "deletions": 104
          }
        ]
      }
    ],
    "TSAI-HSIAO-HAN": [],
    "Na-Nazhou": [
      {
        "insertions": 3,
        "deletions": 4,
        "date": "2019-09-10",
        "commitResults": [
          {
            "hash": "4904cc36ede5069ac17c25f2a9b970189ce6255e",
            "messageTitle": "Remove the codacy badge from README",
            "messageBody": "",
            "insertions": 0,
            "deletions": 1
          },
          {
            "hash": "127ba0e23a4e1ba4e232f7e667e0059df27fe136",
            "messageTitle": "Update the links to the \u0027build status\u0027 and \u0027coverage status\u0027 badges in README",
            "messageBody": "",
            "insertions": 3,
            "deletions": 3
          }
        ]
      }
    ],
    "kxyoke": []
  },
  "authorFinalContributionMap": {
    "dorcastan": 0,
    "openorclose": 520,
    "TSAI-HSIAO-HAN": 0,
    "Na-Nazhou": 3,
    "kxyoke": 0
  },
  "authorFileTypeContributionMap": {
    "dorcastan": {
      "docs": 0,
      "tests": 0,
      "functional": 0
    },
    "openorclose": {
      "docs": 520,
      "tests": 0,
      "functional": 0
    },
    "TSAI-HSIAO-HAN": {
      "docs": 0,
      "tests": 0,
      "functional": 0
    },
    "Na-Nazhou": {
      "docs": 3,
      "tests": 0,
      "functional": 0
    },
    "kxyoke": {
      "docs": 0,
      "tests": 0,
      "functional": 0
    }
  },
  "authorContributionVariance": {
    "dorcastan": 0.0,
    "openorclose": 18106.686,
    "TSAI-HSIAO-HAN": 0.0,
    "Na-Nazhou": 2.1260319,
    "kxyoke": 0.0
  },
  "authorDisplayNameMap": {
    "dorcastan": "CS2103T-T13-4 DORCA ... A TAN",
    "openorclose": "CS2103T-T13-4 DARYL ... L TAN",
    "TSAI-HSIAO-HAN": "CS2103T-T13-4 TSAI, ... O-HAN",
    "Na-Nazhou": "CS2103T-T13-4 NA NA ... AZHOU",
    "kxyoke": "CS2103T-T13-4 YOKE  ... I XIN"
  }
}
