{
  "authorDailyContributionsMap": {
    "1nefootstep": [],
    "OneArmyj": [
      {
        "insertions": 0,
        "deletions": 1,
        "date": "2019-09-16",
        "commitResults": [
          {
            "hash": "dbb3ea577c0081e8149f1eed304e500319d407f1",
            "messageTitle": "Remove codacy badge from README",
            "messageBody": "",
            "insertions": 0,
            "deletions": 1
          }
        ]
      },
      {
        "insertions": 3,
        "deletions": 3,
        "date": "2019-09-18",
        "commitResults": [
          {
            "hash": "e8cf534369f9a75038d763c551691965bb9f38bb",
            "messageTitle": "Change file path of travis build status in README.adoc",
            "messageBody": "",
            "insertions": 1,
            "deletions": 1
          },
          {
            "hash": "17cd634867f29dd2ad5a258175cc13541411e7f4",
            "messageTitle": "Edit appveyor and coveralls in README.adoc",
            "messageBody": "",
            "insertions": 2,
            "deletions": 2
          }
        ]
      }
    ],
    "ernestyyh": [],
    "KxxMxxx": [],
    "oscarsu97": []
  },
  "authorFinalContributionMap": {
    "1nefootstep": 0,
    "OneArmyj": 3,
    "ernestyyh": 0,
    "KxxMxxx": 0,
    "oscarsu97": 0
  },
  "authorFileTypeContributionMap": {
    "1nefootstep": {
      "docs": 0,
      "tests": 0,
      "functional": 0
    },
    "OneArmyj": {
      "docs": 3,
      "tests": 0,
      "functional": 0
    },
    "ernestyyh": {
      "docs": 0,
      "tests": 0,
      "functional": 0
    },
    "KxxMxxx": {
      "docs": 0,
      "tests": 0,
      "functional": 0
    },
    "oscarsu97": {
      "docs": 0,
      "tests": 0,
      "functional": 0
    }
  },
  "authorContributionVariance": {
    "1nefootstep": 0.0,
    "OneArmyj": 2.556213,
    "ernestyyh": 0.0,
    "KxxMxxx": 0.0,
    "oscarsu97": 0.0
  },
  "authorDisplayNameMap": {
    "1nefootstep": "CS2103T-T09-1 LEONG ... XIANG",
    "OneArmyj": "CS2103T-T09-1 CHEN  ... I JUN",
    "ernestyyh": "CS2103T-T09-1 YEO Y ... RNEST",
    "KxxMxxx": "CS2103T-T09-1 LEW K ...  MING",
    "oscarsu97": "CS2103T-T09-1 OSCAR ...  HONG"
  }
}
