{
  "authorDailyContributionsMap": {
    "1nefootstep": [
      {
        "insertions": 522,
        "deletions": 268,
        "date": "2019-10-09",
        "commitResults": [
          {
            "hash": "04a47e33c935da6df2f4e9a843f7b20a782c35ad",
            "messageTitle": "Create HalfHour class",
            "messageBody": "",
            "insertions": 36,
            "deletions": 0
          },
          {
            "hash": "13a67a1133fa8f84346b47cfb9388e79b717ad2b",
            "messageTitle": "Add ActivityStub temporarily",
            "messageBody": "HalfHour is associated with Activity so ActivityStub is the placeholder for Activity\nuntil it is ready.\n",
            "insertions": 5,
            "deletions": 0
          },
          {
            "hash": "22ca2691f742079bd342d0ec811dd96d60c29927",
            "messageTitle": "Add DurationInHalfHour class",
            "messageBody": "",
            "insertions": 13,
            "deletions": 0
          },
          {
            "hash": "715abf93b8f30e9be750f60c717507b7cd88320b",
            "messageTitle": "Add TimeInHalfHour class",
            "messageBody": "Added the exceptions that TimeInHalfHour depends on\n",
            "insertions": 72,
            "deletions": 0
          },
          {
            "hash": "3855832b0ef29b347e9f8a7437a96cba54af81e5",
            "messageTitle": "Add Day class",
            "messageBody": "And all the exceptions that day class is dependent on\n",
            "insertions": 131,
            "deletions": 0
          },
          {
            "hash": "e7c5348b138a2ff774671d93ff9ca308eaef79f1",
            "messageTitle": "Rename DurationInHalfHours to DurationInHalfHour",
            "messageBody": "",
            "insertions": 4,
            "deletions": 4
          },
          {
            "hash": "691ff48c35a782e1fe7711463ad7f07e1ba2d1da",
            "messageTitle": "Create timetable class",
            "messageBody": "Made day encapsulate timetable and made Day immutable\n",
            "insertions": 117,
            "deletions": 107
          },
          {
            "hash": "5e4136ed6b29926db6e0cbf1bf714eb26c700281",
            "messageTitle": "Remove unnecessary import in HalfHour",
            "messageBody": "",
            "insertions": 0,
            "deletions": 2
          },
          {
            "hash": "a7adf8d91d1b381c6388662d9d4f23d60d727df8",
            "messageTitle": "Remove unnecessary import in Day",
            "messageBody": "",
            "insertions": 0,
            "deletions": 3
          },
          {
            "hash": "f3e5505ad3ea7c73b831f4d307730f60cf9e29a3",
            "messageTitle": "Add javadocs",
            "messageBody": "",
            "insertions": 59,
            "deletions": 16
          },
          {
            "hash": "a47a6773038636b0f4f8d60e8c03e15d11f88f78",
            "messageTitle": "Move time package from common to day",
            "messageBody": "",
            "insertions": 11,
            "deletions": 11
          },
          {
            "hash": "931d8b277c995e6cabe68aae41416efa1dfb27b5",
            "messageTitle": "Remove logic from timetable",
            "messageBody": "Logic should be in the commands not timetable\n",
            "insertions": 0,
            "deletions": 39
          },
          {
            "hash": "7d4fac58888acadde5e19f09e0391a3245ee8c3f",
            "messageTitle": "Add getter methods in timetable",
            "messageBody": "",
            "insertions": 8,
            "deletions": 0
          },
          {
            "hash": "bad855bd47e2e9e1270795b0a2b277c40313d3b2",
            "messageTitle": "Edit imports of timetable",
            "messageBody": "",
            "insertions": 1,
            "deletions": 2
          },
          {
            "hash": "73d3a088694a372a1d9ad0622eb543144483e822",
            "messageTitle": "Remove isOccupied field from HalfHour",
            "messageBody": "As per discussion on this stack exchange:\nhttps://softwareengineering.stackexchange.com/questions/387720/is-a-new-boolean-field-better-than-a-null-reference-when-a-value-can-be-meaningf\n, it appears that having a null value for activityAtThisTime is appropriate as\nthere can and should be nothing at certain time slot in a timetable.\n",
            "insertions": 5,
            "deletions": 4
          },
          {
            "hash": "86056ec81fb37c2cce58b6f5b4d874cf9f970f90",
            "messageTitle": "Replace ActivityStub with Activity",
            "messageBody": "",
            "insertions": 13,
            "deletions": 17
          },
          {
            "hash": "62fc4c9bf0bb45f24da69996c353aaef9017f2c4",
            "messageTitle": "Rename HalfHour and ActivityInTimeRange",
            "messageBody": "Renamed to TimeSlot and ActivityWithTime respectively\n",
            "insertions": 8,
            "deletions": 7
          },
          {
            "hash": "025e02fde4c6a937fa244976ed87806c254ce010",
            "messageTitle": "Remove unused exceptions",
            "messageBody": "",
            "insertions": 15,
            "deletions": 30
          },
          {
            "hash": "c249237847746d2027320caa3c165f58356fb1d2",
            "messageTitle": "Update javadocs",
            "messageBody": "",
            "insertions": 21,
            "deletions": 23
          },
          {
            "hash": "af013ec89cfc5169bc9bb14cfaece964f404233f",
            "messageTitle": "Update ActivityWithTime javadocs",
            "messageBody": "",
            "insertions": 1,
            "deletions": 1
          },
          {
            "hash": "dd3624e417b395fcda85e05d70175b7c71b6cbd1",
            "messageTitle": "Update TimeSlotUnavailableException javadocs",
            "messageBody": "",
            "insertions": 1,
            "deletions": 1
          },
          {
            "hash": "8f56e086ba8e701d34bc75ec0205b6f9912585a1",
            "messageTitle": "Update DurationInHalfHour javadocs",
            "messageBody": "",
            "insertions": 1,
            "deletions": 1
          }
        ]
      }
    ],
    "OneArmyj": [
      {
        "insertions": 0,
        "deletions": 1,
        "date": "2019-09-16",
        "commitResults": [
          {
            "hash": "dbb3ea577c0081e8149f1eed304e500319d407f1",
            "messageTitle": "Remove codacy badge from README",
            "messageBody": "",
            "insertions": 0,
            "deletions": 1
          }
        ]
      },
      {
        "insertions": 3,
        "deletions": 3,
        "date": "2019-09-18",
        "commitResults": [
          {
            "hash": "e8cf534369f9a75038d763c551691965bb9f38bb",
            "messageTitle": "Change file path of travis build status in README.adoc",
            "messageBody": "",
            "insertions": 1,
            "deletions": 1
          },
          {
            "hash": "17cd634867f29dd2ad5a258175cc13541411e7f4",
            "messageTitle": "Edit appveyor and coveralls in README.adoc",
            "messageBody": "",
            "insertions": 2,
            "deletions": 2
          }
        ]
      },
      {
        "insertions": 416,
        "deletions": 128,
        "date": "2019-10-02",
        "commitResults": [
          {
            "hash": "da668da75aeee2501af4a9a470bae02347f89432",
            "messageTitle": "Add team invidivual photographs",
            "messageBody": "",
            "insertions": 23,
            "deletions": 23
          },
          {
            "hash": "3bcfc5a8c6d17fbda9e375a7ee9720844ba57973",
            "messageTitle": "Add individual portfolio",
            "messageBody": "",
            "insertions": 365,
            "deletions": 5
          },
          {
            "hash": "61c85cf89dc5ddb2b2b33088aa1165578612ded4",
            "messageTitle": "Amend AboutUs",
            "messageBody": "",
            "insertions": 8,
            "deletions": 8
          },
          {
            "hash": "4da72b540bfd5d045ebc90922b9a751c95f7cdd1",
            "messageTitle": "Edit porfolio information",
            "messageBody": "",
            "insertions": 18,
            "deletions": 90
          },
          {
            "hash": "9f2bc4c742ede61e7d62ae653906e899422565b9",
            "messageTitle": "Change image name to lowercase",
            "messageBody": "",
            "insertions": 2,
            "deletions": 2
          }
        ]
      },
      {
        "insertions": 661,
        "deletions": 424,
        "date": "2019-10-09",
        "commitResults": [
          {
            "hash": "642ebf6944fc8a7ae0fc8716c55cf4dfad1468ee",
            "messageTitle": "Morph activity, day and itinerary (partially complete)",
            "messageBody": "",
            "insertions": 661,
            "deletions": 424
          }
        ]
      }
    ],
    "ernestyyh": [
      {
        "insertions": 249,
        "deletions": 88,
        "date": "2019-10-02",
        "commitResults": [
          {
            "hash": "ac07141545f39d4730bbe35b11f94f92f46768b1",
            "messageTitle": "Update User Guide",
            "messageBody": "",
            "insertions": 191,
            "deletions": 74
          },
          {
            "hash": "20e8924456c3078a07add46e21a53ce6ec2c7d93",
            "messageTitle": "Resolve conflicts for User Guide document",
            "messageBody": "",
            "insertions": 1,
            "deletions": 1
          },
          {
            "hash": "a25cb7f6a417154e5552212d26dfea737e5bf2fe",
            "messageTitle": "Update use cases and glossary of DG",
            "messageBody": "",
            "insertions": 57,
            "deletions": 13
          }
        ]
      },
      {
        "insertions": 84,
        "deletions": 38,
        "date": "2019-10-09",
        "commitResults": [
          {
            "hash": "a0d360b4a571c74bcf0ee3889c779e2c0c1204e8",
            "messageTitle": "Modify minor areas of GUI",
            "messageBody": "",
            "insertions": 83,
            "deletions": 37
          },
          {
            "hash": "c8322b756e0ccffd5ee4a65c5d9e14a5cb0dd8f1",
            "messageTitle": "Fix missing EOF",
            "messageBody": "",
            "insertions": 1,
            "deletions": 1
          }
        ]
      }
    ],
    "KxxMxxx": [
      {
        "insertions": 51,
        "deletions": 18,
        "date": "2019-10-02",
        "commitResults": [
          {
            "hash": "a3cbd6eef587be0452303024d1ebb8c57787b16c",
            "messageTitle": "edit readme for v1.1",
            "messageBody": "",
            "insertions": 5,
            "deletions": 5
          },
          {
            "hash": "f5923447c9568c2f77e1b6f3255a914d61234f2a",
            "messageTitle": "Remove appveyor badge in readme",
            "messageBody": "",
            "insertions": 0,
            "deletions": 1
          },
          {
            "hash": "acc6879254c8d6c972d345f95ca7e2f8d83fc443",
            "messageTitle": "update DG",
            "messageBody": "update target user profile, value proposition and user stories.\n",
            "insertions": 42,
            "deletions": 8
          },
          {
            "hash": "3a27d89210f0b5ba8ca914e1dd8fa17d2fe1ab4e",
            "messageTitle": "update DG",
            "messageBody": "update target user profile, user stories and value proposition.\n",
            "insertions": 4,
            "deletions": 4
          }
        ]
      },
      {
        "insertions": 225,
        "deletions": 59,
        "date": "2019-10-10",
        "commitResults": [
          {
            "hash": "ad5a3816de83ff3c0350fe422dd8c2e06e381995",
            "messageTitle": "update add command parser for activity and day",
            "messageBody": "implementing functionality for add command parser to cater to add activity\nand add day\n",
            "insertions": 206,
            "deletions": 55
          },
          {
            "hash": "3f9d458d5a43699ad938a19474b08260b2511035",
            "messageTitle": "Fix checkstyle issues",
            "messageBody": "",
            "insertions": 19,
            "deletions": 4
          }
        ]
      }
    ],
    "oscarsu97": [
      {
        "insertions": 22,
        "deletions": 10,
        "date": "2019-10-02",
        "commitResults": [
          {
            "hash": "e875c4e7698b4c0e753b03b107c526cea44d6335",
            "messageTitle": "Edit ContactUs page to match project",
            "messageBody": "Edit the content of *Email us*\n",
            "insertions": 1,
            "deletions": 1
          },
          {
            "hash": "7df67229a777f47d66c330a7f697079c571080ff",
            "messageTitle": "Edit the link to issue tracker",
            "messageBody": "",
            "insertions": 2,
            "deletions": 2
          },
          {
            "hash": "d701c0eab5a0d67bbf7a318a46d9c2519c2d22cf",
            "messageTitle": "Reformat email",
            "messageBody": "",
            "insertions": 1,
            "deletions": 1
          },
          {
            "hash": "ad3a7dc4d6c4228eccdbe286ac081db272e4e2aa",
            "messageTitle": "Update non-functional requirement",
            "messageBody": "Requirements include Available, Performance,\nUsability and Reliability\n",
            "insertions": 12,
            "deletions": 4
          },
          {
            "hash": "a4752791ce246cc5095a0f357cf7e8d891d97992",
            "messageTitle": "Align text in developerGuide",
            "messageBody": "Change Addressbook title to project name\n",
            "insertions": 5,
            "deletions": 1
          },
          {
            "hash": "6889667d817bdb6624c3dab01e7c3ed93ab96dae",
            "messageTitle": "Remove trailing whitespace at line 359",
            "messageBody": "",
            "insertions": 1,
            "deletions": 1
          }
        ]
      },
      {
        "insertions": 252,
        "deletions": 49,
        "date": "2019-10-09",
        "commitResults": [
          {
            "hash": "e572e45e370a9cebe46726ad4939f6a390fb0b57",
            "messageTitle": "Add activity package",
            "messageBody": "Contains name and location class\n",
            "insertions": 218,
            "deletions": 3
          },
          {
            "hash": "9cc68495f9575e66f3ef8489c6473fbd6583e11a",
            "messageTitle": "Add missing newline at end of file in Activity Class",
            "messageBody": "",
            "insertions": 1,
            "deletions": 1
          },
          {
            "hash": "a2de81dbdc38d52809a90508bad05870616f832d",
            "messageTitle": "Rename Address to Location",
            "messageBody": "",
            "insertions": 22,
            "deletions": 22
          },
          {
            "hash": "6eaa832753b6636ef633b7ea3491747cd27f5e2b",
            "messageTitle": "Refactor naming of address to location",
            "messageBody": "Refactor done in UiParts and Config class\n",
            "insertions": 2,
            "deletions": 2
          },
          {
            "hash": "a01497f8631b5da0cded10ff9e6b4b8bf9ced12c",
            "messageTitle": "Refactor address to location in ConfigTest class",
            "messageBody": "",
            "insertions": 1,
            "deletions": 1
          },
          {
            "hash": "13c50ca9981a9d5b431166e04169431b632cf9bc",
            "messageTitle": "Remove redundant isSameActivity method",
            "messageBody": "",
            "insertions": 2,
            "deletions": 14
          },
          {
            "hash": "2ec4f284ddab1797ab9bed3b311a58ae2955a424",
            "messageTitle": "Change string variable name in Name class",
            "messageBody": "String variable fullname to name\n",
            "insertions": 6,
            "deletions": 6
          }
        ]
      }
    ]
  },
  "authorFinalContributionMap": {
    "1nefootstep": 254,
    "OneArmyj": 975,
    "ernestyyh": 294,
    "KxxMxxx": 266,
    "oscarsu97": 168
  },
  "authorFileTypeContributionMap": {
    "1nefootstep": {
      "docs": 0,
      "tests": 0,
      "functional": 254
    },
    "OneArmyj": {
      "docs": 328,
      "tests": 128,
      "functional": 519
    },
    "ernestyyh": {
      "docs": 242,
      "tests": 1,
      "functional": 51
    },
    "KxxMxxx": {
      "docs": 47,
      "tests": 40,
      "functional": 179
    },
    "oscarsu97": {
      "docs": 18,
      "tests": 0,
      "functional": 150
    }
  },
  "authorContributionVariance": {
    "1nefootstep": 17321.96,
    "OneArmyj": 39906.477,
    "ernestyyh": 3498.101,
    "KxxMxxx": 2338.764,
    "oscarsu97": 2527.3357
  },
  "authorDisplayNameMap": {
    "1nefootstep": "CS2103T-T09-1 LEONG ... XIANG",
    "OneArmyj": "CS2103T-T09-1 CHEN  ... I JUN",
    "ernestyyh": "CS2103T-T09-1 YEO Y ... RNEST",
    "KxxMxxx": "CS2103T-T09-1 LEW K ...  MING",
    "oscarsu97": "CS2103T-T09-1 OSCAR ...  HONG"
  }
}
