{
  "authorDailyContributionsMap": {
    "WilliamRyank": [
      {
        "insertions": 2,
        "deletions": 4,
        "date": "2019-09-25",
        "commitResults": [
          {
            "hash": "ee6a81da79adaa6be2aa45f259047e6cdaab308f",
            "messageTitle": "Update Badges in README.adoc",
            "messageBody": "",
            "insertions": 2,
            "deletions": 4
          }
        ]
      }
    ],
    "C-likethis123": [],
    "TheRealRavager": [
      {
        "insertions": 0,
        "deletions": 1,
        "date": "2019-09-17",
        "commitResults": [
          {
            "hash": "9ba80707eadcefb356cd9239081e6930ac75f09c",
            "messageTitle": "Remove codacy badge",
            "messageBody": "",
            "insertions": 0,
            "deletions": 1
          }
        ]
      }
    ],
    "Yen-Peng": [],
    "SimNee": []
  },
  "authorFinalContributionMap": {
    "WilliamRyank": 2,
    "C-likethis123": 0,
    "TheRealRavager": 0,
    "Yen-Peng": 0,
    "SimNee": 0
  },
  "authorFileTypeContributionMap": {
    "WilliamRyank": {
      "docs": 2,
      "tests": 0,
      "functional": 0
    },
    "C-likethis123": {
      "docs": 0,
      "tests": 0,
      "functional": 0
    },
    "TheRealRavager": {
      "docs": 0,
      "tests": 0,
      "functional": 0
    },
    "Yen-Peng": {
      "docs": 0,
      "tests": 0,
      "functional": 0
    },
    "SimNee": {
      "docs": 0,
      "tests": 0,
      "functional": 0
    }
  },
  "authorContributionVariance": {
    "WilliamRyank": 1.7099998,
    "C-likethis123": 0.0,
    "TheRealRavager": 0.047499996,
    "Yen-Peng": 0.0,
    "SimNee": 0.0
  },
  "authorDisplayNameMap": {
    "WilliamRyank": "CS2103T-T13-1 WILLI ... SNADI",
    "C-likethis123": "CS2103T-T13-1 CHOW  ...  YING",
    "TheRealRavager": "CS2103T-T13-1 ISKAN ... HAINI",
    "Yen-Peng": "CS2103T-T13-1 YIP Y ...  PENG",
    "SimNee": "CS2103T-T13-1 CHUA  ... M NEE"
  }
}
