{
  "authorDailyContributionsMap": {
    "Kalsyc": [
      {
        "insertions": 230,
        "deletions": 230,
        "date": "2019-09-17",
        "commitResults": [
          {
            "hash": "20443156f7d5d38cb1ca2bb0e9e59b3182d7d036",
            "messageTitle": "Update User Guide",
            "messageBody": "",
            "insertions": 74,
            "deletions": 71
          },
          {
            "hash": "8cf162c228b9bc252c88317762f8cea9d7ccfd27",
            "messageTitle": "Edit User Guide",
            "messageBody": "",
            "insertions": 8,
            "deletions": 11
          },
          {
            "hash": "a30a837f2a7a51f2ca4fa87338cde0e46eb05360",
            "messageTitle": "Revert \"Finalise User Guide draft\"",
            "messageBody": "",
            "insertions": 74,
            "deletions": 74
          },
          {
            "hash": "6bca84b823bb563cbda0b03c7cebe34eea65274c",
            "messageTitle": "Revert \"Revert \"Finalise User Guide draft\"\"",
            "messageBody": "",
            "insertions": 74,
            "deletions": 74
          }
        ]
      },
      {
        "insertions": 21,
        "deletions": 15,
        "date": "2019-09-28",
        "commitResults": [
          {
            "hash": "0a6b84c0ab1729018e49d2e2a06a3676fb6379a5",
            "messageTitle": "Edit Add syntax (#15)",
            "messageBody": "* Fix Travis CI bug\r\n\r\n* Fix Travis CI bug\r\n\r\n* Revert \"Fix Travis CI bug\"\r\n\r\nThis reverts commit 31da40ace1939fedca612c5da34d6f6f08b2c06b.\r\n\r\n* Modify AddCommand and its parsing\r\n\r\n* Edit error message\r\n\r\n* Fix checkstyle error\r\n",
            "insertions": 21,
            "deletions": 15
          }
        ]
      },
      {
        "insertions": 183,
        "deletions": 20,
        "date": "2019-09-30",
        "commitResults": [
          {
            "hash": "e9c2b316854642c022c0a1e4795f2f777c1b9795",
            "messageTitle": "Add TagCommand and TagCommandParser outline",
            "messageBody": "",
            "insertions": 122,
            "deletions": 1
          },
          {
            "hash": "bf6af53866cbdedae41a56c62aea71e627cc317b",
            "messageTitle": "Implement working TagCommand",
            "messageBody": "",
            "insertions": 61,
            "deletions": 19
          }
        ]
      },
      {
        "insertions": 71,
        "deletions": 19,
        "date": "2019-10-01",
        "commitResults": [
          {
            "hash": "8bb97741265305467b9e730dbbbebd5e332e83fe",
            "messageTitle": "Fix JavaDocs and Checkstyle",
            "messageBody": "",
            "insertions": 42,
            "deletions": 14
          },
          {
            "hash": "131e8e4d29b63f4ea93a2df605fd310ef89d8b88",
            "messageTitle": "Edit UserGuide",
            "messageBody": "",
            "insertions": 29,
            "deletions": 5
          }
        ]
      },
      {
        "insertions": 60,
        "deletions": 17,
        "date": "2019-10-03",
        "commitResults": [
          {
            "hash": "17d897611aaf95c10f8f43ef1e6aa45b40d35c50",
            "messageTitle": "Edit DG for user stories, value proposition and target user profile (#31)",
            "messageBody": "* Add target user profile and value proposition\r\n\r\n* Edit add command in User Guide to include tags\r\n\r\n* Add high-priority and must-have user stories\r\n\r\n* Add lower priority user stories\r\n",
            "insertions": 60,
            "deletions": 17
          }
        ]
      }
    ],
    "liawsy": [
      {
        "insertions": 223,
        "deletions": 217,
        "date": "2019-09-26",
        "commitResults": [
          {
            "hash": "d4fcbdaf7e7d31e30235d00ab54bfb955590bd11",
            "messageTitle": "Add Add feature",
            "messageBody": "",
            "insertions": 53,
            "deletions": 35
          },
          {
            "hash": "97a8207794517843fbdcb0820bfdc687ffdea49a",
            "messageTitle": "Edit test cases for Add command",
            "messageBody": "",
            "insertions": 82,
            "deletions": 93
          },
          {
            "hash": "61e2dd96df6da5d898144e2242051de4fd6e3bec",
            "messageTitle": "Change import statements",
            "messageBody": "",
            "insertions": 17,
            "deletions": 4
          },
          {
            "hash": "6c0cef0784388399add40fc5703a59563a0c3473",
            "messageTitle": "Update test cases",
            "messageBody": "",
            "insertions": 69,
            "deletions": 84
          },
          {
            "hash": "dc6dd88f4c4d90bb76ed86c0f59c48bead6d7630",
            "messageTitle": "Change import statements",
            "messageBody": "",
            "insertions": 2,
            "deletions": 1
          }
        ]
      },
      {
        "insertions": 31,
        "deletions": 3,
        "date": "2019-10-03",
        "commitResults": [
          {
            "hash": "6aaad24790b98270409869f813f17f349b157c80",
            "messageTitle": "Update glossary of developer guide (#30)",
            "messageBody": "* Update glossary of developer guide\r\n\r\n* Add statement for NFRs in developer guide\r\n",
            "insertions": 31,
            "deletions": 3
          }
        ]
      }
    ],
    "febee99": [
      {
        "insertions": 2581,
        "deletions": 2631,
        "date": "2019-09-17",
        "commitResults": [
          {
            "hash": "f1dd0b58b4812a159d8b3fbe617ff2c2ab7f6268",
            "messageTitle": "Change Person to Item",
            "messageBody": "",
            "insertions": 2299,
            "deletions": 2582
          },
          {
            "hash": "a91b47c616a4b5a4f8ebaf22ccfd53b4d08cc1c8",
            "messageTitle": "Change Person to Item",
            "messageBody": "",
            "insertions": 47,
            "deletions": 0
          },
          {
            "hash": "4f7b7e1bdb84fb936bb407d7afb60501d6577240",
            "messageTitle": "Add sorting functionality",
            "messageBody": "",
            "insertions": 235,
            "deletions": 49
          }
        ]
      },
      {
        "insertions": 21,
        "deletions": 3,
        "date": "2019-09-20",
        "commitResults": [
          {
            "hash": "81956d3e6cafb95976433715346505547af08905",
            "messageTitle": "Add SortCommand to User guide",
            "messageBody": "",
            "insertions": 21,
            "deletions": 3
          }
        ]
      },
      {
        "insertions": 117,
        "deletions": 43,
        "date": "2019-10-01",
        "commitResults": [
          {
            "hash": "4fb76fbeb6ce7a214702953e9b71827af201f052",
            "messageTitle": "Update Sort Command, Developer Guide (NFRs), User Guide",
            "messageBody": "",
            "insertions": 117,
            "deletions": 43
          }
        ]
      },
      {
        "insertions": 121,
        "deletions": 118,
        "date": "2019-10-09",
        "commitResults": [
          {
            "hash": "9b29eb8b62485a8e85fb1641d2efaceb878af573",
            "messageTitle": "Auto-sort items by name",
            "messageBody": "",
            "insertions": 54,
            "deletions": 55
          },
          {
            "hash": "5815f28e8b2856615ae11255f349d7c8ed47b2df",
            "messageTitle": "Auto-sort items by name then date",
            "messageBody": "",
            "insertions": 5,
            "deletions": 1
          },
          {
            "hash": "674672fc1051e3a6a093924205f39cd22bea346b",
            "messageTitle": "Convert Person to Item for tests",
            "messageBody": "",
            "insertions": 62,
            "deletions": 62
          }
        ]
      },
      {
        "insertions": 48,
        "deletions": 49,
        "date": "2019-10-11",
        "commitResults": [
          {
            "hash": "6028c38143fee33a63a653f16b04381d15723539",
            "messageTitle": "Re-enable manual sorting by date",
            "messageBody": "",
            "insertions": 47,
            "deletions": 48
          },
          {
            "hash": "cd1d7cc6095342aed9ccf5d0a8f77dfa53b67210",
            "messageTitle": "Allow single-digit days and months in ExpiryDate",
            "messageBody": "",
            "insertions": 1,
            "deletions": 1
          }
        ]
      }
    ],
    "JermyTan": [
      {
        "insertions": 2,
        "deletions": 3,
        "date": "2019-09-10",
        "commitResults": [
          {
            "hash": "9e35d69b22d312d5b36d98b3ee77452165bd620d",
            "messageTitle": "Test commit",
            "messageBody": "",
            "insertions": 0,
            "deletions": 1
          },
          {
            "hash": "0c01a633f38f0bcff8e1b4a8713ea036a43bfad3",
            "messageTitle": "Update link to build status badge",
            "messageBody": "",
            "insertions": 2,
            "deletions": 1
          },
          {
            "hash": "a73ce8f7b983648f27d03bc53f26e6643fc7178e",
            "messageTitle": "Remove codacy badge",
            "messageBody": "",
            "insertions": 0,
            "deletions": 1
          }
        ]
      },
      {
        "insertions": 7,
        "deletions": 7,
        "date": "2019-09-11",
        "commitResults": [
          {
            "hash": "0fda083f00f0a98929d56a227bca6b2d7647a19d",
            "messageTitle": "Set up project website",
            "messageBody": "",
            "insertions": 7,
            "deletions": 7
          }
        ]
      },
      {
        "insertions": 2,
        "deletions": 135,
        "date": "2019-09-20",
        "commitResults": [
          {
            "hash": "d122b40e8425de8e870cf7b529eae3af83eca76d",
            "messageTitle": "Fix sample data format",
            "messageBody": "",
            "insertions": 2,
            "deletions": 2
          },
          {
            "hash": "52f86a355f325d788d6465a5c0ae52d56b09368f",
            "messageTitle": "Remove Address class",
            "messageBody": "",
            "insertions": 0,
            "deletions": 133
          }
        ]
      },
      {
        "insertions": 139,
        "deletions": 43,
        "date": "2019-09-21",
        "commitResults": [
          {
            "hash": "6ec7c9039bf4828ddfbcfe54716f9b8a8fc61a55",
            "messageTitle": "Add SetReminder and its parser class",
            "messageBody": "",
            "insertions": 98,
            "deletions": 1
          },
          {
            "hash": "7525881835d9140f767bdc549267802b992f31d0",
            "messageTitle": "Edit command-arguments format",
            "messageBody": "",
            "insertions": 41,
            "deletions": 42
          }
        ]
      },
      {
        "insertions": 355,
        "deletions": 43,
        "date": "2019-10-01",
        "commitResults": [
          {
            "hash": "7d9060208c494f49c2ebe136d31629531a01b808",
            "messageTitle": "Update About Us page",
            "messageBody": "",
            "insertions": 345,
            "deletions": 28
          },
          {
            "hash": "c4d0e88a43d7b33644deebebc763d6cecccac66f",
            "messageTitle": "Update Contact Us page",
            "messageBody": "",
            "insertions": 2,
            "deletions": 2
          },
          {
            "hash": "776555b19990f04bbc0800b09a14cea9fcc6ab34",
            "messageTitle": "Minor update to README",
            "messageBody": "",
            "insertions": 1,
            "deletions": 5
          },
          {
            "hash": "e81115dad88e42d4f8d52c926e4ea6f92cef3a55",
            "messageTitle": "Add homepage for febee and darren",
            "messageBody": "",
            "insertions": 7,
            "deletions": 8
          }
        ]
      },
      {
        "insertions": 160,
        "deletions": 21,
        "date": "2019-10-02",
        "commitResults": [
          {
            "hash": "b0dbeb95b526fa1f7bbdf5a41c2aca0e7106bf95",
            "messageTitle": "Update use cases and add product survey",
            "messageBody": "",
            "insertions": 159,
            "deletions": 18
          },
          {
            "hash": "ef759007796557cb207a743b0406283578ecef86",
            "messageTitle": "Remove seedu header",
            "messageBody": "",
            "insertions": 0,
            "deletions": 1
          },
          {
            "hash": "12076cd9796a44b01036a23e9a2ed0205edb1f4d",
            "messageTitle": "Remove LO from site header",
            "messageBody": "",
            "insertions": 1,
            "deletions": 1
          },
          {
            "hash": "c032477c6175886436b10f2df0c26554828709eb",
            "messageTitle": "Fix removal of seedu header",
            "messageBody": "",
            "insertions": 0,
            "deletions": 1
          }
        ]
      },
      {
        "insertions": 1153,
        "deletions": 1166,
        "date": "2019-10-03",
        "commitResults": [
          {
            "hash": "4730396e3fb0fba8ed7a0892953ecda00a80d5d1",
            "messageTitle": "Add landing page info",
            "messageBody": "",
            "insertions": 6,
            "deletions": 1
          },
          {
            "hash": "409cf77550a1b40dce0ff7c550a5a36fc6b2070e",
            "messageTitle": "Match filenames to github ids",
            "messageBody": "",
            "insertions": 15,
            "deletions": 15
          },
          {
            "hash": "8e03b8cd8b4d03051b76473c15d7891e6f285b10",
            "messageTitle": "Clean up commands",
            "messageBody": "",
            "insertions": 115,
            "deletions": 127
          },
          {
            "hash": "f9a75fb3cde2f6bda40dfb0f606aff85af16accb",
            "messageTitle": "Change package name",
            "messageBody": "",
            "insertions": 1017,
            "deletions": 1023
          }
        ]
      },
      {
        "insertions": 767,
        "deletions": 968,
        "date": "2019-10-04",
        "commitResults": [
          {
            "hash": "71f7e481ffb510800572002dbbad81992fa1bdbd",
            "messageTitle": "Update README and UG",
            "messageBody": "",
            "insertions": 14,
            "deletions": 15
          },
          {
            "hash": "7cb202c68848e446975c5ec16de9e77d7da7afcd",
            "messageTitle": "Cleanup commons/core",
            "messageBody": "",
            "insertions": 73,
            "deletions": 75
          },
          {
            "hash": "c536d1c4bcba27ffcadeca971124234eb2617645",
            "messageTitle": "Cleanup commons/util",
            "messageBody": "",
            "insertions": 10,
            "deletions": 16
          },
          {
            "hash": "c94de8b041d51d4e6f3382c3c13c908d5f68a72c",
            "messageTitle": "Cleanup storage",
            "messageBody": "",
            "insertions": 202,
            "deletions": 199
          },
          {
            "hash": "196ff4a45a0af0dd57f1182704c8d2745fff1149",
            "messageTitle": "Clean up model",
            "messageBody": "",
            "insertions": 320,
            "deletions": 581
          },
          {
            "hash": "28f4d1ef5a138c2756afe6c6804796d54d216339",
            "messageTitle": "Partial clean up",
            "messageBody": "",
            "insertions": 148,
            "deletions": 82
          }
        ]
      },
      {
        "insertions": 304,
        "deletions": 303,
        "date": "2019-10-05",
        "commitResults": [
          {
            "hash": "438e793723756fca97544e8a3105ce06328922f3",
            "messageTitle": "Clean up main and test",
            "messageBody": "",
            "insertions": 303,
            "deletions": 302
          },
          {
            "hash": "3bb2cd9ef31045e04be6c543f6467673ea93cfb1",
            "messageTitle": "Fix check command error",
            "messageBody": "",
            "insertions": 1,
            "deletions": 1
          }
        ]
      },
      {
        "insertions": 4,
        "deletions": 3,
        "date": "2019-10-10",
        "commitResults": [
          {
            "hash": "f465561d4a1dcb0f08a51f12642af16b698c5759",
            "messageTitle": "Fix date calculation",
            "messageBody": "",
            "insertions": 4,
            "deletions": 3
          }
        ]
      }
    ],
    "xiaoyu-nus": [
      {
        "insertions": 171,
        "deletions": 31,
        "date": "2019-09-23",
        "commitResults": [
          {
            "hash": "be89e15e33e30510da3c7e02331862b725c63876",
            "messageTitle": "Add Check",
            "messageBody": "",
            "insertions": 152,
            "deletions": 29
          },
          {
            "hash": "e05b1e7a9727ef1422c9da6207ab719a3f89e1d7",
            "messageTitle": "Update User Guide",
            "messageBody": "",
            "insertions": 19,
            "deletions": 2
          }
        ]
      },
      {
        "insertions": 263,
        "deletions": 42,
        "date": "2019-10-03",
        "commitResults": [
          {
            "hash": "c7b16c9c945d12f82bdf61f35cdf4fcf2193684f",
            "messageTitle": "Add check command stand-alone function",
            "messageBody": "",
            "insertions": 263,
            "deletions": 42
          }
        ]
      },
      {
        "insertions": 99,
        "deletions": 43,
        "date": "2019-10-08",
        "commitResults": [
          {
            "hash": "d9fc3786cfc852ab7105f92bbed1ed577da1ade1",
            "messageTitle": "Enable Reminder Exception Catch",
            "messageBody": "",
            "insertions": 39,
            "deletions": 6
          },
          {
            "hash": "3faa5bda3fbc83245c864f44a91fc89c2fac1144",
            "messageTitle": "Update Check Command User Guide",
            "messageBody": "",
            "insertions": 29,
            "deletions": 4
          },
          {
            "hash": "21b623d488e0ddff0e5130ac9a26d5a05d2ea17a",
            "messageTitle": "Update SetReminder Command User Guide",
            "messageBody": "",
            "insertions": 6,
            "deletions": 5
          },
          {
            "hash": "f5f8265c658ded56b31d68fd84ba908316d488f7",
            "messageTitle": "Refactor ui package",
            "messageBody": "",
            "insertions": 25,
            "deletions": 28
          }
        ]
      },
      {
        "insertions": 35,
        "deletions": 18,
        "date": "2019-10-09",
        "commitResults": [
          {
            "hash": "911c7bbb39883949c8791d877e5898f49e18055f",
            "messageTitle": "Fix missing argument exception",
            "messageBody": "",
            "insertions": 9,
            "deletions": 3
          },
          {
            "hash": "42c780baea41e5e54f740b2f001258bfbe264c2f",
            "messageTitle": "Update User Guide link",
            "messageBody": "",
            "insertions": 1,
            "deletions": 1
          },
          {
            "hash": "4c421355543b353f48b4e74dcc1e2749406aba5b",
            "messageTitle": "Modify User Guide",
            "messageBody": "",
            "insertions": 3,
            "deletions": 1
          },
          {
            "hash": "5a013534b3c6686aba7ad2688091f422b51dd426",
            "messageTitle": "Add User Guide guide",
            "messageBody": "",
            "insertions": 18,
            "deletions": 10
          },
          {
            "hash": "59803bbdb7e63b6058d3b6ebee691d1c9ec3ec41",
            "messageTitle": "Fix User Guide bugs",
            "messageBody": "",
            "insertions": 4,
            "deletions": 3
          }
        ]
      }
    ]
  },
  "authorFinalContributionMap": {
    "Kalsyc": 319,
    "liawsy": 94,
    "febee99": 1732,
    "JermyTan": 2359,
    "xiaoyu-nus": 331
  },
  "authorFileTypeContributionMap": {
    "Kalsyc": {
      "docs": 135,
      "tests": 5,
      "functional": 179
    },
    "liawsy": {
      "docs": 31,
      "tests": 31,
      "functional": 32
    },
    "febee99": {
      "docs": 83,
      "tests": 936,
      "functional": 713
    },
    "JermyTan": {
      "docs": 242,
      "tests": 730,
      "functional": 1384,
      "other": 3
    },
    "xiaoyu-nus": {
      "docs": 57,
      "tests": 24,
      "functional": 250
    }
  },
  "authorContributionVariance": {
    "Kalsyc": 6869.498,
    "liawsy": 5236.5273,
    "febee99": 731805.4,
    "JermyTan": 225925.31,
    "xiaoyu-nus": 3975.361
  },
  "authorDisplayNameMap": {
    "Kalsyc": "CS2103T-F11-2 SIM J ... ARREN",
    "liawsy": "CS2103T-F11-2 LIAW  ... W YEE",
    "febee99": "CS2103T-F11-2 PHOEB ... R HUI",
    "JermyTan": "CS2103T-F11-2 TAN K ... EREMY",
    "xiaoyu-nus": "CS2103T-F11-2 LIU X ... IAOYU"
  }
}
