{
  "authorDailyContributionsMap": {
    "jun-ha0": [
      {
        "insertions": 4,
        "deletions": 4,
        "date": "2019-10-01",
        "commitResults": [
          {
            "hash": "f7726b9a3dbe2e5228d9992817139d725ebe9f5b",
            "messageTitle": "Update AboutUs profile picture",
            "messageBody": "",
            "insertions": 4,
            "deletions": 4
          }
        ]
      },
      {
        "insertions": 2,
        "deletions": 2,
        "date": "2019-10-03",
        "commitResults": [
          {
            "hash": "930739211abe4b7fa68092033a7146325d58e7c4",
            "messageTitle": "Update documentation",
            "messageBody": "",
            "insertions": 1,
            "deletions": 1
          },
          {
            "hash": "836ef0af06bdb26d92f18850dcdd3c259b733d7f",
            "messageTitle": "Update profile picture",
            "messageBody": "",
            "insertions": 1,
            "deletions": 1
          }
        ]
      }
    ],
    "uggi121": [
      {
        "insertions": 7,
        "deletions": 7,
        "date": "2019-10-03",
        "commitResults": [
          {
            "hash": "476aa6ca34a7a186d71d14f919087344e2fe5278",
            "messageTitle": "Add docs",
            "messageBody": "",
            "insertions": 5,
            "deletions": 5
          },
          {
            "hash": "e42b3708128b33ae3a9829ceefa3a35af8f44e41",
            "messageTitle": "Update AboutUs.adoc",
            "messageBody": "",
            "insertions": 1,
            "deletions": 1
          },
          {
            "hash": "e9599bee5482990af81c205144842d4adbde3e1c",
            "messageTitle": "Update AboutUs.adoc",
            "messageBody": "",
            "insertions": 1,
            "deletions": 1
          }
        ]
      }
    ],
    "nordic96": [
      {
        "insertions": 73,
        "deletions": 15,
        "date": "2019-09-30",
        "commitResults": [
          {
            "hash": "482b693a5e50014bcd07fd03fb98fd14039575f8",
            "messageTitle": "adding about us and contact us ascii pages",
            "messageBody": "",
            "insertions": 4,
            "deletions": 4
          },
          {
            "hash": "ec1007d491cc2b14ce711e7bcf7fc2e4ce031f6c",
            "messageTitle": "updates UG and DG with updated use cases and features",
            "messageBody": "",
            "insertions": 69,
            "deletions": 11
          }
        ]
      },
      {
        "insertions": 4,
        "deletions": 4,
        "date": "2019-10-03",
        "commitResults": [
          {
            "hash": "7d1270b593a4626face09e8831f4a89aa102b9a8",
            "messageTitle": "replace profile picture from jpg to png and renaming responsibilities",
            "messageBody": "",
            "insertions": 3,
            "deletions": 3
          },
          {
            "hash": "d85cf5533f94766efe8fbc54344fb8ab0933444b",
            "messageTitle": "replace image file to github account name",
            "messageBody": "",
            "insertions": 1,
            "deletions": 1
          }
        ]
      }
    ],
    "brebeek": [
      {
        "insertions": 4,
        "deletions": 4,
        "date": "2019-10-02",
        "commitResults": [
          {
            "hash": "9a5d676b8d4bd8dd67a877d8418d11353a6a8193",
            "messageTitle": "Update About Us for Yuchen",
            "messageBody": "",
            "insertions": 4,
            "deletions": 4
          }
        ]
      },
      {
        "insertions": 3,
        "deletions": 3,
        "date": "2019-10-03",
        "commitResults": [
          {
            "hash": "56db3038522292dbdb7961e99b99dd54c306935e",
            "messageTitle": "Update AboutUs.adoc",
            "messageBody": "",
            "insertions": 1,
            "deletions": 1
          },
          {
            "hash": "a0e86975c4fe77461e83754a2446f182cc023062",
            "messageTitle": "Fix about us",
            "messageBody": "",
            "insertions": 1,
            "deletions": 1
          },
          {
            "hash": "0a340c036a10a76f1b278873518ee81cd29d5e35",
            "messageTitle": "Update AboutUs.adoc",
            "messageBody": "",
            "insertions": 1,
            "deletions": 1
          }
        ]
      }
    ],
    "lyskevin": [
      {
        "insertions": 1,
        "deletions": 3,
        "date": "2019-09-17",
        "commitResults": [
          {
            "hash": "f95c255b954f022d2950754d86833c188427fb0f",
            "messageTitle": "Update Build Status badge",
            "messageBody": "",
            "insertions": 1,
            "deletions": 2
          },
          {
            "hash": "b03fc5ee84296fad1edd3bfa554878fc3260bef8",
            "messageTitle": "Remove Codacy Badge from README",
            "messageBody": "",
            "insertions": 0,
            "deletions": 1
          }
        ]
      },
      {
        "insertions": 8,
        "deletions": 7,
        "date": "2019-10-02",
        "commitResults": [
          {
            "hash": "f42c21d6ba65e49fde4506543557731b16161eef",
            "messageTitle": "Update About Us page for Kevin",
            "messageBody": "",
            "insertions": 4,
            "deletions": 3
          },
          {
            "hash": "e529da798cd9fec3df986619fa810f45648e5377",
            "messageTitle": "Update image link for Kevin in the About Us document",
            "messageBody": "",
            "insertions": 2,
            "deletions": 2
          },
          {
            "hash": "f3ab38b34f3dd52a6770fa59aaada06d301d9764",
            "messageTitle": "Update Contact Us page",
            "messageBody": "",
            "insertions": 2,
            "deletions": 2
          }
        ]
      },
      {
        "insertions": 93,
        "deletions": 297,
        "date": "2019-10-03",
        "commitResults": [
          {
            "hash": "c64f4d3829a24683d242013b74368f87c541fcd4",
            "messageTitle": "Update user guide",
            "messageBody": "",
            "insertions": 87,
            "deletions": 73
          },
          {
            "hash": "9e59b086584d7fe4878ab0bd1a9537fa96b4723b",
            "messageTitle": "Fix typo in user guide",
            "messageBody": "",
            "insertions": 1,
            "deletions": 1
          },
          {
            "hash": "99e90d72c8feabda2997aabf322f50014e72e6a5",
            "messageTitle": "Update README.adoc and Ui.png",
            "messageBody": "",
            "insertions": 5,
            "deletions": 223
          }
        ]
      }
    ]
  },
  "authorFinalContributionMap": {
    "jun-ha0": 4,
    "uggi121": 4,
    "nordic96": 65,
    "brebeek": 4,
    "lyskevin": 100
  },
  "authorFileTypeContributionMap": {
    "jun-ha0": {
      "docs": 4,
      "tests": 0,
      "functional": 0
    },
    "uggi121": {
      "docs": 4,
      "tests": 0,
      "functional": 0
    },
    "nordic96": {
      "docs": 65,
      "tests": 0,
      "functional": 0
    },
    "brebeek": {
      "docs": 4,
      "tests": 0,
      "functional": 0
    },
    "lyskevin": {
      "docs": 100,
      "tests": 0,
      "functional": 0
    }
  },
  "authorContributionVariance": {
    "jun-ha0": 2.6734695,
    "uggi121": 6.75,
    "nordic96": 267.10202,
    "brebeek": 3.3214285,
    "lyskevin": 5227.3813
  },
  "authorDisplayNameMap": {
    "jun-ha0": "CS2103T-F14-3 NG JU ... N HAO",
    "uggi121": "CS2103T-F14-3 SUDHA ... HAVAN",
    "nordic96": "CS2103T-F14-3 KO GI ... I HUN",
    "brebeek": "CS2103T-F14-3 HU YU ... UCHEN",
    "lyskevin": "CS2103T-F14-3 LIM Y ... KEVIN"
  }
}
