{
  "authorDailyContributionsMap": {
    "Q-gabe": [],
    "ReignOfComputer": [],
    "Wingedevil": [],
    "SQwQ": [],
    "gachia": [
      {
        "insertions": 1,
        "deletions": 1,
        "date": "2019-09-17",
        "commitResults": [
          {
            "hash": "e00027858dbf9b8d3c73ed1f7371c040b2a95bd8",
            "messageTitle": "For Pull Request",
            "messageBody": "Made change so that it\u0027s possible to do a PR to original repo\n",
            "insertions": 1,
            "deletions": 1
          }
        ]
      }
    ]
  },
  "authorFinalContributionMap": {
    "Q-gabe": 0,
    "ReignOfComputer": 0,
    "Wingedevil": 0,
    "SQwQ": 0,
    "gachia": 0
  },
  "authorFileTypeContributionMap": {
    "Q-gabe": {
      "java": 0,
      "adoc": 0,
      "fxml": 0,
      "sh": 0,
      "bat": 0,
      "gradle": 0,
      "txt": 0
    },
    "ReignOfComputer": {
      "java": 0,
      "adoc": 0,
      "fxml": 0,
      "sh": 0,
      "bat": 0,
      "gradle": 0,
      "txt": 0
    },
    "Wingedevil": {
      "java": 0,
      "adoc": 0,
      "fxml": 0,
      "sh": 0,
      "bat": 0,
      "gradle": 0,
      "txt": 0
    },
    "SQwQ": {
      "java": 0,
      "adoc": 0,
      "fxml": 0,
      "sh": 0,
      "bat": 0,
      "gradle": 0,
      "txt": 0
    },
    "gachia": {
      "java": 0,
      "adoc": 0,
      "fxml": 0,
      "sh": 0,
      "bat": 0,
      "gradle": 0,
      "txt": 0
    }
  },
  "authorContributionVariance": {
    "Q-gabe": 0.0,
    "ReignOfComputer": 0.0,
    "Wingedevil": 0.0,
    "SQwQ": 0.0,
    "gachia": 0.30555555
  },
  "authorDisplayNameMap": {
    "Q-gabe": "CS2103T-F12-2 GABRI ... N XIN",
    "ReignOfComputer": "CS2103T-F12-2 JASON ... G KAY",
    "Wingedevil": "CS2103T-F12-2 JERRO ... YU YI",
    "SQwQ": "CS2103T-F12-2 ZHENG ... IQIAO",
    "gachia": "CS2103T-F12-2 GABRI ... ENHAO"
  }
}
