{
  "authorDailyContributionsMap": {
    "gabrielchao": [],
    "cheongsiuhong": [],
    "sandydays": [],
    "crazoter": [
      {
        "insertions": 0,
        "deletions": 2,
        "date": "2019-09-11",
        "commitResults": [
          {
            "hash": "a602f9d96a30475d3679af6b764ade6b58652d76",
            "messageTitle": "Remove Codacy badge from README",
            "messageBody": "",
            "insertions": 0,
            "deletions": 2
          }
        ]
      }
    ],
    "francislow": [
      {
        "insertions": 0,
        "deletions": 0,
        "date": "2019-09-11",
        "commitResults": [
          {
            "hash": "a10b0fb8314cdd1b744b7bc0bb1c65f25f239c8d",
            "messageTitle": "Add testfile",
            "messageBody": "",
            "insertions": 0,
            "deletions": 0
          }
        ]
      },
      {
        "insertions": 0,
        "deletions": 0,
        "date": "2019-09-12",
        "commitResults": [
          {
            "hash": "915f8113684424e1ba76754be3c97503bfbd22f4",
            "messageTitle": "Add travis.yml",
            "messageBody": "",
            "insertions": 0,
            "deletions": 0
          }
        ]
      }
    ]
  },
  "authorFinalContributionMap": {
    "gabrielchao": 0,
    "cheongsiuhong": 0,
    "sandydays": 0,
    "crazoter": 0,
    "francislow": 0
  },
  "authorFileTypeContributionMap": {
    "gabrielchao": {
      "java": 0,
      "adoc": 0,
      "fxml": 0,
      "sh": 0,
      "bat": 0,
      "gradle": 0,
      "txt": 0
    },
    "cheongsiuhong": {
      "java": 0,
      "adoc": 0,
      "fxml": 0,
      "sh": 0,
      "bat": 0,
      "gradle": 0,
      "txt": 0
    },
    "sandydays": {
      "java": 0,
      "adoc": 0,
      "fxml": 0,
      "sh": 0,
      "bat": 0,
      "gradle": 0,
      "txt": 0
    },
    "crazoter": {
      "java": 0,
      "adoc": 0,
      "fxml": 0,
      "sh": 0,
      "bat": 0,
      "gradle": 0,
      "txt": 0
    },
    "francislow": {
      "java": 0,
      "adoc": 0,
      "fxml": 0,
      "sh": 0,
      "bat": 0,
      "gradle": 0,
      "txt": 0
    }
  },
  "authorContributionVariance": {
    "gabrielchao": 0.0,
    "cheongsiuhong": 0.0,
    "sandydays": 0.0,
    "crazoter": 0.48979592,
    "francislow": 0.0
  },
  "authorDisplayNameMap": {
    "gabrielchao": "CS2103-F10-1 CHAO  ... BRIEL",
    "cheongsiuhong": "CS2103-F10-1 CHEON ...  HONG",
    "sandydays": "CS2103-F10-1 RAMAC ... NDHYA",
    "crazoter": "CS2103-F10-1 LEE W ... TTHEW",
    "francislow": "CS2103-F10-1 LOW S ... ANCIS"
  }
}
