{
  "authorDailyContributionsMap": {
    "gabrielchao": [
      {
        "insertions": 59,
        "deletions": 51,
        "date": "2019-09-30",
        "commitResults": [
          {
            "hash": "9c8ab16fbed5002c058c5f28b5f4d243ab0a003f",
            "messageTitle": "User Guide changes",
            "messageBody": "",
            "insertions": 59,
            "deletions": 51
          }
        ]
      },
      {
        "insertions": 3,
        "deletions": 1,
        "date": "2019-10-01",
        "commitResults": [
          {
            "hash": "3897fdba8284a59409d2eabb4ae414b1310429bf",
            "messageTitle": "Add example for UG 4.4 \u0027medcon add\u0027",
            "messageBody": "",
            "insertions": 3,
            "deletions": 1
          }
        ]
      },
      {
        "insertions": 79,
        "deletions": 0,
        "date": "2019-10-09",
        "commitResults": [
          {
            "hash": "ee5b088a9fe971589faf73eb4602302234c099ee",
            "messageTitle": "Add CopyUtil to do deep copying",
            "messageBody": "",
            "insertions": 79,
            "deletions": 0
          }
        ]
      },
      {
        "insertions": 13,
        "deletions": 4,
        "date": "2019-10-10",
        "commitResults": [
          {
            "hash": "b7ac1a53aba702c2d0e5a3d925c5a4a18bec8184",
            "messageTitle": "Add MutatorCommand",
            "messageBody": "",
            "insertions": 13,
            "deletions": 4
          }
        ]
      }
    ],
    "cheongsiuhong": [
      {
        "insertions": 18,
        "deletions": 12,
        "date": "2019-09-29",
        "commitResults": [
          {
            "hash": "dc7e0a37fc6e9fa252bf7b15be5830a502cccb38",
            "messageTitle": "update ui.png, travis badge in README",
            "messageBody": "",
            "insertions": 2,
            "deletions": 4
          },
          {
            "hash": "426b3d55b7b6cbb2964349f315b6a3009debf07e",
            "messageTitle": "update README",
            "messageBody": "",
            "insertions": 16,
            "deletions": 8
          }
        ]
      }
    ],
    "sandydays": [
      {
        "insertions": 362,
        "deletions": 66,
        "date": "2019-09-29",
        "commitResults": [
          {
            "hash": "f469783254b22ccfba99c939bd349ec22162aa95",
            "messageTitle": "Update ContactUs and AboutUs pages",
            "messageBody": "",
            "insertions": 315,
            "deletions": 28
          },
          {
            "hash": "234dda444d9f09b1ee74369447923c7e25da20e5",
            "messageTitle": "Update project name. Fixes pr #38.",
            "messageBody": "",
            "insertions": 1,
            "deletions": 1
          },
          {
            "hash": "20d37cb641562d2465e5d1695b69a68b5ea10f55",
            "messageTitle": "Changes to ug",
            "messageBody": "",
            "insertions": 46,
            "deletions": 37
          }
        ]
      }
    ],
    "crazoter": [
      {
        "insertions": 0,
        "deletions": 2,
        "date": "2019-09-11",
        "commitResults": [
          {
            "hash": "a602f9d96a30475d3679af6b764ade6b58652d76",
            "messageTitle": "Remove Codacy badge from README",
            "messageBody": "",
            "insertions": 0,
            "deletions": 2
          }
        ]
      },
      {
        "insertions": 1289,
        "deletions": 118,
        "date": "2019-09-27",
        "commitResults": [
          {
            "hash": "13b7b1b9b8d00308ac0510d2d173cc9241e09d74",
            "messageTitle": "Update User Guide",
            "messageBody": "",
            "insertions": 1251,
            "deletions": 80
          },
          {
            "hash": "c4881f7422d81baa372b8086b0b82a60ff972f58",
            "messageTitle": "Update User Guide to make it suitable for checkstyle.",
            "messageBody": "",
            "insertions": 38,
            "deletions": 38
          }
        ]
      }
    ],
    "francislow": [
      {
        "insertions": 0,
        "deletions": 0,
        "date": "2019-09-11",
        "commitResults": [
          {
            "hash": "a10b0fb8314cdd1b744b7bc0bb1c65f25f239c8d",
            "messageTitle": "Add testfile",
            "messageBody": "",
            "insertions": 0,
            "deletions": 0
          }
        ]
      },
      {
        "insertions": 0,
        "deletions": 0,
        "date": "2019-09-12",
        "commitResults": [
          {
            "hash": "915f8113684424e1ba76754be3c97503bfbd22f4",
            "messageTitle": "Add travis.yml",
            "messageBody": "",
            "insertions": 0,
            "deletions": 0
          }
        ]
      },
      {
        "insertions": 178,
        "deletions": 23,
        "date": "2019-10-01",
        "commitResults": [
          {
            "hash": "f37cc32facb1f331348a3c56d0fdb7cb28bbbac3",
            "messageTitle": "Update dg (appendix A-E)",
            "messageBody": "",
            "insertions": 178,
            "deletions": 23
          }
        ]
      },
      {
        "insertions": 1,
        "deletions": 1,
        "date": "2019-10-02",
        "commitResults": [
          {
            "hash": "23eb758a2fc985fb2896914ec169a04937b55c77",
            "messageTitle": "Update dg - fixed typo",
            "messageBody": "",
            "insertions": 1,
            "deletions": 1
          }
        ]
      }
    ]
  },
  "authorFinalContributionMap": {
    "gabrielchao": 153,
    "cheongsiuhong": 18,
    "sandydays": 67,
    "crazoter": 1176,
    "francislow": 178
  },
  "authorFileTypeContributionMap": {
    "gabrielchao": {
      "docs": 61,
      "tests": 34,
      "functional": 58
    },
    "cheongsiuhong": {
      "docs": 18,
      "tests": 0,
      "functional": 0
    },
    "sandydays": {
      "docs": 67,
      "tests": 0,
      "functional": 0
    },
    "crazoter": {
      "docs": 1176,
      "tests": 0,
      "functional": 0
    },
    "francislow": {
      "docs": 178,
      "tests": 0,
      "functional": 0
    }
  },
  "authorContributionVariance": {
    "gabrielchao": 496.74286,
    "cheongsiuhong": 24.979586,
    "sandydays": 5084.2886,
    "crazoter": 54940.875,
    "francislow": 1120.7887
  },
  "authorDisplayNameMap": {
    "gabrielchao": "CS2103-F10-1 CHAO  ... BRIEL",
    "cheongsiuhong": "CS2103-F10-1 CHEON ...  HONG",
    "sandydays": "CS2103-F10-1 RAMAC ... NDHYA",
    "crazoter": "CS2103-F10-1 LEE W ... TTHEW",
    "francislow": "CS2103-F10-1 LOW S ... ANCIS"
  }
}
