{
  "authorDailyContributionsMap": {
    "sreesubbash": [
      {
        "insertions": 0,
        "deletions": 1,
        "date": "2019-09-29",
        "commitResults": [
          {
            "hash": "cbab9057bdffcba860f1dba5eb35d2a44caa131c",
            "messageTitle": "Remove appveyor build status from readme",
            "messageBody": "",
            "insertions": 0,
            "deletions": 1
          }
        ]
      }
    ],
    "dragontho": [],
    "jascxx": [
      {
        "insertions": 8,
        "deletions": 3,
        "date": "2019-09-29",
        "commitResults": [
          {
            "hash": "3d903a10aeb314025845a9571774fd19defbc73e",
            "messageTitle": "Add link to github issue page and developers\u0027 emails",
            "messageBody": "",
            "insertions": 7,
            "deletions": 2
          },
          {
            "hash": "b17b1f836aa521bff5ab6bfe9cea9889f6261313",
            "messageTitle": "Fix style",
            "messageBody": "",
            "insertions": 1,
            "deletions": 1
          }
        ]
      }
    ],
    "chrischenhui": [
      {
        "insertions": 54,
        "deletions": 11,
        "date": "2019-09-29",
        "commitResults": [
          {
            "hash": "24b9dbfd54b979270dbf3dd06fec237d6aac9193",
            "messageTitle": "Update Developer Guide",
            "messageBody": "",
            "insertions": 54,
            "deletions": 11
          }
        ]
      }
    ],
    "kohyida1997": [
      {
        "insertions": 80,
        "deletions": 64,
        "date": "2019-09-29",
        "commitResults": [
          {
            "hash": "a6c01d914dc6fbc925db8ae4d97c1ddd00d3f3b3",
            "messageTitle": "Updated AboutUs.adoc and photos of team members",
            "messageBody": "",
            "insertions": 31,
            "deletions": 24
          },
          {
            "hash": "3ddb963b4a5df2e10885bf80b253cbb4d57596ee",
            "messageTitle": "Made minor changes to AboutUs.adoc",
            "messageBody": "",
            "insertions": 1,
            "deletions": 1
          },
          {
            "hash": "0e2fae555453f62df24a043f318bf0173989699a",
            "messageTitle": "Update link to \u0027build status\u0027 badge in README.adoc",
            "messageBody": "Updated Travis CI Badge link and Coveralls.io Badge link",
            "insertions": 2,
            "deletions": 2
          },
          {
            "hash": "ce9bd14f4747f7dace3ac76fd6e201ec5f56f036",
            "messageTitle": "Updated AboutUs.adoc and photos of team members",
            "messageBody": "",
            "insertions": 31,
            "deletions": 24
          },
          {
            "hash": "6765eff3c8c18d0613c58c4a810df351bff4a664",
            "messageTitle": "Made minor changes to AboutUs.adoc",
            "messageBody": "",
            "insertions": 1,
            "deletions": 1
          },
          {
            "hash": "a2080c879f1ca93489625da9253889ec06659a16",
            "messageTitle": "Update link to \u0027build status\u0027 badge in README.adoc",
            "messageBody": "Updated Travis CI Badge link and Coveralls.io Badge link",
            "insertions": 2,
            "deletions": 2
          },
          {
            "hash": "b2747b158c37500c5a409c73147643779758e3fe",
            "messageTitle": "Updated README.adoc and UI mockup to match the Dukemon Product",
            "messageBody": "",
            "insertions": 10,
            "deletions": 7
          },
          {
            "hash": "be7b0cbb1d6197684d181c543ef79d3cdca6612b",
            "messageTitle": "Fixed trailing whitespaces in README.adoc",
            "messageBody": "",
            "insertions": 2,
            "deletions": 2
          },
          {
            "hash": "83c543617da5a70efd5fd9bf4a5dbc505fdb95cf",
            "messageTitle": "Removed AppVeyor Badge from README.adoc",
            "messageBody": "",
            "insertions": 0,
            "deletions": 1
          }
        ]
      }
    ]
  },
  "authorFinalContributionMap": {
    "sreesubbash": 0,
    "dragontho": 0,
    "jascxx": 7,
    "chrischenhui": 54,
    "kohyida1997": 43
  },
  "authorFileTypeContributionMap": {
    "sreesubbash": {
      "docs": 0,
      "tests": 0,
      "functional": 0
    },
    "dragontho": {
      "docs": 0,
      "tests": 0,
      "functional": 0
    },
    "jascxx": {
      "docs": 7,
      "tests": 0,
      "functional": 0
    },
    "chrischenhui": {
      "docs": 54,
      "tests": 0,
      "functional": 0
    },
    "kohyida1997": {
      "docs": 43,
      "tests": 0,
      "functional": 0
    }
  },
  "authorContributionVariance": {
    "sreesubbash": 0.039930556,
    "dragontho": 0.0,
    "jascxx": 4.831598,
    "chrischenhui": 168.7066,
    "kohyida1997": 828.0
  },
  "authorDisplayNameMap": {
    "sreesubbash": "CS2103T-T11-2 L.V.S ... BBASH",
    "dragontho": "CS2103T-T11-2 THO W ...  PAUL",
    "jascxx": "CS2103T-T11-2 JASON ... CITRO",
    "chrischenhui": "CS2103T-T11-2 CHEN  ... N HUI",
    "kohyida1997": "CS2103T-T11-2 KOH Y ... YI DA"
  }
}
