{
  "authorDailyContributionsMap": {
    "ngswbryan": [
      {
        "insertions": 26,
        "deletions": 8,
        "date": "2019-10-01",
        "commitResults": [
          {
            "hash": "d0e1f6a600a79c13fa72a4c0acf11b4d87ef7711",
            "messageTitle": "Update README.adoc",
            "messageBody": "",
            "insertions": 0,
            "deletions": 3
          },
          {
            "hash": "7ed6920e0af10368fe40869b2275f4baf62a09b7",
            "messageTitle": "Update README.adoc",
            "messageBody": "",
            "insertions": 1,
            "deletions": 1
          },
          {
            "hash": "b2a229b5bc7482723a7391a8a802a2ac3a8586ba",
            "messageTitle": "Update README.adoc",
            "messageBody": "",
            "insertions": 25,
            "deletions": 4
          }
        ]
      },
      {
        "insertions": 27,
        "deletions": 10,
        "date": "2019-10-02",
        "commitResults": [
          {
            "hash": "f7e40621c34e11e6889b421c86fe4771ee617459",
            "messageTitle": "updated readme for TutorAid",
            "messageBody": "",
            "insertions": 27,
            "deletions": 10
          }
        ]
      },
      {
        "insertions": 0,
        "deletions": 4,
        "date": "2019-10-03",
        "commitResults": [
          {
            "hash": "1b744f38e69f18585cf6176e5c62a3c46fb9f3aa",
            "messageTitle": "Update README.adoc",
            "messageBody": "",
            "insertions": 0,
            "deletions": 4
          }
        ]
      },
      {
        "insertions": 5,
        "deletions": 1,
        "date": "2019-10-04",
        "commitResults": [
          {
            "hash": "d18ccf6ceeb27f8231cef82be0fd6d9f96e835b7",
            "messageTitle": "updated README to display UI on website",
            "messageBody": "",
            "insertions": 5,
            "deletions": 1
          }
        ]
      }
    ],
    "TeoShyanJie": [
      {
        "insertions": 1,
        "deletions": 2,
        "date": "2019-09-25",
        "commitResults": [
          {
            "hash": "d115af8dbe50cab3f323f1fb4b4c4b0bb6c9bc41",
            "messageTitle": "project setup test",
            "messageBody": "",
            "insertions": 1,
            "deletions": 1
          },
          {
            "hash": "de25adb201eff15eb361284d6459d85ad4f8f4e5",
            "messageTitle": "Remove Codacy from README",
            "messageBody": "",
            "insertions": 0,
            "deletions": 1
          }
        ]
      },
      {
        "insertions": 1,
        "deletions": 1,
        "date": "2019-09-27",
        "commitResults": [
          {
            "hash": "f75c013b483dc968b86e1972358cffab5f780bde",
            "messageTitle": "Change statement in readme",
            "messageBody": "",
            "insertions": 1,
            "deletions": 1
          }
        ]
      },
      {
        "insertions": 242,
        "deletions": 561,
        "date": "2019-10-03",
        "commitResults": [
          {
            "hash": "6c401793d18afd09acf08845d9fb56270bf1f9ea",
            "messageTitle": "Add Teammates Photos",
            "messageBody": "",
            "insertions": 5,
            "deletions": 6
          },
          {
            "hash": "22b1c166781558502c11075f355b046bb3d72140",
            "messageTitle": "Revert \"Added UI\"",
            "messageBody": "",
            "insertions": 186,
            "deletions": 513
          },
          {
            "hash": "fa6055495817884441c641fdc3fde024582a5e3a",
            "messageTitle": "Add Ui.png (Kerwin)",
            "messageBody": "",
            "insertions": 1,
            "deletions": 1
          },
          {
            "hash": "2883804b082640e3ff1b6e2ae191a6c6b0928f21",
            "messageTitle": "Adding link to image",
            "messageBody": "",
            "insertions": 14,
            "deletions": 13
          },
          {
            "hash": "7afbe157ea1db886ac5d9889b516a5db7190fc3b",
            "messageTitle": "Implement About Us page",
            "messageBody": "",
            "insertions": 17,
            "deletions": 16
          },
          {
            "hash": "d25e01979211d9c99dbf6f3ed838bd3ded5e1a29",
            "messageTitle": "Implement Contact Us Page",
            "messageBody": "",
            "insertions": 10,
            "deletions": 3
          },
          {
            "hash": "bb8f88839d0e162930a638e82eaf3b930920832e",
            "messageTitle": "Solve CheckStyle EOF error",
            "messageBody": "",
            "insertions": 1,
            "deletions": 1
          },
          {
            "hash": "7f7d8bd36db7e7186032cc91b39780eeb2aced95",
            "messageTitle": "Changing Image Name",
            "messageBody": "",
            "insertions": 5,
            "deletions": 5
          },
          {
            "hash": "559c906847acef96b6c39d1cb0dd6b10d05394f4",
            "messageTitle": "Image naming correction",
            "messageBody": "",
            "insertions": 3,
            "deletions": 3
          }
        ]
      },
      {
        "insertions": 3,
        "deletions": 3,
        "date": "2019-10-04",
        "commitResults": [
          {
            "hash": "02ece3b0891ba38abe3b58e8e4d6cc4f0ee35a2e",
            "messageTitle": "Rename image and change image extension",
            "messageBody": "",
            "insertions": 3,
            "deletions": 3
          }
        ]
      }
    ],
    "Xuerneas": [
      {
        "insertions": 21,
        "deletions": 17,
        "date": "2019-10-03",
        "commitResults": [
          {
            "hash": "28bf88ff53b3900c45fc4c8fec20134abc26628e",
            "messageTitle": "DG-draft1",
            "messageBody": "",
            "insertions": 21,
            "deletions": 17
          }
        ]
      }
    ],
    "caesarpjz": [
      {
        "insertions": 2,
        "deletions": 2,
        "date": "2019-09-27",
        "commitResults": [
          {
            "hash": "17a76569e9565373e33f76be35c9e6df59077800",
            "messageTitle": "Added a space to try out Travis CI.",
            "messageBody": "",
            "insertions": 1,
            "deletions": 1
          },
          {
            "hash": "676aa0985c4fd75f8f6d823d6a32299571788297",
            "messageTitle": "Deleted whitespace.",
            "messageBody": "",
            "insertions": 1,
            "deletions": 1
          }
        ]
      },
      {
        "insertions": 30,
        "deletions": 17,
        "date": "2019-10-01",
        "commitResults": [
          {
            "hash": "317f56decacd0840241d62137528c03899f2f516",
            "messageTitle": "Removed codacy badge",
            "messageBody": "",
            "insertions": 0,
            "deletions": 1
          },
          {
            "hash": "2e356852d002b4c5d07a53d1ab4265ea1d02143a",
            "messageTitle": "Added acknowledgement to source of code.",
            "messageBody": "",
            "insertions": 28,
            "deletions": 15
          },
          {
            "hash": "9e92328a81182f5c93fc936cb97fc738ca672d27",
            "messageTitle": "Added EOF at README",
            "messageBody": "",
            "insertions": 2,
            "deletions": 1
          }
        ]
      },
      {
        "insertions": 12,
        "deletions": 9,
        "date": "2019-10-03",
        "commitResults": [
          {
            "hash": "c42b930bbbf2de7935c87b5fd1cabddfb684df68",
            "messageTitle": "Added some changes to the user guide doc. Will do more later.",
            "messageBody": "",
            "insertions": 9,
            "deletions": 8
          },
          {
            "hash": "8dc374c454f210e630d094a1803020e9a8d3c12b",
            "messageTitle": "Added Ui.png to README",
            "messageBody": "",
            "insertions": 3,
            "deletions": 1
          }
        ]
      },
      {
        "insertions": 7,
        "deletions": 23,
        "date": "2019-10-04",
        "commitResults": [
          {
            "hash": "43be3171d054f686af237875e5d3f3a62a9ca7ff",
            "messageTitle": "Edits to README.",
            "messageBody": "",
            "insertions": 2,
            "deletions": 22
          },
          {
            "hash": "277d6e0b1ff5cf563dea67c299d5eb98711430f7",
            "messageTitle": "Changes to README",
            "messageBody": "",
            "insertions": 5,
            "deletions": 1
          }
        ]
      }
    ],
    "kerwin97": [
      {
        "insertions": 4,
        "deletions": 4,
        "date": "2019-09-24",
        "commitResults": [
          {
            "hash": "dba3cd0e523b58a3d875bdfa3da1739116a1196d",
            "messageTitle": "Setting up Project",
            "messageBody": "",
            "insertions": 4,
            "deletions": 4
          }
        ]
      },
      {
        "insertions": 33,
        "deletions": 129,
        "date": "2019-09-28",
        "commitResults": [
          {
            "hash": "7e0d01ad50f2fa72df16a2c60e1d3ea7ee05952e",
            "messageTitle": "Tutorial-removing-field removed address and Address fields",
            "messageBody": "",
            "insertions": 13,
            "deletions": 48
          },
          {
            "hash": "5f3af8db33a8cf43587d546d6cd8be61112fb2a7",
            "messageTitle": "debugged tests",
            "messageBody": "",
            "insertions": 19,
            "deletions": 66
          },
          {
            "hash": "53480ca6e1398ab05d13e45eb74e3f6a85c71d85",
            "messageTitle": "testing-removing-field removed all address fields",
            "messageBody": "",
            "insertions": 0,
            "deletions": 1
          },
          {
            "hash": "7f232b7fcbfa077305314c59c7ada06976353cab",
            "messageTitle": "tutorial-removing-field",
            "messageBody": "",
            "insertions": 1,
            "deletions": 14
          }
        ]
      },
      {
        "insertions": 532,
        "deletions": 109,
        "date": "2019-09-29",
        "commitResults": [
          {
            "hash": "9b9ce2e98911b28cd1d034e98509064a62fc8051",
            "messageTitle": "Added Remark Command",
            "messageBody": "",
            "insertions": 454,
            "deletions": 34
          },
          {
            "hash": "a2d91ee84d4858336a98aaa0f1db584a309b53c8",
            "messageTitle": "fixed bugs",
            "messageBody": "",
            "insertions": 56,
            "deletions": 44
          },
          {
            "hash": "a597b896f23b479fc27c95dcec7edf6cf76c7945",
            "messageTitle": "tutorial-adding-command",
            "messageBody": "",
            "insertions": 22,
            "deletions": 31
          }
        ]
      }
    ]
  },
  "authorFinalContributionMap": {
    "ngswbryan": 24,
    "TeoShyanJie": 39,
    "Xuerneas": 21,
    "caesarpjz": 10,
    "kerwin97": 0
  },
  "authorFileTypeContributionMap": {
    "ngswbryan": {
      "docs": 24,
      "tests": 0,
      "functional": 0
    },
    "TeoShyanJie": {
      "docs": 39,
      "tests": 0,
      "functional": 0
    },
    "Xuerneas": {
      "docs": 21,
      "tests": 0,
      "functional": 0
    },
    "caesarpjz": {
      "docs": 10,
      "tests": 0,
      "functional": 0
    },
    "kerwin97": {
      "docs": 0,
      "tests": 0,
      "functional": 0
    }
  },
  "authorContributionVariance": {
    "ngswbryan": 81.06064,
    "TeoShyanJie": 21448.617,
    "Xuerneas": 48.0761,
    "caesarpjz": 110.59453,
    "kerwin97": 14293.412
  },
  "authorDisplayNameMap": {
    "ngswbryan": "CS2103T-F14-2 BRYAN ... N WEI",
    "TeoShyanJie": "CS2103T-F14-2 TEO S ... N JIE",
    "Xuerneas": "CS2103T-F14-2 XU TU ... U NAN",
    "caesarpjz": "CS2103T-F14-2 CAESA ... ZHANG",
    "kerwin97": "CS2103T-F14-2 LIM S ... ERWIN"
  }
}
