{
  "authorDailyContributionsMap": {
    "ngswbryan": [
      {
        "insertions": 26,
        "deletions": 8,
        "date": "2019-10-01",
        "commitResults": [
          {
            "hash": "d0e1f6a600a79c13fa72a4c0acf11b4d87ef7711",
            "messageTitle": "Update README.adoc",
            "messageBody": "",
            "insertions": 0,
            "deletions": 3
          },
          {
            "hash": "7ed6920e0af10368fe40869b2275f4baf62a09b7",
            "messageTitle": "Update README.adoc",
            "messageBody": "",
            "insertions": 1,
            "deletions": 1
          },
          {
            "hash": "b2a229b5bc7482723a7391a8a802a2ac3a8586ba",
            "messageTitle": "Update README.adoc",
            "messageBody": "",
            "insertions": 25,
            "deletions": 4
          }
        ]
      }
    ],
    "TeoShyanJie": [
      {
        "insertions": 1,
        "deletions": 2,
        "date": "2019-09-25",
        "commitResults": [
          {
            "hash": "d115af8dbe50cab3f323f1fb4b4c4b0bb6c9bc41",
            "messageTitle": "project setup test",
            "messageBody": "",
            "insertions": 1,
            "deletions": 1
          },
          {
            "hash": "de25adb201eff15eb361284d6459d85ad4f8f4e5",
            "messageTitle": "Remove Codacy from README",
            "messageBody": "",
            "insertions": 0,
            "deletions": 1
          }
        ]
      },
      {
        "insertions": 1,
        "deletions": 1,
        "date": "2019-09-27",
        "commitResults": [
          {
            "hash": "f75c013b483dc968b86e1972358cffab5f780bde",
            "messageTitle": "Change statement in readme",
            "messageBody": "",
            "insertions": 1,
            "deletions": 1
          }
        ]
      }
    ],
    "Xuerneas": [],
    "caesarpjz": [],
    "kerwin97": []
  },
  "authorFinalContributionMap": {
    "ngswbryan": 26,
    "TeoShyanJie": 1,
    "Xuerneas": 0,
    "caesarpjz": 0,
    "kerwin97": 0
  },
  "authorFileTypeContributionMap": {
    "ngswbryan": {
      "docs": 26,
      "tests": 0,
      "functional": 0
    },
    "TeoShyanJie": {
      "docs": 1,
      "tests": 0,
      "functional": 0
    },
    "Xuerneas": {
      "docs": 0,
      "tests": 0,
      "functional": 0
    },
    "caesarpjz": {
      "docs": 0,
      "tests": 0,
      "functional": 0
    },
    "kerwin97": {
      "docs": 0,
      "tests": 0,
      "functional": 0
    }
  },
  "authorContributionVariance": {
    "ngswbryan": 42.751472,
    "TeoShyanJie": 0.4630178,
    "Xuerneas": 0.0,
    "caesarpjz": 0.0,
    "kerwin97": 0.0
  },
  "authorDisplayNameMap": {
    "ngswbryan": "CS2103T-F14-2 BRYAN ... N WEI",
    "TeoShyanJie": "CS2103T-F14-2 TEO S ... N JIE",
    "Xuerneas": "CS2103T-F14-2 XU TU ... U NAN",
    "caesarpjz": "CS2103T-F14-2 CAESA ... ZHANG",
    "kerwin97": "CS2103T-F14-2 LIM S ... ERWIN"
  }
}
