{
  "authorDailyContributionsMap": {
    "ngswbryan": [
      {
        "insertions": 26,
        "deletions": 8,
        "date": "2019-10-01",
        "commitResults": [
          {
            "hash": "d0e1f6a600a79c13fa72a4c0acf11b4d87ef7711",
            "messageTitle": "Update README.adoc",
            "messageBody": "",
            "insertions": 0,
            "deletions": 3
          },
          {
            "hash": "7ed6920e0af10368fe40869b2275f4baf62a09b7",
            "messageTitle": "Update README.adoc",
            "messageBody": "",
            "insertions": 1,
            "deletions": 1
          },
          {
            "hash": "b2a229b5bc7482723a7391a8a802a2ac3a8586ba",
            "messageTitle": "Update README.adoc",
            "messageBody": "",
            "insertions": 25,
            "deletions": 4
          }
        ]
      },
      {
        "insertions": 27,
        "deletions": 10,
        "date": "2019-10-02",
        "commitResults": [
          {
            "hash": "f7e40621c34e11e6889b421c86fe4771ee617459",
            "messageTitle": "updated readme for TutorAid",
            "messageBody": "",
            "insertions": 27,
            "deletions": 10
          }
        ]
      },
      {
        "insertions": 0,
        "deletions": 4,
        "date": "2019-10-03",
        "commitResults": [
          {
            "hash": "1b744f38e69f18585cf6176e5c62a3c46fb9f3aa",
            "messageTitle": "Update README.adoc",
            "messageBody": "",
            "insertions": 0,
            "deletions": 4
          }
        ]
      },
      {
        "insertions": 5,
        "deletions": 1,
        "date": "2019-10-04",
        "commitResults": [
          {
            "hash": "d18ccf6ceeb27f8231cef82be0fd6d9f96e835b7",
            "messageTitle": "updated README to display UI on website",
            "messageBody": "",
            "insertions": 5,
            "deletions": 1
          }
        ]
      },
      {
        "insertions": 5,
        "deletions": 0,
        "date": "2019-10-10",
        "commitResults": [
          {
            "hash": "7f2e08cc71ce1982cfce4b63227e4b56e2041578",
            "messageTitle": "Added picture prefix for command parsing",
            "messageBody": "",
            "insertions": 1,
            "deletions": 0
          },
          {
            "hash": "2ca15c4cbd126ac524dd660e3d9e5bdb588e1ce6",
            "messageTitle": "added prefix for result",
            "messageBody": "",
            "insertions": 1,
            "deletions": 0
          },
          {
            "hash": "10cda9e86242143fa086ae652b35b887e0aa75b8",
            "messageTitle": "updated all prefixes for student model",
            "messageBody": "",
            "insertions": 3,
            "deletions": 0
          }
        ]
      },
      {
        "insertions": 520,
        "deletions": 488,
        "date": "2019-10-11",
        "commitResults": [
          {
            "hash": "67f344107b62d10d13456ba1510185698b0fe20b",
            "messageTitle": "Refactored Person Class to reflect a Student",
            "messageBody": "",
            "insertions": 520,
            "deletions": 488
          }
        ]
      },
      {
        "insertions": 363,
        "deletions": 978,
        "date": "2019-10-13",
        "commitResults": [
          {
            "hash": "ed4e4bd0ebe5c913540983247d652010032c8e5f",
            "messageTitle": "passed checkstyle for main and test",
            "messageBody": "",
            "insertions": 363,
            "deletions": 798
          },
          {
            "hash": "2f7fe51cea89415656290d20474e8d1a094428b7",
            "messageTitle": "fixed tests",
            "messageBody": "",
            "insertions": 0,
            "deletions": 145
          },
          {
            "hash": "3484306271d4ec45326df14409e321b0eeb10643",
            "messageTitle": "edited more tests",
            "messageBody": "",
            "insertions": 0,
            "deletions": 35
          }
        ]
      },
      {
        "insertions": 18,
        "deletions": 6,
        "date": "2019-10-14",
        "commitResults": [
          {
            "hash": "20f18a54f9ce2353236529df538b693e5af50e79",
            "messageTitle": "added support for displaying students picture",
            "messageBody": "",
            "insertions": 16,
            "deletions": 4
          },
          {
            "hash": "d6c2de560ab22f9ec2c21ea0f14305b2a7a9191b",
            "messageTitle": "updated checkstyle for imports",
            "messageBody": "",
            "insertions": 2,
            "deletions": 2
          }
        ]
      },
      {
        "insertions": 11,
        "deletions": 3,
        "date": "2019-10-17",
        "commitResults": [
          {
            "hash": "6d1cbc198bc21eff5af7c03ef9072e5778020bc7",
            "messageTitle": "picture doesn\u0027t exist",
            "messageBody": "",
            "insertions": 8,
            "deletions": 0
          },
          {
            "hash": "5b468eb7cc33d9104877bc68c6656efc68f22736",
            "messageTitle": "Update README.adoc",
            "messageBody": "",
            "insertions": 1,
            "deletions": 1
          },
          {
            "hash": "a6b928752aad20d4c9902a29bee0af9c5d650378",
            "messageTitle": "updated checkstyle",
            "messageBody": "",
            "insertions": 2,
            "deletions": 2
          }
        ]
      }
    ],
    "TeoShyanJie": [
      {
        "insertions": 1,
        "deletions": 2,
        "date": "2019-09-25",
        "commitResults": [
          {
            "hash": "d115af8dbe50cab3f323f1fb4b4c4b0bb6c9bc41",
            "messageTitle": "project setup test",
            "messageBody": "",
            "insertions": 1,
            "deletions": 1
          },
          {
            "hash": "de25adb201eff15eb361284d6459d85ad4f8f4e5",
            "messageTitle": "Remove Codacy from README",
            "messageBody": "",
            "insertions": 0,
            "deletions": 1
          }
        ]
      },
      {
        "insertions": 1,
        "deletions": 1,
        "date": "2019-09-27",
        "commitResults": [
          {
            "hash": "f75c013b483dc968b86e1972358cffab5f780bde",
            "messageTitle": "Change statement in readme",
            "messageBody": "",
            "insertions": 1,
            "deletions": 1
          }
        ]
      },
      {
        "insertions": 242,
        "deletions": 561,
        "date": "2019-10-03",
        "commitResults": [
          {
            "hash": "6c401793d18afd09acf08845d9fb56270bf1f9ea",
            "messageTitle": "Add Teammates Photos",
            "messageBody": "",
            "insertions": 5,
            "deletions": 6
          },
          {
            "hash": "22b1c166781558502c11075f355b046bb3d72140",
            "messageTitle": "Revert \"Added UI\"",
            "messageBody": "",
            "insertions": 186,
            "deletions": 513
          },
          {
            "hash": "fa6055495817884441c641fdc3fde024582a5e3a",
            "messageTitle": "Add Ui.png (Kerwin)",
            "messageBody": "",
            "insertions": 1,
            "deletions": 1
          },
          {
            "hash": "2883804b082640e3ff1b6e2ae191a6c6b0928f21",
            "messageTitle": "Adding link to image",
            "messageBody": "",
            "insertions": 14,
            "deletions": 13
          },
          {
            "hash": "7afbe157ea1db886ac5d9889b516a5db7190fc3b",
            "messageTitle": "Implement About Us page",
            "messageBody": "",
            "insertions": 17,
            "deletions": 16
          },
          {
            "hash": "d25e01979211d9c99dbf6f3ed838bd3ded5e1a29",
            "messageTitle": "Implement Contact Us Page",
            "messageBody": "",
            "insertions": 10,
            "deletions": 3
          },
          {
            "hash": "bb8f88839d0e162930a638e82eaf3b930920832e",
            "messageTitle": "Solve CheckStyle EOF error",
            "messageBody": "",
            "insertions": 1,
            "deletions": 1
          },
          {
            "hash": "7f7d8bd36db7e7186032cc91b39780eeb2aced95",
            "messageTitle": "Changing Image Name",
            "messageBody": "",
            "insertions": 5,
            "deletions": 5
          },
          {
            "hash": "559c906847acef96b6c39d1cb0dd6b10d05394f4",
            "messageTitle": "Image naming correction",
            "messageBody": "",
            "insertions": 3,
            "deletions": 3
          }
        ]
      },
      {
        "insertions": 26,
        "deletions": 465,
        "date": "2019-10-04",
        "commitResults": [
          {
            "hash": "02ece3b0891ba38abe3b58e8e4d6cc4f0ee35a2e",
            "messageTitle": "Rename image and change image extension",
            "messageBody": "",
            "insertions": 3,
            "deletions": 3
          },
          {
            "hash": "f0d81d741183e0e6d54726f0476aadd91b7bbb0a",
            "messageTitle": "Revert \"Tutorial add remark\"",
            "messageBody": "",
            "insertions": 23,
            "deletions": 462
          }
        ]
      },
      {
        "insertions": 27,
        "deletions": 1,
        "date": "2019-10-10",
        "commitResults": [
          {
            "hash": "6e68f99418b51af1514045c9b84bc8a883155e7a",
            "messageTitle": "add update note command and add note command",
            "messageBody": "",
            "insertions": 10,
            "deletions": 0
          },
          {
            "hash": "94c849355d0e3a084293087152c578e7aa853925",
            "messageTitle": "Fix checkstyle error",
            "messageBody": "",
            "insertions": 8,
            "deletions": 0
          },
          {
            "hash": "937ecfed4c94b1a277e7caad9f93cf9d75b802c4",
            "messageTitle": "Implement Delete Command",
            "messageBody": "",
            "insertions": 8,
            "deletions": 0
          },
          {
            "hash": "7d5f77865374813c0a3eba3c9d7fa097ea0e7cb6",
            "messageTitle": "Implement Delete Note Command",
            "messageBody": "",
            "insertions": 1,
            "deletions": 1
          }
        ]
      },
      {
        "insertions": 17,
        "deletions": 5,
        "date": "2019-10-17",
        "commitResults": [
          {
            "hash": "ebd022895a213fd62ab412ead209aa90fb605d6d",
            "messageTitle": "Implement new command and put in package",
            "messageBody": "",
            "insertions": 17,
            "deletions": 5
          }
        ]
      },
      {
        "insertions": 119,
        "deletions": 1,
        "date": "2019-10-21",
        "commitResults": [
          {
            "hash": "b49a6402552225ee1e5733f25338e3a60f29b343",
            "messageTitle": "Implement Note Features",
            "messageBody": "",
            "insertions": 119,
            "deletions": 1
          }
        ]
      }
    ],
    "Xuerneas": [
      {
        "insertions": 21,
        "deletions": 17,
        "date": "2019-10-03",
        "commitResults": [
          {
            "hash": "28bf88ff53b3900c45fc4c8fec20134abc26628e",
            "messageTitle": "DG-draft1",
            "messageBody": "",
            "insertions": 21,
            "deletions": 17
          }
        ]
      },
      {
        "insertions": 59,
        "deletions": 3,
        "date": "2019-10-10",
        "commitResults": [
          {
            "hash": "60f0477974a4a7acbd04417e29c505903c78a0d0",
            "messageTitle": "minor change+ calendar structure",
            "messageBody": "",
            "insertions": 26,
            "deletions": 3
          },
          {
            "hash": "9dc0b597e76baa48ae06edfa8a06421fbb2eebbe",
            "messageTitle": "Some Command classes",
            "messageBody": "",
            "insertions": 33,
            "deletions": 0
          }
        ]
      },
      {
        "insertions": 274,
        "deletions": 36,
        "date": "2019-10-14",
        "commitResults": [
          {
            "hash": "6092f604f40740fc027d833dca175fd45d89ffb4",
            "messageTitle": "minor changes",
            "messageBody": "",
            "insertions": 105,
            "deletions": 35
          },
          {
            "hash": "8d08cb8341ac2c7afc9594d96f92726d0fbf07e8",
            "messageTitle": "some changes",
            "messageBody": "",
            "insertions": 76,
            "deletions": 0
          },
          {
            "hash": "99b4c9decdc329f91e19111dbd36bea2d4b6b881",
            "messageTitle": "can run",
            "messageBody": "",
            "insertions": 93,
            "deletions": 1
          }
        ]
      },
      {
        "insertions": 444,
        "deletions": 94,
        "date": "2019-10-17",
        "commitResults": [
          {
            "hash": "5b8c2f8ee88443cde88355ac0fe3188ad588b1aa",
            "messageTitle": "Add Task classes , Calendar classes and Calendar Command classes",
            "messageBody": "",
            "insertions": 280,
            "deletions": 1
          },
          {
            "hash": "b5fcd3fb90b53b312218640c05f4d757db67658a",
            "messageTitle": "fix travis",
            "messageBody": "",
            "insertions": 117,
            "deletions": 91
          },
          {
            "hash": "221e2a5237adab9093fc9a2c557b18310d22f32e",
            "messageTitle": "minor changes",
            "messageBody": "",
            "insertions": 36,
            "deletions": 1
          },
          {
            "hash": "dfb958c4c0d1e528e867b62f7bfd8f4560f13759",
            "messageTitle": "Minor fix",
            "messageBody": "",
            "insertions": 11,
            "deletions": 1
          }
        ]
      }
    ],
    "caesarpjz": [
      {
        "insertions": 2,
        "deletions": 2,
        "date": "2019-09-27",
        "commitResults": [
          {
            "hash": "17a76569e9565373e33f76be35c9e6df59077800",
            "messageTitle": "Added a space to try out Travis CI.",
            "messageBody": "",
            "insertions": 1,
            "deletions": 1
          },
          {
            "hash": "676aa0985c4fd75f8f6d823d6a32299571788297",
            "messageTitle": "Deleted whitespace.",
            "messageBody": "",
            "insertions": 1,
            "deletions": 1
          }
        ]
      },
      {
        "insertions": 30,
        "deletions": 17,
        "date": "2019-10-01",
        "commitResults": [
          {
            "hash": "317f56decacd0840241d62137528c03899f2f516",
            "messageTitle": "Removed codacy badge",
            "messageBody": "",
            "insertions": 0,
            "deletions": 1
          },
          {
            "hash": "2e356852d002b4c5d07a53d1ab4265ea1d02143a",
            "messageTitle": "Added acknowledgement to source of code.",
            "messageBody": "",
            "insertions": 28,
            "deletions": 15
          },
          {
            "hash": "9e92328a81182f5c93fc936cb97fc738ca672d27",
            "messageTitle": "Added EOF at README",
            "messageBody": "",
            "insertions": 2,
            "deletions": 1
          }
        ]
      },
      {
        "insertions": 12,
        "deletions": 9,
        "date": "2019-10-03",
        "commitResults": [
          {
            "hash": "c42b930bbbf2de7935c87b5fd1cabddfb684df68",
            "messageTitle": "Added some changes to the user guide doc. Will do more later.",
            "messageBody": "",
            "insertions": 9,
            "deletions": 8
          },
          {
            "hash": "8dc374c454f210e630d094a1803020e9a8d3c12b",
            "messageTitle": "Added Ui.png to README",
            "messageBody": "",
            "insertions": 3,
            "deletions": 1
          }
        ]
      },
      {
        "insertions": 7,
        "deletions": 23,
        "date": "2019-10-04",
        "commitResults": [
          {
            "hash": "43be3171d054f686af237875e5d3f3a62a9ca7ff",
            "messageTitle": "Edits to README.",
            "messageBody": "",
            "insertions": 2,
            "deletions": 22
          },
          {
            "hash": "277d6e0b1ff5cf563dea67c299d5eb98711430f7",
            "messageTitle": "Changes to README",
            "messageBody": "",
            "insertions": 5,
            "deletions": 1
          }
        ]
      },
      {
        "insertions": 103,
        "deletions": 45,
        "date": "2019-10-09",
        "commitResults": [
          {
            "hash": "2be4657b97331f9e812e2a17e99c2baf3d9ea5f9",
            "messageTitle": "Edited User Guide.",
            "messageBody": "",
            "insertions": 13,
            "deletions": 0
          },
          {
            "hash": "be27f24c430640a604370f918844d55ae7d1d9cd",
            "messageTitle": "Edited User Guide.",
            "messageBody": "",
            "insertions": 54,
            "deletions": 28
          },
          {
            "hash": "f7b0238f715c70fec184c6428a49dbf9ddc7781b",
            "messageTitle": "Trying out formating in User Guide",
            "messageBody": "",
            "insertions": 2,
            "deletions": 2
          },
          {
            "hash": "750ab4bae257d87524cbf7a5edc47beb4da9e26d",
            "messageTitle": "Trying out editing in User Guide",
            "messageBody": "",
            "insertions": 15,
            "deletions": 15
          },
          {
            "hash": "0f6e67fabd88b992eea2de559a59b9dec8645deb",
            "messageTitle": "Trying out new formats in User Guide.",
            "messageBody": "",
            "insertions": 19,
            "deletions": 0
          }
        ]
      },
      {
        "insertions": 183,
        "deletions": 130,
        "date": "2019-10-10",
        "commitResults": [
          {
            "hash": "df42273b516e91edc3940eb4d88ae5c6b14f9bf4",
            "messageTitle": "Started adding Add Earnings feature.",
            "messageBody": "",
            "insertions": 4,
            "deletions": 0
          },
          {
            "hash": "9193fdc40c6c29e81d23772aa1ec8bb757ed161f",
            "messageTitle": "Adding add earnings feature.",
            "messageBody": "",
            "insertions": 106,
            "deletions": 64
          },
          {
            "hash": "19772d8d313b4e8f0bcc78e76dc05b91c4117af9",
            "messageTitle": "Fixed some errors.",
            "messageBody": "",
            "insertions": 2,
            "deletions": 1
          },
          {
            "hash": "a3f57e0725103c725139ecd1562ef60030c2398c",
            "messageTitle": "Fixed errors.",
            "messageBody": "",
            "insertions": 29,
            "deletions": 29
          },
          {
            "hash": "571e3f6a51a4559d534af604f28f65b38f94a381",
            "messageTitle": "Added EOF",
            "messageBody": "",
            "insertions": 1,
            "deletions": 1
          },
          {
            "hash": "527d4ba0eae3f68070272df4ce74812c1fb1e74b",
            "messageTitle": "Fixed travis error.",
            "messageBody": "",
            "insertions": 8,
            "deletions": 8
          },
          {
            "hash": "fe0150bd3227d10c70079289a65807f7b97cd330",
            "messageTitle": "Fixed travis hopefully.",
            "messageBody": "",
            "insertions": 26,
            "deletions": 26
          },
          {
            "hash": "b52b3fadcb4bae97f09010c6a85cb0f6e1704cd7",
            "messageTitle": "Did some changes.",
            "messageBody": "",
            "insertions": 5,
            "deletions": 0
          },
          {
            "hash": "9b1947c51b5a5df20963bdf80ef3fd9083506224",
            "messageTitle": "Update README.adoc",
            "messageBody": "",
            "insertions": 2,
            "deletions": 1
          }
        ]
      },
      {
        "insertions": 2626,
        "deletions": 393,
        "date": "2019-10-17",
        "commitResults": [
          {
            "hash": "315dccbbf58a744c6f8104523dd455c60df2375a",
            "messageTitle": "Added add earnings command.",
            "messageBody": "",
            "insertions": 1105,
            "deletions": 43
          },
          {
            "hash": "a9e8dd21dd4a8041cb6b76ba2a7b7fc48a341ff8",
            "messageTitle": "Fixed some checkstyle issues.",
            "messageBody": "",
            "insertions": 113,
            "deletions": 73
          },
          {
            "hash": "fbff425b412c6a0205978fcced7805501728f30c",
            "messageTitle": "Fixed more checkstyle issues",
            "messageBody": "",
            "insertions": 33,
            "deletions": 14
          },
          {
            "hash": "7f7996115dd3b566da53bb3f1f3e6da5ee261659",
            "messageTitle": "Added some test.",
            "messageBody": "",
            "insertions": 45,
            "deletions": 7
          },
          {
            "hash": "f6f7d5953d65691358042fc16022139663b70314",
            "messageTitle": "changes to json file.",
            "messageBody": "",
            "insertions": 2,
            "deletions": 2
          },
          {
            "hash": "23abf0828bb0aa6736af7d6dbb99d2ba0d4130c0",
            "messageTitle": "changes",
            "messageBody": "",
            "insertions": 2,
            "deletions": 2
          },
          {
            "hash": "9fa59cdf219cd7088a70742628137ce5ed9b5d10",
            "messageTitle": "Updated User Guide",
            "messageBody": "",
            "insertions": 37,
            "deletions": 1
          },
          {
            "hash": "e830f947e7b24137baec6721618044683738e3c7",
            "messageTitle": "Fixed Merge Conflict",
            "messageBody": "",
            "insertions": 1246,
            "deletions": 58
          },
          {
            "hash": "f0b5a28cb437530c59e0770c10e3c5a9a3a2f231",
            "messageTitle": "Edited User Guide.",
            "messageBody": "",
            "insertions": 11,
            "deletions": 2
          },
          {
            "hash": "b30a53992eb88543d9bf508b574b77f69aa0dded",
            "messageTitle": "Fixed travis issue.",
            "messageBody": "",
            "insertions": 6,
            "deletions": 93
          },
          {
            "hash": "65d7c371d355ecf7f4a32ad259ceb57f3f3d528f",
            "messageTitle": "Fixed imports ordering",
            "messageBody": "",
            "insertions": 2,
            "deletions": 2
          },
          {
            "hash": "faf7468c963c33971e8c7a910187bc2ea4ef732f",
            "messageTitle": "Updated User Guide",
            "messageBody": "",
            "insertions": 13,
            "deletions": 0
          },
          {
            "hash": "6227f4b88e342002e822fac3523b43339917562a",
            "messageTitle": "made some edits",
            "messageBody": "",
            "insertions": 3,
            "deletions": 77
          },
          {
            "hash": "cef902fb5c41d7a4e9174bdd9b1ad978113401e1",
            "messageTitle": "edited some stuff",
            "messageBody": "",
            "insertions": 8,
            "deletions": 19
          }
        ]
      },
      {
        "insertions": 222,
        "deletions": 22,
        "date": "2019-10-18",
        "commitResults": [
          {
            "hash": "3743591f7904b03b988888beeeec9e6dbca2a467",
            "messageTitle": "Added Change Tab Feature.",
            "messageBody": "",
            "insertions": 222,
            "deletions": 22
          }
        ]
      },
      {
        "insertions": 554,
        "deletions": 99,
        "date": "2019-10-19",
        "commitResults": [
          {
            "hash": "a385289c5e66c31aea7816e62cd32fb60b6d4b9d",
            "messageTitle": "Added Update Earnings Command and refactored to use class id instead of module",
            "messageBody": "",
            "insertions": 311,
            "deletions": 78
          },
          {
            "hash": "77e01af42acaf003f1120823d05d87a524757741",
            "messageTitle": "Fixed Travis issues.",
            "messageBody": "",
            "insertions": 38,
            "deletions": 17
          },
          {
            "hash": "9d7aea5a1945dac35aaae3e805a40458d2e5ca92",
            "messageTitle": "Added delete earnings command.",
            "messageBody": "",
            "insertions": 90,
            "deletions": 4
          },
          {
            "hash": "536da6d63a0caa097b840e801c9c19c11a09ecc9",
            "messageTitle": "Added Find earnings command but just for classid. will add in for date and amount later.",
            "messageBody": "",
            "insertions": 115,
            "deletions": 0
          }
        ]
      }
    ],
    "kerwin97": [
      {
        "insertions": 4,
        "deletions": 4,
        "date": "2019-09-24",
        "commitResults": [
          {
            "hash": "dba3cd0e523b58a3d875bdfa3da1739116a1196d",
            "messageTitle": "Setting up Project",
            "messageBody": "",
            "insertions": 4,
            "deletions": 4
          }
        ]
      },
      {
        "insertions": 33,
        "deletions": 129,
        "date": "2019-09-28",
        "commitResults": [
          {
            "hash": "7e0d01ad50f2fa72df16a2c60e1d3ea7ee05952e",
            "messageTitle": "Tutorial-removing-field removed address and Address fields",
            "messageBody": "",
            "insertions": 13,
            "deletions": 48
          },
          {
            "hash": "5f3af8db33a8cf43587d546d6cd8be61112fb2a7",
            "messageTitle": "debugged tests",
            "messageBody": "",
            "insertions": 19,
            "deletions": 66
          },
          {
            "hash": "53480ca6e1398ab05d13e45eb74e3f6a85c71d85",
            "messageTitle": "testing-removing-field removed all address fields",
            "messageBody": "",
            "insertions": 0,
            "deletions": 1
          },
          {
            "hash": "7f232b7fcbfa077305314c59c7ada06976353cab",
            "messageTitle": "tutorial-removing-field",
            "messageBody": "",
            "insertions": 1,
            "deletions": 14
          }
        ]
      },
      {
        "insertions": 532,
        "deletions": 109,
        "date": "2019-09-29",
        "commitResults": [
          {
            "hash": "9b9ce2e98911b28cd1d034e98509064a62fc8051",
            "messageTitle": "Added Remark Command",
            "messageBody": "",
            "insertions": 454,
            "deletions": 34
          },
          {
            "hash": "a2d91ee84d4858336a98aaa0f1db584a309b53c8",
            "messageTitle": "fixed bugs",
            "messageBody": "",
            "insertions": 56,
            "deletions": 44
          },
          {
            "hash": "a597b896f23b479fc27c95dcec7edf6cf76c7945",
            "messageTitle": "tutorial-adding-command",
            "messageBody": "",
            "insertions": 22,
            "deletions": 31
          }
        ]
      },
      {
        "insertions": 8,
        "deletions": 0,
        "date": "2019-10-10",
        "commitResults": [
          {
            "hash": "b2dfb79ca7aa10017d8854891407f9928bff7e95",
            "messageTitle": "calendarreminder",
            "messageBody": "",
            "insertions": 4,
            "deletions": 0
          },
          {
            "hash": "f37bba3cdc42677fbbb1f61ca6ae0851ec070e8c",
            "messageTitle": "fixed checkstyle errors",
            "messageBody": "",
            "insertions": 4,
            "deletions": 0
          }
        ]
      },
      {
        "insertions": 45,
        "deletions": 0,
        "date": "2019-10-14",
        "commitResults": [
          {
            "hash": "d5da5e3392eb535e5f9584e2461982022e071a0a",
            "messageTitle": "reminders v0.1",
            "messageBody": "",
            "insertions": 45,
            "deletions": 0
          }
        ]
      },
      {
        "insertions": 38,
        "deletions": 2,
        "date": "2019-10-17",
        "commitResults": [
          {
            "hash": "bfbb65755bde12d54a399bb41d80559f379be9d2",
            "messageTitle": "added reminders and gui features",
            "messageBody": "",
            "insertions": 38,
            "deletions": 2
          }
        ]
      }
    ]
  },
  "authorFinalContributionMap": {
    "ngswbryan": 785,
    "TeoShyanJie": 195,
    "Xuerneas": 1056,
    "caesarpjz": 2039,
    "kerwin97": 89
  },
  "authorFileTypeContributionMap": {
    "ngswbryan": {
      "docs": 25,
      "tests": 267,
      "functional": 493
    },
    "TeoShyanJie": {
      "docs": 39,
      "tests": 0,
      "functional": 156
    },
    "Xuerneas": {
      "docs": 27,
      "tests": 14,
      "functional": 1015
    },
    "caesarpjz": {
      "docs": 159,
      "tests": 43,
      "functional": 1837
    },
    "kerwin97": {
      "docs": 0,
      "tests": 0,
      "functional": 89
    }
  },
  "authorContributionVariance": {
    "ngswbryan": 58364.54,
    "TeoShyanJie": 18579.535,
    "Xuerneas": 8071.629,
    "caesarpjz": 201904.9,
    "kerwin97": 9198.102
  },
  "authorDisplayNameMap": {
    "ngswbryan": "CS2103T-F14-2 BRYAN ... N WEI",
    "TeoShyanJie": "CS2103T-F14-2 TEO S ... N JIE",
    "Xuerneas": "CS2103T-F14-2 XU TU ... U NAN",
    "caesarpjz": "CS2103T-F14-2 CAESA ... ZHANG",
    "kerwin97": "CS2103T-F14-2 LIM S ... ERWIN"
  }
}
