{
  "authorDailyContributionsMap": {
    "evelynejuliet": [
      {
        "insertions": 49,
        "deletions": 5,
        "date": "2019-10-01",
        "commitResults": [
          {
            "hash": "526c1274715b555a967764c717449443450b077c",
            "messageTitle": "Update acknowledgement, website heading, and user guide",
            "messageBody": "",
            "insertions": 49,
            "deletions": 5
          }
        ]
      },
      {
        "insertions": 21,
        "deletions": 7,
        "date": "2019-10-03",
        "commitResults": [
          {
            "hash": "f480831334bb0a40f7ddbbbbf914cedb472e0190",
            "messageTitle": "Update user stories, use case",
            "messageBody": "",
            "insertions": 21,
            "deletions": 7
          }
        ]
      },
      {
        "insertions": 58,
        "deletions": 371,
        "date": "2019-10-11",
        "commitResults": [
          {
            "hash": "38333675342009632d8d2b42db4aaaa08772d684",
            "messageTitle": "Remove phone field",
            "messageBody": "",
            "insertions": 58,
            "deletions": 369
          },
          {
            "hash": "59f5b27c3660425d50c53753082b7149e0f55fe7",
            "messageTitle": "Fix checkstyleTest",
            "messageBody": "",
            "insertions": 0,
            "deletions": 2
          }
        ]
      },
      {
        "insertions": 237,
        "deletions": 121,
        "date": "2019-10-14",
        "commitResults": [
          {
            "hash": "a19df5e0a12c7933c08038da9e01c81489904dda",
            "messageTitle": "Reminder attempt 1",
            "messageBody": "",
            "insertions": 109,
            "deletions": 4
          },
          {
            "hash": "adb35cf2154583418bf9a23191df2917ab5f3ff6",
            "messageTitle": "Reminder attempt 2",
            "messageBody": "",
            "insertions": 105,
            "deletions": 105
          },
          {
            "hash": "1e0198917603978d881a6ee011d09df7a2b19c75",
            "messageTitle": "Fix checkstyle issues",
            "messageBody": "",
            "insertions": 23,
            "deletions": 12
          }
        ]
      }
    ],
    "ManasVegi": [
      {
        "insertions": 33,
        "deletions": 17,
        "date": "2019-10-03",
        "commitResults": [
          {
            "hash": "38e3e1a481de459dfba7035127229d669ecd3f1b",
            "messageTitle": "Update README to describe iFridge",
            "messageBody": "",
            "insertions": 6,
            "deletions": 4
          },
          {
            "hash": "a11746434c35219c257ab25d68b976b37f537547",
            "messageTitle": "Update user guide to include user stories and use cases",
            "messageBody": "",
            "insertions": 27,
            "deletions": 13
          }
        ]
      },
      {
        "insertions": 49,
        "deletions": 261,
        "date": "2019-10-04",
        "commitResults": [
          {
            "hash": "c0d1e3bd8c883bfc8258706fd51c8c3900c0d5e7",
            "messageTitle": "Update User Guide",
            "messageBody": "",
            "insertions": 49,
            "deletions": 261
          }
        ]
      },
      {
        "insertions": 116,
        "deletions": 440,
        "date": "2019-10-11",
        "commitResults": [
          {
            "hash": "90230a14c3a49c31e41c81fea683ed17a7b4000e",
            "messageTitle": "Merge branch \u0027ManasVegi-wk8-removeEmail\u0027",
            "messageBody": "",
            "insertions": 109,
            "deletions": 368
          },
          {
            "hash": "bacdce47b5ab39ee04f9355a429cc98ebae21187",
            "messageTitle": "Fix residual Merge Conflicts",
            "messageBody": "",
            "insertions": 5,
            "deletions": 71
          },
          {
            "hash": "eeffed228d87075bd3dc53d1196bff1c01319819",
            "messageTitle": "Adhere to checkstyle",
            "messageBody": "",
            "insertions": 2,
            "deletions": 1
          }
        ]
      },
      {
        "insertions": 2,
        "deletions": 0,
        "date": "2019-10-13",
        "commitResults": [
          {
            "hash": "424773a98e64ac994734e96f74758d6b8b79d56c",
            "messageTitle": "Update UG to include pdf feature (low priority)",
            "messageBody": "",
            "insertions": 2,
            "deletions": 0
          }
        ]
      },
      {
        "insertions": 55,
        "deletions": 59,
        "date": "2019-10-14",
        "commitResults": [
          {
            "hash": "732f665e34ec05d2775f48b5bb0a1267ae6eea6a",
            "messageTitle": "Remove tags from the parent Food class",
            "messageBody": "",
            "insertions": 14,
            "deletions": 17
          },
          {
            "hash": "eb6ab167def871ad5fc5eab20497b3c79e84c1ce",
            "messageTitle": "Removing tags from Food dependencies",
            "messageBody": "",
            "insertions": 26,
            "deletions": 20
          },
          {
            "hash": "327a40a212c88c719392e0d35a6901ae251bc9a2",
            "messageTitle": "Remove obsolete imports in Food class",
            "messageBody": "",
            "insertions": 0,
            "deletions": 5
          },
          {
            "hash": "531aa26f0f690733c0b64bf4dfdf3de80d55aea9",
            "messageTitle": "Adhere to checkstyle",
            "messageBody": "",
            "insertions": 4,
            "deletions": 4
          },
          {
            "hash": "3ac4d40067518a49c76ae4efa8fd75168fca110d",
            "messageTitle": "Fix some more checkstyle issues",
            "messageBody": "",
            "insertions": 11,
            "deletions": 13
          }
        ]
      }
    ],
    "teika97": [
      {
        "insertions": 192,
        "deletions": 51,
        "date": "2019-10-03",
        "commitResults": [
          {
            "hash": "68e9fa0458b0c026d0b8105d6680fb65537cdbef",
            "messageTitle": "Update ContactUs, ABoutUs, DeveloperGuide, UserGuide",
            "messageBody": "",
            "insertions": 58,
            "deletions": 40
          },
          {
            "hash": "65b6c6c9cb63b1b4182fcdd5ea72e500af79fa3b",
            "messageTitle": "Update UserGuide with template list management",
            "messageBody": "",
            "insertions": 123,
            "deletions": 0
          },
          {
            "hash": "6683813c292d734f7aea5c9e3e638588e1e0c4d0",
            "messageTitle": "Add new line at EOF",
            "messageBody": "",
            "insertions": 4,
            "deletions": 4
          },
          {
            "hash": "83ca5497f95c5323993029631284992ebb46f7e9",
            "messageTitle": "Update DeveloperGuide with use case for delete person",
            "messageBody": "",
            "insertions": 7,
            "deletions": 7
          }
        ]
      },
      {
        "insertions": 163,
        "deletions": 11,
        "date": "2019-10-10",
        "commitResults": [
          {
            "hash": "481cb89bc26d1335220935ded259e91095f95bff",
            "messageTitle": "Add Amount class, AmountTest class, Amount prefix",
            "messageBody": "",
            "insertions": 152,
            "deletions": 0
          },
          {
            "hash": "f90a21213febe31b572acc3f6f2483a0e2ce3280",
            "messageTitle": "Edit to fix checkStyle errors",
            "messageBody": "",
            "insertions": 11,
            "deletions": 11
          }
        ]
      }
    ],
    "kelvinnharris": [
      {
        "insertions": 1,
        "deletions": 1,
        "date": "2019-09-27",
        "commitResults": [
          {
            "hash": "d506aab1c5a0fc031fa18d17eeaffda34f4d1859",
            "messageTitle": "Remove codacy badge from README",
            "messageBody": "",
            "insertions": 1,
            "deletions": 1
          }
        ]
      },
      {
        "insertions": 75,
        "deletions": 5,
        "date": "2019-10-01",
        "commitResults": [
          {
            "hash": "d38191d73f8995426efe8b53be943b756b6ae1bb",
            "messageTitle": "Update status badges",
            "messageBody": "",
            "insertions": 1,
            "deletions": 5
          },
          {
            "hash": "2f82d4c9eefa9e68213cb96fbe985119d886e7a6",
            "messageTitle": "Update user guide",
            "messageBody": "",
            "insertions": 74,
            "deletions": 0
          }
        ]
      },
      {
        "insertions": 20,
        "deletions": 8,
        "date": "2019-10-03",
        "commitResults": [
          {
            "hash": "e580d67f5c1f81dbf5480c8c3419926656e70bff",
            "messageTitle": "Update user guide and use case",
            "messageBody": "",
            "insertions": 20,
            "deletions": 8
          }
        ]
      },
      {
        "insertions": 57,
        "deletions": 29,
        "date": "2019-10-09",
        "commitResults": [
          {
            "hash": "3ba14d93e513deb64739db93374af27e40bf92fd",
            "messageTitle": "UserGuide: Remove redundant grocery list features",
            "messageBody": "",
            "insertions": 57,
            "deletions": 29
          }
        ]
      },
      {
        "insertions": 114,
        "deletions": 0,
        "date": "2019-10-12",
        "commitResults": [
          {
            "hash": "6a20a220dff6bbc0b3f96d3118ca32a5c142a55f",
            "messageTitle": "Add ExpiryDate class, ExpiryDateTest class and ExpiryDate prefix",
            "messageBody": "",
            "insertions": 114,
            "deletions": 0
          }
        ]
      },
      {
        "insertions": 817,
        "deletions": 785,
        "date": "2019-10-13",
        "commitResults": [
          {
            "hash": "c6ff9588025d8ea533f777c89802cb5d55487e13",
            "messageTitle": "Implement Food class and GroceryItem class, ignore failing test cases",
            "messageBody": "",
            "insertions": 817,
            "deletions": 785
          }
        ]
      },
      {
        "insertions": 662,
        "deletions": 83,
        "date": "2019-10-14",
        "commitResults": [
          {
            "hash": "600813b3ee7430f8001baeffea82fdb7c19406e7",
            "messageTitle": "Add commands.grocerylist package",
            "messageBody": "",
            "insertions": 662,
            "deletions": 83
          }
        ]
      }
    ],
    "zhangxuan97": [
      {
        "insertions": 64,
        "deletions": 334,
        "date": "2019-09-30",
        "commitResults": [
          {
            "hash": "8f65ce094e553ef3bcd39e17c9f704f4a81ad16b",
            "messageTitle": "Tutorial 2: Complete Address refactoring",
            "messageBody": "",
            "insertions": 64,
            "deletions": 334
          }
        ]
      },
      {
        "insertions": 67,
        "deletions": 4,
        "date": "2019-10-01",
        "commitResults": [
          {
            "hash": "34f417f905746c9e23b111f3f28249f9e9ab73db",
            "messageTitle": "Update Ui mockup and user guide",
            "messageBody": "",
            "insertions": 67,
            "deletions": 4
          }
        ]
      },
      {
        "insertions": 84,
        "deletions": 126,
        "date": "2019-10-03",
        "commitResults": [
          {
            "hash": "e61aeee1f4754d6869ba0b370fc5b93cea245864",
            "messageTitle": "DeveloperGuide: Update user stories, use case UserGuide: Reformat Update Ui Mockup",
            "messageBody": "",
            "insertions": 76,
            "deletions": 124
          },
          {
            "hash": "94842d83207d3b026380be524f72bdc4d9a28272",
            "messageTitle": "Update UserGuide",
            "messageBody": "",
            "insertions": 2,
            "deletions": 2
          },
          {
            "hash": "7a5cb04908a7d685f291f63b54f13e801a57e70a",
            "messageTitle": "Update UserGuide: Add feature `wlist food`",
            "messageBody": "",
            "insertions": 6,
            "deletions": 0
          }
        ]
      },
      {
        "insertions": 4,
        "deletions": 23,
        "date": "2019-10-10",
        "commitResults": [
          {
            "hash": "11b7214081061f5506edc0edf68cfaf5ced43b3e",
            "messageTitle": "Fix checkstyle test",
            "messageBody": "",
            "insertions": 1,
            "deletions": 4
          },
          {
            "hash": "90b51822dc8b5835f5b683d7e4b02012e005ff89",
            "messageTitle": "Fix test issues",
            "messageBody": "",
            "insertions": 3,
            "deletions": 19
          }
        ]
      }
    ]
  },
  "authorFinalContributionMap": {
    "evelynejuliet": 305,
    "ManasVegi": 134,
    "teika97": 305,
    "kelvinnharris": 1539,
    "zhangxuan97": 125
  },
  "authorFileTypeContributionMap": {
    "evelynejuliet": {
      "docs": 66,
      "tests": 54,
      "functional": 185
    },
    "ManasVegi": {
      "docs": 81,
      "tests": 17,
      "functional": 36
    },
    "teika97": {
      "docs": 155,
      "tests": 75,
      "functional": 75
    },
    "kelvinnharris": {
      "docs": 134,
      "tests": 501,
      "functional": 904
    },
    "zhangxuan97": {
      "docs": 122,
      "tests": 3,
      "functional": 0
    }
  },
  "authorContributionVariance": {
    "evelynejuliet": 7603.6387,
    "ManasVegi": 10087.889,
    "teika97": 2176.0593,
    "kelvinnharris": 76102.375,
    "zhangxuan97": 5012.6562
  },
  "authorDisplayNameMap": {
    "evelynejuliet": "CS2103-F10-2 EVELY ... ULIET",
    "ManasVegi": "CS2103-F10-2 VEGI  ... MANAS",
    "teika97": "CS2103-F10-2 TIE Y ... HLEEN",
    "kelvinnharris": "CS2103-F10-2 KELVI ... ARRIS",
    "zhangxuan97": "CS2103-F10-2 ZHANG ...  XUAN"
  }
}
