{
  "authorDailyContributionsMap": {
    "evelynejuliet": [
      {
        "insertions": 49,
        "deletions": 5,
        "date": "2019-10-01",
        "commitResults": [
          {
            "hash": "526c1274715b555a967764c717449443450b077c",
            "messageTitle": "Update acknowledgement, website heading, and user guide",
            "messageBody": "",
            "insertions": 49,
            "deletions": 5
          }
        ]
      },
      {
        "insertions": 21,
        "deletions": 7,
        "date": "2019-10-03",
        "commitResults": [
          {
            "hash": "f480831334bb0a40f7ddbbbbf914cedb472e0190",
            "messageTitle": "Update user stories, use case",
            "messageBody": "",
            "insertions": 21,
            "deletions": 7
          }
        ]
      },
      {
        "insertions": 58,
        "deletions": 371,
        "date": "2019-10-11",
        "commitResults": [
          {
            "hash": "38333675342009632d8d2b42db4aaaa08772d684",
            "messageTitle": "Remove phone field",
            "messageBody": "",
            "insertions": 58,
            "deletions": 369
          },
          {
            "hash": "59f5b27c3660425d50c53753082b7149e0f55fe7",
            "messageTitle": "Fix checkstyleTest",
            "messageBody": "",
            "insertions": 0,
            "deletions": 2
          }
        ]
      },
      {
        "insertions": 237,
        "deletions": 121,
        "date": "2019-10-14",
        "commitResults": [
          {
            "hash": "a19df5e0a12c7933c08038da9e01c81489904dda",
            "messageTitle": "Reminder attempt 1",
            "messageBody": "",
            "insertions": 109,
            "deletions": 4
          },
          {
            "hash": "adb35cf2154583418bf9a23191df2917ab5f3ff6",
            "messageTitle": "Reminder attempt 2",
            "messageBody": "",
            "insertions": 105,
            "deletions": 105
          },
          {
            "hash": "1e0198917603978d881a6ee011d09df7a2b19c75",
            "messageTitle": "Fix checkstyle issues",
            "messageBody": "",
            "insertions": 23,
            "deletions": 12
          }
        ]
      },
      {
        "insertions": 292,
        "deletions": 14,
        "date": "2019-10-15",
        "commitResults": [
          {
            "hash": "4b0a40004f20c93b76727ad70eb178ccd80adb08",
            "messageTitle": "Finish Reminder Command and Attempt iFridge Settings #1",
            "messageBody": "",
            "insertions": 158,
            "deletions": 3
          },
          {
            "hash": "e2bfec8dd18914de8e48ff2db3a060def9a49517",
            "messageTitle": "Attempt iFridge Settings #2",
            "messageBody": "",
            "insertions": 134,
            "deletions": 11
          }
        ]
      },
      {
        "insertions": 287,
        "deletions": 127,
        "date": "2019-10-16",
        "commitResults": [
          {
            "hash": "f2a0776a08e4c3e15a091e3f56fa168aa8da2a58",
            "messageTitle": "Attempt iFridge Settings #3 and add reminder default command",
            "messageBody": "",
            "insertions": 87,
            "deletions": 60
          },
          {
            "hash": "337ae6ea9b52bc428ea663968bd62feade20e34d",
            "messageTitle": "Attempt iFridge Settings #4 and add sort default and list default command",
            "messageBody": "",
            "insertions": 178,
            "deletions": 67
          },
          {
            "hash": "47b6f4d40cee66dcc074fbef4a22828d83a6bfd0",
            "messageTitle": "Fix checkstyle issues",
            "messageBody": "",
            "insertions": 22,
            "deletions": 0
          }
        ]
      },
      {
        "insertions": 56,
        "deletions": 38,
        "date": "2019-10-17",
        "commitResults": [
          {
            "hash": "e67c273f8504315fa681ecd203f64ef0c34afe34",
            "messageTitle": "Finish reminder settings",
            "messageBody": "",
            "insertions": 46,
            "deletions": 31
          },
          {
            "hash": "b9ff2af6d79833a45879d02eebe9c48206878ebd",
            "messageTitle": "Fix reminder command",
            "messageBody": "",
            "insertions": 6,
            "deletions": 6
          },
          {
            "hash": "cc883a0a95f6a6c7385a2af6b25b2ee47c08b9ae",
            "messageTitle": "Fix checkstyle issues",
            "messageBody": "",
            "insertions": 4,
            "deletions": 1
          }
        ]
      },
      {
        "insertions": 528,
        "deletions": 108,
        "date": "2019-10-18",
        "commitResults": [
          {
            "hash": "b81ea2846b97fb3dae6079388c6bc625f698801e",
            "messageTitle": "Attempt UI tabs #2",
            "messageBody": "",
            "insertions": 97,
            "deletions": 62
          },
          {
            "hash": "bf10bcf050f828abdb079b6327b41f071d2d2fb0",
            "messageTitle": "Integrate templateList and shoppingList logic with UI tabpane",
            "messageBody": "",
            "insertions": 28,
            "deletions": 10
          },
          {
            "hash": "e59befabf3119a3404e804d1390d31ec0aceef67",
            "messageTitle": "Update background color",
            "messageBody": "",
            "insertions": 26,
            "deletions": 27
          },
          {
            "hash": "3a382f2699a792562de2b27bee08fb1c4b8eb535",
            "messageTitle": "Colour code grocery items based on expiry dates",
            "messageBody": "",
            "insertions": 376,
            "deletions": 8
          },
          {
            "hash": "ab3f6a5fda3bbedf0f208d7afa714e9c03760b1c",
            "messageTitle": "Fix travis issue",
            "messageBody": "",
            "insertions": 1,
            "deletions": 1
          }
        ]
      }
    ],
    "ManasVegi": [
      {
        "insertions": 33,
        "deletions": 17,
        "date": "2019-10-03",
        "commitResults": [
          {
            "hash": "38e3e1a481de459dfba7035127229d669ecd3f1b",
            "messageTitle": "Update README to describe iFridge",
            "messageBody": "",
            "insertions": 6,
            "deletions": 4
          },
          {
            "hash": "a11746434c35219c257ab25d68b976b37f537547",
            "messageTitle": "Update user guide to include user stories and use cases",
            "messageBody": "",
            "insertions": 27,
            "deletions": 13
          }
        ]
      },
      {
        "insertions": 49,
        "deletions": 261,
        "date": "2019-10-04",
        "commitResults": [
          {
            "hash": "c0d1e3bd8c883bfc8258706fd51c8c3900c0d5e7",
            "messageTitle": "Update User Guide",
            "messageBody": "",
            "insertions": 49,
            "deletions": 261
          }
        ]
      },
      {
        "insertions": 116,
        "deletions": 440,
        "date": "2019-10-11",
        "commitResults": [
          {
            "hash": "90230a14c3a49c31e41c81fea683ed17a7b4000e",
            "messageTitle": "Merge branch \u0027ManasVegi-wk8-removeEmail\u0027",
            "messageBody": "",
            "insertions": 109,
            "deletions": 368
          },
          {
            "hash": "bacdce47b5ab39ee04f9355a429cc98ebae21187",
            "messageTitle": "Fix residual Merge Conflicts",
            "messageBody": "",
            "insertions": 5,
            "deletions": 71
          },
          {
            "hash": "eeffed228d87075bd3dc53d1196bff1c01319819",
            "messageTitle": "Adhere to checkstyle",
            "messageBody": "",
            "insertions": 2,
            "deletions": 1
          }
        ]
      },
      {
        "insertions": 2,
        "deletions": 0,
        "date": "2019-10-13",
        "commitResults": [
          {
            "hash": "424773a98e64ac994734e96f74758d6b8b79d56c",
            "messageTitle": "Update UG to include pdf feature (low priority)",
            "messageBody": "",
            "insertions": 2,
            "deletions": 0
          }
        ]
      },
      {
        "insertions": 113,
        "deletions": 59,
        "date": "2019-10-14",
        "commitResults": [
          {
            "hash": "732f665e34ec05d2775f48b5bb0a1267ae6eea6a",
            "messageTitle": "Remove tags from the parent Food class",
            "messageBody": "",
            "insertions": 14,
            "deletions": 17
          },
          {
            "hash": "eb6ab167def871ad5fc5eab20497b3c79e84c1ce",
            "messageTitle": "Removing tags from Food dependencies",
            "messageBody": "",
            "insertions": 26,
            "deletions": 20
          },
          {
            "hash": "327a40a212c88c719392e0d35a6901ae251bc9a2",
            "messageTitle": "Remove obsolete imports in Food class",
            "messageBody": "",
            "insertions": 0,
            "deletions": 5
          },
          {
            "hash": "531aa26f0f690733c0b64bf4dfdf3de80d55aea9",
            "messageTitle": "Adhere to checkstyle",
            "messageBody": "",
            "insertions": 4,
            "deletions": 4
          },
          {
            "hash": "3ac4d40067518a49c76ae4efa8fd75168fca110d",
            "messageTitle": "Fix some more checkstyle issues",
            "messageBody": "",
            "insertions": 11,
            "deletions": 13
          },
          {
            "hash": "27301faccf131780ac55dc8aaec8c509b9d030db",
            "messageTitle": "Implement ShoppingItem class",
            "messageBody": "",
            "insertions": 58,
            "deletions": 0
          }
        ]
      },
      {
        "insertions": 1390,
        "deletions": 73,
        "date": "2019-10-16",
        "commitResults": [
          {
            "hash": "c0733ae1388eadd46bf6d6b722dc9a7f1abc340e",
            "messageTitle": "Change ShoppingItem class for better functionality",
            "messageBody": "",
            "insertions": 36,
            "deletions": 7
          },
          {
            "hash": "5cc959351b70f08e8fcaffb1f94cb45f1f178d35",
            "messageTitle": "Implement all Shopping Command classes",
            "messageBody": "",
            "insertions": 455,
            "deletions": 0
          },
          {
            "hash": "7512f7bbca5aa6ade0d78cf13adf0c1b0d9c5f8b",
            "messageTitle": "Implement Shopping Parser classes",
            "messageBody": "",
            "insertions": 189,
            "deletions": 0
          },
          {
            "hash": "847e375abba1ab05143be930d3e88b74ef0a5780",
            "messageTitle": "Implement Shopping Item Exceptions",
            "messageBody": "",
            "insertions": 21,
            "deletions": 0
          },
          {
            "hash": "60de99966df117e999ab7d3697cc909d28a39aea",
            "messageTitle": "Implement ReadOnlyShoppingList, ShoppingList, and UniqueShoppingList",
            "messageBody": "",
            "insertions": 274,
            "deletions": 0
          },
          {
            "hash": "6b32847cae733b5269885c99473fdaebc6dd2b76",
            "messageTitle": "Provide storage functionality for shopping Items in iFridge",
            "messageBody": "",
            "insertions": 268,
            "deletions": 0
          },
          {
            "hash": "2ff2f042546beeddb2fd4a9d68f48e1f80cf9753",
            "messageTitle": "Change package names to adhere to checkstyle",
            "messageBody": "",
            "insertions": 21,
            "deletions": 40
          },
          {
            "hash": "681f13b33cad6924694a41fb83e6e2d28e906a63",
            "messageTitle": "Make AddShoppingCommand and BoughtShoppingCommand adhere to checkstyle",
            "messageBody": "",
            "insertions": 8,
            "deletions": 5
          },
          {
            "hash": "9db6bac758fc41ca99653af961213b021625f808",
            "messageTitle": "Make EditShoppingCommand adhere to checkstyle",
            "messageBody": "",
            "insertions": 4,
            "deletions": 2
          },
          {
            "hash": "d8be39fe3569a110a7aa8f2ab4c8703b0521f68f",
            "messageTitle": "Make sure all files end with newline",
            "messageBody": "",
            "insertions": 3,
            "deletions": 3
          },
          {
            "hash": "4787392cd8906411ffe97dfc2ce4a2ac783b2798",
            "messageTitle": "Fix all checkstyle issues",
            "messageBody": "",
            "insertions": 30,
            "deletions": 16
          },
          {
            "hash": "ccc9bd2f4e523ade3353f020338f8b51d6378a6b",
            "messageTitle": "Implement ShoppingListParser",
            "messageBody": "",
            "insertions": 81,
            "deletions": 0
          }
        ]
      },
      {
        "insertions": 871,
        "deletions": 80,
        "date": "2019-10-17",
        "commitResults": [
          {
            "hash": "01b0c84588a5bc41c9b1c65900c1eacfd9f5155c",
            "messageTitle": "Integrate Shopping List into Model",
            "messageBody": "",
            "insertions": 132,
            "deletions": 2
          },
          {
            "hash": "abb3af0223c03caad96689a9b3c6ceddce45f62a",
            "messageTitle": "Add ShoppingListParser to IFridgeParser",
            "messageBody": "",
            "insertions": 3,
            "deletions": 0
          },
          {
            "hash": "7c9bfcab26182a814cd770f66273351426b8572d",
            "messageTitle": "Integrate ShoppingItem into Logic",
            "messageBody": "",
            "insertions": 34,
            "deletions": 0
          },
          {
            "hash": "2ab1e55323b090d224947622ffc66dcd636c35ce",
            "messageTitle": "Make ShoppingCommands work with new model",
            "messageBody": "",
            "insertions": 54,
            "deletions": 42
          },
          {
            "hash": "76933ca2e1a34c4cdfdb45250fc913146e126381",
            "messageTitle": "Integrate ShoppingItem into Storage",
            "messageBody": "",
            "insertions": 105,
            "deletions": 4
          },
          {
            "hash": "967a8cbbd907f4657d0746c305d57ed68f97cc91",
            "messageTitle": "Integrate ShoppingItem into UI",
            "messageBody": "",
            "insertions": 184,
            "deletions": 2
          },
          {
            "hash": "34a47dc92e0d8b58b6040e9ec00e936dd921d102",
            "messageTitle": "Integrate ShoppingItems into Test",
            "messageBody": "",
            "insertions": 348,
            "deletions": 20
          },
          {
            "hash": "02d434c9d2a0daf90f03a29962bd18a3c542d36d",
            "messageTitle": "Fix bug in storage",
            "messageBody": "",
            "insertions": 11,
            "deletions": 10
          }
        ]
      }
    ],
    "teika97": [
      {
        "insertions": 192,
        "deletions": 51,
        "date": "2019-10-03",
        "commitResults": [
          {
            "hash": "68e9fa0458b0c026d0b8105d6680fb65537cdbef",
            "messageTitle": "Update ContactUs, ABoutUs, DeveloperGuide, UserGuide",
            "messageBody": "",
            "insertions": 58,
            "deletions": 40
          },
          {
            "hash": "65b6c6c9cb63b1b4182fcdd5ea72e500af79fa3b",
            "messageTitle": "Update UserGuide with template list management",
            "messageBody": "",
            "insertions": 123,
            "deletions": 0
          },
          {
            "hash": "6683813c292d734f7aea5c9e3e638588e1e0c4d0",
            "messageTitle": "Add new line at EOF",
            "messageBody": "",
            "insertions": 4,
            "deletions": 4
          },
          {
            "hash": "83ca5497f95c5323993029631284992ebb46f7e9",
            "messageTitle": "Update DeveloperGuide with use case for delete person",
            "messageBody": "",
            "insertions": 7,
            "deletions": 7
          }
        ]
      },
      {
        "insertions": 163,
        "deletions": 11,
        "date": "2019-10-10",
        "commitResults": [
          {
            "hash": "481cb89bc26d1335220935ded259e91095f95bff",
            "messageTitle": "Add Amount class, AmountTest class, Amount prefix",
            "messageBody": "",
            "insertions": 152,
            "deletions": 0
          },
          {
            "hash": "f90a21213febe31b572acc3f6f2483a0e2ce3280",
            "messageTitle": "Edit to fix checkStyle errors",
            "messageBody": "",
            "insertions": 11,
            "deletions": 11
          }
        ]
      },
      {
        "insertions": 4881,
        "deletions": 149,
        "date": "2019-10-16",
        "commitResults": [
          {
            "hash": "dd0b50a46b25ecba0f9a3068e1b9ea2392ffee1e",
            "messageTitle": "Edit to include Template and TemplateList, tests not covered, not integrated",
            "messageBody": "",
            "insertions": 4178,
            "deletions": 30
          },
          {
            "hash": "a9c4d2024bba647df7e332443f9a494a0308be49",
            "messageTitle": "Integrate TemplateList into master",
            "messageBody": "",
            "insertions": 586,
            "deletions": 103
          },
          {
            "hash": "2f32488e79788662c0ab76ac6a382009b6c20945",
            "messageTitle": "Edit EditTemplateListCommand to include the list of TemplateItems inside the toBeEdited template",
            "messageBody": "",
            "insertions": 34,
            "deletions": 10
          },
          {
            "hash": "a4f11a89cdd800ab8c5a9a8e9de6e6387e7df99b",
            "messageTitle": "Replace JsonAdaptedTemplate class with JsonSerializableTemplate which also saves the template items in the templates into Json format as compared to only the name",
            "messageBody": "",
            "insertions": 83,
            "deletions": 6
          }
        ]
      },
      {
        "insertions": 350,
        "deletions": 184,
        "date": "2019-10-17",
        "commitResults": [
          {
            "hash": "ee08ce09fa52f238c4120475d7d85f0ed9e9068d",
            "messageTitle": "Integrate templateItem commands partially",
            "messageBody": "",
            "insertions": 255,
            "deletions": 80
          },
          {
            "hash": "09c78da91126e39ca61a4e85b7b6a9107ea2b46c",
            "messageTitle": "Edit for Checkstyle violations",
            "messageBody": "",
            "insertions": 92,
            "deletions": 101
          },
          {
            "hash": "4042567680412eff9e3e6de88d015792644612eb",
            "messageTitle": "Resolve checkStyle violations",
            "messageBody": "",
            "insertions": 1,
            "deletions": 1
          },
          {
            "hash": "7884d998e2672c543e3d6753bac6021382f3bc3c",
            "messageTitle": "Resolve checkStyle violations",
            "messageBody": "",
            "insertions": 2,
            "deletions": 2
          }
        ]
      }
    ],
    "kelvinnharris": [
      {
        "insertions": 1,
        "deletions": 1,
        "date": "2019-09-27",
        "commitResults": [
          {
            "hash": "d506aab1c5a0fc031fa18d17eeaffda34f4d1859",
            "messageTitle": "Remove codacy badge from README",
            "messageBody": "",
            "insertions": 1,
            "deletions": 1
          }
        ]
      },
      {
        "insertions": 75,
        "deletions": 5,
        "date": "2019-10-01",
        "commitResults": [
          {
            "hash": "d38191d73f8995426efe8b53be943b756b6ae1bb",
            "messageTitle": "Update status badges",
            "messageBody": "",
            "insertions": 1,
            "deletions": 5
          },
          {
            "hash": "2f82d4c9eefa9e68213cb96fbe985119d886e7a6",
            "messageTitle": "Update user guide",
            "messageBody": "",
            "insertions": 74,
            "deletions": 0
          }
        ]
      },
      {
        "insertions": 20,
        "deletions": 8,
        "date": "2019-10-03",
        "commitResults": [
          {
            "hash": "e580d67f5c1f81dbf5480c8c3419926656e70bff",
            "messageTitle": "Update user guide and use case",
            "messageBody": "",
            "insertions": 20,
            "deletions": 8
          }
        ]
      },
      {
        "insertions": 57,
        "deletions": 29,
        "date": "2019-10-09",
        "commitResults": [
          {
            "hash": "3ba14d93e513deb64739db93374af27e40bf92fd",
            "messageTitle": "UserGuide: Remove redundant grocery list features",
            "messageBody": "",
            "insertions": 57,
            "deletions": 29
          }
        ]
      },
      {
        "insertions": 114,
        "deletions": 0,
        "date": "2019-10-12",
        "commitResults": [
          {
            "hash": "6a20a220dff6bbc0b3f96d3118ca32a5c142a55f",
            "messageTitle": "Add ExpiryDate class, ExpiryDateTest class and ExpiryDate prefix",
            "messageBody": "",
            "insertions": 114,
            "deletions": 0
          }
        ]
      },
      {
        "insertions": 817,
        "deletions": 785,
        "date": "2019-10-13",
        "commitResults": [
          {
            "hash": "c6ff9588025d8ea533f777c89802cb5d55487e13",
            "messageTitle": "Implement Food class and GroceryItem class, ignore failing test cases",
            "messageBody": "",
            "insertions": 817,
            "deletions": 785
          }
        ]
      },
      {
        "insertions": 662,
        "deletions": 83,
        "date": "2019-10-14",
        "commitResults": [
          {
            "hash": "600813b3ee7430f8001baeffea82fdb7c19406e7",
            "messageTitle": "Add commands.grocerylist package",
            "messageBody": "",
            "insertions": 662,
            "deletions": 83
          }
        ]
      },
      {
        "insertions": 589,
        "deletions": 13,
        "date": "2019-10-15",
        "commitResults": [
          {
            "hash": "3985707ec9646e4d73da78758e955846ce9c412a",
            "messageTitle": "Implement IfridgeParser class and features (add, delete, edit and list) for GroceryList",
            "messageBody": "",
            "insertions": 589,
            "deletions": 13
          }
        ]
      },
      {
        "insertions": 141,
        "deletions": 476,
        "date": "2019-10-17",
        "commitResults": [
          {
            "hash": "d16ef3917daf7ca3575a88bdc767014e215d0eac",
            "messageTitle": "Add \u0027use\u0027 functionality for grocery list",
            "messageBody": "",
            "insertions": 120,
            "deletions": 407
          },
          {
            "hash": "ed7c36b40d5efed65822f95627e6cecdc45d3f4f",
            "messageTitle": "Modify UI to show attributes of grocery list",
            "messageBody": "",
            "insertions": 14,
            "deletions": 3
          },
          {
            "hash": "130ecb0a285143240f99f1efb4cdcad649aaffc3",
            "messageTitle": "Fix checkstyle issues",
            "messageBody": "",
            "insertions": 3,
            "deletions": 7
          },
          {
            "hash": "de3290164ba5b287f489905bbf926c44fb89fb62",
            "messageTitle": "Fix checkstyle issues 2",
            "messageBody": "",
            "insertions": 4,
            "deletions": 59
          }
        ]
      },
      {
        "insertions": 60,
        "deletions": 64,
        "date": "2019-10-18",
        "commitResults": [
          {
            "hash": "73192b85dafd7461c678cd9fa9d6c51dc315d291",
            "messageTitle": "Update user guide and sample data for grocery list",
            "messageBody": "",
            "insertions": 58,
            "deletions": 63
          },
          {
            "hash": "09f481aa266c4ad87700609315ec1411ea3203cd",
            "messageTitle": "Fix checkstyle issues",
            "messageBody": "",
            "insertions": 2,
            "deletions": 1
          }
        ]
      }
    ],
    "zhangxuan97": [
      {
        "insertions": 64,
        "deletions": 334,
        "date": "2019-09-30",
        "commitResults": [
          {
            "hash": "8f65ce094e553ef3bcd39e17c9f704f4a81ad16b",
            "messageTitle": "Tutorial 2: Complete Address refactoring",
            "messageBody": "",
            "insertions": 64,
            "deletions": 334
          }
        ]
      },
      {
        "insertions": 67,
        "deletions": 4,
        "date": "2019-10-01",
        "commitResults": [
          {
            "hash": "34f417f905746c9e23b111f3f28249f9e9ab73db",
            "messageTitle": "Update Ui mockup and user guide",
            "messageBody": "",
            "insertions": 67,
            "deletions": 4
          }
        ]
      },
      {
        "insertions": 84,
        "deletions": 126,
        "date": "2019-10-03",
        "commitResults": [
          {
            "hash": "e61aeee1f4754d6869ba0b370fc5b93cea245864",
            "messageTitle": "DeveloperGuide: Update user stories, use case UserGuide: Reformat Update Ui Mockup",
            "messageBody": "",
            "insertions": 76,
            "deletions": 124
          },
          {
            "hash": "94842d83207d3b026380be524f72bdc4d9a28272",
            "messageTitle": "Update UserGuide",
            "messageBody": "",
            "insertions": 2,
            "deletions": 2
          },
          {
            "hash": "7a5cb04908a7d685f291f63b54f13e801a57e70a",
            "messageTitle": "Update UserGuide: Add feature `wlist food`",
            "messageBody": "",
            "insertions": 6,
            "deletions": 0
          }
        ]
      },
      {
        "insertions": 4,
        "deletions": 23,
        "date": "2019-10-10",
        "commitResults": [
          {
            "hash": "11b7214081061f5506edc0edf68cfaf5ced43b3e",
            "messageTitle": "Fix checkstyle test",
            "messageBody": "",
            "insertions": 1,
            "deletions": 4
          },
          {
            "hash": "90b51822dc8b5835f5b683d7e4b02012e005ff89",
            "messageTitle": "Fix test issues",
            "messageBody": "",
            "insertions": 3,
            "deletions": 19
          }
        ]
      },
      {
        "insertions": 895,
        "deletions": 48,
        "date": "2019-10-15",
        "commitResults": [
          {
            "hash": "09f627d7ce8846de34de11bba6084e4eb27444a3",
            "messageTitle": "Implement partial command and parser for waste list",
            "messageBody": "",
            "insertions": 468,
            "deletions": 2
          },
          {
            "hash": "f65c209b33af2226abf70ef1ff6f4a13c89e2324",
            "messageTitle": "Add ui classes for waste list",
            "messageBody": "",
            "insertions": 109,
            "deletions": 2
          },
          {
            "hash": "4158271b466907502b8387f1d5b5a07dcd5c12cc",
            "messageTitle": "Add natty support for waste month",
            "messageBody": "",
            "insertions": 69,
            "deletions": 12
          },
          {
            "hash": "062c8bc6e0d8ab4575ce562d5ae47752c61c53cc",
            "messageTitle": "Remove lines pertaining to waste list from model manager",
            "messageBody": "",
            "insertions": 1,
            "deletions": 4
          },
          {
            "hash": "da512d58d358b2ef1b449a72157a7ce9e3dc8dec",
            "messageTitle": "Included skeleton for command execute implementations.",
            "messageBody": "",
            "insertions": 61,
            "deletions": 3
          },
          {
            "hash": "d52e2f2450ed63daadd63ffa58f5d409a37c7d54",
            "messageTitle": "Fix checkstyle issues",
            "messageBody": "",
            "insertions": 50,
            "deletions": 20
          },
          {
            "hash": "633b86776f61ddc68ca519b6a5b48a6fc10e31e3",
            "messageTitle": "Minor changes to waste list storage",
            "messageBody": "",
            "insertions": 137,
            "deletions": 5
          }
        ]
      },
      {
        "insertions": 185,
        "deletions": 29,
        "date": "2019-10-16",
        "commitResults": [
          {
            "hash": "31b5413c9ad2e1109422bf16ab05a490c19a4529",
            "messageTitle": "Fix checkstyle",
            "messageBody": "",
            "insertions": 11,
            "deletions": 1
          },
          {
            "hash": "021019b20fe10b579e4f0483246f52ee7cf875c2",
            "messageTitle": "Add sample data for waste list",
            "messageBody": "",
            "insertions": 174,
            "deletions": 28
          }
        ]
      },
      {
        "insertions": 908,
        "deletions": 194,
        "date": "2019-10-17",
        "commitResults": [
          {
            "hash": "d62060d403aa59283e538052828e1868a18ca829",
            "messageTitle": "Integrated waste list. Storage not yet complete.",
            "messageBody": "",
            "insertions": 766,
            "deletions": 86
          },
          {
            "hash": "ab9f7e17d40fd8f293906473729b95cb368837fd",
            "messageTitle": "Fix checkstyle for both main and test",
            "messageBody": "",
            "insertions": 122,
            "deletions": 101
          },
          {
            "hash": "7033a19de79d560f92ac9c3084c50ca68fc8218d",
            "messageTitle": "Update GroceryItem fxml to display attributes in separate lines",
            "messageBody": "",
            "insertions": 3,
            "deletions": 3
          },
          {
            "hash": "2fbb19fa7eb9936f1960f143d2ccd58302fc0621",
            "messageTitle": "fix month parsing for waste list",
            "messageBody": "",
            "insertions": 10,
            "deletions": 4
          },
          {
            "hash": "ea671a352ee10ed3ffdf66b680ec920c77315065",
            "messageTitle": "Fix issue exit and help command issues",
            "messageBody": "",
            "insertions": 7,
            "deletions": 0
          }
        ]
      },
      {
        "insertions": 262,
        "deletions": 71,
        "date": "2019-10-18",
        "commitResults": [
          {
            "hash": "31f7265ee2648f01e15dfc68997971fb01e97f7d",
            "messageTitle": "Modify delete command to add deleted grocery item to waste list",
            "messageBody": "",
            "insertions": 86,
            "deletions": 21
          },
          {
            "hash": "847fae2e21805bda24b37d23e23667134232cfed",
            "messageTitle": "Modify delete command: only move to waste list if amount is not fully used",
            "messageBody": "",
            "insertions": 6,
            "deletions": 2
          },
          {
            "hash": "69b74730701558ed3302cad601fd4caf45741376",
            "messageTitle": "Minor update to waste list",
            "messageBody": "",
            "insertions": 4,
            "deletions": 2
          },
          {
            "hash": "dee83fcff9433502ae1053274065cf92409f5839",
            "messageTitle": "Implemented Waste List Storage classes. Not integrated.",
            "messageBody": "",
            "insertions": 107,
            "deletions": 14
          },
          {
            "hash": "80443352888a1dff9f67eba9d487e77852af8b5e",
            "messageTitle": "Update JsonWasteListStorage to read and save file correctly",
            "messageBody": "",
            "insertions": 25,
            "deletions": 22
          },
          {
            "hash": "cde80c09be16e8e4b28dcde5ff5febaf95d44755",
            "messageTitle": "Update classes to return correct waste list model",
            "messageBody": "",
            "insertions": 34,
            "deletions": 10
          }
        ]
      },
      {
        "insertions": 244,
        "deletions": 91,
        "date": "2019-10-19",
        "commitResults": [
          {
            "hash": "56ab865566f7fb8256d089f1759be4dad46f3e5a",
            "messageTitle": "Improve integration for waste archive",
            "messageBody": "",
            "insertions": 179,
            "deletions": 41
          },
          {
            "hash": "40008124e09f40ef3bd417b265baa232fcd0b89d",
            "messageTitle": "waste list can now read and write from json files",
            "messageBody": "",
            "insertions": 33,
            "deletions": 33
          },
          {
            "hash": "52f0161b532248e7e8da9d180c9598bbd10fe373",
            "messageTitle": "Fix checkstyle issues",
            "messageBody": "",
            "insertions": 32,
            "deletions": 17
          }
        ]
      }
    ]
  },
  "authorFinalContributionMap": {
    "evelynejuliet": 1251,
    "ManasVegi": 2231,
    "teika97": 5161,
    "kelvinnharris": 1775,
    "zhangxuan97": 2242
  },
  "authorFileTypeContributionMap": {
    "evelynejuliet": {
      "docs": 77,
      "tests": 86,
      "functional": 1088
    },
    "ManasVegi": {
      "docs": 81,
      "tests": 317,
      "functional": 1833
    },
    "teika97": {
      "docs": 148,
      "tests": 2330,
      "functional": 2683
    },
    "kelvinnharris": {
      "docs": 150,
      "tests": 484,
      "functional": 1141
    },
    "zhangxuan97": {
      "docs": 124,
      "tests": 435,
      "functional": 1680,
      "other": 3
    }
  },
  "authorContributionVariance": {
    "evelynejuliet": 19819.254,
    "ManasVegi": 72796.555,
    "teika97": 565054.0,
    "kelvinnharris": 80541.87,
    "zhangxuan97": 51837.875
  },
  "authorDisplayNameMap": {
    "evelynejuliet": "CS2103-F10-2 EVELY ... ULIET",
    "ManasVegi": "CS2103-F10-2 VEGI  ... MANAS",
    "teika97": "CS2103-F10-2 TIE Y ... HLEEN",
    "kelvinnharris": "CS2103-F10-2 KELVI ... ARRIS",
    "zhangxuan97": "CS2103-F10-2 ZHANG ...  XUAN"
  }
}
