{
  "authorDailyContributionsMap": {
    "minpyaemoe": [
      {
        "insertions": 218,
        "deletions": 16,
        "date": "2019-09-27",
        "commitResults": [
          {
            "hash": "d67b6a417bab11530acc79813d480cf8188e1af8",
            "messageTitle": "updated use cases",
            "messageBody": "",
            "insertions": 203,
            "deletions": 7
          },
          {
            "hash": "837dbd93dd07348359805a12dd7cfef7d001d84c",
            "messageTitle": "fixed the indexing",
            "messageBody": "",
            "insertions": 12,
            "deletions": 6
          },
          {
            "hash": "09a045af8c3df652d79af5ef88eac6317ea5b2e2",
            "messageTitle": "changed budget goal to budget",
            "messageBody": "",
            "insertions": 3,
            "deletions": 3
          }
        ]
      },
      {
        "insertions": 62,
        "deletions": 0,
        "date": "2019-10-11",
        "commitResults": [
          {
            "hash": "8696ad41a08dedfd6fd65e2f9351ec70c149eefa",
            "messageTitle": " Added Reminder class",
            "messageBody": "",
            "insertions": 62,
            "deletions": 0
          }
        ]
      },
      {
        "insertions": 29,
        "deletions": 183,
        "date": "2019-10-16",
        "commitResults": [
          {
            "hash": "e7dfffdf0069fc542469e865fc32ec97fc56c4a7",
            "messageTitle": "updating help command which includes short cut",
            "messageBody": "",
            "insertions": 29,
            "deletions": 183
          }
        ]
      }
    ],
    "jonathantjendana": [
      {
        "insertions": 200,
        "deletions": 113,
        "date": "2019-09-27",
        "commitResults": [
          {
            "hash": "2a690693dcbc69802cd599c3c7a42f93f47d7182",
            "messageTitle": "Update user guide",
            "messageBody": "",
            "insertions": 189,
            "deletions": 101
          },
          {
            "hash": "0d57e79be5e804f539b0cfde6e4c1bc402c3ffaf",
            "messageTitle": "Address formatting issues",
            "messageBody": "",
            "insertions": 2,
            "deletions": 2
          },
          {
            "hash": "2323566ef403f99ce0d198dbcbeff12c391bfbd8",
            "messageTitle": "updated NFR and Glossary",
            "messageBody": "",
            "insertions": 6,
            "deletions": 7
          },
          {
            "hash": "862b74fef77243231c426ab13ade97ebb43356fa",
            "messageTitle": "added punctuation marks to DG",
            "messageBody": "",
            "insertions": 2,
            "deletions": 2
          },
          {
            "hash": "929d6693f10071afd13da11389ac124e6c53668f",
            "messageTitle": "added punctuation for Glossary",
            "messageBody": "",
            "insertions": 1,
            "deletions": 1
          }
        ]
      },
      {
        "insertions": 57,
        "deletions": 0,
        "date": "2019-10-10",
        "commitResults": [
          {
            "hash": "600f86ebc1651a0f43810384911a4993a5200db4",
            "messageTitle": "Added ImportCommand class",
            "messageBody": "",
            "insertions": 57,
            "deletions": 0
          }
        ]
      },
      {
        "insertions": 7,
        "deletions": 0,
        "date": "2019-10-11",
        "commitResults": [
          {
            "hash": "bd6f427189af14f6c4121347936dc39de9a4ba47",
            "messageTitle": "update tests for import command",
            "messageBody": "",
            "insertions": 7,
            "deletions": 0
          }
        ]
      },
      {
        "insertions": 277,
        "deletions": 377,
        "date": "2019-10-17",
        "commitResults": [
          {
            "hash": "fb0428c30ba09420eda0dcd8dd3b02aecf4fb7b2",
            "messageTitle": "Refactor Email to Remark",
            "messageBody": "",
            "insertions": 277,
            "deletions": 377
          }
        ]
      }
    ],
    "Nanosync": [
      {
        "insertions": 7,
        "deletions": 7,
        "date": "2019-09-07",
        "commitResults": [
          {
            "hash": "f286489f0d3a960869d34382d4bb16af5a5222f5",
            "messageTitle": "Test commit",
            "messageBody": "",
            "insertions": 1,
            "deletions": 0
          },
          {
            "hash": "1e663985a1ac73f22d3d6fb1a5f306eb1700dd51",
            "messageTitle": "Test commit for CI fix",
            "messageBody": "",
            "insertions": 1,
            "deletions": 1
          },
          {
            "hash": "c8f5150b6936d5d31043f07a177116d322a5dc2f",
            "messageTitle": "Updated README and removed test commit file",
            "messageBody": "",
            "insertions": 4,
            "deletions": 5
          },
          {
            "hash": "820a132c8112c965614055efc101103c9bad2ce4",
            "messageTitle": "Fixed appveyor badge",
            "messageBody": "",
            "insertions": 1,
            "deletions": 1
          }
        ]
      },
      {
        "insertions": 6,
        "deletions": 6,
        "date": "2019-09-17",
        "commitResults": [
          {
            "hash": "0b0d8d213d58e61ae64a96cf03d4c9bd70ab2d7f",
            "messageTitle": "Update site name, url and documentation",
            "messageBody": "",
            "insertions": 6,
            "deletions": 6
          }
        ]
      },
      {
        "insertions": 8,
        "deletions": 8,
        "date": "2019-09-24",
        "commitResults": [
          {
            "hash": "7e55f1bb23e97e445a36f7c8b9e7dc56a0d624d0",
            "messageTitle": "Implement codacy code coverage",
            "messageBody": "",
            "insertions": 7,
            "deletions": 0
          },
          {
            "hash": "ba3a1f7ea42dacbee680b983e89ad8dd119da3ed",
            "messageTitle": "Fix for coverage path",
            "messageBody": "",
            "insertions": 1,
            "deletions": 1
          },
          {
            "hash": "b259a8a72484405fa2d71ef105e1f5bb42e99b51",
            "messageTitle": "Remove broken codacy toolset",
            "messageBody": "",
            "insertions": 0,
            "deletions": 7
          }
        ]
      },
      {
        "insertions": 104,
        "deletions": 77,
        "date": "2019-09-27",
        "commitResults": [
          {
            "hash": "03b410f034ac43c093f90eefa710d4213e2b389b",
            "messageTitle": "Update gitignore to exclude IntelliJ project files",
            "messageBody": "",
            "insertions": 1,
            "deletions": 1
          },
          {
            "hash": "57b4e39d18624af0feb5cbea2a34c003156d2941",
            "messageTitle": "Update readme",
            "messageBody": "",
            "insertions": 8,
            "deletions": 5
          },
          {
            "hash": "5f5f176f8ccbe13a515676046b7521f900ae2538",
            "messageTitle": "Update Ui with mockup",
            "messageBody": "",
            "insertions": 0,
            "deletions": 0
          },
          {
            "hash": "c1cc99316e6f807de0512f47baff1073ec2aa80b",
            "messageTitle": "Update target user profile, value proposition and delete product survey",
            "messageBody": "",
            "insertions": 5,
            "deletions": 19
          },
          {
            "hash": "4ca4fc2553af2a03d80b58cff252b83d266fc3bb",
            "messageTitle": "Fix formatting warnings for use cases",
            "messageBody": "",
            "insertions": 12,
            "deletions": 12
          },
          {
            "hash": "8fead8e765141424b063f2a9c2a1286778fa1ce5",
            "messageTitle": "Fix use-case typo",
            "messageBody": "",
            "insertions": 1,
            "deletions": 1
          },
          {
            "hash": "61f1c18d1219596632e0b39bdbf37f6636b64cc2",
            "messageTitle": "Fix formatting consistency in Use Cases",
            "messageBody": "",
            "insertions": 26,
            "deletions": 28
          },
          {
            "hash": "c5cd3f51fd4e5ab7145635dfd1fec5f43257e8ec",
            "messageTitle": "Add reposense configuration",
            "messageBody": "",
            "insertions": 44,
            "deletions": 0
          },
          {
            "hash": "591c1736756fea31c63b82c0f8b2a06da2774cf4",
            "messageTitle": "Update product website and gradle config",
            "messageBody": "",
            "insertions": 4,
            "deletions": 7
          },
          {
            "hash": "5d845078fe4deb9de5edbda35413b70c8edd0fb8",
            "messageTitle": "Update responsibilities",
            "messageBody": "",
            "insertions": 2,
            "deletions": 2
          },
          {
            "hash": "8acaebdb679caa1ad3f2f9a0e746c871620bc223",
            "messageTitle": "Remove variable to adjust web navbar",
            "messageBody": "",
            "insertions": 1,
            "deletions": 2
          }
        ]
      },
      {
        "insertions": 7,
        "deletions": 13,
        "date": "2019-09-29",
        "commitResults": [
          {
            "hash": "104c9ff2237b88af1c99208fab201c40a91f8c0d",
            "messageTitle": "Update e-mail formatting",
            "messageBody": "",
            "insertions": 7,
            "deletions": 13
          }
        ]
      },
      {
        "insertions": 89,
        "deletions": 0,
        "date": "2019-10-11",
        "commitResults": [
          {
            "hash": "1587e5968b7f8964b651e655bbc875e9996f2a9e",
            "messageTitle": "Added base for NLP",
            "messageBody": "",
            "insertions": 89,
            "deletions": 0
          }
        ]
      },
      {
        "insertions": 455,
        "deletions": 348,
        "date": "2019-10-16",
        "commitResults": [
          {
            "hash": "05020b11c6d6835b7b8cfc48cdf5dcd53206dced",
            "messageTitle": "Fix regression in Spending",
            "messageBody": "",
            "insertions": 1,
            "deletions": 1
          },
          {
            "hash": "5deac5d744ddc6669456321e2544120869405f1b",
            "messageTitle": "Deprecate mm/dd/yyyy and support dd/mm/yyyy only",
            "messageBody": "",
            "insertions": 49,
            "deletions": 5
          },
          {
            "hash": "9d94cdf40e13ee9f8ad941fbde51861657c538ec",
            "messageTitle": "Updated DateUtil",
            "messageBody": "",
            "insertions": 37,
            "deletions": 9
          },
          {
            "hash": "3233b685a9b4c74149faebb1ccd5f2d7bae79859",
            "messageTitle": "Updated AddCommand to include date parsing, replace Phone to Date",
            "messageBody": "",
            "insertions": 323,
            "deletions": 317
          },
          {
            "hash": "3db3dc6fe1e53111e36a8122d6ac3b4a04eeef6a",
            "messageTitle": "Updated EditCommand message",
            "messageBody": "",
            "insertions": 1,
            "deletions": 1
          },
          {
            "hash": "d6907338d81985c779ed2f056c430712f7b98fe0",
            "messageTitle": "Changed UI elements",
            "messageBody": "",
            "insertions": 4,
            "deletions": 4
          },
          {
            "hash": "97cae650e24ba2564e8ac0ab6b163aa8005d3236",
            "messageTitle": "Address changes",
            "messageBody": "",
            "insertions": 5,
            "deletions": 5
          },
          {
            "hash": "8ae99bb6a9c75d3cb1f8b7e248f8eecb305c2ac7",
            "messageTitle": "Add attribution",
            "messageBody": "",
            "insertions": 3,
            "deletions": 0
          },
          {
            "hash": "922bfc300e5681298f573aee7558b040649a0c84",
            "messageTitle": "Removed redundant toString",
            "messageBody": "",
            "insertions": 1,
            "deletions": 1
          },
          {
            "hash": "b9763e64f6547a75bfed5e5d522114c12b9a7ffa",
            "messageTitle": "Fixed some edge cases",
            "messageBody": "",
            "insertions": 29,
            "deletions": 3
          },
          {
            "hash": "d4c8f4265d44dfa08e00ffd9415089be247afbd2",
            "messageTitle": "Fix variable name",
            "messageBody": "",
            "insertions": 1,
            "deletions": 1
          },
          {
            "hash": "1f322b3815cfdad64bd9bea2538487db32d42e5c",
            "messageTitle": "Fix variable name again",
            "messageBody": "",
            "insertions": 1,
            "deletions": 1
          }
        ]
      },
      {
        "insertions": 28,
        "deletions": 13,
        "date": "2019-10-17",
        "commitResults": [
          {
            "hash": "f18e0203ecf92768221544a91957e3f01b84f55e",
            "messageTitle": "Refactored date validation",
            "messageBody": "",
            "insertions": 22,
            "deletions": 8
          },
          {
            "hash": "a3dbe4e9ff4a45c22e84ba1b38bd7027e1ca2db2",
            "messageTitle": "Update tests to increase coverage",
            "messageBody": "",
            "insertions": 6,
            "deletions": 5
          }
        ]
      }
    ],
    "choongyx": [
      {
        "insertions": 77,
        "deletions": 61,
        "date": "2019-09-27",
        "commitResults": [
          {
            "hash": "05a75749d16055100747d789411fb0e648694b33",
            "messageTitle": "Updated AboutUs and ContactUs",
            "messageBody": "",
            "insertions": 33,
            "deletions": 26
          },
          {
            "hash": "1237d9c1e4671f6ff72a8a14cdff85c873b03247",
            "messageTitle": "Delete unused photos, Add new line to documentations",
            "messageBody": "",
            "insertions": 11,
            "deletions": 11
          },
          {
            "hash": "e2aaa8f46649fe1980199722b6840bd7ef75d4c3",
            "messageTitle": "Update AboutUs, ContactUs formatting",
            "messageBody": "",
            "insertions": 20,
            "deletions": 16
          },
          {
            "hash": "57255f9611acbef3479458011c42ed9f05608fff",
            "messageTitle": "Add new line between roles",
            "messageBody": "",
            "insertions": 5,
            "deletions": 0
          },
          {
            "hash": "e93b19591d790db3f0885bc27ff8d29c641f7df1",
            "messageTitle": "Correct typo in link",
            "messageBody": "",
            "insertions": 1,
            "deletions": 1
          },
          {
            "hash": "aecb0fd906fffdab6e42a0649ba6f706114b288a",
            "messageTitle": "Update About Us and Contact Us formatting",
            "messageBody": "",
            "insertions": 6,
            "deletions": 6
          },
          {
            "hash": "45d2e9a22f70cc3c723d4a96395dfb67a64ee437",
            "messageTitle": "Update issue tracker link",
            "messageBody": "",
            "insertions": 1,
            "deletions": 1
          }
        ]
      },
      {
        "insertions": 98,
        "deletions": 51,
        "date": "2019-09-28",
        "commitResults": [
          {
            "hash": "eb5d3b0d92348f58194f758ee2db69b4ccbdbaaa",
            "messageTitle": "Update About Us, User Guide, Developer Guide",
            "messageBody": "",
            "insertions": 98,
            "deletions": 51
          }
        ]
      },
      {
        "insertions": 58,
        "deletions": 0,
        "date": "2019-10-10",
        "commitResults": [
          {
            "hash": "3c25cf18827c42cbf1646d28da444cee3892d34e",
            "messageTitle": "Add new StatsCommand class",
            "messageBody": "",
            "insertions": 20,
            "deletions": 0
          },
          {
            "hash": "cf97f27996277e18986a3695b418ea34e61737b4",
            "messageTitle": "Add tests for StatsCommand to increase coverage",
            "messageBody": "",
            "insertions": 35,
            "deletions": 0
          },
          {
            "hash": "005f5cc2ed63b87d8eafc093e647e159ab2c4ad4",
            "messageTitle": "Add comments to test",
            "messageBody": "",
            "insertions": 3,
            "deletions": 0
          }
        ]
      },
      {
        "insertions": 302,
        "deletions": 278,
        "date": "2019-10-16",
        "commitResults": [
          {
            "hash": "d87e9205285327a2a62950620e28b64b6d9d4b7b",
            "messageTitle": "Update StatsCommand Logic and Test to enable calculation of total cost",
            "messageBody": "",
            "insertions": 33,
            "deletions": 9
          },
          {
            "hash": "1c93db33b67a3f1ac116a624ce52c8f6b142369d",
            "messageTitle": "Fix Checkstyle errors",
            "messageBody": "",
            "insertions": 6,
            "deletions": 5
          },
          {
            "hash": "47933f79c86c1e87b86885f7a06a4ffc16063798",
            "messageTitle": "Refactor Address to Cost",
            "messageBody": "",
            "insertions": 243,
            "deletions": 244
          },
          {
            "hash": "5273f3db3070b4551b6b5e0708b587dcf0dd74d7",
            "messageTitle": "Update syntax",
            "messageBody": "",
            "insertions": 1,
            "deletions": 1
          },
          {
            "hash": "538bb8d41e5eac5d323e8f32d101de2e559bb6fe",
            "messageTitle": "Update changes based on reviews",
            "messageBody": "",
            "insertions": 13,
            "deletions": 13
          },
          {
            "hash": "8e8b5d27e55401c2267976fa1788a2e53721785b",
            "messageTitle": "Resolve some errors with refactoring",
            "messageBody": "",
            "insertions": 6,
            "deletions": 6
          }
        ]
      },
      {
        "insertions": 10,
        "deletions": 6,
        "date": "2019-10-17",
        "commitResults": [
          {
            "hash": "9a0632b28d62e86a7d09275c30836b805e46c3db",
            "messageTitle": "Add $ to Cost in SpendingCard",
            "messageBody": "",
            "insertions": 1,
            "deletions": 1
          },
          {
            "hash": "6421c172a4d4976870c9715ff66f572ae29a131f",
            "messageTitle": "Update Cost Constraint and tests",
            "messageBody": "",
            "insertions": 8,
            "deletions": 4
          },
          {
            "hash": "9966121d2ac104b9aa3b316260e720fa4dec626e",
            "messageTitle": "Update bug with regards to Cost",
            "messageBody": "",
            "insertions": 1,
            "deletions": 1
          }
        ]
      }
    ],
    "austinsantoso": [
      {
        "insertions": 57,
        "deletions": 9,
        "date": "2019-09-27",
        "commitResults": [
          {
            "hash": "92064f49658be7376cf12ee2c3d1c9ea6a86ec6e",
            "messageTitle": "add Appendix B of developer guide",
            "messageBody": "add Appendix B user stories for developer guide",
            "insertions": 54,
            "deletions": 6
          },
          {
            "hash": "53da707457a4b115c6130b282de8f06d647f505f",
            "messageTitle": "change Appendix B Developer Guide",
            "messageBody": "fixed typos in Appendix B: User Story of Developer Guide",
            "insertions": 3,
            "deletions": 3
          }
        ]
      },
      {
        "insertions": 1218,
        "deletions": 1213,
        "date": "2019-10-11",
        "commitResults": [
          {
            "hash": "ecf44a406840a453c4757d1b0d13a57e61b7b0ef",
            "messageTitle": "Rename Person to Spending",
            "messageBody": "renamed person class to Spending class, along with tests and instances",
            "insertions": 1218,
            "deletions": 1213
          }
        ]
      }
    ]
  },
  "authorFinalContributionMap": {
    "minpyaemoe": 233,
    "jonathantjendana": 493,
    "Nanosync": 584,
    "choongyx": 404,
    "austinsantoso": 1126
  },
  "authorFileTypeContributionMap": {
    "minpyaemoe": {
      "docs": 142,
      "tests": 43,
      "functional": 48
    },
    "jonathantjendana": {
      "docs": 156,
      "tests": 201,
      "functional": 136
    },
    "Nanosync": {
      "docs": 69,
      "tests": 192,
      "functional": 269,
      "other": 54
    },
    "choongyx": {
      "docs": 118,
      "tests": 175,
      "functional": 111
    },
    "austinsantoso": {
      "docs": 53,
      "tests": 658,
      "functional": 415
    }
  },
  "authorContributionVariance": {
    "minpyaemoe": 2319.0378,
    "jonathantjendana": 11992.248,
    "Nanosync": 15600.952,
    "choongyx": 8575.764,
    "austinsantoso": 137277.72
  },
  "authorDisplayNameMap": {
    "minpyaemoe": "MIN P ... E MOE",
    "jonathantjendana": "JONAT ... NDANA",
    "Nanosync": "BENED ... G JUN",
    "choongyx": "CHOON ... G XIN",
    "austinsantoso": "AUSTI ... NTOSO"
  }
}
