{
  "authorDailyContributionsMap": {
    "minpyaemoe": [],
    "jonathantjendana": [],
    "Nanosync": [
      {
        "insertions": 7,
        "deletions": 7,
        "date": "2019-09-07",
        "commitResults": [
          {
            "hash": "f286489f0d3a960869d34382d4bb16af5a5222f5",
            "messageTitle": "Test commit",
            "messageBody": "",
            "insertions": 1,
            "deletions": 0
          },
          {
            "hash": "1e663985a1ac73f22d3d6fb1a5f306eb1700dd51",
            "messageTitle": "Test commit for CI fix",
            "messageBody": "",
            "insertions": 1,
            "deletions": 1
          },
          {
            "hash": "c8f5150b6936d5d31043f07a177116d322a5dc2f",
            "messageTitle": "Updated README and removed test commit file",
            "messageBody": "",
            "insertions": 4,
            "deletions": 5
          },
          {
            "hash": "820a132c8112c965614055efc101103c9bad2ce4",
            "messageTitle": "Fixed appveyor badge",
            "messageBody": "",
            "insertions": 1,
            "deletions": 1
          }
        ]
      },
      {
        "insertions": 6,
        "deletions": 6,
        "date": "2019-09-17",
        "commitResults": [
          {
            "hash": "0b0d8d213d58e61ae64a96cf03d4c9bd70ab2d7f",
            "messageTitle": "Update site name, url and documentation",
            "messageBody": "",
            "insertions": 6,
            "deletions": 6
          }
        ]
      }
    ],
    "choongyx": [],
    "austinsantoso": []
  },
  "authorFinalContributionMap": {
    "minpyaemoe": 0,
    "jonathantjendana": 0,
    "Nanosync": 10,
    "choongyx": 0,
    "austinsantoso": 0
  },
  "authorFileTypeContributionMap": {
    "minpyaemoe": {
      "docs": 0,
      "tests": 0,
      "functional": 0
    },
    "jonathantjendana": {
      "docs": 0,
      "tests": 0,
      "functional": 0
    },
    "Nanosync": {
      "docs": 8,
      "tests": 0,
      "functional": 0,
      "other": 2
    },
    "choongyx": {
      "docs": 0,
      "tests": 0,
      "functional": 0
    },
    "austinsantoso": {
      "docs": 0,
      "tests": 0,
      "functional": 0
    }
  },
  "authorContributionVariance": {
    "minpyaemoe": 0.0,
    "jonathantjendana": 0.0,
    "Nanosync": 23.638885,
    "choongyx": 0.0,
    "austinsantoso": 0.0
  },
  "authorDisplayNameMap": {
    "minpyaemoe": "CS2103T-F13-3 MIN P ... E MOE",
    "jonathantjendana": "CS2103T-F13-3 JONAT ... NDANA",
    "Nanosync": "CS2103T-F13-3 BENED ... G JUN",
    "choongyx": "CS2103T-F13-3 CHOON ... G XIN",
    "austinsantoso": "CS2103T-F13-3 AUSTI ... NTOSO"
  }
}
