{
  "authorDailyContributionsMap": {
    "minpyaemoe": [
      {
        "insertions": 218,
        "deletions": 16,
        "date": "2019-09-27",
        "commitResults": [
          {
            "hash": "d67b6a417bab11530acc79813d480cf8188e1af8",
            "messageTitle": "updated use cases",
            "messageBody": "",
            "insertions": 203,
            "deletions": 7
          },
          {
            "hash": "837dbd93dd07348359805a12dd7cfef7d001d84c",
            "messageTitle": "fixed the indexing",
            "messageBody": "",
            "insertions": 12,
            "deletions": 6
          },
          {
            "hash": "09a045af8c3df652d79af5ef88eac6317ea5b2e2",
            "messageTitle": "changed budget goal to budget",
            "messageBody": "",
            "insertions": 3,
            "deletions": 3
          }
        ]
      }
    ],
    "jonathantjendana": [
      {
        "insertions": 200,
        "deletions": 113,
        "date": "2019-09-27",
        "commitResults": [
          {
            "hash": "2a690693dcbc69802cd599c3c7a42f93f47d7182",
            "messageTitle": "Update user guide",
            "messageBody": "",
            "insertions": 189,
            "deletions": 101
          },
          {
            "hash": "0d57e79be5e804f539b0cfde6e4c1bc402c3ffaf",
            "messageTitle": "Address formatting issues",
            "messageBody": "",
            "insertions": 2,
            "deletions": 2
          },
          {
            "hash": "2323566ef403f99ce0d198dbcbeff12c391bfbd8",
            "messageTitle": "updated NFR and Glossary",
            "messageBody": "",
            "insertions": 6,
            "deletions": 7
          },
          {
            "hash": "862b74fef77243231c426ab13ade97ebb43356fa",
            "messageTitle": "added punctuation marks to DG",
            "messageBody": "",
            "insertions": 2,
            "deletions": 2
          },
          {
            "hash": "929d6693f10071afd13da11389ac124e6c53668f",
            "messageTitle": "added punctuation for Glossary",
            "messageBody": "",
            "insertions": 1,
            "deletions": 1
          }
        ]
      }
    ],
    "Nanosync": [
      {
        "insertions": 7,
        "deletions": 7,
        "date": "2019-09-07",
        "commitResults": [
          {
            "hash": "f286489f0d3a960869d34382d4bb16af5a5222f5",
            "messageTitle": "Test commit",
            "messageBody": "",
            "insertions": 1,
            "deletions": 0
          },
          {
            "hash": "1e663985a1ac73f22d3d6fb1a5f306eb1700dd51",
            "messageTitle": "Test commit for CI fix",
            "messageBody": "",
            "insertions": 1,
            "deletions": 1
          },
          {
            "hash": "c8f5150b6936d5d31043f07a177116d322a5dc2f",
            "messageTitle": "Updated README and removed test commit file",
            "messageBody": "",
            "insertions": 4,
            "deletions": 5
          },
          {
            "hash": "820a132c8112c965614055efc101103c9bad2ce4",
            "messageTitle": "Fixed appveyor badge",
            "messageBody": "",
            "insertions": 1,
            "deletions": 1
          }
        ]
      },
      {
        "insertions": 6,
        "deletions": 6,
        "date": "2019-09-17",
        "commitResults": [
          {
            "hash": "0b0d8d213d58e61ae64a96cf03d4c9bd70ab2d7f",
            "messageTitle": "Update site name, url and documentation",
            "messageBody": "",
            "insertions": 6,
            "deletions": 6
          }
        ]
      },
      {
        "insertions": 8,
        "deletions": 8,
        "date": "2019-09-24",
        "commitResults": [
          {
            "hash": "7e55f1bb23e97e445a36f7c8b9e7dc56a0d624d0",
            "messageTitle": "Implement codacy code coverage",
            "messageBody": "",
            "insertions": 7,
            "deletions": 0
          },
          {
            "hash": "ba3a1f7ea42dacbee680b983e89ad8dd119da3ed",
            "messageTitle": "Fix for coverage path",
            "messageBody": "",
            "insertions": 1,
            "deletions": 1
          },
          {
            "hash": "b259a8a72484405fa2d71ef105e1f5bb42e99b51",
            "messageTitle": "Remove broken codacy toolset",
            "messageBody": "",
            "insertions": 0,
            "deletions": 7
          }
        ]
      },
      {
        "insertions": 104,
        "deletions": 77,
        "date": "2019-09-27",
        "commitResults": [
          {
            "hash": "03b410f034ac43c093f90eefa710d4213e2b389b",
            "messageTitle": "Update gitignore to exclude IntelliJ project files",
            "messageBody": "",
            "insertions": 1,
            "deletions": 1
          },
          {
            "hash": "57b4e39d18624af0feb5cbea2a34c003156d2941",
            "messageTitle": "Update readme",
            "messageBody": "",
            "insertions": 8,
            "deletions": 5
          },
          {
            "hash": "5f5f176f8ccbe13a515676046b7521f900ae2538",
            "messageTitle": "Update Ui with mockup",
            "messageBody": "",
            "insertions": 0,
            "deletions": 0
          },
          {
            "hash": "c1cc99316e6f807de0512f47baff1073ec2aa80b",
            "messageTitle": "Update target user profile, value proposition and delete product survey",
            "messageBody": "",
            "insertions": 5,
            "deletions": 19
          },
          {
            "hash": "4ca4fc2553af2a03d80b58cff252b83d266fc3bb",
            "messageTitle": "Fix formatting warnings for use cases",
            "messageBody": "",
            "insertions": 12,
            "deletions": 12
          },
          {
            "hash": "8fead8e765141424b063f2a9c2a1286778fa1ce5",
            "messageTitle": "Fix use-case typo",
            "messageBody": "",
            "insertions": 1,
            "deletions": 1
          },
          {
            "hash": "61f1c18d1219596632e0b39bdbf37f6636b64cc2",
            "messageTitle": "Fix formatting consistency in Use Cases",
            "messageBody": "",
            "insertions": 26,
            "deletions": 28
          },
          {
            "hash": "c5cd3f51fd4e5ab7145635dfd1fec5f43257e8ec",
            "messageTitle": "Add reposense configuration",
            "messageBody": "",
            "insertions": 44,
            "deletions": 0
          },
          {
            "hash": "591c1736756fea31c63b82c0f8b2a06da2774cf4",
            "messageTitle": "Update product website and gradle config",
            "messageBody": "",
            "insertions": 4,
            "deletions": 7
          },
          {
            "hash": "5d845078fe4deb9de5edbda35413b70c8edd0fb8",
            "messageTitle": "Update responsibilities",
            "messageBody": "",
            "insertions": 2,
            "deletions": 2
          },
          {
            "hash": "8acaebdb679caa1ad3f2f9a0e746c871620bc223",
            "messageTitle": "Remove variable to adjust web navbar",
            "messageBody": "",
            "insertions": 1,
            "deletions": 2
          }
        ]
      },
      {
        "insertions": 7,
        "deletions": 13,
        "date": "2019-09-29",
        "commitResults": [
          {
            "hash": "104c9ff2237b88af1c99208fab201c40a91f8c0d",
            "messageTitle": "Update e-mail formatting",
            "messageBody": "",
            "insertions": 7,
            "deletions": 13
          }
        ]
      }
    ],
    "choongyx": [
      {
        "insertions": 77,
        "deletions": 61,
        "date": "2019-09-27",
        "commitResults": [
          {
            "hash": "05a75749d16055100747d789411fb0e648694b33",
            "messageTitle": "Updated AboutUs and ContactUs",
            "messageBody": "",
            "insertions": 33,
            "deletions": 26
          },
          {
            "hash": "1237d9c1e4671f6ff72a8a14cdff85c873b03247",
            "messageTitle": "Delete unused photos, Add new line to documentations",
            "messageBody": "",
            "insertions": 11,
            "deletions": 11
          },
          {
            "hash": "e2aaa8f46649fe1980199722b6840bd7ef75d4c3",
            "messageTitle": "Update AboutUs, ContactUs formatting",
            "messageBody": "",
            "insertions": 20,
            "deletions": 16
          },
          {
            "hash": "57255f9611acbef3479458011c42ed9f05608fff",
            "messageTitle": "Add new line between roles",
            "messageBody": "",
            "insertions": 5,
            "deletions": 0
          },
          {
            "hash": "e93b19591d790db3f0885bc27ff8d29c641f7df1",
            "messageTitle": "Correct typo in link",
            "messageBody": "",
            "insertions": 1,
            "deletions": 1
          },
          {
            "hash": "aecb0fd906fffdab6e42a0649ba6f706114b288a",
            "messageTitle": "Update About Us and Contact Us formatting",
            "messageBody": "",
            "insertions": 6,
            "deletions": 6
          },
          {
            "hash": "45d2e9a22f70cc3c723d4a96395dfb67a64ee437",
            "messageTitle": "Update issue tracker link",
            "messageBody": "",
            "insertions": 1,
            "deletions": 1
          }
        ]
      },
      {
        "insertions": 98,
        "deletions": 51,
        "date": "2019-09-28",
        "commitResults": [
          {
            "hash": "eb5d3b0d92348f58194f758ee2db69b4ccbdbaaa",
            "messageTitle": "Update About Us, User Guide, Developer Guide",
            "messageBody": "",
            "insertions": 98,
            "deletions": 51
          }
        ]
      }
    ],
    "austinsantoso": [
      {
        "insertions": 57,
        "deletions": 9,
        "date": "2019-09-27",
        "commitResults": [
          {
            "hash": "92064f49658be7376cf12ee2c3d1c9ea6a86ec6e",
            "messageTitle": "add Appendix B of developer guide",
            "messageBody": "add Appendix B user stories for developer guide",
            "insertions": 54,
            "deletions": 6
          },
          {
            "hash": "53da707457a4b115c6130b282de8f06d647f505f",
            "messageTitle": "change Appendix B Developer Guide",
            "messageBody": "fixed typos in Appendix B: User Story of Developer Guide",
            "insertions": 3,
            "deletions": 3
          }
        ]
      }
    ]
  },
  "authorFinalContributionMap": {
    "minpyaemoe": 142,
    "jonathantjendana": 157,
    "Nanosync": 117,
    "choongyx": 118,
    "austinsantoso": 53
  },
  "authorFileTypeContributionMap": {
    "minpyaemoe": {
      "docs": 142,
      "tests": 0,
      "functional": 0
    },
    "jonathantjendana": {
      "docs": 157,
      "tests": 0,
      "functional": 0
    },
    "Nanosync": {
      "docs": 68,
      "tests": 0,
      "functional": 0,
      "other": 49
    },
    "choongyx": {
      "docs": 118,
      "tests": 0,
      "functional": 0
    },
    "austinsantoso": {
      "docs": 53,
      "tests": 0,
      "functional": 0
    }
  },
  "authorContributionVariance": {
    "minpyaemoe": 2186.4375,
    "jonathantjendana": 3911.957,
    "Nanosync": 1304.026,
    "choongyx": 1575.5399,
    "austinsantoso": 173.9375
  },
  "authorDisplayNameMap": {
    "minpyaemoe": "MIN P ... E MOE",
    "jonathantjendana": "JONAT ... NDANA",
    "Nanosync": "BENED ... G JUN",
    "choongyx": "CHOON ... G XIN",
    "austinsantoso": "AUSTI ... NTOSO"
  }
}
