{
  "authorDailyContributionsMap": {
    "ChrisKheng": [
      {
        "insertions": 2,
        "deletions": 2,
        "date": "2019-09-06",
        "commitResults": [
          {
            "hash": "3377bca54b55611aed95a1e73c94ac186f15ef07",
            "messageTitle": "Check if Travis is working",
            "messageBody": "",
            "insertions": 1,
            "deletions": 0
          },
          {
            "hash": "9424171d1ef5fadd9164b25e8d7830a96480a192",
            "messageTitle": "Update README.adoc",
            "messageBody": "",
            "insertions": 1,
            "deletions": 1
          },
          {
            "hash": "f7c84b15fe2b410cc574fa4d7d67f3bdb06c795c",
            "messageTitle": "Update README.adoc",
            "messageBody": "To test auto-publishing of documentation",
            "insertions": 0,
            "deletions": 1
          }
        ]
      },
      {
        "insertions": 2,
        "deletions": 2,
        "date": "2019-09-12",
        "commitResults": [
          {
            "hash": "0c090633a063e0630be29c1245b2abe3d01ddbbc",
            "messageTitle": "Update README.adoc",
            "messageBody": "",
            "insertions": 1,
            "deletions": 1
          },
          {
            "hash": "7a6912302f179cdcb06b84634089a40455c870c0",
            "messageTitle": "Update README.adoc",
            "messageBody": "",
            "insertions": 1,
            "deletions": 1
          }
        ]
      },
      {
        "insertions": 1,
        "deletions": 1,
        "date": "2019-09-15",
        "commitResults": [
          {
            "hash": "88fc7a6c99426c90bc5708e57e7193ac6d17ba1d",
            "messageTitle": "Update coveralls link in README.adoc",
            "messageBody": "",
            "insertions": 1,
            "deletions": 1
          }
        ]
      },
      {
        "insertions": 393,
        "deletions": 154,
        "date": "2019-10-01",
        "commitResults": [
          {
            "hash": "476b965d4db267f08008ec70661d002bae5f2f8c",
            "messageTitle": "Update About Us page \u0026 Contact Us Page",
            "messageBody": "",
            "insertions": 324,
            "deletions": 24
          },
          {
            "hash": "d933b45b5158dfcce6e58fdb9f72312e2165b701",
            "messageTitle": "Update site name and github link",
            "messageBody": "",
            "insertions": 2,
            "deletions": 2
          },
          {
            "hash": "d8c582a6a50f40cb67dae8c1243e44a4059b076e",
            "messageTitle": "Update UserGuide.adoc (#32)",
            "messageBody": "* Update UserGuide.adoc\r\n\r\n* Fix image size problem\r\n",
            "insertions": 67,
            "deletions": 128
          }
        ]
      },
      {
        "insertions": 260,
        "deletions": 0,
        "date": "2019-10-10",
        "commitResults": [
          {
            "hash": "9fe0c7e3d1ef2f177720462d516ae48c1c55f51f",
            "messageTitle": "Add skeleton classes for generate interview timetable feature (#50)",
            "messageBody": "* Add skeleton classes for generate interview timetable feature\r\n\r\n* Fix errors with continous integration\r\n\r\n* Add Unit Tests for Row, Column, and Schedule class\r\n\r\n* Fix checkstyle issue\r\n",
            "insertions": 260,
            "deletions": 0
          }
        ]
      },
      {
        "insertions": 317,
        "deletions": 98,
        "date": "2019-10-14",
        "commitResults": [
          {
            "hash": "85a7c18badbf7f179adbf14a8d1117d1e7ff1b00",
            "messageTitle": "[Partial] Generate interview schedule timetable from interviewers\u0027 availability (#61)",
            "messageBody": "* [Partial] Implement Schedule Class\r\n\r\n* Modify Model Manager to adapt to list of schedules\r\n\r\n* Fix travis build issue\r\n\r\n* Fix checkstyle issue\r\n",
            "insertions": 317,
            "deletions": 98
          }
        ]
      },
      {
        "insertions": 1,
        "deletions": 1,
        "date": "2019-10-15",
        "commitResults": [
          {
            "hash": "ff6cb1e733f02fee77abfb99e74f56ba22e09179",
            "messageTitle": "Fix checkstyle issue (#62)",
            "messageBody": "",
            "insertions": 1,
            "deletions": 1
          }
        ]
      },
      {
        "insertions": 569,
        "deletions": 122,
        "date": "2019-10-16",
        "commitResults": [
          {
            "hash": "09b9d77e78c430ca6af6b1ad5bbfbc9ec80e6ea3",
            "messageTitle": "[Complete] Implement Schedule class (#63)",
            "messageBody": "",
            "insertions": 536,
            "deletions": 108
          },
          {
            "hash": "53ad58f8a2b710e85bba064b5c25f0ad5dee6d89",
            "messageTitle": "Update Slot class and squash bug",
            "messageBody": "",
            "insertions": 33,
            "deletions": 14
          }
        ]
      },
      {
        "insertions": 168,
        "deletions": 67,
        "date": "2019-10-21",
        "commitResults": [
          {
            "hash": "dae47ae0fceb8e5eade974ed65ade92deef9ed7b",
            "messageTitle": "Separate column titles from Schedule\u0027s observable list (#73)",
            "messageBody": "* Separate column titles from Schedule\u0027s observable list\r\n\r\n* Separate column titles from Schedule\u0027s observable list\r\n\r\n* Fix failing tests\r\n\r\n* Fix travis issue\r\n",
            "insertions": 168,
            "deletions": 67
          }
        ]
      }
    ],
    "mrchensheng21": [
      {
        "insertions": 344,
        "deletions": 247,
        "date": "2019-10-03",
        "commitResults": [
          {
            "hash": "c9799dbfd2e1e233147986c04de7297583b6fb68",
            "messageTitle": "Update User Guide on UI",
            "messageBody": "",
            "insertions": 19,
            "deletions": 0
          },
          {
            "hash": "cfbf03ff610465d8afcf879d5d8f1f245742dca6",
            "messageTitle": "Cleanup Code",
            "messageBody": "",
            "insertions": 1,
            "deletions": 3
          },
          {
            "hash": "9ed8be780a070a98a630235772623faaa65e6a66",
            "messageTitle": "Update UserGuide for functions of display",
            "messageBody": "",
            "insertions": 28,
            "deletions": 1
          },
          {
            "hash": "f50eda46fb1eb986b3c7d566741e31f2f591ab78",
            "messageTitle": "Edit minor changes to UserGuide",
            "messageBody": "",
            "insertions": 1,
            "deletions": 1
          },
          {
            "hash": "dceb0e84e269a6a1bc095ad0a721853f897b7bc8",
            "messageTitle": "Add list of commands",
            "messageBody": "",
            "insertions": 65,
            "deletions": 46
          },
          {
            "hash": "0ca43dbf9e99094b53bbb8ebd6111e8c78628152",
            "messageTitle": "Cleanup code",
            "messageBody": "",
            "insertions": 1,
            "deletions": 1
          },
          {
            "hash": "a2f8ae5758698227e0401d100935a94e5a5aae9f",
            "messageTitle": "Revert \"Edit minor changes to UserGuide\"",
            "messageBody": "",
            "insertions": 47,
            "deletions": 66
          },
          {
            "hash": "0ba44d7cd04356f1e5203520b56f9797e27e9012",
            "messageTitle": "Edit User Guide in display",
            "messageBody": "",
            "insertions": 1,
            "deletions": 1
          },
          {
            "hash": "e5723a5cc8b7c9c11063ca05b06ed367e07f9450",
            "messageTitle": "Edit User Guide in display (#42)",
            "messageBody": "",
            "insertions": 55,
            "deletions": 44
          },
          {
            "hash": "ba7deb7c8198739d969a6ee382a051f78c186fd5",
            "messageTitle": "Cleanup the User Guide format",
            "messageBody": "",
            "insertions": 28,
            "deletions": 21
          },
          {
            "hash": "e65e90c04ddbe01ed5e61494a2f176cb62e60d96",
            "messageTitle": "Edit the User Guide to sort the flow of guide (#43)",
            "messageBody": "* Edit User Guide in display\r\n\r\n* Edit User Guide in display (#42) (#3)\r\n\r\n* Cleanup the User Guide format\r\n",
            "insertions": 28,
            "deletions": 21
          },
          {
            "hash": "97eddd9c9095ec7c63ac3e2372556a1c99512c93",
            "messageTitle": "Add help and edit features into the User Guide",
            "messageBody": "",
            "insertions": 33,
            "deletions": 21
          },
          {
            "hash": "95db0b6f0e2c6ed62d671166e9f9497aa3531964",
            "messageTitle": "Add help and edit features into User Guide (#44)",
            "messageBody": "* Edit User Guide in display\r\n\r\n* Edit User Guide in display (#42) (#3)\r\n\r\n* Cleanup the User Guide format\r\n\r\n* Edit the User Guide to sort the flow of guide (#43) (#4)\r\n\r\n* Edit User Guide in display\r\n\r\n* Edit User Guide in display (#42) (#3)\r\n\r\n* Cleanup the User Guide format\r\n\r\n* Add help and edit features into the User Guide\r\n",
            "insertions": 37,
            "deletions": 21
          }
        ]
      },
      {
        "insertions": 180,
        "deletions": 74,
        "date": "2019-10-10",
        "commitResults": [
          {
            "hash": "08d34b486c660152e300e8cf7b71c2500773f5ff",
            "messageTitle": "Add TableView.fxml skeleton",
            "messageBody": "",
            "insertions": 76,
            "deletions": 0
          },
          {
            "hash": "6c93e6af04076991e7c4732b5c1f548e27aac15e",
            "messageTitle": "Edit TableView.fxml",
            "messageBody": "",
            "insertions": 1,
            "deletions": 1
          },
          {
            "hash": "971ad91f58301424cef1ae3dafcd2b810d07c1bb",
            "messageTitle": "Add textfield and user input field into TableView.fxml",
            "messageBody": "",
            "insertions": 8,
            "deletions": 11
          },
          {
            "hash": "f266710840d32a9cdd418b830119b1131282c477",
            "messageTitle": "Add TableView.fxml to create a table (#54)",
            "messageBody": "* Edit User Guide in display\r\n\r\n* Edit User Guide in display (#42) (#3)\r\n\r\n* Cleanup the User Guide format\r\n\r\n* Edit the User Guide to sort the flow of guide (#43) (#4)\r\n\r\n* Edit User Guide in display\r\n\r\n* Edit User Guide in display (#42) (#3)\r\n\r\n* Cleanup the User Guide format\r\n\r\n* Add help and edit features into the User Guide\r\n\r\n* Add help and edit features into User Guide (#44) (#5)\r\n\r\n* Edit User Guide in display\r\n\r\n* Edit User Guide in display (#42) (#3)\r\n\r\n* Cleanup the User Guide format\r\n\r\n* Edit the User Guide to sort the flow of guide (#43) (#4)\r\n\r\n* Edit User Guide in display\r\n\r\n* Edit User Guide in display (#42) (#3)\r\n\r\n* Cleanup the User Guide format\r\n\r\n* Add help and edit features into the User Guide\r\n\r\n* Add TableView.fxml skeleton\r\n\r\n* Edit TableView.fxml\r\n\r\n* Add textfield and user input field into TableView.fxml\r\n",
            "insertions": 73,
            "deletions": 0
          },
          {
            "hash": "f1f4778b06e699e3fedcdd7b73c72149f49f2892",
            "messageTitle": "Edit UserGuide to change the display feature",
            "messageBody": "",
            "insertions": 11,
            "deletions": 31
          },
          {
            "hash": "3e88cf239a67f4d8df8aec88603f391db74a9f4c",
            "messageTitle": "Edit UserGuide.adoc to change UI display feature (#55)",
            "messageBody": "* Edit User Guide in display\r\n\r\n* Edit User Guide in display (#42) (#3)\r\n\r\n* Cleanup the User Guide format\r\n\r\n* Edit the User Guide to sort the flow of guide (#43) (#4)\r\n\r\n* Edit User Guide in display\r\n\r\n* Edit User Guide in display (#42) (#3)\r\n\r\n* Cleanup the User Guide format\r\n\r\n* Add help and edit features into the User Guide\r\n\r\n* Add help and edit features into User Guide (#44) (#5)\r\n\r\n* Edit User Guide in display\r\n\r\n* Edit User Guide in display (#42) (#3)\r\n\r\n* Cleanup the User Guide format\r\n\r\n* Edit the User Guide to sort the flow of guide (#43) (#4)\r\n\r\n* Edit User Guide in display\r\n\r\n* Edit User Guide in display (#42) (#3)\r\n\r\n* Cleanup the User Guide format\r\n\r\n* Add help and edit features into the User Guide\r\n\r\n* Add TableView.fxml skeleton\r\n\r\n* Edit TableView.fxml\r\n\r\n* Add textfield and user input field into TableView.fxml\r\n\r\n* Edit UserGuide to change the display feature\r\n",
            "insertions": 11,
            "deletions": 31
          }
        ]
      },
      {
        "insertions": 827,
        "deletions": 1,
        "date": "2019-10-14",
        "commitResults": [
          {
            "hash": "623b25750a51b0e680c368064f33db0907e05499",
            "messageTitle": "Get pull request from main (#6)",
            "messageBody": "* Add help and edit features into User Guide (#44)\r\n\r\n* Edit User Guide in display\r\n\r\n* Edit User Guide in display (#42) (#3)\r\n\r\n* Cleanup the User Guide format\r\n\r\n* Edit the User Guide to sort the flow of guide (#43) (#4)\r\n\r\n* Edit User Guide in display\r\n\r\n* Edit User Guide in display (#42) (#3)\r\n\r\n* Cleanup the User Guide format\r\n\r\n* Add help and edit features into the User Guide\r\n\r\n* Add TableView.fxml to create a table (#54)\r\n\r\n* Edit User Guide in display\r\n\r\n* Edit User Guide in display (#42) (#3)\r\n\r\n* Cleanup the User Guide format\r\n\r\n* Edit the User Guide to sort the flow of guide (#43) (#4)\r\n\r\n* Edit User Guide in display\r\n\r\n* Edit User Guide in display (#42) (#3)\r\n\r\n* Cleanup the User Guide format\r\n\r\n* Add help and edit features into the User Guide\r\n\r\n* Add help and edit features into User Guide (#44) (#5)\r\n\r\n* Edit User Guide in display\r\n\r\n* Edit User Guide in display (#42) (#3)\r\n\r\n* Cleanup the User Guide format\r\n\r\n* Edit the User Guide to sort the flow of guide (#43) (#4)\r\n\r\n* Edit User Guide in display\r\n\r\n* Edit User Guide in display (#42) (#3)\r\n\r\n* Cleanup the User Guide format\r\n\r\n* Add help and edit features into the User Guide\r\n\r\n* Add TableView.fxml skeleton\r\n\r\n* Edit TableView.fxml\r\n\r\n* Add textfield and user input field into TableView.fxml\r\n\r\n* Add skeleton classes for generate interview timetable feature (#50)\r\n\r\n* Add skeleton classes for generate interview timetable feature\r\n\r\n* Fix errors with continous integration\r\n\r\n* Add Unit Tests for Row, Column, and Schedule class\r\n\r\n* Fix checkstyle issue\r\n\r\n* Add skeleton Email feature (#51)\r\n\r\n* Add new unimplemented email command\r\n\r\n* Fix line endings\r\n\r\n* Edit UserGuide.adoc to change UI display feature (#55)\r\n\r\n* Edit User Guide in display\r\n\r\n* Edit User Guide in display (#42) (#3)\r\n\r\n* Cleanup the User Guide format\r\n\r\n* Edit the User Guide to sort the flow of guide (#43) (#4)\r\n\r\n* Edit User Guide in display\r\n\r\n* Edit User Guide in display (#42) (#3)\r\n\r\n* Cleanup the User Guide format\r\n\r\n* Add help and edit features into the User Guide\r\n\r\n* Add help and edit features into User Guide (#44) (#5)\r\n\r\n* Edit User Guide in display\r\n\r\n* Edit User Guide in display (#42) (#3)\r\n\r\n* Cleanup the User Guide format\r\n\r\n* Edit the User Guide to sort the flow of guide (#43) (#4)\r\n\r\n* Edit User Guide in display\r\n\r\n* Edit User Guide in display (#42) (#3)\r\n\r\n* Cleanup the User Guide format\r\n\r\n* Add help and edit features into the User Guide\r\n\r\n* Add TableView.fxml skeleton\r\n\r\n* Edit TableView.fxml\r\n\r\n* Add textfield and user input field into TableView.fxml\r\n\r\n* Edit UserGuide to change the display feature\r\n\r\n* Add skeleton Interviewee and Interviewer class (#46)\r\n\r\n* Add skeleton Interviewee and Interviewer class\r\n\r\n* Fix travis CI issues\r\n\r\n* [Partial] Implement import interviewer\u0027s availability from excel sheet feature (#57)\r\n\r\n* Import from excel function\r\n\r\n* Adds implementation for ExcelReader\r\n\r\n* debug importExcel classes\r\n\r\n* Check style for Import branch\r\n\r\n* Add minimal functionality for Interviewee and Interviewer class (#60)\r\n\r\n* Add skeleton Interviewee and Interviewer class\r\n\r\n* Fix travis CI issues\r\n\r\n* Add minimal fields and logic for Interviewee and Interviewer\r\n\r\n* Fix travis CI issues\r\n\r\n* Update Interviewee, add Emails, Rework Faculty\r\n",
            "insertions": 827,
            "deletions": 1
          }
        ]
      },
      {
        "insertions": 134,
        "deletions": 24,
        "date": "2019-10-17",
        "commitResults": [
          {
            "hash": "a815800adfb0fe43e4c7af61fca4d95e8f0649a9",
            "messageTitle": "Implement view schedule feature (#68)",
            "messageBody": "* Pull request (#7)\r\n\r\n* Add help and edit features into User Guide (#44)\r\n\r\n* Edit User Guide in display\r\n\r\n* Edit User Guide in display (#42) (#3)\r\n\r\n* Cleanup the User Guide format\r\n\r\n* Edit the User Guide to sort the flow of guide (#43) (#4)\r\n\r\n* Edit User Guide in display\r\n\r\n* Edit User Guide in display (#42) (#3)\r\n\r\n* Cleanup the User Guide format\r\n\r\n* Add help and edit features into the User Guide\r\n\r\n* Add TableView.fxml to create a table (#54)\r\n\r\n* Edit User Guide in display\r\n\r\n* Edit User Guide in display (#42) (#3)\r\n\r\n* Cleanup the User Guide format\r\n\r\n* Edit the User Guide to sort the flow of guide (#43) (#4)\r\n\r\n* Edit User Guide in display\r\n\r\n* Edit User Guide in display (#42) (#3)\r\n\r\n* Cleanup the User Guide format\r\n\r\n* Add help and edit features into the User Guide\r\n\r\n* Add help and edit features into User Guide (#44) (#5)\r\n\r\n* Edit User Guide in display\r\n\r\n* Edit User Guide in display (#42) (#3)\r\n\r\n* Cleanup the User Guide format\r\n\r\n* Edit the User Guide to sort the flow of guide (#43) (#4)\r\n\r\n* Edit User Guide in display\r\n\r\n* Edit User Guide in display (#42) (#3)\r\n\r\n* Cleanup the User Guide format\r\n\r\n* Add help and edit features into the User Guide\r\n\r\n* Add TableView.fxml skeleton\r\n\r\n* Edit TableView.fxml\r\n\r\n* Add textfield and user input field into TableView.fxml\r\n\r\n* Add skeleton classes for generate interview timetable feature (#50)\r\n\r\n* Add skeleton classes for generate interview timetable feature\r\n\r\n* Fix errors with continous integration\r\n\r\n* Add Unit Tests for Row, Column, and Schedule class\r\n\r\n* Fix checkstyle issue\r\n\r\n* Add skeleton Email feature (#51)\r\n\r\n* Add new unimplemented email command\r\n\r\n* Fix line endings\r\n\r\n* Edit UserGuide.adoc to change UI display feature (#55)\r\n\r\n* Edit User Guide in display\r\n\r\n* Edit User Guide in display (#42) (#3)\r\n\r\n* Cleanup the User Guide format\r\n\r\n* Edit the User Guide to sort the flow of guide (#43) (#4)\r\n\r\n* Edit User Guide in display\r\n\r\n* Edit User Guide in display (#42) (#3)\r\n\r\n* Cleanup the User Guide format\r\n\r\n* Add help and edit features into the User Guide\r\n\r\n* Add help and edit features into User Guide (#44) (#5)\r\n\r\n* Edit User Guide in display\r\n\r\n* Edit User Guide in display (#42) (#3)\r\n\r\n* Cleanup the User Guide format\r\n\r\n* Edit the User Guide to sort the flow of guide (#43) (#4)\r\n\r\n* Edit User Guide in display\r\n\r\n* Edit User Guide in display (#42) (#3)\r\n\r\n* Cleanup the User Guide format\r\n\r\n* Add help and edit features into the User Guide\r\n\r\n* Add TableView.fxml skeleton\r\n\r\n* Edit TableView.fxml\r\n\r\n* Add textfield and user input field into TableView.fxml\r\n\r\n* Edit UserGuide to change the display feature\r\n\r\n* Add skeleton Interviewee and Interviewer class (#46)\r\n\r\n* Add skeleton Interviewee and Interviewer class\r\n\r\n* Fix travis CI issues\r\n\r\n* [Partial] Implement import interviewer\u0027s availability from excel sheet feature (#57)\r\n\r\n* Import from excel function\r\n\r\n* Adds implementation for ExcelReader\r\n\r\n* debug importExcel classes\r\n\r\n* Check style for Import branch\r\n\r\n* Add minimal functionality for Interviewee and Interviewer class (#60)\r\n\r\n* Add skeleton Interviewee and Interviewer class\r\n\r\n* Fix travis CI issues\r\n\r\n* Add minimal fields and logic for Interviewee and Interviewer\r\n\r\n* Fix travis CI issues\r\n\r\n* Update Interviewee, add Emails, Rework Faculty\r\n\r\n* [Partial] Generate interview schedule timetable from interviewers\u0027 availability (#61)\r\n\r\n* [Partial] Implement Schedule Class\r\n\r\n* Modify Model Manager to adapt to list of schedules\r\n\r\n* Fix travis build issue\r\n\r\n* Fix checkstyle issue\r\n\r\n* Edit fxml file to change UI\r\n\r\n* Pull request from team repo (#8)\r\n\r\n* Add help and edit features into User Guide (#44)\r\n\r\n* Edit User Guide in display\r\n\r\n* Edit User Guide in display (#42) (#3)\r\n\r\n* Cleanup the User Guide format\r\n\r\n* Edit the User Guide to sort the flow of guide (#43) (#4)\r\n\r\n* Edit User Guide in display\r\n\r\n* Edit User Guide in display (#42) (#3)\r\n\r\n* Cleanup the User Guide format\r\n\r\n* Add help and edit features into the User Guide\r\n\r\n* Add TableView.fxml to create a table (#54)\r\n\r\n* Edit User Guide in display\r\n\r\n* Edit User Guide in display (#42) (#3)\r\n\r\n* Cleanup the User Guide format\r\n\r\n* Edit the User Guide to sort the flow of guide (#43) (#4)\r\n\r\n* Edit User Guide in display\r\n\r\n* Edit User Guide in display (#42) (#3)\r\n\r\n* Cleanup the User Guide format\r\n\r\n* Add help and edit features into the User Guide\r\n\r\n* Add help and edit features into User Guide (#44) (#5)\r\n\r\n* Edit User Guide in display\r\n\r\n* Edit User Guide in display (#42) (#3)\r\n\r\n* Cleanup the User Guide format\r\n\r\n* Edit the User Guide to sort the flow of guide (#43) (#4)\r\n\r\n* Edit User Guide in display\r\n\r\n* Edit User Guide in display (#42) (#3)\r\n\r\n* Cleanup the User Guide format\r\n\r\n* Add help and edit features into the User Guide\r\n\r\n* Add TableView.fxml skeleton\r\n\r\n* Edit TableView.fxml\r\n\r\n* Add textfield and user input field into TableView.fxml\r\n\r\n* Add skeleton classes for generate interview timetable feature (#50)\r\n\r\n* Add skeleton classes for generate interview timetable feature\r\n\r\n* Fix errors with continous integration\r\n\r\n* Add Unit Tests for Row, Column, and Schedule class\r\n\r\n* Fix checkstyle issue\r\n\r\n* Add skeleton Email feature (#51)\r\n\r\n* Add new unimplemented email command\r\n\r\n* Fix line endings\r\n\r\n* Edit UserGuide.adoc to change UI display feature (#55)\r\n\r\n* Edit User Guide in display\r\n\r\n* Edit User Guide in display (#42) (#3)\r\n\r\n* Cleanup the User Guide format\r\n\r\n* Edit the User Guide to sort the flow of guide (#43) (#4)\r\n\r\n* Edit User Guide in display\r\n\r\n* Edit User Guide in display (#42) (#3)\r\n\r\n* Cleanup the User Guide format\r\n\r\n* Add help and edit features into the User Guide\r\n\r\n* Add help and edit features into User Guide (#44) (#5)\r\n\r\n* Edit User Guide in display\r\n\r\n* Edit User Guide in display (#42) (#3)\r\n\r\n* Cleanup the User Guide format\r\n\r\n* Edit the User Guide to sort the flow of guide (#43) (#4)\r\n\r\n* Edit User Guide in display\r\n\r\n* Edit User Guide in display (#42) (#3)\r\n\r\n* Cleanup the User Guide format\r\n\r\n* Add help and edit features into the User Guide\r\n\r\n* Add TableView.fxml skeleton\r\n\r\n* Edit TableView.fxml\r\n\r\n* Add textfield and user input field into TableView.fxml\r\n\r\n* Edit UserGuide to change the display feature\r\n\r\n* Add skeleton Interviewee and Interviewer class (#46)\r\n\r\n* Add skeleton Interviewee and Interviewer class\r\n\r\n* Fix travis CI issues\r\n\r\n* [Partial] Implement import interviewer\u0027s availability from excel sheet feature (#57)\r\n\r\n* Import from excel function\r\n\r\n* Adds implementation for ExcelReader\r\n\r\n* debug importExcel classes\r\n\r\n* Check style for Import branch\r\n\r\n* Add minimal functionality for Interviewee and Interviewer class (#60)\r\n\r\n* Add skeleton Interviewee and Interviewer class\r\n\r\n* Fix travis CI issues\r\n\r\n* Add minimal fields and logic for Interviewee and Interviewer\r\n\r\n* Fix travis CI issues\r\n\r\n* Update Interviewee, add Emails, Rework Faculty\r\n\r\n* [Partial] Generate interview schedule timetable from interviewers\u0027 availability (#61)\r\n\r\n* [Partial] Implement Schedule Class\r\n\r\n* Modify Model Manager to adapt to list of schedules\r\n\r\n* Fix travis build issue\r\n\r\n* Fix checkstyle issue\r\n\r\n* Fix checkstyle issue (#62)\r\n\r\n* Add ScheduleView.java to display timetable\r\n\r\n* Resolve conflicts\r\n\r\n* Resolve conflict\r\n\r\n* Resolve Conflict\r\n\r\n* Resolve Conflict\r\n\r\n* Resolve Conflict\r\n\r\n* Resolve Conflict\r\n\r\n* Resolve Conflict\r\n\r\n* Resolve Conflicts\r\n\r\n* Pull Request (#9)\r\n\r\n* Add help and edit features into User Guide (#44)\r\n\r\n* Edit User Guide in display\r\n\r\n* Edit User Guide in display (#42) (#3)\r\n\r\n* Cleanup the User Guide format\r\n\r\n* Edit the User Guide to sort the flow of guide (#43) (#4)\r\n\r\n* Edit User Guide in display\r\n\r\n* Edit User Guide in display (#42) (#3)\r\n\r\n* Cleanup the User Guide format\r\n\r\n* Add help and edit features into the User Guide\r\n\r\n* Add TableView.fxml to create a table (#54)\r\n\r\n* Edit User Guide in display\r\n\r\n* Edit User Guide in display (#42) (#3)\r\n\r\n* Cleanup the User Guide format\r\n\r\n* Edit the User Guide to sort the flow of guide (#43) (#4)\r\n\r\n* Edit User Guide in display\r\n\r\n* Edit User Guide in display (#42) (#3)\r\n\r\n* Cleanup the User Guide format\r\n\r\n* Add help and edit features into the User Guide\r\n\r\n* Add help and edit features into User Guide (#44) (#5)\r\n\r\n* Edit User Guide in display\r\n\r\n* Edit User Guide in display (#42) (#3)\r\n\r\n* Cleanup the User Guide format\r\n\r\n* Edit the User Guide to sort the flow of guide (#43) (#4)\r\n\r\n* Edit User Guide in display\r\n\r\n* Edit User Guide in display (#42) (#3)\r\n\r\n* Cleanup the User Guide format\r\n\r\n* Add help and edit features into the User Guide\r\n\r\n* Add TableView.fxml skeleton\r\n\r\n* Edit TableView.fxml\r\n\r\n* Add textfield and user input field into TableView.fxml\r\n\r\n* Add skeleton classes for generate interview timetable feature (#50)\r\n\r\n* Add skeleton classes for generate interview timetable feature\r\n\r\n* Fix errors with continous integration\r\n\r\n* Add Unit Tests for Row, Column, and Schedule class\r\n\r\n* Fix checkstyle issue\r\n\r\n* Add skeleton Email feature (#51)\r\n\r\n* Add new unimplemented email command\r\n\r\n* Fix line endings\r\n\r\n* Edit UserGuide.adoc to change UI display feature (#55)\r\n\r\n* Edit User Guide in display\r\n\r\n* Edit User Guide in display (#42) (#3)\r\n\r\n* Cleanup the User Guide format\r\n\r\n* Edit the User Guide to sort the flow of guide (#43) (#4)\r\n\r\n* Edit User Guide in display\r\n\r\n* Edit User Guide in display (#42) (#3)\r\n\r\n* Cleanup the User Guide format\r\n\r\n* Add help and edit features into the User Guide\r\n\r\n* Add help and edit features into User Guide (#44) (#5)\r\n\r\n* Edit User Guide in display\r\n\r\n* Edit User Guide in display (#42) (#3)\r\n\r\n* Cleanup the User Guide format\r\n\r\n* Edit the User Guide to sort the flow of guide (#43) (#4)\r\n\r\n* Edit User Guide in display\r\n\r\n* Edit User Guide in display (#42) (#3)\r\n\r\n* Cleanup the User Guide format\r\n\r\n* Add help and edit features into the User Guide\r\n\r\n* Add TableView.fxml skeleton\r\n\r\n* Edit TableView.fxml\r\n\r\n* Add textfield and user input field into TableView.fxml\r\n\r\n* Edit UserGuide to change the display feature\r\n\r\n* Add skeleton Interviewee and Interviewer class (#46)\r\n\r\n* Add skeleton Interviewee and Interviewer class\r\n\r\n* Fix travis CI issues\r\n\r\n* [Partial] Implement import interviewer\u0027s availability from excel sheet feature (#57)\r\n\r\n* Import from excel function\r\n\r\n* Adds implementation for ExcelReader\r\n\r\n* debug importExcel classes\r\n\r\n* Check style for Import branch\r\n\r\n* Add minimal functionality for Interviewee and Interviewer class (#60)\r\n\r\n* Add skeleton Interviewee and Interviewer class\r\n\r\n* Fix travis CI issues\r\n\r\n* Add minimal fields and logic for Interviewee and Interviewer\r\n\r\n* Fix travis CI issues\r\n\r\n* Update Interviewee, add Emails, Rework Faculty\r\n\r\n* [Partial] Generate interview schedule timetable from interviewers\u0027 availability (#61)\r\n\r\n* [Partial] Implement Schedule Class\r\n\r\n* Modify Model Manager to adapt to list of schedules\r\n\r\n* Fix travis build issue\r\n\r\n* Fix checkstyle issue\r\n\r\n* Fix checkstyle issue (#62)\r\n\r\n* [Complete] Implement Schedule class (#63)\r\n\r\n* Update Slot class and squash bug\r\n\r\n* Add ScheduleView.java for viewing of timetable\r\n\r\n* Edit ScheduleView.java to make it work\r\n\r\n* Edit code to fulfil checkstyle\r\n\r\n* Edit code to fulfil checkstyle\r\n\r\n* Edit code to fulfil Checkstyle requirements\r\n\r\n* Delete getSamplePersons from SampleDataUtil.java\r\n\r\n* Edit code to fulfil Checkstyle Requirements\r\n\r\n* Fix Checkstyle\r\n",
            "insertions": 134,
            "deletions": 24
          }
        ]
      }
    ],
    "mirozo": [
      {
        "insertions": 126,
        "deletions": 16,
        "date": "2019-10-02",
        "commitResults": [
          {
            "hash": "9a5d9da9313f16db8cbe32747030428f3c6c37a0",
            "messageTitle": "Update developer\u0027s guide (#35)",
            "messageBody": "* Updates target profile and user stories\r\n\r\n* Adds more use cases\r\n",
            "insertions": 126,
            "deletions": 16
          }
        ]
      },
      {
        "insertions": 27,
        "deletions": 0,
        "date": "2019-10-03",
        "commitResults": [
          {
            "hash": "c3e56925f5636ffe000a8ec5e92cf21bc2eac2b7",
            "messageTitle": "Adds import and export into userguide (#37)",
            "messageBody": "",
            "insertions": 27,
            "deletions": 0
          }
        ]
      },
      {
        "insertions": 137,
        "deletions": 1,
        "date": "2019-10-10",
        "commitResults": [
          {
            "hash": "d4c6613e7bff135b89d8260c4a923acdc4b9af4b",
            "messageTitle": "[Partial] Implement import interviewer\u0027s availability from excel sheet feature (#57)",
            "messageBody": "* Import from excel function\r\n\r\n* Adds implementation for ExcelReader\r\n\r\n* debug importExcel classes\r\n\r\n* Check style for Import branch\r\n",
            "insertions": 137,
            "deletions": 1
          }
        ]
      },
      {
        "insertions": 166,
        "deletions": 83,
        "date": "2019-10-17",
        "commitResults": [
          {
            "hash": "624f005b62adfd92bfa8dc2df22eb2ef6beb4963",
            "messageTitle": "[Complete] Import Interviewer\u0027s Data from .csv file (#67)",
            "messageBody": "* Import from excel function\r\n\r\n* Adds implementation for ExcelReader\r\n\r\n* debug importExcel classes\r\n\r\n* Check style for Import branch\r\n\r\n* Reads csv file correctly\r\n\r\n* Finished up import interviewers feature\r\n\r\n* Integrated with Schedule class and removed ScheduleStub\r\n\r\n* Handles import exceptions\r\n\r\n* Corrected Styling\r\n\r\n* Adds test for Import commands\r\n\r\n* Corrects styling for Import Tests\r\n\r\n* Rename ExcelReader to CsvReader\r\n",
            "insertions": 166,
            "deletions": 83
          }
        ]
      }
    ],
    "dcshzj": [
      {
        "insertions": 7,
        "deletions": 13,
        "date": "2019-09-28",
        "commitResults": [
          {
            "hash": "dda6870db9d280b8c0be9ca91e973f2ed50e9961",
            "messageTitle": "Update README.adoc",
            "messageBody": "",
            "insertions": 7,
            "deletions": 13
          }
        ]
      },
      {
        "insertions": 26,
        "deletions": 7,
        "date": "2019-10-02",
        "commitResults": [
          {
            "hash": "8e1553afa41a6a5b55f565fad018419a5c3958ba",
            "messageTitle": "Update developer guide for NFRs and glossary (#36)",
            "messageBody": "",
            "insertions": 26,
            "deletions": 7
          }
        ]
      },
      {
        "insertions": 20,
        "deletions": 0,
        "date": "2019-10-03",
        "commitResults": [
          {
            "hash": "c933316b78a60b597b57aaf33e40adc92bd71bfc",
            "messageTitle": "Add email to user guide (#34)",
            "messageBody": "",
            "insertions": 20,
            "deletions": 0
          }
        ]
      },
      {
        "insertions": 55,
        "deletions": 0,
        "date": "2019-10-10",
        "commitResults": [
          {
            "hash": "8b0e9f52929e51daaf2f04100daf43983708d21c",
            "messageTitle": "Add skeleton Email feature (#51)",
            "messageBody": "* Add new unimplemented email command\r\n\r\n* Fix line endings\r\n",
            "insertions": 55,
            "deletions": 0
          }
        ]
      },
      {
        "insertions": 201,
        "deletions": 8,
        "date": "2019-10-17",
        "commitResults": [
          {
            "hash": "8d5e5072afe29f45a0772570f143a75cefd6b715",
            "messageTitle": "Implement timeslot sub-command (#65)",
            "messageBody": "* Implement timeslot sub-command with basic error handling\r\n\r\n* Fix checkstyle\r\n\r\n* Specify Interviewee instead of Person\r\n\r\n* Implement dummy code for opening user\u0027s mail client\r\n\r\n* Remove unused import\r\n",
            "insertions": 201,
            "deletions": 8
          }
        ]
      },
      {
        "insertions": 99,
        "deletions": 33,
        "date": "2019-10-19",
        "commitResults": [
          {
            "hash": "35bab8dc243bf4bf52436f28b083606e11f074a7",
            "messageTitle": "Implement functions for getting interviewee\u0027s email from name (#72)",
            "messageBody": "",
            "insertions": 99,
            "deletions": 33
          }
        ]
      }
    ],
    "KendrickAng": [
      {
        "insertions": 71,
        "deletions": 1,
        "date": "2019-10-01",
        "commitResults": [
          {
            "hash": "29fa3037fc4fb98f706b671c649d65c11b942be0",
            "messageTitle": "Add add, delete, quickstart to user guide (#33)",
            "messageBody": "",
            "insertions": 71,
            "deletions": 1
          }
        ]
      },
      {
        "insertions": 48,
        "deletions": 0,
        "date": "2019-10-10",
        "commitResults": [
          {
            "hash": "ca0022d33391f64bd7f1de87421d9a3687c54176",
            "messageTitle": "Add skeleton Interviewee and Interviewer class (#46)",
            "messageBody": "* Add skeleton Interviewee and Interviewer class\r\n\r\n* Fix travis CI issues\r\n",
            "insertions": 48,
            "deletions": 0
          }
        ]
      },
      {
        "insertions": 342,
        "deletions": 15,
        "date": "2019-10-13",
        "commitResults": [
          {
            "hash": "1bc478bce5dfb2401e831ed58a83f100777f8682",
            "messageTitle": "Add minimal functionality for Interviewee and Interviewer class (#60)",
            "messageBody": "* Add skeleton Interviewee and Interviewer class\r\n\r\n* Fix travis CI issues\r\n\r\n* Add minimal fields and logic for Interviewee and Interviewer\r\n\r\n* Fix travis CI issues\r\n\r\n* Update Interviewee, add Emails, Rework Faculty\r\n",
            "insertions": 342,
            "deletions": 15
          }
        ]
      },
      {
        "insertions": 1648,
        "deletions": 359,
        "date": "2019-10-17",
        "commitResults": [
          {
            "hash": "d4cb60649007887f7eae42b80681486f77525ea1",
            "messageTitle": "add interviewees manually (#66)",
            "messageBody": "* Add skeleton Interviewee and Interviewer class\r\n\r\n* Fix travis CI issues\r\n\r\n* Add minimal fields and logic for Interviewee and Interviewer\r\n\r\n* Fix travis CI issues\r\n\r\n* Update Interviewee, add Emails, Rework Faculty\r\n\r\n* Remove email field from Person class\r\n\r\n* Update Interviewer, Interviewee, AddCommandParser. Need to update tests for compulsory role prefix\r\n\r\n* Add required classes for interviewees and interviewers in model. Todo test cases\r\n\r\n* complete functionality to add interviewees/interviewers\r\n\r\n* add tests for Slot, Department\r\n\r\n* add EmailsTest\r\n\r\n* fix checkstyletest issues\r\n\r\n* fix checkstylemain issues\r\n\r\n* fix all test case issues\r\n\r\n* add todo comments\r\n",
            "insertions": 1648,
            "deletions": 359
          }
        ]
      }
    ]
  },
  "authorFinalContributionMap": {
    "ChrisKheng": 1328,
    "mrchensheng21": 273,
    "mirozo": 352,
    "dcshzj": 375,
    "KendrickAng": 1997
  },
  "authorFileTypeContributionMap": {
    "ChrisKheng": {
      "docs": 311,
      "tests": 456,
      "functional": 558,
      "other": 3
    },
    "mrchensheng21": {
      "docs": 84,
      "tests": 9,
      "functional": 180
    },
    "mirozo": {
      "docs": 128,
      "tests": 51,
      "functional": 171,
      "other": 2
    },
    "dcshzj": {
      "docs": 52,
      "tests": 82,
      "functional": 241
    },
    "KendrickAng": {
      "docs": 45,
      "tests": 609,
      "functional": 1343
    }
  },
  "authorContributionVariance": {
    "ChrisKheng": 21094.65,
    "mrchensheng21": 22857.895,
    "mirozo": 2069.9485,
    "dcshzj": 1331.2445,
    "KendrickAng": 87583.695
  },
  "authorDisplayNameMap": {
    "ChrisKheng": "CS2103-F09-1 KHENG ...  DONG",
    "mrchensheng21": "CS2103-F09-1 KWAN  ... SHENG",
    "mirozo": "CS2103-F09-1 GOH R ... I ZHI",
    "dcshzj": "CS2103-F09-1 HSU Z ... G JUN",
    "KendrickAng": "CS2103-F09-1 ANG W ... DRICK"
  }
}
