{
  "authorDailyContributionsMap": {
    "ZhangHuafan": [
      {
        "insertions": 1,
        "deletions": 1,
        "date": "2019-09-16",
        "commitResults": [
          {
            "hash": "52a64d451fa67084705e4bd57f664679e2b5fbca",
            "messageTitle": "Remove the codacy badge from README",
            "messageBody": "",
            "insertions": 1,
            "deletions": 1
          }
        ]
      },
      {
        "insertions": 114,
        "deletions": 61,
        "date": "2019-10-02",
        "commitResults": [
          {
            "hash": "a9ca7e1619052a64db24d867b240c78375302ec5",
            "messageTitle": "Complete User Guide.",
            "messageBody": "",
            "insertions": 87,
            "deletions": 50
          },
          {
            "hash": "7fd8c606bd0f79b68916c6cc3c0657e6548c1300",
            "messageTitle": "Update README.adoc",
            "messageBody": "",
            "insertions": 27,
            "deletions": 11
          }
        ]
      },
      {
        "insertions": 110,
        "deletions": 0,
        "date": "2019-10-08",
        "commitResults": [
          {
            "hash": "080fc7122c2119f9d67b1419ecf3df3876253e70",
            "messageTitle": "Add Food Model",
            "messageBody": "",
            "insertions": 90,
            "deletions": 0
          },
          {
            "hash": "5a2e4f56278ba6c7f198d8695289d4be264621d3",
            "messageTitle": "Add food list",
            "messageBody": "",
            "insertions": 16,
            "deletions": 0
          },
          {
            "hash": "7e038e9640536873214bf3cd04a64fcf2f248a48",
            "messageTitle": "Add food map",
            "messageBody": "",
            "insertions": 4,
            "deletions": 0
          }
        ]
      },
      {
        "insertions": 973,
        "deletions": 329,
        "date": "2019-10-09",
        "commitResults": [
          {
            "hash": "457a99d6998fc289bf026f64eca59184d2c91f2c",
            "messageTitle": "Add filter food map",
            "messageBody": "",
            "insertions": 44,
            "deletions": 4
          },
          {
            "hash": "1e262031e3e7489c9b710d8827cda8f543aba43d",
            "messageTitle": "Add RecmFoodCommand",
            "messageBody": "",
            "insertions": 4,
            "deletions": 0
          },
          {
            "hash": "4ad74aa9b691b31c4ca60bb7d85b9a380a5e7595",
            "messageTitle": "Format the code",
            "messageBody": "",
            "insertions": 925,
            "deletions": 325
          }
        ]
      },
      {
        "insertions": 354,
        "deletions": 24,
        "date": "2019-10-10",
        "commitResults": [
          {
            "hash": "e93b03b8fcc37b5a1c2396bb91407ca13adc2ff7",
            "messageTitle": "Add some ui elements",
            "messageBody": "",
            "insertions": 195,
            "deletions": 5
          },
          {
            "hash": "46f8807c5e064fdf242049a7b27880c8bf3d622a",
            "messageTitle": "Add FoodBuilder and several foods",
            "messageBody": "",
            "insertions": 159,
            "deletions": 19
          }
        ]
      },
      {
        "insertions": 346,
        "deletions": 341,
        "date": "2019-10-11",
        "commitResults": [
          {
            "hash": "1730c2719405e6ea54bcdea0a56b5c7efcd59c8b",
            "messageTitle": "Display basic Ui",
            "messageBody": "",
            "insertions": 346,
            "deletions": 341
          }
        ]
      },
      {
        "insertions": 270,
        "deletions": 52,
        "date": "2019-10-12",
        "commitResults": [
          {
            "hash": "969121e4c64789d3bf6bed40935cd1893ae5ed70",
            "messageTitle": "Improve Ui",
            "messageBody": "",
            "insertions": 97,
            "deletions": 27
          },
          {
            "hash": "b0b0165cd29da49ae3387081618db07e0f499ba0",
            "messageTitle": "Make recmf functional",
            "messageBody": "",
            "insertions": 173,
            "deletions": 25
          }
        ]
      },
      {
        "insertions": 393,
        "deletions": 138,
        "date": "2019-10-16",
        "commitResults": [
          {
            "hash": "83a62b2f4a472019e44060560b7195061cb8f257",
            "messageTitle": "Add addfood command (no exception handling)",
            "messageBody": "",
            "insertions": 177,
            "deletions": 2
          },
          {
            "hash": "1a39b29a84feab272cab6ce8baf4dc301c25f66a",
            "messageTitle": "Format codes for merging",
            "messageBody": "",
            "insertions": 121,
            "deletions": 112
          },
          {
            "hash": "4eef96b1572b6b0428266729825b2e187b59f364",
            "messageTitle": "Add more constrain checks for addfood",
            "messageBody": "",
            "insertions": 95,
            "deletions": 24
          }
        ]
      },
      {
        "insertions": 273,
        "deletions": 15,
        "date": "2019-10-17",
        "commitResults": [
          {
            "hash": "dafdc9f496f60b096c627be1ac2cb0d1fccb0396",
            "messageTitle": "Add tests for addfood Command",
            "messageBody": "",
            "insertions": 273,
            "deletions": 15
          }
        ]
      },
      {
        "insertions": 243,
        "deletions": 122,
        "date": "2019-10-18",
        "commitResults": [
          {
            "hash": "0af16ed0f74c48c66bf23fd511799e71f4f44109",
            "messageTitle": "Add default background",
            "messageBody": "",
            "insertions": 93,
            "deletions": 111
          },
          {
            "hash": "f1e2bdf96e0b4202e284deb332f93db1ad486b07",
            "messageTitle": "Add Json file for food",
            "messageBody": "",
            "insertions": 150,
            "deletions": 11
          }
        ]
      },
      {
        "insertions": 437,
        "deletions": 76,
        "date": "2019-10-19",
        "commitResults": [
          {
            "hash": "48c027bdf42bead397d4f608c12018c11ce4d1b0",
            "messageTitle": "Add food storage function",
            "messageBody": "",
            "insertions": 359,
            "deletions": 13
          },
          {
            "hash": "8202210482f82df21150f82e0dd32aa86d7cb0f9",
            "messageTitle": "Complete storage class construction",
            "messageBody": "",
            "insertions": 78,
            "deletions": 63
          }
        ]
      }
    ],
    "jyx11011": [
      {
        "insertions": 61,
        "deletions": 21,
        "date": "2019-09-30",
        "commitResults": [
          {
            "hash": "f7d0198e18b9f587fc94e6270da0ddcc037676b3",
            "messageTitle": "Update intro, quickstart and summary of user guide",
            "messageBody": "",
            "insertions": 61,
            "deletions": 21
          }
        ]
      },
      {
        "insertions": 32,
        "deletions": 31,
        "date": "2019-10-02",
        "commitResults": [
          {
            "hash": "bf4f387e5476d0527d8a7ca351714e32a5931b9c",
            "messageTitle": "Fix style",
            "messageBody": "",
            "insertions": 1,
            "deletions": 1
          },
          {
            "hash": "a981a98b8b640cf90c870a6050970571011a13df",
            "messageTitle": "Update about us doc",
            "messageBody": "",
            "insertions": 19,
            "deletions": 17
          },
          {
            "hash": "0dd3c85d4e6c0bc3826f81947fc4b9a0cb8bf7d5",
            "messageTitle": "Add photos",
            "messageBody": "",
            "insertions": 7,
            "deletions": 8
          },
          {
            "hash": "9ad9a5cda6cbb21422efceec4d6f83102df340f1",
            "messageTitle": "Rename phtotos",
            "messageBody": "",
            "insertions": 5,
            "deletions": 5
          }
        ]
      },
      {
        "insertions": 474,
        "deletions": 9,
        "date": "2019-10-09",
        "commitResults": [
          {
            "hash": "99abb3fefb31af398bee74f8f49d6a83c5678a37",
            "messageTitle": "Add logic of calendar.",
            "messageBody": "",
            "insertions": 463,
            "deletions": 0
          },
          {
            "hash": "3723775b18c6c8d470344c17bafb9112bb7e2940",
            "messageTitle": "Fix checkstyle",
            "messageBody": "",
            "insertions": 11,
            "deletions": 9
          }
        ]
      },
      {
        "insertions": 921,
        "deletions": 147,
        "date": "2019-10-16",
        "commitResults": [
          {
            "hash": "cf99c2217e9d01525aede6e307b727cb4991834f",
            "messageTitle": "Add tests for calendar classes.",
            "messageBody": "",
            "insertions": 524,
            "deletions": 140
          },
          {
            "hash": "033c8be36e8df96f94b2599f1114108a3a916d99",
            "messageTitle": "Add event and reminder command.",
            "messageBody": "",
            "insertions": 380,
            "deletions": 0
          },
          {
            "hash": "2f58897bfc2143d6d17c2da52cc2f7164d4715f1",
            "messageTitle": "FIx checkstyle",
            "messageBody": "",
            "insertions": 17,
            "deletions": 7
          }
        ]
      },
      {
        "insertions": 986,
        "deletions": 197,
        "date": "2019-10-20",
        "commitResults": [
          {
            "hash": "5370d2f3850624312715a23248b6888ae0ddef85",
            "messageTitle": "Add parser for event and reminder",
            "messageBody": "",
            "insertions": 683,
            "deletions": 49
          },
          {
            "hash": "17f86400d8ff620cfc2026626706b78fc6c39a6c",
            "messageTitle": "Add calendar parser",
            "messageBody": "",
            "insertions": 303,
            "deletions": 148
          }
        ]
      }
    ],
    "whneo97": [
      {
        "insertions": 74,
        "deletions": 16,
        "date": "2019-10-02",
        "commitResults": [
          {
            "hash": "53ad988d0d7828fd66251f6cab73a3ae74a6e47d",
            "messageTitle": "Included list of user stories in DeveloperGuide.adoc and update existing ones.",
            "messageBody": "",
            "insertions": 61,
            "deletions": 9
          },
          {
            "hash": "a1311c5ab7d8faa66d497147d3f8f4eee5e60234",
            "messageTitle": "Update ContactUs.adoc by linking page viewers to team repo\u0027s issues page.",
            "messageBody": "",
            "insertions": 2,
            "deletions": 2
          },
          {
            "hash": "ee32629626758d6137c8c36ae86a4a1ae447e74d",
            "messageTitle": "Remove trailing whitespace and correct typo error in user stories.",
            "messageBody": "",
            "insertions": 2,
            "deletions": 2
          },
          {
            "hash": "011ba8a955ce501f6b45bb35402d2d5af69e8192",
            "messageTitle": "Update emails of all team members.",
            "messageBody": "",
            "insertions": 7,
            "deletions": 1
          },
          {
            "hash": "4f0284c3f1d5363bf04dbfc15df30e065bbcfacb",
            "messageTitle": "Fix checkstyle trailing white space in line 7 of ContactUs.adoc",
            "messageBody": "",
            "insertions": 1,
            "deletions": 1
          },
          {
            "hash": "9abe22e1667f2536ea759548aef6d1a2e963ffd7",
            "messageTitle": "Remove glossary link for \"private contact details\" in DeveloperGuide.adoc",
            "messageBody": "",
            "insertions": 1,
            "deletions": 1
          }
        ]
      },
      {
        "insertions": 468,
        "deletions": 65,
        "date": "2019-10-08",
        "commitResults": [
          {
            "hash": "eb0ac1c8bfeab67e1b49294ec64ade228b9dbe8d",
            "messageTitle": "Create ui window modification template using stubs.",
            "messageBody": "",
            "insertions": 294,
            "deletions": 1
          },
          {
            "hash": "aa512a5ec9811d1e213728cf2b66c2efda298bfb",
            "messageTitle": "Rename temporary stubs to match diabetics app.",
            "messageBody": "",
            "insertions": 19,
            "deletions": 19
          },
          {
            "hash": "49ebcdcdd013695beea4be5c9262bf0eda87e93f",
            "messageTitle": "Set up profile template",
            "messageBody": "",
            "insertions": 63,
            "deletions": 25
          },
          {
            "hash": "aefcd0daacfa17febd391eb66c7b4a8a27d27536",
            "messageTitle": "Tidy up profile placeholder text wrapping and scrolling.",
            "messageBody": "",
            "insertions": 92,
            "deletions": 20
          }
        ]
      },
      {
        "insertions": 237,
        "deletions": 90,
        "date": "2019-10-09",
        "commitResults": [
          {
            "hash": "034d5a42faedc69235893e061ecf48c5ae3883e8",
            "messageTitle": "Disable column ordering, selection and sorting (by clicking) in TableView.",
            "messageBody": "",
            "insertions": 28,
            "deletions": 4
          },
          {
            "hash": "58d21615edc56fab88f089a61941c8921b8cd314",
            "messageTitle": "Setup working BioTable template with arbitrary fields and data.",
            "messageBody": "",
            "insertions": 82,
            "deletions": 20
          },
          {
            "hash": "41ae494127b71835b6ec0c53005263050cca244a",
            "messageTitle": "Amend \"asl\" field to \"description\" under profile section of bio.",
            "messageBody": "",
            "insertions": 12,
            "deletions": 9
          },
          {
            "hash": "9954718606e20d8cdb31d3da04b08f8b898c3673",
            "messageTitle": "Minor edit of sample data username to match sample user\u0027s name in profile section of bio.",
            "messageBody": "",
            "insertions": 1,
            "deletions": 1
          },
          {
            "hash": "16d701aff0b4b1a79278894753324c8de1ea7455",
            "messageTitle": "Minor addition of quotation marks to sample description in profile section of bio.",
            "messageBody": "",
            "insertions": 1,
            "deletions": 1
          },
          {
            "hash": "69ce50d7e33226f3e73e4a1ef51c78cd9098235a",
            "messageTitle": "Implement preliminary draft of switching between main and bio window.",
            "messageBody": "",
            "insertions": 113,
            "deletions": 55
          }
        ]
      },
      {
        "insertions": 7,
        "deletions": 5,
        "date": "2019-10-10",
        "commitResults": [
          {
            "hash": "7b2091770f9cc82f1891486f75e1cdab1d05bbef",
            "messageTitle": "Fix bug that causes bio window to show up instead of main window.",
            "messageBody": "",
            "insertions": 0,
            "deletions": 3
          },
          {
            "hash": "a21c131931809d83514290c3ab6cfaa4f73a1640",
            "messageTitle": "Save window settings when switching between bio and main window.",
            "messageBody": "",
            "insertions": 7,
            "deletions": 0
          },
          {
            "hash": "acc630d4e620d3cc1ab033b9731a6b6cc673be28",
            "messageTitle": "Remove test print statements in execute method of BioWindow and MainWindow.",
            "messageBody": "",
            "insertions": 0,
            "deletions": 2
          }
        ]
      },
      {
        "insertions": 715,
        "deletions": 65,
        "date": "2019-10-11",
        "commitResults": [
          {
            "hash": "78618914ec702474760ae3efebd8a39446026e1d",
            "messageTitle": "Setup GUI for achievements window.",
            "messageBody": "",
            "insertions": 485,
            "deletions": 4
          },
          {
            "hash": "addc73a1da9573c5e5e7aeac50f08ff96ed18c83",
            "messageTitle": "Add achvm command to display all achievements and cache to load sample achievements in a shorter period of time once loaded.",
            "messageBody": "",
            "insertions": 135,
            "deletions": 24
          },
          {
            "hash": "e44045d1fba383cf5b1926ce34609efe6ac71813",
            "messageTitle": "Amend result display messages to make them sound more user-friendly.",
            "messageBody": "",
            "insertions": 8,
            "deletions": 5
          },
          {
            "hash": "b093d9b899ced0b4c9e786de43f86628f709af51",
            "messageTitle": "Allow commands entered by user / patient to be case-insensitive.",
            "messageBody": "",
            "insertions": 1,
            "deletions": 1
          },
          {
            "hash": "689aa2c6ca1189239a0cce6d4e6dbb4af91a4da8",
            "messageTitle": "Fix checkstyle errors.",
            "messageBody": "",
            "insertions": 12,
            "deletions": 21
          },
          {
            "hash": "4f6191e5413e315959a83bdd23d6fc15153e0b77",
            "messageTitle": "Include tests for bio and achievement commands and parsing.",
            "messageBody": "",
            "insertions": 59,
            "deletions": 2
          },
          {
            "hash": "95fddb2b81c773741786e7853ebb54a68403f2f2",
            "messageTitle": "Fix issues regarding unchecked call warnings and checkstyle errors on unused imports.",
            "messageBody": "",
            "insertions": 14,
            "deletions": 7
          },
          {
            "hash": "c07e4186c2101951aa5520e425706d59daeed031",
            "messageTitle": "Remove excess trailing whitespace in AchievementsWindow.fxml.",
            "messageBody": "",
            "insertions": 1,
            "deletions": 1
          }
        ]
      },
      {
        "insertions": 229,
        "deletions": 55,
        "date": "2019-10-17",
        "commitResults": [
          {
            "hash": "3b7fe72445a37f647218ce482b04c6f2dec297df",
            "messageTitle": "Create preliminary working outlines for seamless window-switching.",
            "messageBody": "",
            "insertions": 209,
            "deletions": 12
          },
          {
            "hash": "83aaa3ca19eae2b50ba166713185209fe28f865d",
            "messageTitle": "Draft switching back and forth between Main and Bio Window.",
            "messageBody": "",
            "insertions": 20,
            "deletions": 43
          }
        ]
      },
      {
        "insertions": 201,
        "deletions": 877,
        "date": "2019-10-18",
        "commitResults": [
          {
            "hash": "cd5dee19f0740b1d0873175cb9b1ec37837ad25a",
            "messageTitle": "Implement panel-switching feature via abstracting functions, enums and classes.",
            "messageBody": "",
            "insertions": 193,
            "deletions": 869
          },
          {
            "hash": "f905521dc121379549775211980bf645ef45d382",
            "messageTitle": "Include required EOF for styling",
            "messageBody": "",
            "insertions": 2,
            "deletions": 2
          },
          {
            "hash": "0138895aee5b6cb2ddbf5725223ca8d31c47158b",
            "messageTitle": "Rename mainPanelPlaceholder to mainDisplayPanePlaceholder.",
            "messageBody": "",
            "insertions": 4,
            "deletions": 4
          },
          {
            "hash": "0064ee617b9bd987a611b453e7d10e5a3f4fdd81",
            "messageTitle": "Replaced null Supplier in MainDisplayPane with wrapper function (null to be handled by caller of function).",
            "messageBody": "",
            "insertions": 1,
            "deletions": 1
          },
          {
            "hash": "9033b9da901fd429f4789dfd310beb2e4a6004b0",
            "messageTitle": "Fix null pointer exception bug in UI.",
            "messageBody": "",
            "insertions": 1,
            "deletions": 1
          }
        ]
      },
      {
        "insertions": 4670,
        "deletions": 856,
        "date": "2019-10-19",
        "commitResults": [
          {
            "hash": "823280c6784ea6884394617ceb19cb15c233edcb",
            "messageTitle": "Include biography sub-argument exception messages.",
            "messageBody": "",
            "insertions": 10,
            "deletions": 1
          },
          {
            "hash": "345f440377a65d69d0fa6193310a10871649cc8e",
            "messageTitle": "Add bio prefixes.",
            "messageBody": "",
            "insertions": 16,
            "deletions": 4
          },
          {
            "hash": "6452d577d011409ac291904870430ae415faade6",
            "messageTitle": "Add bio subargs commands and parsers.",
            "messageBody": "",
            "insertions": 1108,
            "deletions": 12
          },
          {
            "hash": "b62166c60098983a153ed3645be59820f589c459",
            "messageTitle": "Implement draft version of user bio with arguments and some storage data. (without GUI)",
            "messageBody": "",
            "insertions": 2374,
            "deletions": 201
          },
          {
            "hash": "0d28ddb70a82f08e0943cdd2dc7c7f9321b41dfb",
            "messageTitle": "Tidy up code in Storage, Logic and Model.",
            "messageBody": "",
            "insertions": 161,
            "deletions": 139
          },
          {
            "hash": "36a631da797dd276fd605f194cf21316f44cfd4e",
            "messageTitle": "Set resultDisplay text area to wrap text.",
            "messageBody": "",
            "insertions": 1,
            "deletions": 1
          },
          {
            "hash": "3607af77dcf1fcb3f8a8b6b10d4f5a11971ff7a5",
            "messageTitle": "Set background image to be contained within mainDisplayPaneHolder of MainWindow.",
            "messageBody": "",
            "insertions": 12,
            "deletions": 5
          },
          {
            "hash": "7888c760116cbecfc58c0327ee9bbe46242bb891",
            "messageTitle": "Implement working UI for addbio, editbio and clrbio commmands.",
            "messageBody": "",
            "insertions": 154,
            "deletions": 55
          },
          {
            "hash": "ea8610a51ac3115f34bf315fdb2cffa4d83a2988",
            "messageTitle": "Write tests for new commands in ParserUtilTest and update existing constructors to include UserList.",
            "messageBody": "",
            "insertions": 834,
            "deletions": 438
          }
        ]
      },
      {
        "insertions": 108,
        "deletions": 108,
        "date": "2019-10-20",
        "commitResults": [
          {
            "hash": "8c9bb469266372d85f830d830a201e9678869bdc",
            "messageTitle": "Resolve conflicts and handle regressions for merge between user bio and food recommendation features.",
            "messageBody": "",
            "insertions": 54,
            "deletions": 45
          },
          {
            "hash": "a5d947991c9477cc5560fea1d87946590f11f63e",
            "messageTitle": "Resolve conflicts and handle regression for merge in bio, recfm and records features.",
            "messageBody": "",
            "insertions": 54,
            "deletions": 63
          }
        ]
      },
      {
        "insertions": 548,
        "deletions": 173,
        "date": "2019-10-21",
        "commitResults": [
          {
            "hash": "3fe5a22b4d68ba5c20b341d49cdefac8fda98d56",
            "messageTitle": "Amend erroneous feedback messages for bio and implement methods to allow better-structured presentation of feedback messages",
            "messageBody": "",
            "insertions": 132,
            "deletions": 36
          },
          {
            "hash": "7fd76e901dc205bcb7878415bc8fe8234f75a336",
            "messageTitle": "Implement setting of display picture. Fix bugs allowing compulsory fields to be removed. Abstract code in BioTable.",
            "messageBody": "",
            "insertions": 327,
            "deletions": 81
          },
          {
            "hash": "666432a3cbb3df13bfacecb2c89be9b5a528808b",
            "messageTitle": "Optimise loading of profile pic such that if path does not change, profile pic is not reloaded.",
            "messageBody": "",
            "insertions": 89,
            "deletions": 56
          }
        ]
      }
    ],
    "scwaterbear": [
      {
        "insertions": 121,
        "deletions": 18,
        "date": "2019-10-02",
        "commitResults": [
          {
            "hash": "ba34ca5d6fdb1c0c77a73bee24affb3ac3e250f3",
            "messageTitle": "Add Target User, 5x Use Cases, minimal edits to NFR and Glossary",
            "messageBody": "",
            "insertions": 118,
            "deletions": 18
          },
          {
            "hash": "e557b68e3579b3a5ae7c4971847e6bbd6b296f0e",
            "messageTitle": "Add additional NFRs",
            "messageBody": "",
            "insertions": 3,
            "deletions": 0
          }
        ]
      },
      {
        "insertions": 1325,
        "deletions": 273,
        "date": "2019-10-14",
        "commitResults": [
          {
            "hash": "25aab4459904dc10792c6c609ef23b246e88689d",
            "messageTitle": "Ability to add BloodSugar and Bmi records to the record book",
            "messageBody": "",
            "insertions": 1325,
            "deletions": 273
          }
        ]
      },
      {
        "insertions": 975,
        "deletions": 108,
        "date": "2019-10-20",
        "commitResults": [
          {
            "hash": "7650ea4cb9cb4e961a9af3d59c747427c3a5afcf",
            "messageTitle": "Add UI for AddCommand BMI and BLOODSUGAR, able to read from and save to json file recordList.json. However, recordList.json will overwrite the entire json file on first add command on each new start. Use json file to verify that data is persisted till first command. Remember to specify that dateTime has to be the last field in userguide/developer docs because parse error.",
            "messageBody": "",
            "insertions": 975,
            "deletions": 108
          }
        ]
      }
    ],
    "chen-xi-cx": [
      {
        "insertions": 284,
        "deletions": 94,
        "date": "2019-10-01",
        "commitResults": [
          {
            "hash": "6d05190578d09d6a72db81c6063bfe0f9be53899",
            "messageTitle": "Update user guide to suit our project.",
            "messageBody": "Add features coming in v2.0 in user guide\n",
            "insertions": 284,
            "deletions": 94
          }
        ]
      },
      {
        "insertions": 158,
        "deletions": 1,
        "date": "2019-10-09",
        "commitResults": [
          {
            "hash": "996bc062b8053cc850af5344b2f55835305fd1bd",
            "messageTitle": "Add AverageCommand",
            "messageBody": "",
            "insertions": 157,
            "deletions": 0
          },
          {
            "hash": "803a855c02ce5942c7a2c83371198a9aaddace96",
            "messageTitle": "Change default COUNT values in average command",
            "messageBody": "",
            "insertions": 1,
            "deletions": 1
          }
        ]
      },
      {
        "insertions": 23,
        "deletions": 4,
        "date": "2019-10-10",
        "commitResults": [
          {
            "hash": "2b5d02b1f8b277ada9fb3485c65fea06153fa32f",
            "messageTitle": "Modify AverageCommand to tell user what parameter has the wrong input",
            "messageBody": "",
            "insertions": 23,
            "deletions": 4
          }
        ]
      },
      {
        "insertions": 305,
        "deletions": 157,
        "date": "2019-10-15",
        "commitResults": [
          {
            "hash": "20490484bd10ff3678fd0f72cac1b74d8a61c199",
            "messageTitle": "Halfway done with average command",
            "messageBody": "",
            "insertions": 121,
            "deletions": 45
          },
          {
            "hash": "f8b85596381bb9e0a16eb2d67863d197abe13c4c",
            "messageTitle": "Finish implementing Average command",
            "messageBody": "",
            "insertions": 19,
            "deletions": 10
          },
          {
            "hash": "5787618df7642b764e2105cc39dcedc91be45754",
            "messageTitle": "Add test for AverageCommand.java",
            "messageBody": "",
            "insertions": 83,
            "deletions": 26
          },
          {
            "hash": "afc1a34cc45b07cd7639614f950408fca3614a54",
            "messageTitle": "Attempt to fix travis error",
            "messageBody": "",
            "insertions": 0,
            "deletions": 42
          },
          {
            "hash": "dfd4b503702846287e2ae579dd53efd903548c5f",
            "messageTitle": "Add test for AverageCommand.java",
            "messageBody": "",
            "insertions": 42,
            "deletions": 0
          },
          {
            "hash": "94f0ce1a0e195792bd9160011ace169e4ae9c2ff",
            "messageTitle": "Attempt to fix travis check error",
            "messageBody": "",
            "insertions": 2,
            "deletions": 7
          },
          {
            "hash": "13a1f1af67925893db071bba31b7729d8125c1a2",
            "messageTitle": "Attempt to fix travis check error",
            "messageBody": "",
            "insertions": 0,
            "deletions": 11
          },
          {
            "hash": "031dee67b3425d1da1dd70430edb59f1037d2310",
            "messageTitle": "Attempt to fix travis check error",
            "messageBody": "",
            "insertions": 9,
            "deletions": 10
          },
          {
            "hash": "3ef5b3d06586b79ab66204841fbe34361e473e22",
            "messageTitle": "Add test for AverageCommand#execute",
            "messageBody": "",
            "insertions": 14,
            "deletions": 0
          },
          {
            "hash": "d14c0b3c00efc2e6903093fbe8797b1e3c98c830",
            "messageTitle": "Attempt to fix travis check error",
            "messageBody": "",
            "insertions": 15,
            "deletions": 6
          }
        ]
      },
      {
        "insertions": 30,
        "deletions": 53,
        "date": "2019-10-16",
        "commitResults": [
          {
            "hash": "ac78be341483500108a11f6b969df85ca644eb53",
            "messageTitle": "Attempt to fix travis check error",
            "messageBody": "",
            "insertions": 17,
            "deletions": 18
          },
          {
            "hash": "3cf28814b06bd4a4c691772d83244de2544d9527",
            "messageTitle": "Attempt to fix travis check error",
            "messageBody": "",
            "insertions": 9,
            "deletions": 9
          },
          {
            "hash": "2182468208d01848e2fad4ba7a0db8dbe23f6de6",
            "messageTitle": "Remove test for AverageCommand#execute",
            "messageBody": "",
            "insertions": 4,
            "deletions": 26
          }
        ]
      }
    ]
  },
  "authorFinalContributionMap": {
    "ZhangHuafan": 2797,
    "jyx11011": 2140,
    "whneo97": 5238,
    "scwaterbear": 2210,
    "chen-xi-cx": 487
  },
  "authorFileTypeContributionMap": {
    "ZhangHuafan": {
      "docs": 105,
      "tests": 506,
      "functional": 2184,
      "other": 2
    },
    "jyx11011": {
      "docs": 80,
      "tests": 830,
      "functional": 1230
    },
    "whneo97": {
      "docs": 68,
      "tests": 649,
      "functional": 4513,
      "other": 8
    },
    "scwaterbear": {
      "docs": 103,
      "tests": 575,
      "functional": 1532
    },
    "chen-xi-cx": {
      "docs": 187,
      "tests": 25,
      "functional": 275
    }
  },
  "authorContributionVariance": {
    "ZhangHuafan": 59631.6,
    "jyx11011": 56606.68,
    "whneo97": 681822.8,
    "scwaterbear": 77672.52,
    "chen-xi-cx": 7880.227
  },
  "authorDisplayNameMap": {
    "ZhangHuafan": "CS2103-T16-1 ZHANG ... IAOYU",
    "jyx11011": "CS2103-T16-1 JIANG ... YUXIN",
    "whneo97": "CS2103-T16-1 NEO W ... IHONG",
    "scwaterbear": "CS2103-T16-1 STEPH ... G ZHI",
    "chen-xi-cx": "CS2103-T16-1 CHEN  ... EN XI"
  }
}
