{
  "authorDailyContributionsMap": {
    "R-D-D-D": [],
    "ccyccyccy": [],
    "philipalexanderb": [],
    "fadisng": [],
    "jerryk1997": []
  },
  "authorFinalContributionMap": {
    "R-D-D-D": 0,
    "ccyccyccy": 0,
    "philipalexanderb": 0,
    "fadisng": 0,
    "jerryk1997": 0
  },
  "authorFileTypeContributionMap": {
    "R-D-D-D": {
      "docs": 0,
      "tests": 0,
      "functional": 0
    },
    "ccyccyccy": {
      "docs": 0,
      "tests": 0,
      "functional": 0
    },
    "philipalexanderb": {
      "docs": 0,
      "tests": 0,
      "functional": 0
    },
    "fadisng": {
      "docs": 0,
      "tests": 0,
      "functional": 0
    },
    "jerryk1997": {
      "docs": 0,
      "tests": 0,
      "functional": 0
    }
  },
  "authorContributionVariance": {
    "R-D-D-D": 0.0,
    "ccyccyccy": 0.0,
    "philipalexanderb": 0.0,
    "fadisng": 0.0,
    "jerryk1997": 0.0
  },
  "authorDisplayNameMap": {
    "R-D-D-D": "CS2103T-T17-1 WANG  ... NDING",
    "ccyccyccy": "CS2103T-T17-1 CHONG ...  YUAN",
    "philipalexanderb": "CS2103T-T17-1 PHILI ... DIMAN",
    "fadisng": "CS2103T-T17-1 SNG J ... FARIS",
    "jerryk1997": "CS2103T-T17-1 KWONG ... JERRY"
  }
}
