{
  "authorDailyContributionsMap": {
    "R-D-D-D": [
      {
        "insertions": 8,
        "deletions": 0,
        "date": "2019-10-02",
        "commitResults": [
          {
            "hash": "0539fddde26b5e93a3861a722d9f81547a428a62",
            "messageTitle": "Update AboutUs.adoc",
            "messageBody": "",
            "insertions": 8,
            "deletions": 0
          }
        ]
      }
    ],
    "ccyccyccy": [
      {
        "insertions": 230,
        "deletions": 61,
        "date": "2019-09-25",
        "commitResults": [
          {
            "hash": "c539bca11dd88b3ba9f7e731a7824f644fd0fea3",
            "messageTitle": "Add remarkCommand without test",
            "messageBody": "",
            "insertions": 230,
            "deletions": 61
          }
        ]
      },
      {
        "insertions": 164,
        "deletions": 192,
        "date": "2019-10-02",
        "commitResults": [
          {
            "hash": "fb493ee7495b066f93b9e685d4d7914ca185fb15",
            "messageTitle": "Edit team info (#5)",
            "messageBody": "Edited README",
            "insertions": 6,
            "deletions": 10
          },
          {
            "hash": "70edc2b93dde231dcbe9206769c79245ccc0c157",
            "messageTitle": "Travis test",
            "messageBody": "",
            "insertions": 1,
            "deletions": 1
          },
          {
            "hash": "d6742acc92481f037e5720499ac5667ee102e7dc",
            "messageTitle": "Modify build status, fix checkstyle errors",
            "messageBody": "",
            "insertions": 87,
            "deletions": 23
          },
          {
            "hash": "87768a3eba6acf8da9aa6ff109e1088936193ce5",
            "messageTitle": "Update UserGuide.adoc",
            "messageBody": "",
            "insertions": 69,
            "deletions": 157
          },
          {
            "hash": "dc426458490cce92465c7c0ba0d51279c21c6aad",
            "messageTitle": "Update AboutUs.adoc",
            "messageBody": "",
            "insertions": 1,
            "deletions": 1
          }
        ]
      },
      {
        "insertions": 0,
        "deletions": 39,
        "date": "2019-10-03",
        "commitResults": [
          {
            "hash": "b78ffa29ac868a25ffc8faf1c3e36261149455a1",
            "messageTitle": "Update AboutUs.adoc",
            "messageBody": "",
            "insertions": 0,
            "deletions": 39
          }
        ]
      }
    ],
    "philipalexanderb": [
      {
        "insertions": 9,
        "deletions": 1,
        "date": "2019-10-02",
        "commitResults": [
          {
            "hash": "4f409de593c533fc187444e2390807a8bee5ed2a",
            "messageTitle": "Update AboutUs.adoc",
            "messageBody": "",
            "insertions": 6,
            "deletions": 0
          },
          {
            "hash": "a27aab4c8721d5c3e576aa1c80247e41afb4551c",
            "messageTitle": "Update AboutUs.adoc",
            "messageBody": "",
            "insertions": 1,
            "deletions": 1
          },
          {
            "hash": "881368145d6977553b9e810b3e01735ca4bab590",
            "messageTitle": "Update AboutUs.adoc",
            "messageBody": "",
            "insertions": 2,
            "deletions": 0
          }
        ]
      }
    ],
    "fadisng": [],
    "jerryk1997": [
      {
        "insertions": 6,
        "deletions": 0,
        "date": "2019-10-02",
        "commitResults": [
          {
            "hash": "3acce652446b1f4f1f834b029ab1efac4e12e263",
            "messageTitle": "Update AboutUs.adoc",
            "messageBody": "",
            "insertions": 6,
            "deletions": 0
          }
        ]
      },
      {
        "insertions": 1,
        "deletions": 1,
        "date": "2019-10-09",
        "commitResults": [
          {
            "hash": "7e60fb6e6ea782c574c81b823bf4209fe689d3ae",
            "messageTitle": "Update AboutUs.adoc",
            "messageBody": "",
            "insertions": 1,
            "deletions": 1
          }
        ]
      }
    ]
  },
  "authorFinalContributionMap": {
    "R-D-D-D": 4,
    "ccyccyccy": 326,
    "philipalexanderb": 4,
    "fadisng": 0,
    "jerryk1997": 4
  },
  "authorFileTypeContributionMap": {
    "R-D-D-D": {
      "docs": 4,
      "tests": 0,
      "functional": 0
    },
    "ccyccyccy": {
      "docs": 70,
      "tests": 31,
      "functional": 225
    },
    "philipalexanderb": {
      "docs": 4,
      "tests": 0,
      "functional": 0
    },
    "fadisng": {
      "docs": 0,
      "tests": 0,
      "functional": 0
    },
    "jerryk1997": {
      "docs": 4,
      "tests": 0,
      "functional": 0
    }
  },
  "authorContributionVariance": {
    "R-D-D-D": 1.8269893,
    "ccyccyccy": 5855.793,
    "philipalexanderb": 2.8546705,
    "fadisng": 0.0,
    "jerryk1997": 1.121107
  },
  "authorDisplayNameMap": {
    "R-D-D-D": "CS2103T-T17-1 WANG  ... NDING",
    "ccyccyccy": "CS2103T-T17-1 CHONG ...  YUAN",
    "philipalexanderb": "CS2103T-T17-1 PHILI ... DIMAN",
    "fadisng": "CS2103T-T17-1 SNG J ... FARIS",
    "jerryk1997": "CS2103T-T17-1 KWONG ... JERRY"
  }
}
