[
  {
    "path": "README.adoc",
    "fileType": "docs",
    "lines": [
      {
        "lineNumber": 1,
        "author": {
          "gitId": "sheryltay28"
        },
        "content": "\u003d Teacher\u0027s Notebook"
      },
      {
        "lineNumber": 2,
        "author": {
          "gitId": "-"
        },
        "content": "ifdef::env-github,env-browser[:relfileprefix: docs/]"
      },
      {
        "lineNumber": 3,
        "author": {
          "gitId": "-"
        },
        "content": ""
      },
      {
        "lineNumber": 4,
        "author": {
          "gitId": "sheryltay28"
        },
        "content": "https://travis-ci.org/AY1920S1-CS2103-T14-1/main[image:https://travis-ci.org/se-edu/addressbook-level3.svg?branch\u003dmaster[Build Status]]"
      },
      {
        "lineNumber": 5,
        "author": {
          "gitId": "-"
        },
        "content": "https://ci.appveyor.com/project/damithc/addressbook-level3[image:https://ci.appveyor.com/api/projects/status/3boko2x2vr5cc3w2?svg\u003dtrue[Build status]]"
      },
      {
        "lineNumber": 6,
        "author": {
          "gitId": "-"
        },
        "content": "https://coveralls.io/github/se-edu/addressbook-level3?branch\u003dmaster[image:https://coveralls.io/repos/github/se-edu/addressbook-level3/badge.svg?branch\u003dmaster[Coverage Status]]"
      },
      {
        "lineNumber": 7,
        "author": {
          "gitId": "-"
        },
        "content": "https://gitter.im/se-edu/Lobby[image:https://badges.gitter.im/se-edu/Lobby.svg[Gitter chat]]"
      },
      {
        "lineNumber": 8,
        "author": {
          "gitId": "-"
        },
        "content": ""
      },
      {
        "lineNumber": 9,
        "author": {
          "gitId": "-"
        },
        "content": "ifdef::env-github[]"
      },
      {
        "lineNumber": 10,
        "author": {
          "gitId": "-"
        },
        "content": "image::docs/images/Ui.png[width\u003d\"600\"]"
      },
      {
        "lineNumber": 11,
        "author": {
          "gitId": "-"
        },
        "content": "endif::[]"
      },
      {
        "lineNumber": 12,
        "author": {
          "gitId": "-"
        },
        "content": ""
      },
      {
        "lineNumber": 13,
        "author": {
          "gitId": "-"
        },
        "content": "ifndef::env-github[]"
      },
      {
        "lineNumber": 14,
        "author": {
          "gitId": "-"
        },
        "content": "image::images/Ui.png[width\u003d\"600\"]"
      },
      {
        "lineNumber": 15,
        "author": {
          "gitId": "-"
        },
        "content": "endif::[]"
      },
      {
        "lineNumber": 16,
        "author": {
          "gitId": "-"
        },
        "content": ""
      },
      {
        "lineNumber": 17,
        "author": {
          "gitId": "sheryltay28"
        },
        "content": "* This is a desktop Teacher\u0027s Notebook application. It has a GUI but most of the user interactions happen using a CLI (Command Line Interface)."
      },
      {
        "lineNumber": 18,
        "author": {
          "gitId": "sheryltay28"
        },
        "content": "* It is a desktop application intended for teachers to manage their classes, students and their tasks."
      },
      {
        "lineNumber": 19,
        "author": {
          "gitId": "sheryltay28"
        },
        "content": "* It is *written in OOP fashion*. It provides teachers with a useful platform to manage all their matters."
      },
      {
        "lineNumber": 20,
        "author": {
          "gitId": "-"
        },
        "content": ""
      },
      {
        "lineNumber": 21,
        "author": {
          "gitId": "-"
        },
        "content": "\u003d\u003d Site Map"
      },
      {
        "lineNumber": 22,
        "author": {
          "gitId": "-"
        },
        "content": ""
      },
      {
        "lineNumber": 23,
        "author": {
          "gitId": "-"
        },
        "content": "* \u003c\u003cUserGuide#, User Guide\u003e\u003e"
      },
      {
        "lineNumber": 24,
        "author": {
          "gitId": "-"
        },
        "content": "* \u003c\u003cDeveloperGuide#, Developer Guide\u003e\u003e"
      },
      {
        "lineNumber": 25,
        "author": {
          "gitId": "-"
        },
        "content": "* \u003c\u003cLearningOutcomes#, Learning Outcomes\u003e\u003e"
      },
      {
        "lineNumber": 26,
        "author": {
          "gitId": "-"
        },
        "content": "* \u003c\u003cAboutUs#, About Us\u003e\u003e"
      },
      {
        "lineNumber": 27,
        "author": {
          "gitId": "-"
        },
        "content": "* \u003c\u003cContactUs#, Contact Us\u003e\u003e"
      },
      {
        "lineNumber": 28,
        "author": {
          "gitId": "-"
        },
        "content": ""
      },
      {
        "lineNumber": 29,
        "author": {
          "gitId": "-"
        },
        "content": "\u003d\u003d Acknowledgements"
      },
      {
        "lineNumber": 30,
        "author": {
          "gitId": "-"
        },
        "content": ""
      },
      {
        "lineNumber": 31,
        "author": {
          "gitId": "-"
        },
        "content": "* Some parts of this sample application were inspired by the excellent http://code.makery.ch/library/javafx-8-tutorial/[Java FX tutorial] by"
      },
      {
        "lineNumber": 32,
        "author": {
          "gitId": "-"
        },
        "content": "_Marco Jakob_."
      },
      {
        "lineNumber": 33,
        "author": {
          "gitId": "sheryltay28"
        },
        "content": "* The original source of the code, AddressBook-Level3 was created by SE-EDU initiative at https://se-education.org"
      },
      {
        "lineNumber": 34,
        "author": {
          "gitId": "-"
        },
        "content": "* Libraries used: https://openjfx.io/[JavaFX], https://github.com/FasterXML/jackson[Jackson], https://github.com/junit-team/junit5[JUnit5]"
      },
      {
        "lineNumber": 35,
        "author": {
          "gitId": "-"
        },
        "content": ""
      },
      {
        "lineNumber": 36,
        "author": {
          "gitId": "-"
        },
        "content": "\u003d\u003d Licence : link:LICENSE[MIT]"
      }
    ],
    "authorContributionMap": {
      "sheryltay28": 6,
      "-": 30
    }
  },
  {
    "path": "docs/AboutUs.adoc",
    "fileType": "docs",
    "lines": [
      {
        "lineNumber": 1,
        "author": {
          "gitId": "-"
        },
        "content": "\u003d About Us"
      },
      {
        "lineNumber": 2,
        "author": {
          "gitId": "-"
        },
        "content": ":site-section: AboutUs"
      },
      {
        "lineNumber": 3,
        "author": {
          "gitId": "-"
        },
        "content": ":relfileprefix: team/"
      },
      {
        "lineNumber": 4,
        "author": {
          "gitId": "-"
        },
        "content": ":imagesDir: images"
      },
      {
        "lineNumber": 5,
        "author": {
          "gitId": "-"
        },
        "content": ":stylesDir: stylesheets"
      },
      {
        "lineNumber": 6,
        "author": {
          "gitId": "-"
        },
        "content": ""
      },
      {
        "lineNumber": 7,
        "author": {
          "gitId": "sheryltay28"
        },
        "content": "Teacher\u0027s Notebook was developed by Team https://github.com/orgs/AY1920S1-CS2103-T14-1/people. +"
      },
      {
        "lineNumber": 8,
        "author": {
          "gitId": "-"
        },
        "content": "_{The dummy content given below serves as a placeholder to be used by future forks of the project.}_ +"
      },
      {
        "lineNumber": 9,
        "author": {
          "gitId": "-"
        },
        "content": "{empty} +"
      },
      {
        "lineNumber": 10,
        "author": {
          "gitId": "-"
        },
        "content": "We are a team based in the http://www.comp.nus.edu.sg[School of Computing, National University of Singapore]."
      },
      {
        "lineNumber": 11,
        "author": {
          "gitId": "-"
        },
        "content": ""
      },
      {
        "lineNumber": 12,
        "author": {
          "gitId": "-"
        },
        "content": "\u003d\u003d Project Team"
      },
      {
        "lineNumber": 13,
        "author": {
          "gitId": "-"
        },
        "content": ""
      },
      {
        "lineNumber": 14,
        "author": {
          "gitId": "sheryltay28"
        },
        "content": "\u003d\u003d\u003d Prof.Damith C. Rajapakse"
      },
      {
        "lineNumber": 15,
        "author": {
          "gitId": "-"
        },
        "content": "image::damithc.jpg[width\u003d\"150\", align\u003d\"left\"]"
      },
      {
        "lineNumber": 16,
        "author": {
          "gitId": "-"
        },
        "content": "{empty}[http://www.comp.nus.edu.sg/~damithch[homepage]] [https://github.com/damithc[github]] [\u003c\u003cjohndoe#, portfolio\u003e\u003e]"
      },
      {
        "lineNumber": 17,
        "author": {
          "gitId": "-"
        },
        "content": ""
      },
      {
        "lineNumber": 18,
        "author": {
          "gitId": "-"
        },
        "content": "Role: Project Advisor"
      },
      {
        "lineNumber": 19,
        "author": {
          "gitId": "-"
        },
        "content": ""
      },
      {
        "lineNumber": 20,
        "author": {
          "gitId": "-"
        },
        "content": "\u0027\u0027\u0027"
      },
      {
        "lineNumber": 21,
        "author": {
          "gitId": "-"
        },
        "content": ""
      },
      {
        "lineNumber": 22,
        "author": {
          "gitId": "sheryltay28"
        },
        "content": "\u003d\u003d\u003d Loh Wei Kiat"
      },
      {
        "lineNumber": 23,
        "author": {
          "gitId": "sheryltay28"
        },
        "content": "image::Weikiat.png[width\u003d\"150\", align\u003d\"left\"]"
      },
      {
        "lineNumber": 24,
        "author": {
          "gitId": "sheryltay28"
        },
        "content": "{empty}[https://github.com/weikiat97[github]] [\u003c\u003cjohndoe#, portfolio\u003e\u003e]"
      },
      {
        "lineNumber": 25,
        "author": {
          "gitId": "-"
        },
        "content": ""
      },
      {
        "lineNumber": 26,
        "author": {
          "gitId": "-"
        },
        "content": "Role: Team Lead +"
      },
      {
        "lineNumber": 27,
        "author": {
          "gitId": "-"
        },
        "content": "Responsibilities: UI"
      },
      {
        "lineNumber": 28,
        "author": {
          "gitId": "-"
        },
        "content": ""
      },
      {
        "lineNumber": 29,
        "author": {
          "gitId": "-"
        },
        "content": "\u0027\u0027\u0027"
      },
      {
        "lineNumber": 30,
        "author": {
          "gitId": "-"
        },
        "content": ""
      },
      {
        "lineNumber": 31,
        "author": {
          "gitId": "sheryltay28"
        },
        "content": "\u003d\u003d\u003d Sebastian Lie Hsien Yong"
      },
      {
        "lineNumber": 32,
        "author": {
          "gitId": "sheryltay28"
        },
        "content": "image::Sebastian.png[width\u003d\"150\", align\u003d\"left\"]"
      },
      {
        "lineNumber": 33,
        "author": {
          "gitId": "sheryltay28"
        },
        "content": "{empty}[https://github.com/SebastianLie[github]] [\u003c\u003cjohndoe#, portfolio\u003e\u003e]"
      },
      {
        "lineNumber": 34,
        "author": {
          "gitId": "-"
        },
        "content": ""
      },
      {
        "lineNumber": 35,
        "author": {
          "gitId": "-"
        },
        "content": "Role: Developer +"
      },
      {
        "lineNumber": 36,
        "author": {
          "gitId": "-"
        },
        "content": "Responsibilities: Data"
      },
      {
        "lineNumber": 37,
        "author": {
          "gitId": "-"
        },
        "content": ""
      },
      {
        "lineNumber": 38,
        "author": {
          "gitId": "-"
        },
        "content": "\u0027\u0027\u0027"
      },
      {
        "lineNumber": 39,
        "author": {
          "gitId": "-"
        },
        "content": ""
      },
      {
        "lineNumber": 40,
        "author": {
          "gitId": "sheryltay28"
        },
        "content": "\u003d\u003d\u003d Tay Sheryl"
      },
      {
        "lineNumber": 41,
        "author": {
          "gitId": "sheryltay28"
        },
        "content": "image::Sheryl.png[width\u003d\"150\", align\u003d\"left\"]"
      },
      {
        "lineNumber": 42,
        "author": {
          "gitId": "sheryltay28"
        },
        "content": "{empty}[https://github.com/sheryltay28[github]] [\u003c\u003cjohndoe#, portfolio\u003e\u003e]"
      },
      {
        "lineNumber": 43,
        "author": {
          "gitId": "-"
        },
        "content": ""
      },
      {
        "lineNumber": 44,
        "author": {
          "gitId": "-"
        },
        "content": "Role: Developer +"
      },
      {
        "lineNumber": 45,
        "author": {
          "gitId": "-"
        },
        "content": "Responsibilities: Dev Ops + Threading"
      },
      {
        "lineNumber": 46,
        "author": {
          "gitId": "-"
        },
        "content": ""
      },
      {
        "lineNumber": 47,
        "author": {
          "gitId": "-"
        },
        "content": "\u0027\u0027\u0027"
      },
      {
        "lineNumber": 48,
        "author": {
          "gitId": "-"
        },
        "content": ""
      },
      {
        "lineNumber": 49,
        "author": {
          "gitId": "sheryltay28"
        },
        "content": "\u003d\u003d\u003d Yoon Jia Jun, Ken"
      },
      {
        "lineNumber": 50,
        "author": {
          "gitId": "sheryltay28"
        },
        "content": "image::Ken.png[width\u003d\"150\", align\u003d\"left\"]"
      },
      {
        "lineNumber": 51,
        "author": {
          "gitId": "sheryltay28"
        },
        "content": "{empty}[https://github.com/Xelyion[github]] [\u003c\u003cjohndoe#, portfolio\u003e\u003e]"
      },
      {
        "lineNumber": 52,
        "author": {
          "gitId": "-"
        },
        "content": ""
      },
      {
        "lineNumber": 53,
        "author": {
          "gitId": "-"
        },
        "content": "Role: Developer +"
      },
      {
        "lineNumber": 54,
        "author": {
          "gitId": "-"
        },
        "content": "Responsibilities: UI"
      },
      {
        "lineNumber": 55,
        "author": {
          "gitId": "-"
        },
        "content": ""
      },
      {
        "lineNumber": 56,
        "author": {
          "gitId": "-"
        },
        "content": "\u0027\u0027\u0027"
      }
    ],
    "authorContributionMap": {
      "sheryltay28": 14,
      "-": 42
    }
  },
  {
    "path": "docs/ContactUs.adoc",
    "fileType": "docs",
    "lines": [
      {
        "lineNumber": 1,
        "author": {
          "gitId": "-"
        },
        "content": "\u003d Contact Us"
      },
      {
        "lineNumber": 2,
        "author": {
          "gitId": "-"
        },
        "content": ":site-section: ContactUs"
      },
      {
        "lineNumber": 3,
        "author": {
          "gitId": "-"
        },
        "content": ":stylesDir: stylesheets"
      },
      {
        "lineNumber": 4,
        "author": {
          "gitId": "-"
        },
        "content": ""
      },
      {
        "lineNumber": 5,
        "author": {
          "gitId": "sheryltay28"
        },
        "content": "* *Bug reports, Suggestions* : Post in our https://github.com/AY1920S1-CS2103-T14-1/main/issues[issue tracker] if you noticed bugs or have suggestions on how to improve."
      },
      {
        "lineNumber": 6,
        "author": {
          "gitId": "-"
        },
        "content": "* *Contributing* : We welcome pull requests. Follow the process described https://github.com/oss-generic/process[here]"
      },
      {
        "lineNumber": 7,
        "author": {
          "gitId": "sheryltay28"
        },
        "content": "* *Email us* : You can also reach us at E0324292@u.nus.edu"
      }
    ],
    "authorContributionMap": {
      "sheryltay28": 2,
      "-": 5
    }
  },
  {
    "path": "docs/UserGuide.adoc",
    "fileType": "docs",
    "lines": [
      {
        "lineNumber": 1,
        "author": {
          "gitId": "sheryltay28"
        },
        "content": "\u003d Teacher’s Notebook - User Guide"
      },
      {
        "lineNumber": 2,
        "author": {
          "gitId": "-"
        },
        "content": ":site-section: UserGuide"
      },
      {
        "lineNumber": 3,
        "author": {
          "gitId": "-"
        },
        "content": ":toc:"
      },
      {
        "lineNumber": 4,
        "author": {
          "gitId": "-"
        },
        "content": ":toc-title:"
      },
      {
        "lineNumber": 5,
        "author": {
          "gitId": "-"
        },
        "content": ":toc-placement: preamble"
      },
      {
        "lineNumber": 6,
        "author": {
          "gitId": "-"
        },
        "content": ":sectnums:"
      },
      {
        "lineNumber": 7,
        "author": {
          "gitId": "-"
        },
        "content": ":imagesDir: images"
      },
      {
        "lineNumber": 8,
        "author": {
          "gitId": "-"
        },
        "content": ":stylesDir: stylesheets"
      },
      {
        "lineNumber": 9,
        "author": {
          "gitId": "-"
        },
        "content": ":xrefstyle: full"
      },
      {
        "lineNumber": 10,
        "author": {
          "gitId": "-"
        },
        "content": ":experimental:"
      },
      {
        "lineNumber": 11,
        "author": {
          "gitId": "-"
        },
        "content": "ifdef::env-github[]"
      },
      {
        "lineNumber": 12,
        "author": {
          "gitId": "-"
        },
        "content": ":tip-caption: :bulb:"
      },
      {
        "lineNumber": 13,
        "author": {
          "gitId": "-"
        },
        "content": ":note-caption: :information_source:"
      },
      {
        "lineNumber": 14,
        "author": {
          "gitId": "-"
        },
        "content": "endif::[]"
      },
      {
        "lineNumber": 15,
        "author": {
          "gitId": "sheryltay28"
        },
        "content": ":repoURL: https://github.com/AY1920S1-CS2103-T14-1/main"
      },
      {
        "lineNumber": 16,
        "author": {
          "gitId": "sheryltay28"
        },
        "content": "By: \u0027Team CS2103-T14-1\u0027     Since: \u0027Sep 2019\u0027"
      },
      {
        "lineNumber": 17,
        "author": {
          "gitId": "-"
        },
        "content": ""
      },
      {
        "lineNumber": 18,
        "author": {
          "gitId": "-"
        },
        "content": "\u003d\u003d Introduction"
      },
      {
        "lineNumber": 19,
        "author": {
          "gitId": "-"
        },
        "content": ""
      },
      {
        "lineNumber": 20,
        "author": {
          "gitId": "sheryltay28"
        },
        "content": "Teacher’s Notebook is for teachers who prefer to make use of an application to keep track of the deliverables, tasks and students’ information. It is optimized for teachers who prefer to work with a Command Line Interface (CLI) while still having the benefits of a Graphical User Interface (GUI). If you are a teacher who wants to manage your students and your tasks efficiently, and can type fast, Teacher’s Notebook can get your work done much faster than traditional applications! Jump to Section 2, “Quick Start” to get started! Enjoy!"
      },
      {
        "lineNumber": 21,
        "author": {
          "gitId": "-"
        },
        "content": ""
      },
      {
        "lineNumber": 22,
        "author": {
          "gitId": "-"
        },
        "content": "\u003d\u003d Quick Start"
      },
      {
        "lineNumber": 23,
        "author": {
          "gitId": "-"
        },
        "content": ""
      },
      {
        "lineNumber": 24,
        "author": {
          "gitId": "sheryltay28"
        },
        "content": ".  Ensure you have Java 11 or above installed in your Computer."
      },
      {
        "lineNumber": 25,
        "author": {
          "gitId": "sheryltay28"
        },
        "content": ".  Download the latest teachersnotebook.jar here."
      },
      {
        "lineNumber": 26,
        "author": {
          "gitId": "sheryltay28"
        },
        "content": ".  Copy the file to the folder you want to use as the home folder for your Teacher’s Notebook."
      },
      {
        "lineNumber": 27,
        "author": {
          "gitId": "-"
        },
        "content": ".  Double-click the file to start the app. The GUI should appear in a few seconds."
      },
      {
        "lineNumber": 28,
        "author": {
          "gitId": "sheryltay28"
        },
        "content": ".  Type in the commands and press enter to execute them. Refer to Section 3: Features for more details on the commands."
      },
      {
        "lineNumber": 29,
        "author": {
          "gitId": "-"
        },
        "content": ""
      },
      {
        "lineNumber": 30,
        "author": {
          "gitId": "-"
        },
        "content": ".  Refer to \u003c\u003cFeatures\u003e\u003e for details of each command."
      },
      {
        "lineNumber": 31,
        "author": {
          "gitId": "-"
        },
        "content": ""
      },
      {
        "lineNumber": 32,
        "author": {
          "gitId": "-"
        },
        "content": "[[Features]]"
      },
      {
        "lineNumber": 33,
        "author": {
          "gitId": "-"
        },
        "content": "\u003d\u003d Features"
      },
      {
        "lineNumber": 34,
        "author": {
          "gitId": "-"
        },
        "content": ""
      },
      {
        "lineNumber": 35,
        "author": {
          "gitId": "-"
        },
        "content": "\u003d\u003d\u003d\u003d"
      },
      {
        "lineNumber": 36,
        "author": {
          "gitId": "-"
        },
        "content": "*Command Format*"
      },
      {
        "lineNumber": 37,
        "author": {
          "gitId": "sheryltay28"
        },
        "content": "* Words in UPPER_CASE are the parameters supplied by the user e.g. in add c/CLASS, CLASS is a parameter which can be used as add c/4C."
      },
      {
        "lineNumber": 38,
        "author": {
          "gitId": "sheryltay28"
        },
        "content": "* Items in square brackets are optional e.g. n/NAME [a/ADDRESS] can be used as n/John Doe a/National University of Singapore or n/John Doe."
      },
      {
        "lineNumber": 39,
        "author": {
          "gitId": "sheryltay28"
        },
        "content": "* Items with … after them can be used multiple times including zero times e.g. [m/MEDICAL_CONDITIONS]... can be used as   (i.e. 0 times), m/Sinus, m/Sinus m/Asthma etc."
      },
      {
        "lineNumber": 40,
        "author": {
          "gitId": "sheryltay28"
        },
        "content": "* Parameters can be in any order e.g. if the command specifies n/NAME i/INDEX, n/NAME, i/INDEX is also acceptable"
      },
      {
        "lineNumber": 41,
        "author": {
          "gitId": "-"
        },
        "content": "\u003d\u003d\u003d\u003d"
      },
      {
        "lineNumber": 42,
        "author": {
          "gitId": "-"
        },
        "content": ""
      },
      {
        "lineNumber": 43,
        "author": {
          "gitId": "sheryltay28"
        },
        "content": "// tag::add[]"
      },
      {
        "lineNumber": 44,
        "author": {
          "gitId": "sheryltay28"
        },
        "content": "\u003d\u003d Adding: add"
      },
      {
        "lineNumber": 45,
        "author": {
          "gitId": "sheryltay28"
        },
        "content": ""
      },
      {
        "lineNumber": 46,
        "author": {
          "gitId": "sheryltay28"
        },
        "content": "\u003d\u003d\u003d Classes"
      },
      {
        "lineNumber": 47,
        "author": {
          "gitId": "sheryltay28"
        },
        "content": ""
      },
      {
        "lineNumber": 48,
        "author": {
          "gitId": "sheryltay28"
        },
        "content": "Adds a class to the class list. +"
      },
      {
        "lineNumber": 49,
        "author": {
          "gitId": "sheryltay28"
        },
        "content": "Format: add c/CLASS"
      },
      {
        "lineNumber": 50,
        "author": {
          "gitId": "sheryltay28"
        },
        "content": ""
      },
      {
        "lineNumber": 51,
        "author": {
          "gitId": "sheryltay28"
        },
        "content": "Examples:"
      },
      {
        "lineNumber": 52,
        "author": {
          "gitId": "sheryltay28"
        },
        "content": "* add c/4C"
      },
      {
        "lineNumber": 53,
        "author": {
          "gitId": "sheryltay28"
        },
        "content": "* add c/3E5"
      },
      {
        "lineNumber": 54,
        "author": {
          "gitId": "-"
        },
        "content": ""
      },
      {
        "lineNumber": 55,
        "author": {
          "gitId": "sheryltay28"
        },
        "content": "\u003d\u003d\u003d Students"
      },
      {
        "lineNumber": 56,
        "author": {
          "gitId": "-"
        },
        "content": ""
      },
      {
        "lineNumber": 57,
        "author": {
          "gitId": "sheryltay28"
        },
        "content": "Adds a student to the student list. +"
      },
      {
        "lineNumber": 58,
        "author": {
          "gitId": "sheryltay28"
        },
        "content": "Format: add n/NAME p/PHONE_NUMBER e/EMAIL a/ADDRESS [m/MEDICAL_CONDITIONS] [t/TAG]..."
      },
      {
        "lineNumber": 59,
        "author": {
          "gitId": "-"
        },
        "content": ""
      },
      {
        "lineNumber": 60,
        "author": {
          "gitId": "sheryltay28"
        },
        "content": "Examples: +"
      },
      {
        "lineNumber": 61,
        "author": {
          "gitId": "sheryltay28"
        },
        "content": "* add n/John Doe p/91234567 e/john.doe@gmail.com a/John Street, Block 123, #01-01 +"
      },
      {
        "lineNumber": 62,
        "author": {
          "gitId": "sheryltay28"
        },
        "content": "* add n/Jane Doe p/98765432 e/jane.doe@gmail.com a/Jane Street, Block 123, #10-10"
      },
      {
        "lineNumber": 63,
        "author": {
          "gitId": "-"
        },
        "content": ""
      },
      {
        "lineNumber": 64,
        "author": {
          "gitId": "sheryltay28"
        },
        "content": "\u003d\u003d\u003dAssignments"
      },
      {
        "lineNumber": 65,
        "author": {
          "gitId": "sheryltay28"
        },
        "content": ""
      },
      {
        "lineNumber": 66,
        "author": {
          "gitId": "sheryltay28"
        },
        "content": "Adds an assignment to the assignment list +"
      },
      {
        "lineNumber": 67,
        "author": {
          "gitId": "sheryltay28"
        },
        "content": "Format: add as/ASSIGNMENT d/DEADLINE"
      },
      {
        "lineNumber": 68,
        "author": {
          "gitId": "-"
        },
        "content": ""
      },
      {
        "lineNumber": 69,
        "author": {
          "gitId": "-"
        },
        "content": "Examples:"
      },
      {
        "lineNumber": 70,
        "author": {
          "gitId": "sheryltay28"
        },
        "content": "* add as/CS2103 Team Project d/31/10/2019"
      },
      {
        "lineNumber": 71,
        "author": {
          "gitId": "sheryltay28"
        },
        "content": "* add as/CS2103 Individual Project d/30/09/2019"
      },
      {
        "lineNumber": 72,
        "author": {
          "gitId": "sheryltay28"
        },
        "content": ""
      },
      {
        "lineNumber": 73,
        "author": {
          "gitId": "sheryltay28"
        },
        "content": "// end::add[]"
      },
      {
        "lineNumber": 74,
        "author": {
          "gitId": "sheryltay28"
        },
        "content": ""
      },
      {
        "lineNumber": 75,
        "author": {
          "gitId": "sheryltay28"
        },
        "content": "// tag::edit[]"
      },
      {
        "lineNumber": 76,
        "author": {
          "gitId": "sheryltay28"
        },
        "content": "\u003d\u003d\u003d Editing: edit"
      },
      {
        "lineNumber": 77,
        "author": {
          "gitId": "sheryltay28"
        },
        "content": ""
      },
      {
        "lineNumber": 78,
        "author": {
          "gitId": "sheryltay28"
        },
        "content": "\u003d\u003d Students’ information"
      },
      {
        "lineNumber": 79,
        "author": {
          "gitId": "sheryltay28"
        },
        "content": ""
      },
      {
        "lineNumber": 80,
        "author": {
          "gitId": "sheryltay28"
        },
        "content": "Edits an existing student in the student list. +"
      },
      {
        "lineNumber": 81,
        "author": {
          "gitId": "sheryltay28"
        },
        "content": "Format: edit c/CLASS INDEX [n/NAME] [p/PHONE] [e/EMAIL] [a/ADDRESS] +"
      },
      {
        "lineNumber": 82,
        "author": {
          "gitId": "sheryltay28"
        },
        "content": "[m/MEDICAL_CONDITIONS], [t/TAG]..."
      },
      {
        "lineNumber": 83,
        "author": {
          "gitId": "-"
        },
        "content": ""
      },
      {
        "lineNumber": 84,
        "author": {
          "gitId": "sheryltay28"
        },
        "content": "Examples:"
      },
      {
        "lineNumber": 85,
        "author": {
          "gitId": "sheryltay28"
        },
        "content": "* edit c/4C 2 p/91111111"
      },
      {
        "lineNumber": 86,
        "author": {
          "gitId": "sheryltay28"
        },
        "content": "* edit c/5E2 4 e/new_email@gmail.com"
      },
      {
        "lineNumber": 87,
        "author": {
          "gitId": "-"
        },
        "content": ""
      },
      {
        "lineNumber": 88,
        "author": {
          "gitId": "sheryltay28"
        },
        "content": "\u003d\u003d Assignment List"
      },
      {
        "lineNumber": 89,
        "author": {
          "gitId": "-"
        },
        "content": ""
      },
      {
        "lineNumber": 90,
        "author": {
          "gitId": "sheryltay28"
        },
        "content": "Edits an existing assignment in the assignment list. +"
      },
      {
        "lineNumber": 91,
        "author": {
          "gitId": "sheryltay28"
        },
        "content": "Format: edit as/ASSIGNMENT [as/ASSIGNMENT] [d/DEADLINE]"
      },
      {
        "lineNumber": 92,
        "author": {
          "gitId": "-"
        },
        "content": ""
      },
      {
        "lineNumber": 93,
        "author": {
          "gitId": "sheryltay28"
        },
        "content": "Examples:"
      },
      {
        "lineNumber": 94,
        "author": {
          "gitId": "sheryltay28"
        },
        "content": "* edit as/CS2103 Assignment 2 [as/CS2103 Assignment 3]"
      },
      {
        "lineNumber": 95,
        "author": {
          "gitId": "sheryltay28"
        },
        "content": "* edit as/CS2103 Examinations [d/19/09/2019]"
      },
      {
        "lineNumber": 96,
        "author": {
          "gitId": "-"
        },
        "content": ""
      },
      {
        "lineNumber": 97,
        "author": {
          "gitId": "sheryltay28"
        },
        "content": "\u003d\u003d Students’ grades for individual assignments"
      },
      {
        "lineNumber": 98,
        "author": {
          "gitId": "-"
        },
        "content": ""
      },
      {
        "lineNumber": 99,
        "author": {
          "gitId": "sheryltay28"
        },
        "content": "Edits the grades for students in the individual assignments. +"
      },
      {
        "lineNumber": 100,
        "author": {
          "gitId": "sheryltay28"
        },
        "content": "Format: edit as/ASSIGNMENT GRADE_ONE/GRADE_TWO/GRADE_THREE/..."
      },
      {
        "lineNumber": 101,
        "author": {
          "gitId": "-"
        },
        "content": ""
      },
      {
        "lineNumber": 102,
        "author": {
          "gitId": "-"
        },
        "content": "Examples:"
      },
      {
        "lineNumber": 103,
        "author": {
          "gitId": "sheryltay28"
        },
        "content": "* edit as/CS2103 70/30/50"
      },
      {
        "lineNumber": 104,
        "author": {
          "gitId": "sheryltay28"
        },
        "content": "* edit as/CS2103 Assignment 1 1/2/3/4/5/6/7/8/9/10"
      },
      {
        "lineNumber": 105,
        "author": {
          "gitId": "-"
        },
        "content": ""
      },
      {
        "lineNumber": 106,
        "author": {
          "gitId": "sheryltay28"
        },
        "content": "//end::edit[]"
      },
      {
        "lineNumber": 107,
        "author": {
          "gitId": "-"
        },
        "content": ""
      },
      {
        "lineNumber": 108,
        "author": {
          "gitId": "sheryltay28"
        },
        "content": "//tag::list[]"
      },
      {
        "lineNumber": 109,
        "author": {
          "gitId": "sheryltay28"
        },
        "content": "\u003d\u003d\u003d Listing: list"
      },
      {
        "lineNumber": 110,
        "author": {
          "gitId": "-"
        },
        "content": ""
      },
      {
        "lineNumber": 111,
        "author": {
          "gitId": "sheryltay28"
        },
        "content": "\u003d\u003d Class list"
      },
      {
        "lineNumber": 112,
        "author": {
          "gitId": "-"
        },
        "content": ""
      },
      {
        "lineNumber": 113,
        "author": {
          "gitId": "sheryltay28"
        },
        "content": "Shows a list of all classes taken by the user. +"
      },
      {
        "lineNumber": 114,
        "author": {
          "gitId": "sheryltay28"
        },
        "content": "Format: list class"
      },
      {
        "lineNumber": 115,
        "author": {
          "gitId": "-"
        },
        "content": ""
      },
      {
        "lineNumber": 116,
        "author": {
          "gitId": "sheryltay28"
        },
        "content": "\u003d\u003d Student list"
      },
      {
        "lineNumber": 117,
        "author": {
          "gitId": "-"
        },
        "content": ""
      },
      {
        "lineNumber": 118,
        "author": {
          "gitId": "sheryltay28"
        },
        "content": "Shows a list of all students in a particular class of the user. +"
      },
      {
        "lineNumber": 119,
        "author": {
          "gitId": "sheryltay28"
        },
        "content": "Format: list [c/CLASS] students"
      },
      {
        "lineNumber": 120,
        "author": {
          "gitId": "-"
        },
        "content": ""
      },
      {
        "lineNumber": 121,
        "author": {
          "gitId": "-"
        },
        "content": "Examples:"
      },
      {
        "lineNumber": 122,
        "author": {
          "gitId": "sheryltay28"
        },
        "content": "* list c/4E3 students"
      },
      {
        "lineNumber": 123,
        "author": {
          "gitId": "sheryltay28"
        },
        "content": "* list students"
      },
      {
        "lineNumber": 124,
        "author": {
          "gitId": "-"
        },
        "content": ""
      },
      {
        "lineNumber": 125,
        "author": {
          "gitId": "sheryltay28"
        },
        "content": "\u003d\u003d Assignment list"
      },
      {
        "lineNumber": 126,
        "author": {
          "gitId": "-"
        },
        "content": ""
      },
      {
        "lineNumber": 127,
        "author": {
          "gitId": "sheryltay28"
        },
        "content": "Shows a list of all assignments of classes of the user. +"
      },
      {
        "lineNumber": 128,
        "author": {
          "gitId": "sheryltay28"
        },
        "content": "Format: list c/CLASS assignments"
      },
      {
        "lineNumber": 129,
        "author": {
          "gitId": "-"
        },
        "content": ""
      },
      {
        "lineNumber": 130,
        "author": {
          "gitId": "sheryltay28"
        },
        "content": "Examples:"
      },
      {
        "lineNumber": 131,
        "author": {
          "gitId": "sheryltay28"
        },
        "content": "* list c/4C assignments"
      },
      {
        "lineNumber": 132,
        "author": {
          "gitId": "sheryltay28"
        },
        "content": "* list c/5E3 assignments"
      },
      {
        "lineNumber": 133,
        "author": {
          "gitId": "sheryltay28"
        },
        "content": "//end::list[]"
      },
      {
        "lineNumber": 134,
        "author": {
          "gitId": "sheryltay28"
        },
        "content": ""
      },
      {
        "lineNumber": 135,
        "author": {
          "gitId": "sheryltay28"
        },
        "content": "//tag::reminder[]"
      },
      {
        "lineNumber": 136,
        "author": {
          "gitId": "sheryltay28"
        },
        "content": "\u003d\u003d\u003d Sending reminders to teachers"
      },
      {
        "lineNumber": 137,
        "author": {
          "gitId": "sheryltay28"
        },
        "content": ""
      },
      {
        "lineNumber": 138,
        "author": {
          "gitId": "sheryltay28"
        },
        "content": "GitHub"
      },
      {
        "lineNumber": 139,
        "author": {
          "gitId": "sheryltay28"
        },
        "content": "AY1920S1-CS2103-T14-1/main"
      },
      {
        "lineNumber": 140,
        "author": {
          "gitId": "sheryltay28"
        },
        "content": "Address Book - Level 3. Contribute to AY1920S1-CS2103-T14-1/main development by creating an account on GitHub."
      },
      {
        "lineNumber": 141,
        "author": {
          "gitId": "sheryltay28"
        },
        "content": " Sends system notification to user 10 minutes before event (assumes user keeps program running continuously). +"
      },
      {
        "lineNumber": 142,
        "author": {
          "gitId": "sheryltay28"
        },
        "content": "Format: none, reminder should come automatically"
      },
      {
        "lineNumber": 143,
        "author": {
          "gitId": "sheryltay28"
        },
        "content": ""
      },
      {
        "lineNumber": 144,
        "author": {
          "gitId": "sheryltay28"
        },
        "content": "//end::reminder[]"
      },
      {
        "lineNumber": 145,
        "author": {
          "gitId": "sheryltay28"
        },
        "content": ""
      },
      {
        "lineNumber": 146,
        "author": {
          "gitId": "sheryltay28"
        },
        "content": "//tag::find[]"
      },
      {
        "lineNumber": 147,
        "author": {
          "gitId": "sheryltay28"
        },
        "content": "\u003d\u003d\u003d Locating: find"
      },
      {
        "lineNumber": 148,
        "author": {
          "gitId": "-"
        },
        "content": ""
      },
      {
        "lineNumber": 149,
        "author": {
          "gitId": "sheryltay28"
        },
        "content": "\u003d\u003d Students by name"
      },
      {
        "lineNumber": 150,
        "author": {
          "gitId": "-"
        },
        "content": ""
      },
      {
        "lineNumber": 151,
        "author": {
          "gitId": "sheryltay28"
        },
        "content": "Find students whose name matches a given keyword. +"
      },
      {
        "lineNumber": 152,
        "author": {
          "gitId": "sheryltay28"
        },
        "content": "Format: find s/STUDENT_NAME"
      },
      {
        "lineNumber": 153,
        "author": {
          "gitId": "-"
        },
        "content": ""
      },
      {
        "lineNumber": 154,
        "author": {
          "gitId": "-"
        },
        "content": "Examples:"
      },
      {
        "lineNumber": 155,
        "author": {
          "gitId": "sheryltay28"
        },
        "content": "* find s/John Doe"
      },
      {
        "lineNumber": 156,
        "author": {
          "gitId": "sheryltay28"
        },
        "content": "* find s/Jane Doe"
      },
      {
        "lineNumber": 157,
        "author": {
          "gitId": "-"
        },
        "content": ""
      },
      {
        "lineNumber": 158,
        "author": {
          "gitId": "sheryltay28"
        },
        "content": "\u003d\u003d Assignments by name"
      },
      {
        "lineNumber": 159,
        "author": {
          "gitId": "-"
        },
        "content": ""
      },
      {
        "lineNumber": 160,
        "author": {
          "gitId": "sheryltay28"
        },
        "content": "Find assignments which name matches given keyword. +"
      },
      {
        "lineNumber": 161,
        "author": {
          "gitId": "sheryltay28"
        },
        "content": "Format: find [c/CLASS] as/ASSIGNMENT"
      },
      {
        "lineNumber": 162,
        "author": {
          "gitId": "-"
        },
        "content": ""
      },
      {
        "lineNumber": 163,
        "author": {
          "gitId": "sheryltay28"
        },
        "content": "Examples:"
      },
      {
        "lineNumber": 164,
        "author": {
          "gitId": "sheryltay28"
        },
        "content": "* find c/4E3 as/CS2103"
      },
      {
        "lineNumber": 165,
        "author": {
          "gitId": "sheryltay28"
        },
        "content": "* find as/CS2103"
      },
      {
        "lineNumber": 166,
        "author": {
          "gitId": "sheryltay28"
        },
        "content": ""
      },
      {
        "lineNumber": 167,
        "author": {
          "gitId": "sheryltay28"
        },
        "content": "//end::find[]"
      },
      {
        "lineNumber": 168,
        "author": {
          "gitId": "sheryltay28"
        },
        "content": ""
      },
      {
        "lineNumber": 169,
        "author": {
          "gitId": "sheryltay28"
        },
        "content": "//tag::delete[]"
      },
      {
        "lineNumber": 170,
        "author": {
          "gitId": "sheryltay28"
        },
        "content": "\u003d\u003d\u003d Deleting an assignment: delete"
      },
      {
        "lineNumber": 171,
        "author": {
          "gitId": "-"
        },
        "content": ""
      },
      {
        "lineNumber": 172,
        "author": {
          "gitId": "sheryltay28"
        },
        "content": "Deletes the specified assignment from the assignment hashmap. The name refers to the key of the hashmap of assignments. +"
      },
      {
        "lineNumber": 173,
        "author": {
          "gitId": "sheryltay28"
        },
        "content": "Format: delete ASSIGNMENT"
      },
      {
        "lineNumber": 174,
        "author": {
          "gitId": "-"
        },
        "content": ""
      },
      {
        "lineNumber": 175,
        "author": {
          "gitId": "-"
        },
        "content": "Examples:"
      },
      {
        "lineNumber": 176,
        "author": {
          "gitId": "sheryltay28"
        },
        "content": "* delete CS2103 midterm"
      },
      {
        "lineNumber": 177,
        "author": {
          "gitId": "sheryltay28"
        },
        "content": "* delete CS2103 project"
      },
      {
        "lineNumber": 178,
        "author": {
          "gitId": "-"
        },
        "content": ""
      },
      {
        "lineNumber": 179,
        "author": {
          "gitId": "-"
        },
        "content": "//end::delete[]"
      },
      {
        "lineNumber": 180,
        "author": {
          "gitId": "-"
        },
        "content": ""
      },
      {
        "lineNumber": 181,
        "author": {
          "gitId": "sheryltay28"
        },
        "content": "//tag::undo[]"
      },
      {
        "lineNumber": 182,
        "author": {
          "gitId": "sheryltay28"
        },
        "content": "\u003d\u003d\u003d Undo: undo"
      },
      {
        "lineNumber": 183,
        "author": {
          "gitId": "-"
        },
        "content": ""
      },
      {
        "lineNumber": 184,
        "author": {
          "gitId": "sheryltay28"
        },
        "content": "Restores application to the state before previous before previous command was executed."
      },
      {
        "lineNumber": 185,
        "author": {
          "gitId": "sheryltay28"
        },
        "content": "Format: undo"
      },
      {
        "lineNumber": 186,
        "author": {
          "gitId": "-"
        },
        "content": ""
      },
      {
        "lineNumber": 187,
        "author": {
          "gitId": "sheryltay28"
        },
        "content": "//end::undo[]"
      },
      {
        "lineNumber": 188,
        "author": {
          "gitId": "-"
        },
        "content": ""
      },
      {
        "lineNumber": 189,
        "author": {
          "gitId": "sheryltay28"
        },
        "content": "//tag::history[]"
      },
      {
        "lineNumber": 190,
        "author": {
          "gitId": "sheryltay28"
        },
        "content": "\u003d\u003d\u003d History"
      },
      {
        "lineNumber": 191,
        "author": {
          "gitId": "-"
        },
        "content": ""
      },
      {
        "lineNumber": 192,
        "author": {
          "gitId": "sheryltay28"
        },
        "content": "Generates user’s last typed command. +"
      },
      {
        "lineNumber": 193,
        "author": {
          "gitId": "sheryltay28"
        },
        "content": "Format: up arrow key brings up last typed command into user input box."
      },
      {
        "lineNumber": 194,
        "author": {
          "gitId": "-"
        },
        "content": ""
      },
      {
        "lineNumber": 195,
        "author": {
          "gitId": "sheryltay28"
        },
        "content": "//end::history[]"
      },
      {
        "lineNumber": 196,
        "author": {
          "gitId": "-"
        },
        "content": ""
      },
      {
        "lineNumber": 197,
        "author": {
          "gitId": "sheryltay28"
        },
        "content": "//tag::generate[]"
      },
      {
        "lineNumber": 198,
        "author": {
          "gitId": "sheryltay28"
        },
        "content": "\u003d\u003d\u003d Generate file: generate"
      },
      {
        "lineNumber": 199,
        "author": {
          "gitId": "-"
        },
        "content": ""
      },
      {
        "lineNumber": 200,
        "author": {
          "gitId": "sheryltay28"
        },
        "content": "Generate test score of class for every test into csv file. This will be in a more readable format for users to see. +"
      },
      {
        "lineNumber": 201,
        "author": {
          "gitId": "sheryltay28"
        },
        "content": "Format: generate CLASS_NAME"
      },
      {
        "lineNumber": 202,
        "author": {
          "gitId": "sheryltay28"
        },
        "content": ""
      },
      {
        "lineNumber": 203,
        "author": {
          "gitId": "sheryltay28"
        },
        "content": "Examples:"
      },
      {
        "lineNumber": 204,
        "author": {
          "gitId": "sheryltay28"
        },
        "content": "* generate 4C"
      },
      {
        "lineNumber": 205,
        "author": {
          "gitId": "sheryltay28"
        },
        "content": "* generate 5E3"
      },
      {
        "lineNumber": 206,
        "author": {
          "gitId": "sheryltay28"
        },
        "content": ""
      },
      {
        "lineNumber": 207,
        "author": {
          "gitId": "sheryltay28"
        },
        "content": "//end::generate[]"
      },
      {
        "lineNumber": 208,
        "author": {
          "gitId": "sheryltay28"
        },
        "content": ""
      },
      {
        "lineNumber": 209,
        "author": {
          "gitId": "sheryltay28"
        },
        "content": "//tag::save[]"
      },
      {
        "lineNumber": 210,
        "author": {
          "gitId": "sheryltay28"
        },
        "content": "\u003d\u003d\u003d Saving data"
      },
      {
        "lineNumber": 211,
        "author": {
          "gitId": "sheryltay28"
        },
        "content": ""
      },
      {
        "lineNumber": 212,
        "author": {
          "gitId": "sheryltay28"
        },
        "content": "The programme automatically saves the data in a txt file whenever a command is issued. +"
      },
      {
        "lineNumber": 213,
        "author": {
          "gitId": "sheryltay28"
        },
        "content": "Format: none, saving data will be done automatically"
      },
      {
        "lineNumber": 214,
        "author": {
          "gitId": "sheryltay28"
        },
        "content": ""
      },
      {
        "lineNumber": 215,
        "author": {
          "gitId": "sheryltay28"
        },
        "content": "//end::save[]"
      },
      {
        "lineNumber": 216,
        "author": {
          "gitId": "sheryltay28"
        },
        "content": ""
      },
      {
        "lineNumber": 217,
        "author": {
          "gitId": "sheryltay28"
        },
        "content": "//tag::exit[]"
      },
      {
        "lineNumber": 218,
        "author": {
          "gitId": "sheryltay28"
        },
        "content": "\u003d\u003d\u003d Exiting the programme: exit"
      },
      {
        "lineNumber": 219,
        "author": {
          "gitId": "sheryltay28"
        },
        "content": ""
      },
      {
        "lineNumber": 220,
        "author": {
          "gitId": "sheryltay28"
        },
        "content": "Exits the program. +"
      },
      {
        "lineNumber": 221,
        "author": {
          "gitId": "sheryltay28"
        },
        "content": "Format: exit"
      },
      {
        "lineNumber": 222,
        "author": {
          "gitId": "sheryltay28"
        },
        "content": ""
      },
      {
        "lineNumber": 223,
        "author": {
          "gitId": "sheryltay28"
        },
        "content": "//end::exit[]"
      },
      {
        "lineNumber": 224,
        "author": {
          "gitId": "-"
        },
        "content": ""
      },
      {
        "lineNumber": 225,
        "author": {
          "gitId": "-"
        },
        "content": "\u003d\u003d FAQ"
      },
      {
        "lineNumber": 226,
        "author": {
          "gitId": "-"
        },
        "content": ""
      },
      {
        "lineNumber": 227,
        "author": {
          "gitId": "sheryltay28"
        },
        "content": "Coming up soon!"
      },
      {
        "lineNumber": 228,
        "author": {
          "gitId": "-"
        },
        "content": ""
      },
      {
        "lineNumber": 229,
        "author": {
          "gitId": "-"
        },
        "content": "\u003d\u003d Command Summary"
      },
      {
        "lineNumber": 230,
        "author": {
          "gitId": "sheryltay28"
        },
        "content": "* Add: add n/NAME p/PHONE_NUMBER e/EMAIL a/ADDRESS [m/MEDICAL_CONDITIONS] [t/TAG] … +"
      },
      {
        "lineNumber": 231,
        "author": {
          "gitId": "sheryltay28"
        },
        "content": "e.g. add n/John Doe p/91234567 e/john_doe@gmail.com"
      },
      {
        "lineNumber": 232,
        "author": {
          "gitId": "sheryltay28"
        },
        "content": "* Edit: edit c/CLASS INDEX [n/NAME] [p/PHONE] [e/EMAIL] [a/ADDRESS] +"
      },
      {
        "lineNumber": 233,
        "author": {
          "gitId": "sheryltay28"
        },
        "content": "[m/MEDICAL_CONDITIONS], [t/TAG] +"
      },
      {
        "lineNumber": 234,
        "author": {
          "gitId": "sheryltay28"
        },
        "content": "e.g. edit c/4C 2 p/91111111"
      },
      {
        "lineNumber": 235,
        "author": {
          "gitId": "sheryltay28"
        },
        "content": "* List: list class"
      },
      {
        "lineNumber": 236,
        "author": {
          "gitId": "sheryltay28"
        },
        "content": "* Find: find s/STUDENT_NAME +"
      },
      {
        "lineNumber": 237,
        "author": {
          "gitId": "sheryltay28"
        },
        "content": "e.g. find s/John Doe"
      },
      {
        "lineNumber": 238,
        "author": {
          "gitId": "sheryltay28"
        },
        "content": "* Delete: delete ASSIGNMENT +"
      },
      {
        "lineNumber": 239,
        "author": {
          "gitId": "sheryltay28"
        },
        "content": "e.g. delete midterms"
      },
      {
        "lineNumber": 240,
        "author": {
          "gitId": "sheryltay28"
        },
        "content": "* Undo: undo"
      },
      {
        "lineNumber": 241,
        "author": {
          "gitId": "sheryltay28"
        },
        "content": "* Generate: generate CLASSNAME +"
      },
      {
        "lineNumber": 242,
        "author": {
          "gitId": "sheryltay28"
        },
        "content": "e.g. generate 4C"
      },
      {
        "lineNumber": 243,
        "author": {
          "gitId": "sheryltay28"
        },
        "content": "* Exit: exit"
      }
    ],
    "authorContributionMap": {
      "sheryltay28": 163,
      "-": 80
    }
  }
]
