{
  "authorDailyContributionsMap": {
    "dawo5010": [
      {
        "insertions": 35,
        "deletions": 36,
        "date": "2019-09-23",
        "commitResults": [
          {
            "hash": "9db21b905880c8ad8736685332ab861380d09a48",
            "messageTitle": "Updated About Us page.",
            "messageBody": "",
            "insertions": 16,
            "deletions": 18
          },
          {
            "hash": "993c6092d598015189365be736788ac8a3d59603",
            "messageTitle": "Updated About Us page.",
            "messageBody": "",
            "insertions": 5,
            "deletions": 5
          },
          {
            "hash": "ff7032397be85e5bacd390a9449044344387b787",
            "messageTitle": "Updated About Us and Contact Us pages.",
            "messageBody": "",
            "insertions": 14,
            "deletions": 13
          }
        ]
      },
      {
        "insertions": 6,
        "deletions": 6,
        "date": "2019-09-24",
        "commitResults": [
          {
            "hash": "ef3d40f917f7fa56b3cc35c48ab00d3cef8b8abf",
            "messageTitle": "Updated header with group info.",
            "messageBody": "",
            "insertions": 6,
            "deletions": 6
          }
        ]
      }
    ],
    "EvonDong": [
      {
        "insertions": 7,
        "deletions": 0,
        "date": "2019-09-23",
        "commitResults": [
          {
            "hash": "b78e7e10b41d3cb0f8f288077012bed512d42523",
            "messageTitle": "Add new glossary terms",
            "messageBody": "",
            "insertions": 7,
            "deletions": 0
          }
        ]
      },
      {
        "insertions": 10,
        "deletions": 2,
        "date": "2019-09-24",
        "commitResults": [
          {
            "hash": "6a0114ccb324b662e1cacfbcbd43f24dde484fa5",
            "messageTitle": "Add glossary after solving conflict",
            "messageBody": "",
            "insertions": 8,
            "deletions": 0
          },
          {
            "hash": "c6469db1d41aa69f8019f006be34b4bce5384caa",
            "messageTitle": "Edit glossary",
            "messageBody": "",
            "insertions": 2,
            "deletions": 2
          }
        ]
      }
    ],
    "MichaelaTSH": [
      {
        "insertions": 149,
        "deletions": 108,
        "date": "2019-09-24",
        "commitResults": [
          {
            "hash": "eb8d399aea86b15db80395f68a024a14e230fd7f",
            "messageTitle": "Add userguide, NFR",
            "messageBody": "",
            "insertions": 139,
            "deletions": 98
          },
          {
            "hash": "d62c4abc9be4b9aa34bb9cbbeff0681f8fbad201",
            "messageTitle": "Fix some checkstyle errors in UserGuide.adoc",
            "messageBody": "",
            "insertions": 10,
            "deletions": 10
          }
        ]
      }
    ],
    "kangyeelim": [
      {
        "insertions": 1,
        "deletions": 1,
        "date": "2019-09-15",
        "commitResults": [
          {
            "hash": "959a5a13719d14a8f489d32a6838367a2f28961b",
            "messageTitle": "Update AboutUs.adoc",
            "messageBody": "",
            "insertions": 1,
            "deletions": 1
          }
        ]
      },
      {
        "insertions": 76,
        "deletions": 41,
        "date": "2019-09-23",
        "commitResults": [
          {
            "hash": "672862b30d99c6a9e41e433d3be491b21afbfc8e",
            "messageTitle": "edit readme",
            "messageBody": "",
            "insertions": 6,
            "deletions": 11
          },
          {
            "hash": "d6613e7f8cc936a3e446537eb3adc367457e894d",
            "messageTitle": "edit user stories",
            "messageBody": "",
            "insertions": 36,
            "deletions": 8
          },
          {
            "hash": "ce63d8e16957fd65da71411035e6d1a6e299fa8e",
            "messageTitle": "edit user stories",
            "messageBody": "",
            "insertions": 25,
            "deletions": 13
          },
          {
            "hash": "714df578c50c0fee97f634533d90419cbb029133",
            "messageTitle": "edit user stories",
            "messageBody": "",
            "insertions": 9,
            "deletions": 9
          }
        ]
      }
    ],
    "CoderStellaJ": [
      {
        "insertions": 613,
        "deletions": 242,
        "date": "2019-09-23",
        "commitResults": [
          {
            "hash": "275076c779f597210c964a754c81c4d38455844e",
            "messageTitle": "update use cases",
            "messageBody": "",
            "insertions": 248,
            "deletions": 11
          },
          {
            "hash": "551043c1c2bc4811e92549469a6ee930cd5a8dde",
            "messageTitle": "update use case and refactor code",
            "messageBody": "",
            "insertions": 114,
            "deletions": 55
          },
          {
            "hash": "9370d7891a0fb86a3f70b99a20700c1d902162ea",
            "messageTitle": "reformat documentation",
            "messageBody": "",
            "insertions": 203,
            "deletions": 130
          },
          {
            "hash": "189f201d3567bdcd537f110f54127547f1833db3",
            "messageTitle": "reformat readme.adoc",
            "messageBody": "",
            "insertions": 4,
            "deletions": 3
          },
          {
            "hash": "071617fade76da9421c241d5ad54d6302e06dcc6",
            "messageTitle": "refactor code in .adoc",
            "messageBody": "",
            "insertions": 40,
            "deletions": 38
          },
          {
            "hash": "14d4247b99b33d4f40ae8c7e05cbc05a8f682217",
            "messageTitle": "Reformat code and solve build error",
            "messageBody": "",
            "insertions": 4,
            "deletions": 5
          }
        ]
      }
    ]
  },
  "authorFinalContributionMap": {
    "dawo5010": 33,
    "EvonDong": 9,
    "MichaelaTSH": 136,
    "kangyeelim": 50,
    "CoderStellaJ": 489
  },
  "authorFileTypeContributionMap": {
    "dawo5010": {
      "docs": 33,
      "tests": 0,
      "functional": 0
    },
    "EvonDong": {
      "docs": 9,
      "tests": 0,
      "functional": 0
    },
    "MichaelaTSH": {
      "docs": 136,
      "tests": 0,
      "functional": 0
    },
    "kangyeelim": {
      "docs": 50,
      "tests": 0,
      "functional": 0
    },
    "CoderStellaJ": {
      "docs": 489,
      "tests": 0,
      "functional": 0
    }
  },
  "authorContributionVariance": {
    "dawo5010": 253.81163,
    "EvonDong": 9.157895,
    "MichaelaTSH": 3293.3018,
    "kangyeelim": 681.45703,
    "CoderStellaJ": 36450.0
  },
  "authorDisplayNameMap": {
    "dawo5010": "CS2103T-T13-3 DANIE ...  SHEN",
    "EvonDong": "CS2103T-T13-3 EVON  ...  BING",
    "MichaelaTSH": "CS2103T-T13-3 TANG  ... HAELA",
    "kangyeelim": "CS2103T-T13-3 LIM K ... G YEE",
    "CoderStellaJ": "CS2103T-T13-3 JIN S ... UYUAN"
  }
}
