{
  "authorDailyContributionsMap": {
    "dawo5010": [
      {
        "insertions": 35,
        "deletions": 36,
        "date": "2019-09-23",
        "commitResults": [
          {
            "hash": "9db21b905880c8ad8736685332ab861380d09a48",
            "messageTitle": "Updated About Us page.",
            "messageBody": "",
            "insertions": 16,
            "deletions": 18
          },
          {
            "hash": "993c6092d598015189365be736788ac8a3d59603",
            "messageTitle": "Updated About Us page.",
            "messageBody": "",
            "insertions": 5,
            "deletions": 5
          },
          {
            "hash": "ff7032397be85e5bacd390a9449044344387b787",
            "messageTitle": "Updated About Us and Contact Us pages.",
            "messageBody": "",
            "insertions": 14,
            "deletions": 13
          }
        ]
      },
      {
        "insertions": 7,
        "deletions": 7,
        "date": "2019-09-24",
        "commitResults": [
          {
            "hash": "ef3d40f917f7fa56b3cc35c48ab00d3cef8b8abf",
            "messageTitle": "Updated header with group info.",
            "messageBody": "",
            "insertions": 6,
            "deletions": 6
          },
          {
            "hash": "082c45ca366241a474029249ea1cec212c0d9a25",
            "messageTitle": "Fixed spacing in header.",
            "messageBody": "",
            "insertions": 1,
            "deletions": 1
          }
        ]
      },
      {
        "insertions": 142,
        "deletions": 34,
        "date": "2019-09-30",
        "commitResults": [
          {
            "hash": "8eb3614cb48350b0923c0a96ea6ca3a61fe072cf",
            "messageTitle": "UI work: MainWindow and Overview tab done.",
            "messageBody": "",
            "insertions": 142,
            "deletions": 34
          }
        ]
      },
      {
        "insertions": 638,
        "deletions": 224,
        "date": "2019-10-01",
        "commitResults": [
          {
            "hash": "304d17d881d9da450f48a46d2de2a2f45d0bc083",
            "messageTitle": "Finished preliminary UI design.",
            "messageBody": "",
            "insertions": 510,
            "deletions": 77
          },
          {
            "hash": "09e1f773914838a220a04a377b470ce47e015496",
            "messageTitle": "Moved Lion into its own separate UI component.",
            "messageBody": "",
            "insertions": 128,
            "deletions": 147
          }
        ]
      }
    ],
    "EvonDong": [
      {
        "insertions": 7,
        "deletions": 0,
        "date": "2019-09-23",
        "commitResults": [
          {
            "hash": "b78e7e10b41d3cb0f8f288077012bed512d42523",
            "messageTitle": "Add new glossary terms",
            "messageBody": "",
            "insertions": 7,
            "deletions": 0
          }
        ]
      },
      {
        "insertions": 10,
        "deletions": 2,
        "date": "2019-09-24",
        "commitResults": [
          {
            "hash": "6a0114ccb324b662e1cacfbcbd43f24dde484fa5",
            "messageTitle": "Add glossary after solving conflict",
            "messageBody": "",
            "insertions": 8,
            "deletions": 0
          },
          {
            "hash": "c6469db1d41aa69f8019f006be34b4bce5384caa",
            "messageTitle": "Edit glossary",
            "messageBody": "",
            "insertions": 2,
            "deletions": 2
          }
        ]
      },
      {
        "insertions": 235,
        "deletions": 107,
        "date": "2019-10-01",
        "commitResults": [
          {
            "hash": "b111a073997c74bf87d6b14f4391401ab7174b6e",
            "messageTitle": "Add Item class",
            "messageBody": "",
            "insertions": 127,
            "deletions": 0
          },
          {
            "hash": "131720f4c477cdb2ea433263bc5fa98634f6726e",
            "messageTitle": "Change location of Item class",
            "messageBody": "",
            "insertions": 108,
            "deletions": 107
          }
        ]
      }
    ],
    "MichaelaTSH": [
      {
        "insertions": 149,
        "deletions": 108,
        "date": "2019-09-24",
        "commitResults": [
          {
            "hash": "eb8d399aea86b15db80395f68a024a14e230fd7f",
            "messageTitle": "Add userguide, NFR",
            "messageBody": "",
            "insertions": 139,
            "deletions": 98
          },
          {
            "hash": "d62c4abc9be4b9aa34bb9cbbeff0681f8fbad201",
            "messageTitle": "Fix some checkstyle errors in UserGuide.adoc",
            "messageBody": "",
            "insertions": 10,
            "deletions": 10
          }
        ]
      },
      {
        "insertions": 3,
        "deletions": 6,
        "date": "2019-09-30",
        "commitResults": [
          {
            "hash": "1dbfc95b214e5a99732b071b89c9da403e185fc2",
            "messageTitle": "Edit Developer Guide.adoc",
            "messageBody": "",
            "insertions": 1,
            "deletions": 1
          },
          {
            "hash": "a189ce13924e55a925d3a34b7fd09dbe4f834f86",
            "messageTitle": "Edit Developer Guide.adoc",
            "messageBody": "",
            "insertions": 2,
            "deletions": 5
          }
        ]
      },
      {
        "insertions": 2,
        "deletions": 2,
        "date": "2019-10-02",
        "commitResults": [
          {
            "hash": "3a06b09de59cd7c552c90bddcda2a889b2f0f4eb",
            "messageTitle": "Edit AboutUs.adoc",
            "messageBody": "",
            "insertions": 2,
            "deletions": 2
          }
        ]
      }
    ],
    "kangyeelim": [
      {
        "insertions": 1,
        "deletions": 1,
        "date": "2019-09-15",
        "commitResults": [
          {
            "hash": "959a5a13719d14a8f489d32a6838367a2f28961b",
            "messageTitle": "Update AboutUs.adoc",
            "messageBody": "",
            "insertions": 1,
            "deletions": 1
          }
        ]
      },
      {
        "insertions": 97,
        "deletions": 70,
        "date": "2019-09-23",
        "commitResults": [
          {
            "hash": "672862b30d99c6a9e41e433d3be491b21afbfc8e",
            "messageTitle": "edit readme",
            "messageBody": "",
            "insertions": 6,
            "deletions": 11
          },
          {
            "hash": "d6613e7f8cc936a3e446537eb3adc367457e894d",
            "messageTitle": "edit user stories",
            "messageBody": "",
            "insertions": 36,
            "deletions": 8
          },
          {
            "hash": "ce63d8e16957fd65da71411035e6d1a6e299fa8e",
            "messageTitle": "edit user stories",
            "messageBody": "",
            "insertions": 25,
            "deletions": 13
          },
          {
            "hash": "714df578c50c0fee97f634533d90419cbb029133",
            "messageTitle": "edit user stories",
            "messageBody": "",
            "insertions": 9,
            "deletions": 9
          },
          {
            "hash": "c6f8daaba737526930c15d44b0d325e39ebe35a5",
            "messageTitle": "edit adoc",
            "messageBody": "",
            "insertions": 3,
            "deletions": 1
          },
          {
            "hash": "110659435c4b67777b31aab48a3fb6c36dd42e48",
            "messageTitle": "edit adoc",
            "messageBody": "",
            "insertions": 4,
            "deletions": 6
          },
          {
            "hash": "f340c5cf6c8df4e5d4f79895ad0339c6a3b6a2b7",
            "messageTitle": "edit adoc",
            "messageBody": "",
            "insertions": 13,
            "deletions": 13
          },
          {
            "hash": "c97049b7a37850d29e033879abe854c2ca6f978e",
            "messageTitle": "resolve conflict",
            "messageBody": "",
            "insertions": 1,
            "deletions": 9
          }
        ]
      },
      {
        "insertions": 2012,
        "deletions": 786,
        "date": "2019-10-01",
        "commitResults": [
          {
            "hash": "47a71217c1ad6df268d0f878bd6a4fadb4cc83c7",
            "messageTitle": "creates basic add and delete for transaction",
            "messageBody": "",
            "insertions": 1465,
            "deletions": 693
          },
          {
            "hash": "caeb4e3d5484e67d5c97298ce1a1ffc47d86c461",
            "messageTitle": "integrates some parts of address book",
            "messageBody": "",
            "insertions": 176,
            "deletions": 31
          },
          {
            "hash": "a96a17d028ca28bd57988d41395b88e06aa0b376",
            "messageTitle": "add edit command and person command",
            "messageBody": "",
            "insertions": 344,
            "deletions": 33
          },
          {
            "hash": "cd6415f727e151b2dfa154571185545ba5a687fc",
            "messageTitle": "move classes into ui.",
            "messageBody": "",
            "insertions": 27,
            "deletions": 29
          }
        ]
      },
      {
        "insertions": 296,
        "deletions": 133,
        "date": "2019-10-02",
        "commitResults": [
          {
            "hash": "5b082052fb4d6d5456e173f48630f8539bd2dfd9",
            "messageTitle": "adds separate ui components.",
            "messageBody": "",
            "insertions": 3,
            "deletions": 6
          },
          {
            "hash": "2d50c03a54a9b67eb76d457c40c22583ac113311",
            "messageTitle": "removes help and exit for now.",
            "messageBody": "",
            "insertions": 71,
            "deletions": 55
          },
          {
            "hash": "68329c99d18294c569c539657d081f178fbde580",
            "messageTitle": "integrates the transaction partial crud with ui.",
            "messageBody": "",
            "insertions": 222,
            "deletions": 72
          }
        ]
      },
      {
        "insertions": 3,
        "deletions": 3,
        "date": "2019-10-03",
        "commitResults": [
          {
            "hash": "62203f5d53714b03e49f537f3d1776241a8af4c2",
            "messageTitle": "edit some ui components.",
            "messageBody": "",
            "insertions": 3,
            "deletions": 3
          }
        ]
      },
      {
        "insertions": 154,
        "deletions": 84,
        "date": "2019-10-04",
        "commitResults": [
          {
            "hash": "679cadf7146de3c32a37d914878683fcfecc1d55",
            "messageTitle": "edits the commented in ui.",
            "messageBody": "",
            "insertions": 38,
            "deletions": 29
          },
          {
            "hash": "32e4d89eb38b93b87b190c98a92f1f54344fa4b5",
            "messageTitle": "adds members tab and integrates ab.",
            "messageBody": "",
            "insertions": 116,
            "deletions": 55
          }
        ]
      }
    ],
    "CoderStellaJ": [
      {
        "insertions": 637,
        "deletions": 249,
        "date": "2019-09-23",
        "commitResults": [
          {
            "hash": "275076c779f597210c964a754c81c4d38455844e",
            "messageTitle": "update use cases",
            "messageBody": "",
            "insertions": 248,
            "deletions": 11
          },
          {
            "hash": "551043c1c2bc4811e92549469a6ee930cd5a8dde",
            "messageTitle": "update use case and refactor code",
            "messageBody": "",
            "insertions": 114,
            "deletions": 55
          },
          {
            "hash": "9370d7891a0fb86a3f70b99a20700c1d902162ea",
            "messageTitle": "reformat documentation",
            "messageBody": "",
            "insertions": 203,
            "deletions": 130
          },
          {
            "hash": "189f201d3567bdcd537f110f54127547f1833db3",
            "messageTitle": "reformat readme.adoc",
            "messageBody": "",
            "insertions": 4,
            "deletions": 3
          },
          {
            "hash": "071617fade76da9421c241d5ad54d6302e06dcc6",
            "messageTitle": "refactor code in .adoc",
            "messageBody": "",
            "insertions": 40,
            "deletions": 38
          },
          {
            "hash": "14d4247b99b33d4f40ae8c7e05cbc05a8f682217",
            "messageTitle": "Reformat code and solve build error",
            "messageBody": "",
            "insertions": 4,
            "deletions": 5
          },
          {
            "hash": "63c45bc222d593b29d5db77ae981ba183669150e",
            "messageTitle": "refactor code in .adoc",
            "messageBody": "",
            "insertions": 17,
            "deletions": 4
          },
          {
            "hash": "17c9e47d4d13ad00be39dae6be483c89c58d8b79",
            "messageTitle": "Reformat code and solve build error",
            "messageBody": "",
            "insertions": 7,
            "deletions": 3
          }
        ]
      },
      {
        "insertions": 40,
        "deletions": 20,
        "date": "2019-09-30",
        "commitResults": [
          {
            "hash": "36917e2ab274d17a8f5ae5ce09fb30bce855387f",
            "messageTitle": "set up packages for each tab",
            "messageBody": "",
            "insertions": 20,
            "deletions": 0
          },
          {
            "hash": "a2e229e1270058c7e1ed11dbf4555d78db9fe612",
            "messageTitle": "set up packages",
            "messageBody": "",
            "insertions": 0,
            "deletions": 20
          },
          {
            "hash": "7256205bdef43b51a8b549ca257e282700313e3a",
            "messageTitle": "set up packages",
            "messageBody": "",
            "insertions": 20,
            "deletions": 0
          }
        ]
      }
    ]
  },
  "authorFinalContributionMap": {
    "dawo5010": 564,
    "EvonDong": 134,
    "MichaelaTSH": 141,
    "kangyeelim": 2000,
    "CoderStellaJ": 504
  },
  "authorFileTypeContributionMap": {
    "dawo5010": {
      "docs": 31,
      "tests": 0,
      "functional": 533
    },
    "EvonDong": {
      "docs": 9,
      "tests": 0,
      "functional": 125
    },
    "MichaelaTSH": {
      "docs": 141,
      "tests": 0,
      "functional": 0
    },
    "kangyeelim": {
      "docs": 62,
      "tests": 337,
      "functional": 1595,
      "other": 6
    },
    "CoderStellaJ": {
      "docs": 488,
      "tests": 0,
      "functional": 16
    }
  },
  "authorContributionVariance": {
    "dawo5010": 25371.373,
    "EvonDong": 3884.9373,
    "MichaelaTSH": 2194.2144,
    "kangyeelim": 263466.75,
    "CoderStellaJ": 26128.861
  },
  "authorDisplayNameMap": {
    "dawo5010": "CS2103T-T13-3 DANIE ...  SHEN",
    "EvonDong": "CS2103T-T13-3 EVON  ...  BING",
    "MichaelaTSH": "CS2103T-T13-3 TANG  ... HAELA",
    "kangyeelim": "CS2103T-T13-3 LIM K ... G YEE",
    "CoderStellaJ": "CS2103T-T13-3 JIN S ... UYUAN"
  }
}
