{
  "authorDailyContributionsMap": {
    "dawo5010": [
      {
        "insertions": 35,
        "deletions": 36,
        "date": "2019-09-23",
        "commitResults": [
          {
            "hash": "9db21b905880c8ad8736685332ab861380d09a48",
            "messageTitle": "Updated About Us page.",
            "messageBody": "",
            "insertions": 16,
            "deletions": 18
          },
          {
            "hash": "993c6092d598015189365be736788ac8a3d59603",
            "messageTitle": "Updated About Us page.",
            "messageBody": "",
            "insertions": 5,
            "deletions": 5
          },
          {
            "hash": "ff7032397be85e5bacd390a9449044344387b787",
            "messageTitle": "Updated About Us and Contact Us pages.",
            "messageBody": "",
            "insertions": 14,
            "deletions": 13
          }
        ]
      },
      {
        "insertions": 7,
        "deletions": 7,
        "date": "2019-09-24",
        "commitResults": [
          {
            "hash": "ef3d40f917f7fa56b3cc35c48ab00d3cef8b8abf",
            "messageTitle": "Updated header with group info.",
            "messageBody": "",
            "insertions": 6,
            "deletions": 6
          },
          {
            "hash": "082c45ca366241a474029249ea1cec212c0d9a25",
            "messageTitle": "Fixed spacing in header.",
            "messageBody": "",
            "insertions": 1,
            "deletions": 1
          }
        ]
      },
      {
        "insertions": 142,
        "deletions": 34,
        "date": "2019-09-30",
        "commitResults": [
          {
            "hash": "8eb3614cb48350b0923c0a96ea6ca3a61fe072cf",
            "messageTitle": "UI work: MainWindow and Overview tab done.",
            "messageBody": "",
            "insertions": 142,
            "deletions": 34
          }
        ]
      },
      {
        "insertions": 638,
        "deletions": 224,
        "date": "2019-10-01",
        "commitResults": [
          {
            "hash": "304d17d881d9da450f48a46d2de2a2f45d0bc083",
            "messageTitle": "Finished preliminary UI design.",
            "messageBody": "",
            "insertions": 510,
            "deletions": 77
          },
          {
            "hash": "09e1f773914838a220a04a377b470ce47e015496",
            "messageTitle": "Moved Lion into its own separate UI component.",
            "messageBody": "",
            "insertions": 128,
            "deletions": 147
          }
        ]
      },
      {
        "insertions": 471,
        "deletions": 146,
        "date": "2019-10-09",
        "commitResults": [
          {
            "hash": "336753d4993dd683dd9113a9402ebf05278023c8",
            "messageTitle": "Fixed checkstyle errors for all classes.",
            "messageBody": "",
            "insertions": 471,
            "deletions": 146
          }
        ]
      },
      {
        "insertions": 111,
        "deletions": 129,
        "date": "2019-10-10",
        "commitResults": [
          {
            "hash": "63a21ac9d6e8c002373312ebead69b33c734110e",
            "messageTitle": "Fixed UI for all tabs except Overview.",
            "messageBody": "",
            "insertions": 111,
            "deletions": 129
          }
        ]
      }
    ],
    "EvonDong": [
      {
        "insertions": 7,
        "deletions": 0,
        "date": "2019-09-23",
        "commitResults": [
          {
            "hash": "b78e7e10b41d3cb0f8f288077012bed512d42523",
            "messageTitle": "Add new glossary terms",
            "messageBody": "",
            "insertions": 7,
            "deletions": 0
          }
        ]
      },
      {
        "insertions": 10,
        "deletions": 2,
        "date": "2019-09-24",
        "commitResults": [
          {
            "hash": "6a0114ccb324b662e1cacfbcbd43f24dde484fa5",
            "messageTitle": "Add glossary after solving conflict",
            "messageBody": "",
            "insertions": 8,
            "deletions": 0
          },
          {
            "hash": "c6469db1d41aa69f8019f006be34b4bce5384caa",
            "messageTitle": "Edit glossary",
            "messageBody": "",
            "insertions": 2,
            "deletions": 2
          }
        ]
      },
      {
        "insertions": 235,
        "deletions": 107,
        "date": "2019-10-01",
        "commitResults": [
          {
            "hash": "b111a073997c74bf87d6b14f4391401ab7174b6e",
            "messageTitle": "Add Item class",
            "messageBody": "",
            "insertions": 127,
            "deletions": 0
          },
          {
            "hash": "131720f4c477cdb2ea433263bc5fa98634f6726e",
            "messageTitle": "Change location of Item class",
            "messageBody": "",
            "insertions": 108,
            "deletions": 107
          }
        ]
      },
      {
        "insertions": 1707,
        "deletions": 800,
        "date": "2019-10-09",
        "commitResults": [
          {
            "hash": "124b97ada569f9b9d12ae46118d4801fb2c6547e",
            "messageTitle": "Add cashier classes",
            "messageBody": "",
            "insertions": 1014,
            "deletions": 0
          },
          {
            "hash": "d78cd1b9f8e1cc778e4d4ae01cfbd1aab5eb7d14",
            "messageTitle": "Add changes to inventory",
            "messageBody": "",
            "insertions": 99,
            "deletions": 89
          },
          {
            "hash": "6bf79f52fa14f03cc62392a01fa51a03a0f275bc",
            "messageTitle": "Sync inventory with casher",
            "messageBody": "",
            "insertions": 102,
            "deletions": 35
          },
          {
            "hash": "d490fff3ec9e835ce8c58966a3a81df4b00f45f9",
            "messageTitle": "Solve conflicts",
            "messageBody": "",
            "insertions": 0,
            "deletions": 517
          },
          {
            "hash": "5f8cda3d3ca59b03707e973957de1ddb86e7ba7d",
            "messageTitle": "Edit Cashier classes",
            "messageBody": "",
            "insertions": 449,
            "deletions": 97
          },
          {
            "hash": "f95da862a7b98c19d57582af391b777efd112f3c",
            "messageTitle": "Clean up conflicts",
            "messageBody": "",
            "insertions": 29,
            "deletions": 50
          },
          {
            "hash": "89f259f3b88ae17a0aaaa3e0114152fa55e4c4e0",
            "messageTitle": "Integrate cashier logic in mainwindow",
            "messageBody": "",
            "insertions": 14,
            "deletions": 12
          }
        ]
      }
    ],
    "MichaelaTSH": [
      {
        "insertions": 149,
        "deletions": 108,
        "date": "2019-09-24",
        "commitResults": [
          {
            "hash": "eb8d399aea86b15db80395f68a024a14e230fd7f",
            "messageTitle": "Add userguide, NFR",
            "messageBody": "",
            "insertions": 139,
            "deletions": 98
          },
          {
            "hash": "d62c4abc9be4b9aa34bb9cbbeff0681f8fbad201",
            "messageTitle": "Fix some checkstyle errors in UserGuide.adoc",
            "messageBody": "",
            "insertions": 10,
            "deletions": 10
          }
        ]
      },
      {
        "insertions": 3,
        "deletions": 6,
        "date": "2019-09-30",
        "commitResults": [
          {
            "hash": "1dbfc95b214e5a99732b071b89c9da403e185fc2",
            "messageTitle": "Edit Developer Guide.adoc",
            "messageBody": "",
            "insertions": 1,
            "deletions": 1
          },
          {
            "hash": "a189ce13924e55a925d3a34b7fd09dbe4f834f86",
            "messageTitle": "Edit Developer Guide.adoc",
            "messageBody": "",
            "insertions": 2,
            "deletions": 5
          }
        ]
      },
      {
        "insertions": 2,
        "deletions": 2,
        "date": "2019-10-02",
        "commitResults": [
          {
            "hash": "3a06b09de59cd7c552c90bddcda2a889b2f0f4eb",
            "messageTitle": "Edit AboutUs.adoc",
            "messageBody": "",
            "insertions": 2,
            "deletions": 2
          }
        ]
      },
      {
        "insertions": 1137,
        "deletions": 9,
        "date": "2019-10-08",
        "commitResults": [
          {
            "hash": "87b4d5e2f00ff6e49020a992fe43e333ffc3626e",
            "messageTitle": "Implemented some Inventory classes",
            "messageBody": "",
            "insertions": 1137,
            "deletions": 9
          }
        ]
      },
      {
        "insertions": 2228,
        "deletions": 1104,
        "date": "2019-10-09",
        "commitResults": [
          {
            "hash": "ea896e5eec0333e2259e5c0ce9dbd7703fb4899e",
            "messageTitle": "Delete unimplemented classes",
            "messageBody": "",
            "insertions": 1,
            "deletions": 513
          },
          {
            "hash": "d87deb5738dc79200ec2c4ed485e890f2d321aa3",
            "messageTitle": "Implemented some Inventory classes",
            "messageBody": "",
            "insertions": 1137,
            "deletions": 9
          },
          {
            "hash": "f5a7b7cab4530807ca1323866c859fc1745fa509",
            "messageTitle": "Delete unimplemented classes",
            "messageBody": "",
            "insertions": 1,
            "deletions": 513
          },
          {
            "hash": "24a836ae52315d934fb813fedb5b72864546e89c",
            "messageTitle": "Implemented some Inventory classes",
            "messageBody": "",
            "insertions": 620,
            "deletions": 0
          },
          {
            "hash": "ad3ac8a9de188b71d547e5676117f9906bfdd9bc",
            "messageTitle": "Solve merge conflicts",
            "messageBody": "",
            "insertions": 3,
            "deletions": 51
          },
          {
            "hash": "be16a62bdfa72472887a4cfbbef9cecbe5ee2f91",
            "messageTitle": "Edit Inventory Classes",
            "messageBody": "",
            "insertions": 387,
            "deletions": 10
          },
          {
            "hash": "95dc41562d2b26d740b861c2f3ba0ed4ab767d36",
            "messageTitle": "Integrate Inventory into Ui",
            "messageBody": "",
            "insertions": 79,
            "deletions": 8
          }
        ]
      }
    ],
    "kangyeelim": [
      {
        "insertions": 1,
        "deletions": 1,
        "date": "2019-09-15",
        "commitResults": [
          {
            "hash": "959a5a13719d14a8f489d32a6838367a2f28961b",
            "messageTitle": "Update AboutUs.adoc",
            "messageBody": "",
            "insertions": 1,
            "deletions": 1
          }
        ]
      },
      {
        "insertions": 97,
        "deletions": 70,
        "date": "2019-09-23",
        "commitResults": [
          {
            "hash": "672862b30d99c6a9e41e433d3be491b21afbfc8e",
            "messageTitle": "edit readme",
            "messageBody": "",
            "insertions": 6,
            "deletions": 11
          },
          {
            "hash": "d6613e7f8cc936a3e446537eb3adc367457e894d",
            "messageTitle": "edit user stories",
            "messageBody": "",
            "insertions": 36,
            "deletions": 8
          },
          {
            "hash": "ce63d8e16957fd65da71411035e6d1a6e299fa8e",
            "messageTitle": "edit user stories",
            "messageBody": "",
            "insertions": 25,
            "deletions": 13
          },
          {
            "hash": "714df578c50c0fee97f634533d90419cbb029133",
            "messageTitle": "edit user stories",
            "messageBody": "",
            "insertions": 9,
            "deletions": 9
          },
          {
            "hash": "c6f8daaba737526930c15d44b0d325e39ebe35a5",
            "messageTitle": "edit adoc",
            "messageBody": "",
            "insertions": 3,
            "deletions": 1
          },
          {
            "hash": "110659435c4b67777b31aab48a3fb6c36dd42e48",
            "messageTitle": "edit adoc",
            "messageBody": "",
            "insertions": 4,
            "deletions": 6
          },
          {
            "hash": "f340c5cf6c8df4e5d4f79895ad0339c6a3b6a2b7",
            "messageTitle": "edit adoc",
            "messageBody": "",
            "insertions": 13,
            "deletions": 13
          },
          {
            "hash": "c97049b7a37850d29e033879abe854c2ca6f978e",
            "messageTitle": "resolve conflict",
            "messageBody": "",
            "insertions": 1,
            "deletions": 9
          }
        ]
      },
      {
        "insertions": 2012,
        "deletions": 786,
        "date": "2019-10-01",
        "commitResults": [
          {
            "hash": "47a71217c1ad6df268d0f878bd6a4fadb4cc83c7",
            "messageTitle": "creates basic add and delete for transaction",
            "messageBody": "",
            "insertions": 1465,
            "deletions": 693
          },
          {
            "hash": "caeb4e3d5484e67d5c97298ce1a1ffc47d86c461",
            "messageTitle": "integrates some parts of address book",
            "messageBody": "",
            "insertions": 176,
            "deletions": 31
          },
          {
            "hash": "a96a17d028ca28bd57988d41395b88e06aa0b376",
            "messageTitle": "add edit command and person command",
            "messageBody": "",
            "insertions": 344,
            "deletions": 33
          },
          {
            "hash": "cd6415f727e151b2dfa154571185545ba5a687fc",
            "messageTitle": "move classes into ui.",
            "messageBody": "",
            "insertions": 27,
            "deletions": 29
          }
        ]
      },
      {
        "insertions": 296,
        "deletions": 133,
        "date": "2019-10-02",
        "commitResults": [
          {
            "hash": "5b082052fb4d6d5456e173f48630f8539bd2dfd9",
            "messageTitle": "adds separate ui components.",
            "messageBody": "",
            "insertions": 3,
            "deletions": 6
          },
          {
            "hash": "2d50c03a54a9b67eb76d457c40c22583ac113311",
            "messageTitle": "removes help and exit for now.",
            "messageBody": "",
            "insertions": 71,
            "deletions": 55
          },
          {
            "hash": "68329c99d18294c569c539657d081f178fbde580",
            "messageTitle": "integrates the transaction partial crud with ui.",
            "messageBody": "",
            "insertions": 222,
            "deletions": 72
          }
        ]
      },
      {
        "insertions": 3,
        "deletions": 3,
        "date": "2019-10-03",
        "commitResults": [
          {
            "hash": "62203f5d53714b03e49f537f3d1776241a8af4c2",
            "messageTitle": "edit some ui components.",
            "messageBody": "",
            "insertions": 3,
            "deletions": 3
          }
        ]
      },
      {
        "insertions": 154,
        "deletions": 84,
        "date": "2019-10-04",
        "commitResults": [
          {
            "hash": "679cadf7146de3c32a37d914878683fcfecc1d55",
            "messageTitle": "edits the commented in ui.",
            "messageBody": "",
            "insertions": 38,
            "deletions": 29
          },
          {
            "hash": "32e4d89eb38b93b87b190c98a92f1f54344fa4b5",
            "messageTitle": "adds members tab and integrates ab.",
            "messageBody": "",
            "insertions": 116,
            "deletions": 55
          }
        ]
      },
      {
        "insertions": 250,
        "deletions": 223,
        "date": "2019-10-05",
        "commitResults": [
          {
            "hash": "af0e17f2d0b9101c91122329ccd676ee6c7bc0fe",
            "messageTitle": "Integrates the AB edit with transactions tab.",
            "messageBody": "",
            "insertions": 250,
            "deletions": 140
          },
          {
            "hash": "2288bef3e2445ca04fdb46b89eb4054b98654ac1",
            "messageTitle": "Removes some unused classes.",
            "messageBody": "",
            "insertions": 0,
            "deletions": 83
          }
        ]
      },
      {
        "insertions": 120,
        "deletions": 68,
        "date": "2019-10-07",
        "commitResults": [
          {
            "hash": "570f1ca65e6cb5f409588ad292ccdcb8c7ffb57e",
            "messageTitle": "Add status for transaction.",
            "messageBody": "",
            "insertions": 35,
            "deletions": 28
          },
          {
            "hash": "dff312451009a71768f6502d5dbbdabfcc7c4a69",
            "messageTitle": "clean up model manager constructor param.",
            "messageBody": "",
            "insertions": 20,
            "deletions": 24
          },
          {
            "hash": "152993feee526fb7875721b1649e159eae792e11",
            "messageTitle": "Update exception msg in constructor.",
            "messageBody": "",
            "insertions": 2,
            "deletions": 2
          },
          {
            "hash": "2f8a4b90120bc5f921fcdab65f42309cd2ee9a63",
            "messageTitle": "Adds some javadocs comments.",
            "messageBody": "",
            "insertions": 63,
            "deletions": 14
          }
        ]
      },
      {
        "insertions": 440,
        "deletions": 211,
        "date": "2019-10-08",
        "commitResults": [
          {
            "hash": "903127af222a258247ed12608e9ce4e89ceedaf3",
            "messageTitle": "Remove reimbursement class.",
            "messageBody": "",
            "insertions": 0,
            "deletions": 4
          },
          {
            "hash": "4f58573dd09c832157058818534e6fdf905807f2",
            "messageTitle": "Integrates transaction to update reimbursement tab.",
            "messageBody": "",
            "insertions": 20,
            "deletions": 6
          },
          {
            "hash": "37a9b7baeb097754e8192a6ddc022d20da365d30",
            "messageTitle": "Removes integration.",
            "messageBody": "",
            "insertions": 2,
            "deletions": 50
          },
          {
            "hash": "f54047b61d996bc818004c7aaee4948e55e4c10c",
            "messageTitle": "Integrates reimbursments with transactions successfully.",
            "messageBody": "",
            "insertions": 47,
            "deletions": 18
          },
          {
            "hash": "261e730510df1b10df3d344c8ccbbe5772b19f7d",
            "messageTitle": "add sort and edit commands.",
            "messageBody": "",
            "insertions": 329,
            "deletions": 15
          },
          {
            "hash": "ba70e5a31f8b7256d71c5ed8356baa4b409a5d1f",
            "messageTitle": "Removes faulty find command and clean up edit command.",
            "messageBody": "",
            "insertions": 10,
            "deletions": 118
          },
          {
            "hash": "a72b99bee4cdd88dfd7ee51938d8fa64322df85c",
            "messageTitle": "resolve conflicts/",
            "messageBody": "",
            "insertions": 32,
            "deletions": 0
          }
        ]
      },
      {
        "insertions": 783,
        "deletions": 419,
        "date": "2019-10-09",
        "commitResults": [
          {
            "hash": "0340fadf95e4f1444fc52c994d8b8b78c1a72648",
            "messageTitle": "Updates edit command function, saves original file before closing.",
            "messageBody": "",
            "insertions": 188,
            "deletions": 56
          },
          {
            "hash": "c74584e3dfb5a5e3b4e681edf885b37a7038ecd7",
            "messageTitle": "Completes javadoc comments for home and transaction package.",
            "messageBody": "",
            "insertions": 523,
            "deletions": 324
          },
          {
            "hash": "3aebcd9053985fcc07e9145cff89fb579d9fde9e",
            "messageTitle": "Adds check for AB deletion if person still has transaction.",
            "messageBody": "",
            "insertions": 70,
            "deletions": 39
          },
          {
            "hash": "fc1606955d010fce719d1bc2321482c4c5a68342",
            "messageTitle": "Completes javadoc comments for home and transaction package.",
            "messageBody": "",
            "insertions": 2,
            "deletions": 0
          }
        ]
      },
      {
        "insertions": 119,
        "deletions": 44,
        "date": "2019-10-11",
        "commitResults": [
          {
            "hash": "cd731acee009f4e382a82e33e45dff338b00c7f8",
            "messageTitle": "Adds exit command to transaction tab.",
            "messageBody": "",
            "insertions": 119,
            "deletions": 44
          }
        ]
      },
      {
        "insertions": 157,
        "deletions": 49,
        "date": "2019-10-12",
        "commitResults": [
          {
            "hash": "ebe7d57eb06bba66179ef6c7c32a0fd872c01a3c",
            "messageTitle": "Adds command to add transaction in logic.",
            "messageBody": "",
            "insertions": 157,
            "deletions": 49
          }
        ]
      }
    ],
    "CoderStellaJ": [
      {
        "insertions": 637,
        "deletions": 249,
        "date": "2019-09-23",
        "commitResults": [
          {
            "hash": "275076c779f597210c964a754c81c4d38455844e",
            "messageTitle": "update use cases",
            "messageBody": "",
            "insertions": 248,
            "deletions": 11
          },
          {
            "hash": "551043c1c2bc4811e92549469a6ee930cd5a8dde",
            "messageTitle": "update use case and refactor code",
            "messageBody": "",
            "insertions": 114,
            "deletions": 55
          },
          {
            "hash": "9370d7891a0fb86a3f70b99a20700c1d902162ea",
            "messageTitle": "reformat documentation",
            "messageBody": "",
            "insertions": 203,
            "deletions": 130
          },
          {
            "hash": "189f201d3567bdcd537f110f54127547f1833db3",
            "messageTitle": "reformat readme.adoc",
            "messageBody": "",
            "insertions": 4,
            "deletions": 3
          },
          {
            "hash": "071617fade76da9421c241d5ad54d6302e06dcc6",
            "messageTitle": "refactor code in .adoc",
            "messageBody": "",
            "insertions": 40,
            "deletions": 38
          },
          {
            "hash": "14d4247b99b33d4f40ae8c7e05cbc05a8f682217",
            "messageTitle": "Reformat code and solve build error",
            "messageBody": "",
            "insertions": 4,
            "deletions": 5
          },
          {
            "hash": "63c45bc222d593b29d5db77ae981ba183669150e",
            "messageTitle": "refactor code in .adoc",
            "messageBody": "",
            "insertions": 17,
            "deletions": 4
          },
          {
            "hash": "17c9e47d4d13ad00be39dae6be483c89c58d8b79",
            "messageTitle": "Reformat code and solve build error",
            "messageBody": "",
            "insertions": 7,
            "deletions": 3
          }
        ]
      },
      {
        "insertions": 40,
        "deletions": 20,
        "date": "2019-09-30",
        "commitResults": [
          {
            "hash": "36917e2ab274d17a8f5ae5ce09fb30bce855387f",
            "messageTitle": "set up packages for each tab",
            "messageBody": "",
            "insertions": 20,
            "deletions": 0
          },
          {
            "hash": "a2e229e1270058c7e1ed11dbf4555d78db9fe612",
            "messageTitle": "set up packages",
            "messageBody": "",
            "insertions": 0,
            "deletions": 20
          },
          {
            "hash": "7256205bdef43b51a8b549ca257e282700313e3a",
            "messageTitle": "set up packages",
            "messageBody": "",
            "insertions": 20,
            "deletions": 0
          }
        ]
      },
      {
        "insertions": 197,
        "deletions": 0,
        "date": "2019-10-03",
        "commitResults": [
          {
            "hash": "4244abff4b330b7eba73f254c7dbcb26b970f626",
            "messageTitle": "add reimbursement classes for reimbursement tab",
            "messageBody": "",
            "insertions": 197,
            "deletions": 0
          }
        ]
      },
      {
        "insertions": 18,
        "deletions": 224,
        "date": "2019-10-04",
        "commitResults": [
          {
            "hash": "a1eee4fe7e4b9a19454b69db0632e238b58693d2",
            "messageTitle": "reimbursement update",
            "messageBody": "",
            "insertions": 2,
            "deletions": 3
          },
          {
            "hash": "62a72156af7df8288aa94abde48536991ffc399f",
            "messageTitle": "update UI",
            "messageBody": "",
            "insertions": 16,
            "deletions": 221
          }
        ]
      },
      {
        "insertions": 1529,
        "deletions": 89,
        "date": "2019-10-07",
        "commitResults": [
          {
            "hash": "168683370a7ed5663c7813a765db4a8fe83a2985",
            "messageTitle": "rewrite reimbursement classes",
            "messageBody": "",
            "insertions": 287,
            "deletions": 2
          },
          {
            "hash": "839f049a62637664db6b004f1570b004ef368234",
            "messageTitle": "main part of reimbursement",
            "messageBody": "",
            "insertions": 1186,
            "deletions": 61
          },
          {
            "hash": "a2019ef41f632286def2220a383a3c035e116195",
            "messageTitle": "link reimbursement tab to ui",
            "messageBody": "",
            "insertions": 56,
            "deletions": 25
          },
          {
            "hash": "27791ccf60bb3d5cd90eb5cb24683b19c7f7ecc9",
            "messageTitle": "update reimbursement list",
            "messageBody": "",
            "insertions": 0,
            "deletions": 1
          }
        ]
      }
    ]
  },
  "authorFinalContributionMap": {
    "dawo5010": 934,
    "EvonDong": 1578,
    "MichaelaTSH": 1251,
    "kangyeelim": 2867,
    "CoderStellaJ": 1873
  },
  "authorFileTypeContributionMap": {
    "dawo5010": {
      "docs": 31,
      "tests": 0,
      "functional": 903
    },
    "EvonDong": {
      "docs": 9,
      "tests": 0,
      "functional": 1569
    },
    "MichaelaTSH": {
      "docs": 141,
      "tests": 0,
      "functional": 1110
    },
    "kangyeelim": {
      "docs": 62,
      "tests": 340,
      "functional": 2459,
      "other": 6
    },
    "CoderStellaJ": {
      "docs": 488,
      "tests": 0,
      "functional": 1385
    }
  },
  "authorContributionVariance": {
    "dawo5010": 30042.957,
    "EvonDong": 167024.27,
    "MichaelaTSH": 320875.72,
    "kangyeelim": 247138.19,
    "CoderStellaJ": 88112.516
  },
  "authorDisplayNameMap": {
    "dawo5010": "CS2103T-T13-3 DANIE ...  SHEN",
    "EvonDong": "CS2103T-T13-3 EVON  ...  BING",
    "MichaelaTSH": "CS2103T-T13-3 TANG  ... HAELA",
    "kangyeelim": "CS2103T-T13-3 LIM K ... G YEE",
    "CoderStellaJ": "CS2103T-T13-3 JIN S ... UYUAN"
  }
}
