{
  "authorDailyContributionsMap": {
    "stevenwjy": [
      {
        "insertions": 1481,
        "deletions": 1481,
        "date": "2019-09-30",
        "commitResults": [
          {
            "hash": "6a70cd697ade65539e26dd47aa442593da9a4824",
            "messageTitle": "Refactor package name from \u0027seedu.address\u0027 to \u0027tagline\u0027",
            "messageBody": "",
            "insertions": 740,
            "deletions": 740
          },
          {
            "hash": "7616a00f329b16d8c3c370c34c12ee539bcbc2e5",
            "messageTitle": "Refactor package name from \u0027seedu.address\u0027 to \u0027tagline\u0027 (#6)",
            "messageBody": "",
            "insertions": 740,
            "deletions": 740
          },
          {
            "hash": "1641cc5ef0d472e54f612be44bcc9bb19f0313d3",
            "messageTitle": "Update mainClassName in build.gradle",
            "messageBody": "",
            "insertions": 1,
            "deletions": 1
          }
        ]
      },
      {
        "insertions": 208,
        "deletions": 176,
        "date": "2019-10-03",
        "commitResults": [
          {
            "hash": "a3d4f6a2414629e68476dda0dfe95de4aa60010d",
            "messageTitle": "Update UG: Intro, Quick Start, Command Format, and Tag (#32)",
            "messageBody": "",
            "insertions": 204,
            "deletions": 172
          },
          {
            "hash": "5168b821d0bc41c7e888c54292e351ca945a4565",
            "messageTitle": "Update about us (#33)",
            "messageBody": "Fixes #21 ",
            "insertions": 3,
            "deletions": 3
          },
          {
            "hash": "45593b27b7240d40213714f19b7ed1333b4c44ae",
            "messageTitle": "Update travis build status in README.adocs (#34)",
            "messageBody": "#20 ",
            "insertions": 1,
            "deletions": 1
          }
        ]
      },
      {
        "insertions": 931,
        "deletions": 991,
        "date": "2019-10-10",
        "commitResults": [
          {
            "hash": "35fc7752ee04a7c037d18b1570d86f19ee0e0efe",
            "messageTitle": "Refactor Contact Command Parsers (#43)",
            "messageBody": "* Restructure code for parsing contact commands\r\n\r\n* Add \u0027contact\u0027 prefix for all contact commands to be parsed\r\n\r\n* Refactor contact, remove tags field and add description field\r\n\r\n* Fix bugs and update failed test cases\r\n",
            "insertions": 931,
            "deletions": 991
          }
        ]
      },
      {
        "insertions": 72,
        "deletions": 66,
        "date": "2019-10-11",
        "commitResults": [
          {
            "hash": "6d0874769a72bd4b6c66666c764a9c04092f4185",
            "messageTitle": "Update contact parser (#62)",
            "messageBody": "* Rename \u0027contact add\u0027 command to \u0027contact create\u0027\r\n\r\n* Update ClearContactCommand to inherit from ContactCommand\r\n\r\n* Update message usage description for contact commands\r\n\r\n* Update format for create contact command in the user guide\r\n",
            "insertions": 72,
            "deletions": 66
          }
        ]
      }
    ],
    "shiweing": [
      {
        "insertions": 6,
        "deletions": 0,
        "date": "2019-09-30",
        "commitResults": [
          {
            "hash": "a1b7357203054a8ab53cd7b0bef855d11e3cf4cb",
            "messageTitle": "[Shiwei] Update About Us team member detail (#5)",
            "messageBody": "",
            "insertions": 6,
            "deletions": 0
          }
        ]
      },
      {
        "insertions": 200,
        "deletions": 113,
        "date": "2019-10-03",
        "commitResults": [
          {
            "hash": "099ff56bee616b2cac8115ee04434a84e576d1ee",
            "messageTitle": "Update user guide #12 (#29)",
            "messageBody": "* Add changes from team repo (#5)\r\n\r\n* Refactor package name from \u0027seedu.address\u0027 to \u0027tagline\u0027\r\n\r\n* Update mainClassName in build.gradle\r\n\r\n* Merge pull request #6 from from AY1920S1-CS2103T-F12-3/master\r\n\r\n* Refactor package name from \u0027seedu.address\u0027 to \u0027tagline\u0027\r\n\r\n* Update mainClassName in build.gradle\r\n\r\n* Added Contact Command + Basic Commands to UserGuide.adoc\r\n\r\n* Update mentions of AddressBook to TagLine\r\n\r\n* Update AboutUs.adoc\r\n\r\n* Add more use cases to Developer Guide\r\n\r\n* Update team name\r\n\r\n* Update UG: group command\r\n",
            "insertions": 172,
            "deletions": 98
          },
          {
            "hash": "ba32383b6e9b7ae22b0b866c8af01bc7d621e0a1",
            "messageTitle": "Update README (#31)",
            "messageBody": "#20 \r\n* Removed \u0027Learning Outcomes\u0027 in README\r\n\r\n* Acknowledge SE-EDU in README\r\n\r\n* Update \u0027About TagLine\u0027 in README\r\n\r\n* Fix merge conflict in UserGuide.adoc\r\n",
            "insertions": 17,
            "deletions": 7
          },
          {
            "hash": "64d40f848fbe63cc7c57d4fa900c2b5c0db45c8e",
            "messageTitle": "Update Prof name in AboutUs (#35)",
            "messageBody": "#21 ",
            "insertions": 11,
            "deletions": 8
          }
        ]
      }
    ],
    "tanlk99": [
      {
        "insertions": 193,
        "deletions": 77,
        "date": "2019-09-30",
        "commitResults": [
          {
            "hash": "f8be59175780be4cc64ab16f526295a446575e65",
            "messageTitle": "Update AboutUs.adoc for team members to commit (#2)",
            "messageBody": "",
            "insertions": 31,
            "deletions": 64
          },
          {
            "hash": "61ba584248d03799feeb6ea7d9f0a9999cec1994",
            "messageTitle": "Update Developer Guide",
            "messageBody": "",
            "insertions": 162,
            "deletions": 13
          }
        ]
      },
      {
        "insertions": 42,
        "deletions": 41,
        "date": "2019-10-03",
        "commitResults": [
          {
            "hash": "c8d9b97f7d487df37afea150605b5d30999eab66",
            "messageTitle": "Update mentions of AddressBook to TagLine (#25)",
            "messageBody": "* Update AboutUs.adoc for team members to commit\r\n\r\n* Add more use cases to Developer Guide\r\n\r\n* Update team name\r\n",
            "insertions": 25,
            "deletions": 22
          },
          {
            "hash": "a55d6734459a6ee6ee33c35e41249ad4a48d0ff4",
            "messageTitle": "Fix typos in Developer Guide and User Guide (#37)",
            "messageBody": "",
            "insertions": 17,
            "deletions": 19
          }
        ]
      },
      {
        "insertions": 257,
        "deletions": 81,
        "date": "2019-10-08",
        "commitResults": [
          {
            "hash": "abe7585d47dc54f0e767511df81c52b1dad2cd08",
            "messageTitle": "Add chat pane to GUI (#9)",
            "messageBody": "* Update AboutUs.adoc for team members to commit\r\n\r\n* Add a newline in AboutUs.adoc\r\n\r\n* Add more use cases to Developer Guide\r\n\r\n* Fix missing endline\r\n\r\n* Update GUI to include chat pane\r\n\r\n* Add newlines for FXML files\r\n\r\n* Update various docs to display TagLine\r\n\r\n* Add placeholder image\r\n\r\n* Fix minor typo in user guide\r\n\r\n* Update Tagline to TagLine\r\n\r\n* Update team name\r\n\r\n* Fix some typos in user guide and developer guide\r\n\r\n* Change chat pane layout\r\n\r\n* Clean up UI code\r\n\r\n* Add icon for response messages\r\n",
            "insertions": 257,
            "deletions": 81
          }
        ]
      },
      {
        "insertions": 332,
        "deletions": 129,
        "date": "2019-10-09",
        "commitResults": [
          {
            "hash": "347d3dd21b8a8d336e7615162ede6cb397049d0c",
            "messageTitle": "Refactor result pane view (#42)",
            "messageBody": "* Update AboutUs.adoc for team members to commit\r\n\r\n* Add a newline in AboutUs.adoc\r\n\r\n* Add more use cases to Developer Guide\r\n\r\n* Fix missing endline\r\n\r\n* Update GUI to include chat pane\r\n\r\n* Add newlines for FXML files\r\n\r\n* Update various docs to display TagLine\r\n\r\n* Add placeholder image\r\n\r\n* Fix minor typo in user guide\r\n\r\n* Update Tagline to TagLine\r\n\r\n* Update team name\r\n\r\n* Fix some typos in user guide and developer guide\r\n\r\n* Refactor result pane to an abstract class\r\n\r\n* Add newline in ContactResultPane.fxml\r\n\r\n* Change chat pane layout\r\n\r\n* Clean up UI code\r\n\r\n* Remove unreferenced FXML ID\r\n",
            "insertions": 173,
            "deletions": 105
          },
          {
            "hash": "def9c5fd090c69aa7f4d09aa50b3656f12aaae98",
            "messageTitle": "Implement view switching in GUI (#46)",
            "messageBody": "* Update AboutUs.adoc for team members to commit\r\n\r\n* Add a newline in AboutUs.adoc\r\n\r\n* Add more use cases to Developer Guide\r\n\r\n* Fix missing endline\r\n\r\n* Update GUI to include chat pane\r\n\r\n* Add newlines for FXML files\r\n\r\n* Update various docs to display TagLine\r\n\r\n* Add placeholder image\r\n\r\n* Fix minor typo in user guide\r\n\r\n* Update Tagline to TagLine\r\n\r\n* Update team name\r\n\r\n* Fix some typos in user guide and developer guide\r\n\r\n* Refactor result pane to an abstract class\r\n\r\n* Add newline in ContactResultPane.fxml\r\n\r\n* Change chat pane layout\r\n\r\n* Clean up UI code\r\n\r\n* Remove unreferenced FXML ID\r\n\r\n* Add enum ViewType to CommandResult and implement view switching\r\n\r\n* Change code to comply with checkstyle\r\n",
            "insertions": 159,
            "deletions": 24
          }
        ]
      },
      {
        "insertions": 466,
        "deletions": 8,
        "date": "2019-10-14",
        "commitResults": [
          {
            "hash": "998f7e14cb9d77ff0fa451376e4b89f5aa65ae4e",
            "messageTitle": "Add GUI tests with TestFX (#67)",
            "messageBody": "* Update AboutUs.adoc for team members to commit\r\n\r\n* Add a newline in AboutUs.adoc\r\n\r\n* Add more use cases to Developer Guide\r\n\r\n* Fix missing endline\r\n\r\n* Update various docs to display TagLine\r\n\r\n* Add placeholder image\r\n\r\n* Fix minor typo in user guide\r\n\r\n* Update Tagline to TagLine\r\n\r\n* Update team name\r\n\r\n* Fix some typos in user guide and developer guide\r\n\r\n* Implement view switching in GUI (#46)\r\n\r\n* Update AboutUs.adoc for team members to commit\r\n\r\n* Add a newline in AboutUs.adoc\r\n\r\n* Add more use cases to Developer Guide\r\n\r\n* Fix missing endline\r\n\r\n* Update GUI to include chat pane\r\n\r\n* Add newlines for FXML files\r\n\r\n* Update various docs to display TagLine\r\n\r\n* Add placeholder image\r\n\r\n* Fix minor typo in user guide\r\n\r\n* Update Tagline to TagLine\r\n\r\n* Update team name\r\n\r\n* Fix some typos in user guide and developer guide\r\n\r\n* Refactor result pane to an abstract class\r\n\r\n* Add newline in ContactResultPane.fxml\r\n\r\n* Change chat pane layout\r\n\r\n* Clean up UI code\r\n\r\n* Remove unreferenced FXML ID\r\n\r\n* Add enum ViewType to CommandResult and implement view switching\r\n\r\n* Change code to comply with checkstyle\r\n\r\n* Refactor Contact Command Parsers (#43)\r\n\r\n* Restructure code for parsing contact commands\r\n\r\n* Add \u0027contact\u0027 prefix for all contact commands to be parsed\r\n\r\n* Refactor contact, remove tags field and add description field\r\n\r\n* Fix bugs and update failed test cases\r\n\r\n* Update contact parser (#62)\r\n\r\n* Rename \u0027contact add\u0027 command to \u0027contact create\u0027\r\n\r\n* Update ClearContactCommand to inherit from ContactCommand\r\n\r\n* Update message usage description for contact commands\r\n\r\n* Update format for create contact command in the user guide\r\n\r\n* Rename person to contact (#65)\r\n\r\n* Add GUI tests with TestFX\r\n\r\n* Fix compatibility issues for TestFX\r\n",
            "insertions": 466,
            "deletions": 8
          }
        ]
      }
    ],
    "Yehezkiel01": [
      {
        "insertions": 6,
        "deletions": 0,
        "date": "2019-09-30",
        "commitResults": [
          {
            "hash": "acfadab3f69baf6c329a559fc3d7d005675e44af",
            "messageTitle": "Adds About Us for Yehezkiel",
            "messageBody": "",
            "insertions": 6,
            "deletions": 0
          }
        ]
      },
      {
        "insertions": 135,
        "deletions": 22,
        "date": "2019-10-03",
        "commitResults": [
          {
            "hash": "963e867ad496610cfd7444ef21d2de4af97fe950",
            "messageTitle": "Update UG: note command (#26)",
            "messageBody": "* Adds note create command to UG\r\n\r\n* Updates UG Format Consistency\r\n\r\n* Adds note delete command to UG\r\n\r\n* Adds note edit command\r\n\r\n* Adds command for not tagging\r\n\r\n* Add filter notes command\r\n",
            "insertions": 125,
            "deletions": 15
          },
          {
            "hash": "6cd46fa262b49a3fcf2bbda6fb941199610ddc95",
            "messageTitle": "Update About Us (#27)",
            "messageBody": "* Renames yehezkiel.png to Yehezkiel01.png\r\n\r\n* Adds steven about us page\r\n",
            "insertions": 7,
            "deletions": 1
          },
          {
            "hash": "4349e1e9eb193ca242a07a59ae204cfe74fe140e",
            "messageTitle": "Updates contact us (#28)",
            "messageBody": "",
            "insertions": 1,
            "deletions": 3
          },
          {
            "hash": "79063c417e5af1a527d8ad0a29506491b89a3fb4",
            "messageTitle": "Update README.adoc intro (#30)",
            "messageBody": "",
            "insertions": 2,
            "deletions": 3
          }
        ]
      },
      {
        "insertions": 1300,
        "deletions": 1287,
        "date": "2019-10-11",
        "commitResults": [
          {
            "hash": "554ef3858bd549452d2287e7c0484e7cd0aa8918",
            "messageTitle": "Rename person to contact (#65)",
            "messageBody": "",
            "insertions": 1300,
            "deletions": 1287
          }
        ]
      }
    ],
    "e0031374": [
      {
        "insertions": 8,
        "deletions": 1,
        "date": "2019-09-30",
        "commitResults": [
          {
            "hash": "12c7eecbd9cee013a7e1ef231fb0a736c179b267",
            "messageTitle": "added aboutus details",
            "messageBody": "",
            "insertions": 8,
            "deletions": 1
          }
        ]
      },
      {
        "insertions": 90,
        "deletions": 86,
        "date": "2019-10-03",
        "commitResults": [
          {
            "hash": "f9eab628b6c5c392e9aec76c1479c1cee733db01",
            "messageTitle": "Update UG: Contact Command + Basic Commands (#24)",
            "messageBody": "* Added Contact Command + Basic Commands to UserGuide.adoc\r\n",
            "insertions": 90,
            "deletions": 86
          }
        ]
      }
    ]
  },
  "authorFinalContributionMap": {
    "stevenwjy": 1357,
    "shiweing": 45,
    "tanlk99": 1131,
    "Yehezkiel01": 1333,
    "e0031374": 60
  },
  "authorFileTypeContributionMap": {
    "stevenwjy": {
      "docs": 183,
      "tests": 513,
      "functional": 660,
      "other": 1
    },
    "shiweing": {
      "docs": 45,
      "tests": 0,
      "functional": 0
    },
    "tanlk99": {
      "docs": 204,
      "tests": 441,
      "functional": 459,
      "other": 27
    },
    "Yehezkiel01": {
      "docs": 33,
      "tests": 783,
      "functional": 517
    },
    "e0031374": {
      "docs": 60,
      "tests": 0,
      "functional": 0
    }
  },
  "authorContributionVariance": {
    "stevenwjy": 304735.12,
    "shiweing": 2446.0454,
    "tanlk99": 14447.136,
    "Yehezkiel01": 167265.23,
    "e0031374": 773.8318
  },
  "authorDisplayNameMap": {
    "stevenwjy": "CS2103T-F12-3 STEVE ... IJAYA",
    "shiweing": "CS2103T-F12-3 NG SH ... I WEI",
    "tanlk99": "CS2103T-F12-3 TAN L ... LIKAI",
    "Yehezkiel01": "CS2103T-F12-3 YEHEZ ... OROES",
    "e0031374": "CS2103T-F12-3 ONG Y ... JONAS"
  }
}
