{
  "authorDailyContributionsMap": {
    "stevenwjy": [
      {
        "insertions": 1481,
        "deletions": 1481,
        "date": "2019-09-30",
        "commitResults": [
          {
            "hash": "6a70cd697ade65539e26dd47aa442593da9a4824",
            "messageTitle": "Refactor package name from \u0027seedu.address\u0027 to \u0027tagline\u0027",
            "messageBody": "",
            "insertions": 740,
            "deletions": 740
          },
          {
            "hash": "7616a00f329b16d8c3c370c34c12ee539bcbc2e5",
            "messageTitle": "Refactor package name from \u0027seedu.address\u0027 to \u0027tagline\u0027 (#6)",
            "messageBody": "",
            "insertions": 740,
            "deletions": 740
          },
          {
            "hash": "1641cc5ef0d472e54f612be44bcc9bb19f0313d3",
            "messageTitle": "Update mainClassName in build.gradle",
            "messageBody": "",
            "insertions": 1,
            "deletions": 1
          }
        ]
      },
      {
        "insertions": 208,
        "deletions": 176,
        "date": "2019-10-03",
        "commitResults": [
          {
            "hash": "a3d4f6a2414629e68476dda0dfe95de4aa60010d",
            "messageTitle": "Update UG: Intro, Quick Start, Command Format, and Tag (#32)",
            "messageBody": "",
            "insertions": 204,
            "deletions": 172
          },
          {
            "hash": "5168b821d0bc41c7e888c54292e351ca945a4565",
            "messageTitle": "Update about us (#33)",
            "messageBody": "Fixes #21 ",
            "insertions": 3,
            "deletions": 3
          },
          {
            "hash": "45593b27b7240d40213714f19b7ed1333b4c44ae",
            "messageTitle": "Update travis build status in README.adocs (#34)",
            "messageBody": "#20 ",
            "insertions": 1,
            "deletions": 1
          }
        ]
      },
      {
        "insertions": 931,
        "deletions": 991,
        "date": "2019-10-10",
        "commitResults": [
          {
            "hash": "35fc7752ee04a7c037d18b1570d86f19ee0e0efe",
            "messageTitle": "Refactor Contact Command Parsers (#43)",
            "messageBody": "* Restructure code for parsing contact commands\r\n\r\n* Add \u0027contact\u0027 prefix for all contact commands to be parsed\r\n\r\n* Refactor contact, remove tags field and add description field\r\n\r\n* Fix bugs and update failed test cases\r\n",
            "insertions": 931,
            "deletions": 991
          }
        ]
      },
      {
        "insertions": 72,
        "deletions": 66,
        "date": "2019-10-11",
        "commitResults": [
          {
            "hash": "6d0874769a72bd4b6c66666c764a9c04092f4185",
            "messageTitle": "Update contact parser (#62)",
            "messageBody": "* Rename \u0027contact add\u0027 command to \u0027contact create\u0027\r\n\r\n* Update ClearContactCommand to inherit from ContactCommand\r\n\r\n* Update message usage description for contact commands\r\n\r\n* Update format for create contact command in the user guide\r\n",
            "insertions": 72,
            "deletions": 66
          }
        ]
      },
      {
        "insertions": 714,
        "deletions": 215,
        "date": "2019-10-17",
        "commitResults": [
          {
            "hash": "6497c37c7f5a38f7c823cf3dd16764c7f975c658",
            "messageTitle": "Update team roles (#98)",
            "messageBody": "* Update team roles\r\n\r\n* Rearrange order of team members by alphabet\r\n",
            "insertions": 33,
            "deletions": 17
          },
          {
            "hash": "d201ae5f4d644a675079f29512ec4bc75ff5a30a",
            "messageTitle": "Refactor tag structure and set baseline for tag (#80)",
            "messageBody": "* Add Contact Id class\r\n\r\n* Add AddressBook find operation\r\n\r\n* Resolve checkstyle issue\r\n\r\n* Include id in Json Serialization\r\n\r\n* Fix fail test cases\r\n\r\n* Create a simple TagList and TagManager using the existing Tag\r\n\r\n* Fix checkstyle issues\r\n\r\n* Fix misleading comment\r\n\r\n* Rename \u0027Id\u0027 to \u0027ContactId\u0027 to avoid confusion\r\n\r\n* Setup template for ContactTag\r\n\r\n* Setup basic foundation for operations that involve tag\r\n\r\n* Resolve some unintended changes\r\n\r\n* Fix sample data\r\n\r\n* Update sample data\r\n\r\n* Comment out invalid tests for tag\r\n\r\n* Separate storage package for contact, tag, and note\r\n\r\n* Set baseline for tag storage\r\n\r\n* Fix checkstyle issues\r\n\r\n* Fix TagId, will handle storing tag id later\r\n\r\n* Fix checkstyle issue\r\n\r\n* Update test file\r\n\r\n* Update find by tag id to use \u0027TagId\u0027 instead of int\r\n",
            "insertions": 681,
            "deletions": 198
          }
        ]
      }
    ],
    "shiweing": [
      {
        "insertions": 6,
        "deletions": 0,
        "date": "2019-09-30",
        "commitResults": [
          {
            "hash": "a1b7357203054a8ab53cd7b0bef855d11e3cf4cb",
            "messageTitle": "[Shiwei] Update About Us team member detail (#5)",
            "messageBody": "",
            "insertions": 6,
            "deletions": 0
          }
        ]
      },
      {
        "insertions": 200,
        "deletions": 113,
        "date": "2019-10-03",
        "commitResults": [
          {
            "hash": "099ff56bee616b2cac8115ee04434a84e576d1ee",
            "messageTitle": "Update user guide #12 (#29)",
            "messageBody": "* Add changes from team repo (#5)\r\n\r\n* Refactor package name from \u0027seedu.address\u0027 to \u0027tagline\u0027\r\n\r\n* Update mainClassName in build.gradle\r\n\r\n* Merge pull request #6 from from AY1920S1-CS2103T-F12-3/master\r\n\r\n* Refactor package name from \u0027seedu.address\u0027 to \u0027tagline\u0027\r\n\r\n* Update mainClassName in build.gradle\r\n\r\n* Added Contact Command + Basic Commands to UserGuide.adoc\r\n\r\n* Update mentions of AddressBook to TagLine\r\n\r\n* Update AboutUs.adoc\r\n\r\n* Add more use cases to Developer Guide\r\n\r\n* Update team name\r\n\r\n* Update UG: group command\r\n",
            "insertions": 172,
            "deletions": 98
          },
          {
            "hash": "ba32383b6e9b7ae22b0b866c8af01bc7d621e0a1",
            "messageTitle": "Update README (#31)",
            "messageBody": "#20 \r\n* Removed \u0027Learning Outcomes\u0027 in README\r\n\r\n* Acknowledge SE-EDU in README\r\n\r\n* Update \u0027About TagLine\u0027 in README\r\n\r\n* Fix merge conflict in UserGuide.adoc\r\n",
            "insertions": 17,
            "deletions": 7
          },
          {
            "hash": "64d40f848fbe63cc7c57d4fa900c2b5c0db45c8e",
            "messageTitle": "Update Prof name in AboutUs (#35)",
            "messageBody": "#21 ",
            "insertions": 11,
            "deletions": 8
          }
        ]
      },
      {
        "insertions": 3904,
        "deletions": 1,
        "date": "2019-10-16",
        "commitResults": [
          {
            "hash": "9d028053a0dd927b087e04cc5f42053132655c1b",
            "messageTitle": "Implement create note command (#51)",
            "messageBody": "Add Note, NoteModel, NoteModelManager, NoteCommandParser, CreateNoteParser, CreateNoteCommand",
            "insertions": 3904,
            "deletions": 1
          }
        ]
      },
      {
        "insertions": 843,
        "deletions": 192,
        "date": "2019-10-17",
        "commitResults": [
          {
            "hash": "398200b85892691268ff45efe7fd89a1397ff381",
            "messageTitle": "Implement list note command (#82)",
            "messageBody": "Also implement delete note command and edit note command.",
            "insertions": 805,
            "deletions": 175
          },
          {
            "hash": "2b27780879ad1cd528fcab9f852c4887673fe48a",
            "messageTitle": "Implement validation for note content (#96)",
            "messageBody": "* Add changes from team repo (#5)\r\n\r\n* Refactor package name from \u0027seedu.address\u0027 to \u0027tagline\u0027\r\n\r\n* Update mainClassName in build.gradle\r\n\r\n* Merge pull request #6 from from AY1920S1-CS2103T-F12-3/master\r\n\r\n* Refactor package name from \u0027seedu.address\u0027 to \u0027tagline\u0027\r\n\r\n* Update mainClassName in build.gradle\r\n\r\n* Added Contact Command + Basic Commands to UserGuide.adoc\r\n\r\n* Update mentions of AddressBook to TagLine\r\n\r\n* Update AboutUs.adoc\r\n\r\n* Add more use cases to Developer Guide\r\n\r\n* Update team name\r\n\r\n* Add newline after EOF for README and AboutUs\r\n\r\n* Fix Yehez image name\r\n\r\n* Merge PR #10 from AY1920S1-CS2103T-F12-3/main\r\n\r\n* Update Prof name in AboutUs (#35)\r\n\r\n#21\r\n\r\n* Rename Yehezkiel image (#36)\r\n\r\n* Fix typos in Developer Guide and User Guide (#37)\r\n\r\n* Updates from upstream (#14)\r\n\r\n* Add chat pane to GUI (#9)\r\n\r\n* Refactor result pane view (#42)\r\n\r\n* Implement view switching in GUI (#46)\r\n\r\n* Refactor Contact Command Parsers (#43)\r\n\r\n* Update contact parser (#62)\r\n\r\n* Rename person to contact (#65)\r\n\r\n* Fix merge conflicts from upstream\r\n\r\n* Fix merge conflicts\r\n\r\n* Add validation for note content\r\n\r\n* Add parsing of content in NoteParserUtil\r\n\r\n* Validate for note content in CreateNoteParser\r\n\r\n* Update create note parser test to match validation of note content\r\n\r\n* Add missing files from merging upstream\r\n",
            "insertions": 38,
            "deletions": 17
          }
        ]
      },
      {
        "insertions": 198,
        "deletions": 26,
        "date": "2019-10-20",
        "commitResults": [
          {
            "hash": "f79e946d44a033b5acdfedc8934468fd38c619bb",
            "messageTitle": "Add DeleteNoteCommandTest (#107)",
            "messageBody": "* Add changes from team repo (#5)\r\n\r\n* Refactor package name from \u0027seedu.address\u0027 to \u0027tagline\u0027\r\n\r\n* Update mainClassName in build.gradle\r\n\r\n* Merge pull request #6 from from AY1920S1-CS2103T-F12-3/master\r\n\r\n* Refactor package name from \u0027seedu.address\u0027 to \u0027tagline\u0027\r\n\r\n* Update mainClassName in build.gradle\r\n\r\n* Added Contact Command + Basic Commands to UserGuide.adoc\r\n\r\n* Update mentions of AddressBook to TagLine\r\n\r\n* Update AboutUs.adoc\r\n\r\n* Add more use cases to Developer Guide\r\n\r\n* Update team name\r\n\r\n* Add newline after EOF for README and AboutUs\r\n\r\n* Fix Yehez image name\r\n\r\n* Merge PR #10 from AY1920S1-CS2103T-F12-3/main\r\n\r\n* Update Prof name in AboutUs (#35)\r\n\r\n#21\r\n\r\n* Rename Yehezkiel image (#36)\r\n\r\n* Fix typos in Developer Guide and User Guide (#37)\r\n\r\n* Updates from upstream (#14)\r\n\r\n* Add chat pane to GUI (#9)\r\n\r\n* Refactor result pane view (#42)\r\n\r\n* Implement view switching in GUI (#46)\r\n\r\n* Refactor Contact Command Parsers (#43)\r\n\r\n* Update contact parser (#62)\r\n\r\n* Rename person to contact (#65)\r\n\r\n* Fix merge conflicts from upstream\r\n\r\n* Fix merge conflicts\r\n\r\n* Add missing files to master from upstream\r\n\r\n* Remove dummy view\r\n\r\n* Add valid note id tests for DeleteNoteCommand\r\n\r\n* Implement invalid note id test for DeleteNoteCommand\r\n\r\n* Add findNote() in Model\r\n\r\n* Implement DeleteNoteCommand execution with model.findNote()\r\n\r\n* Fix checkstyle errors\r\n\r\n* Fix ModelStub error\r\n",
            "insertions": 198,
            "deletions": 26
          }
        ]
      }
    ],
    "tanlk99": [
      {
        "insertions": 193,
        "deletions": 77,
        "date": "2019-09-30",
        "commitResults": [
          {
            "hash": "f8be59175780be4cc64ab16f526295a446575e65",
            "messageTitle": "Update AboutUs.adoc for team members to commit (#2)",
            "messageBody": "",
            "insertions": 31,
            "deletions": 64
          },
          {
            "hash": "61ba584248d03799feeb6ea7d9f0a9999cec1994",
            "messageTitle": "Update Developer Guide",
            "messageBody": "",
            "insertions": 162,
            "deletions": 13
          }
        ]
      },
      {
        "insertions": 42,
        "deletions": 41,
        "date": "2019-10-03",
        "commitResults": [
          {
            "hash": "c8d9b97f7d487df37afea150605b5d30999eab66",
            "messageTitle": "Update mentions of AddressBook to TagLine (#25)",
            "messageBody": "* Update AboutUs.adoc for team members to commit\r\n\r\n* Add more use cases to Developer Guide\r\n\r\n* Update team name\r\n",
            "insertions": 25,
            "deletions": 22
          },
          {
            "hash": "a55d6734459a6ee6ee33c35e41249ad4a48d0ff4",
            "messageTitle": "Fix typos in Developer Guide and User Guide (#37)",
            "messageBody": "",
            "insertions": 17,
            "deletions": 19
          }
        ]
      },
      {
        "insertions": 291,
        "deletions": 82,
        "date": "2019-10-08",
        "commitResults": [
          {
            "hash": "abe7585d47dc54f0e767511df81c52b1dad2cd08",
            "messageTitle": "Add chat pane to GUI (#9)",
            "messageBody": "* Update AboutUs.adoc for team members to commit\r\n\r\n* Add a newline in AboutUs.adoc\r\n\r\n* Add more use cases to Developer Guide\r\n\r\n* Fix missing endline\r\n\r\n* Update GUI to include chat pane\r\n\r\n* Add newlines for FXML files\r\n\r\n* Update various docs to display TagLine\r\n\r\n* Add placeholder image\r\n\r\n* Fix minor typo in user guide\r\n\r\n* Update Tagline to TagLine\r\n\r\n* Update team name\r\n\r\n* Fix some typos in user guide and developer guide\r\n\r\n* Change chat pane layout\r\n\r\n* Clean up UI code\r\n\r\n* Add icon for response messages\r\n",
            "insertions": 291,
            "deletions": 82
          }
        ]
      },
      {
        "insertions": 332,
        "deletions": 129,
        "date": "2019-10-09",
        "commitResults": [
          {
            "hash": "347d3dd21b8a8d336e7615162ede6cb397049d0c",
            "messageTitle": "Refactor result pane view (#42)",
            "messageBody": "* Update AboutUs.adoc for team members to commit\r\n\r\n* Add a newline in AboutUs.adoc\r\n\r\n* Add more use cases to Developer Guide\r\n\r\n* Fix missing endline\r\n\r\n* Update GUI to include chat pane\r\n\r\n* Add newlines for FXML files\r\n\r\n* Update various docs to display TagLine\r\n\r\n* Add placeholder image\r\n\r\n* Fix minor typo in user guide\r\n\r\n* Update Tagline to TagLine\r\n\r\n* Update team name\r\n\r\n* Fix some typos in user guide and developer guide\r\n\r\n* Refactor result pane to an abstract class\r\n\r\n* Add newline in ContactResultPane.fxml\r\n\r\n* Change chat pane layout\r\n\r\n* Clean up UI code\r\n\r\n* Remove unreferenced FXML ID\r\n",
            "insertions": 173,
            "deletions": 105
          },
          {
            "hash": "def9c5fd090c69aa7f4d09aa50b3656f12aaae98",
            "messageTitle": "Implement view switching in GUI (#46)",
            "messageBody": "* Update AboutUs.adoc for team members to commit\r\n\r\n* Add a newline in AboutUs.adoc\r\n\r\n* Add more use cases to Developer Guide\r\n\r\n* Fix missing endline\r\n\r\n* Update GUI to include chat pane\r\n\r\n* Add newlines for FXML files\r\n\r\n* Update various docs to display TagLine\r\n\r\n* Add placeholder image\r\n\r\n* Fix minor typo in user guide\r\n\r\n* Update Tagline to TagLine\r\n\r\n* Update team name\r\n\r\n* Fix some typos in user guide and developer guide\r\n\r\n* Refactor result pane to an abstract class\r\n\r\n* Add newline in ContactResultPane.fxml\r\n\r\n* Change chat pane layout\r\n\r\n* Clean up UI code\r\n\r\n* Remove unreferenced FXML ID\r\n\r\n* Add enum ViewType to CommandResult and implement view switching\r\n\r\n* Change code to comply with checkstyle\r\n",
            "insertions": 159,
            "deletions": 24
          }
        ]
      },
      {
        "insertions": 466,
        "deletions": 8,
        "date": "2019-10-14",
        "commitResults": [
          {
            "hash": "998f7e14cb9d77ff0fa451376e4b89f5aa65ae4e",
            "messageTitle": "Add GUI tests with TestFX (#67)",
            "messageBody": "* Update AboutUs.adoc for team members to commit\r\n\r\n* Add a newline in AboutUs.adoc\r\n\r\n* Add more use cases to Developer Guide\r\n\r\n* Fix missing endline\r\n\r\n* Update various docs to display TagLine\r\n\r\n* Add placeholder image\r\n\r\n* Fix minor typo in user guide\r\n\r\n* Update Tagline to TagLine\r\n\r\n* Update team name\r\n\r\n* Fix some typos in user guide and developer guide\r\n\r\n* Implement view switching in GUI (#46)\r\n\r\n* Update AboutUs.adoc for team members to commit\r\n\r\n* Add a newline in AboutUs.adoc\r\n\r\n* Add more use cases to Developer Guide\r\n\r\n* Fix missing endline\r\n\r\n* Update GUI to include chat pane\r\n\r\n* Add newlines for FXML files\r\n\r\n* Update various docs to display TagLine\r\n\r\n* Add placeholder image\r\n\r\n* Fix minor typo in user guide\r\n\r\n* Update Tagline to TagLine\r\n\r\n* Update team name\r\n\r\n* Fix some typos in user guide and developer guide\r\n\r\n* Refactor result pane to an abstract class\r\n\r\n* Add newline in ContactResultPane.fxml\r\n\r\n* Change chat pane layout\r\n\r\n* Clean up UI code\r\n\r\n* Remove unreferenced FXML ID\r\n\r\n* Add enum ViewType to CommandResult and implement view switching\r\n\r\n* Change code to comply with checkstyle\r\n\r\n* Refactor Contact Command Parsers (#43)\r\n\r\n* Restructure code for parsing contact commands\r\n\r\n* Add \u0027contact\u0027 prefix for all contact commands to be parsed\r\n\r\n* Refactor contact, remove tags field and add description field\r\n\r\n* Fix bugs and update failed test cases\r\n\r\n* Update contact parser (#62)\r\n\r\n* Rename \u0027contact add\u0027 command to \u0027contact create\u0027\r\n\r\n* Update ClearContactCommand to inherit from ContactCommand\r\n\r\n* Update message usage description for contact commands\r\n\r\n* Update format for create contact command in the user guide\r\n\r\n* Rename person to contact (#65)\r\n\r\n* Add GUI tests with TestFX\r\n\r\n* Fix compatibility issues for TestFX\r\n",
            "insertions": 466,
            "deletions": 8
          }
        ]
      },
      {
        "insertions": 48,
        "deletions": 27,
        "date": "2019-10-15",
        "commitResults": [
          {
            "hash": "5b09f7be1fa2e8834a0e031c7e1c554a3fcdce5a",
            "messageTitle": "Fix buggy interface in headed GUI test (#76)",
            "messageBody": "* Update AboutUs.adoc for team members to commit\r\n\r\n* Add a newline in AboutUs.adoc\r\n\r\n* Add more use cases to Developer Guide\r\n\r\n* Fix missing endline\r\n\r\n* Update various docs to display TagLine\r\n\r\n* Add placeholder image\r\n\r\n* Fix minor typo in user guide\r\n\r\n* Update Tagline to TagLine\r\n\r\n* Update team name\r\n\r\n* Fix some typos in user guide and developer guide\r\n\r\n* Implement view switching in GUI (#46)\r\n\r\n* Update AboutUs.adoc for team members to commit\r\n\r\n* Add a newline in AboutUs.adoc\r\n\r\n* Add more use cases to Developer Guide\r\n\r\n* Fix missing endline\r\n\r\n* Update GUI to include chat pane\r\n\r\n* Add newlines for FXML files\r\n\r\n* Update various docs to display TagLine\r\n\r\n* Add placeholder image\r\n\r\n* Fix minor typo in user guide\r\n\r\n* Update Tagline to TagLine\r\n\r\n* Update team name\r\n\r\n* Fix some typos in user guide and developer guide\r\n\r\n* Refactor result pane to an abstract class\r\n\r\n* Add newline in ContactResultPane.fxml\r\n\r\n* Change chat pane layout\r\n\r\n* Clean up UI code\r\n\r\n* Remove unreferenced FXML ID\r\n\r\n* Add enum ViewType to CommandResult and implement view switching\r\n\r\n* Change code to comply with checkstyle\r\n\r\n* Refactor Contact Command Parsers (#43)\r\n\r\n* Restructure code for parsing contact commands\r\n\r\n* Add \u0027contact\u0027 prefix for all contact commands to be parsed\r\n\r\n* Refactor contact, remove tags field and add description field\r\n\r\n* Fix bugs and update failed test cases\r\n\r\n* Update contact parser (#62)\r\n\r\n* Rename \u0027contact add\u0027 command to \u0027contact create\u0027\r\n\r\n* Update ClearContactCommand to inherit from ContactCommand\r\n\r\n* Update message usage description for contact commands\r\n\r\n* Update format for create contact command in the user guide\r\n\r\n* Rename person to contact (#65)\r\n\r\n* Add GUI tests with TestFX\r\n\r\n* Fix compatibility issues for TestFX\r\n\r\n* Attempt to fix broken display for GUI tests again\r\n\r\n* Fix broken whitespace\r\n\r\n* Attempt fix using StageStyle\r\n\r\n* Attempt more debugging on Travis\r\n\r\n* Attempt more debugging on Travis\r\n\r\n* Attempt more debugging on Travis\r\n",
            "insertions": 48,
            "deletions": 27
          }
        ]
      },
      {
        "insertions": 1321,
        "deletions": 405,
        "date": "2019-10-17",
        "commitResults": [
          {
            "hash": "b510bea53e1ca2d7f877a2c393cb972dd010b55c",
            "messageTitle": "Create view to display notes (#78)",
            "messageBody": "* Update AboutUs.adoc for team members to commit\r\n\r\n* Add a newline in AboutUs.adoc\r\n\r\n* Add more use cases to Developer Guide\r\n\r\n* Fix missing endline\r\n\r\n* Add changes from team repo (#5)\r\n\r\n* Refactor package name from \u0027seedu.address\u0027 to \u0027tagline\u0027\r\n\r\n* Update mainClassName in build.gradle\r\n\r\n* Added Contact Command + Basic Commands to UserGuide.adoc\r\n\r\n* UserGuide.adoc: checkstyle changes\r\n\r\n* UserGuide.adoc: checkstyle changes, newline added after format\r\n\r\n* Update various docs to display TagLine\r\n\r\n* Add placeholder image\r\n\r\n* Fix minor typo in user guide\r\n\r\n* Update Tagline to TagLine\r\n\r\n* Update team name\r\n\r\n* Merge pull request #6 from from AY1920S1-CS2103T-F12-3/master\r\n\r\n* Refactor package name from \u0027seedu.address\u0027 to \u0027tagline\u0027\r\n\r\n* Update mainClassName in build.gradle\r\n\r\n* Added Contact Command + Basic Commands to UserGuide.adoc\r\n\r\n* Update mentions of AddressBook to TagLine\r\n\r\n* Update AboutUs.adoc\r\n\r\n* Add more use cases to Developer Guide\r\n\r\n* Update team name\r\n\r\n* Add newline after EOF for README and AboutUs\r\n\r\n* Fix Yehez image name\r\n\r\n* Fix some typos in user guide and developer guide\r\n\r\n* initial note commit\r\n\r\n* added TimeCreated and TimeLastUpdated.java\r\n\r\n* NoteBuilder.java testutil made\r\n\r\n* Date.java i forgot to stage the previous commit\r\n\r\n* Merge PR #10 from AY1920S1-CS2103T-F12-3/main\r\n\r\n* Update Prof name in AboutUs (#35)\r\n\r\n#21\r\n\r\n* Rename Yehezkiel image (#36)\r\n\r\n* Fix typos in Developer Guide and User Guide (#37)\r\n\r\n* added tests, but have issues running TypicalNotes.java\r\n\r\n* tests are now working\r\n\r\n* fixed some checkstyleMain issues, there are more checkstyleTest issues\r\n\r\n* checkstyle complete\r\n\r\n* edited the Note.java isSameNote\r\n\r\n* NoteBook.java and ReadOnlyNoteBook.java done, need to change noteID\r\n\r\n* added noteID attribute to Note.java\r\n\r\n* Add parser for create note command\r\n\r\n* Merge Notes and Notebook Model (#11) from e0031374/main\r\n\r\n* initial note commit\r\n\r\n* added TimeCreated and TimeLastUpdated.java\r\n\r\n* NoteBuilder.java testutil made\r\n\r\n* Date.java i forgot to stage the previous commit\r\n\r\n* added tests, but have issues running TypicalNotes.java\r\n\r\n* tests are now working\r\n\r\n* fixed some checkstyleMain issues, there are more checkstyleTest issues\r\n\r\n* checkstyle complete\r\n\r\n* edited the Note.java isSameNote\r\n\r\n* NoteBook.java and ReadOnlyNoteBook.java done, need to change noteID\r\n\r\n* added noteID attribute to Note.java\r\n\r\n* Note.java has a NoteID now, Title is now optional, to be removed\r\n\r\n* incremental test change NoteIdTest.java now has equalityTest\r\n\r\n* changed variable name in NoteIdCounterTest to incrementAndGetValue\r\n\r\n* fixed testcase for NoteIdCounterTest.java\r\n\r\n* Update Include NoteId (#13) from e0031374/main\r\n\r\n* Note.java has a NoteID now, Title is now optional, to be removed\r\n\r\n* incremental test change NoteIdTest.java now has equalityTest\r\n\r\n* changed variable name in NoteIdCounterTest to incrementAndGetValue\r\n\r\n* fixed testcase for NoteIdCounterTest.java\r\n\r\n* Add parse logic in CreateNoteParser\r\n\r\n* Add CreateNoteCommandTest for constructor \u0026 equals method\r\n\r\n* NoteModelManager incomplete, test for Equals fails, no userprefs\r\n\r\n* Note Storage implemented until Interface: NoteBookStorage and lower dependencies, not tested\r\n\r\n* more tests for NoteId.java and NoteIdCounter.java\r\n\r\n* JsonAdaptedNoteTest.java, did not test invalid fields for TimeCreated, TimeLastUpdated (regex is hard), Title and Content (empty string is allowed, any string is allowed)\r\n\r\n* Add test for CreateNoteParser and NoteCommandParser\r\n\r\n* added more Typical Notes for manual addition\r\n\r\n* JsonNoteBookStorageTest.java and testing resource data done\r\n\r\n* JsonNoteBookStorage.java, JsonSerializableNoteBook.java tested, NoteIdCounter restores\r\n\r\n* Fix checkstyle errors\r\n\r\n* Updates from upstream (#14)\r\n\r\n* Add chat pane to GUI (#9)\r\n\r\n* Refactor result pane view (#42)\r\n\r\n* Implement view switching in GUI (#46)\r\n\r\n* Refactor Contact Command Parsers (#43)\r\n\r\n* Update contact parser (#62)\r\n\r\n* Rename person to contact (#65)\r\n\r\n* Add support for TaglineParser to parse to NoteCommandParser for note commands\r\n\r\n* Edit create command usage message\r\n\r\n* Moved NoteManager into the note folder\r\n\r\n* Removed comments in NoteModelManager\r\n\r\n* Implement basic note view\r\n\r\n* Implement basic note view\r\n\r\n* Remove duplicated file\r\n\r\n* Update FXML for NoteListCard\r\n\r\n* Fix checkstyle issues\r\n\r\n* Remove test code in MainWindow\r\n\r\n* Fix missing endline\r\n\r\n* Remove TempNoteBook2 again\r\n\r\nWe should really add this to .gitignore\r\n",
            "insertions": 312,
            "deletions": 71
          },
          {
            "hash": "bb9b3aebeb22c5a3171d62f82619aa4a804d02ff",
            "messageTitle": "Implement tag manager (#72)",
            "messageBody": "* Update AboutUs.adoc for team members to commit\r\n\r\n* Add a newline in AboutUs.adoc\r\n\r\n* Add more use cases to Developer Guide\r\n\r\n* Fix missing endline\r\n\r\n* Update various docs to display TagLine\r\n\r\n* Add placeholder image\r\n\r\n* Fix minor typo in user guide\r\n\r\n* Update Tagline to TagLine\r\n\r\n* Update team name\r\n\r\n* Fix some typos in user guide and developer guide\r\n\r\n* Delegate responsibility from Model to ContactModel\r\n\r\n* Add InvalidIdException\r\n\r\n* Add Contact Id class\r\n\r\n* Add id to Contact\r\n\r\n* Add AddressBook find operation\r\n\r\n* Add random id generator in ContactManager\r\n\r\n* Resolve checkstyle issue\r\n\r\n* Move ContactBuilder package\r\n\r\n* Include id in Json Serialization\r\n\r\n* Fix fail test cases\r\n\r\n* Add FindContact method in model\r\n\r\n* Add id to contact card display\r\n\r\n* Add id validation on adding contact to address book\r\n\r\n* Fix test case after validation\r\n\r\n* Move AddressBook into contact subpackage\r\n\r\n* Create a simple TagList and TagManager using the existing Tag\r\n\r\n* Fix checkstyle issues\r\n\r\n* Fix misleading comment\r\n",
            "insertions": 348,
            "deletions": 126
          },
          {
            "hash": "b240c4e30f5685247ec8eb66fd770659a5f31071",
            "messageTitle": "Integrate GUI, Contact, Note and Storage components (#83)",
            "messageBody": "* Update AboutUs.adoc for team members to commit\r\n\r\n* Add a newline in AboutUs.adoc\r\n\r\n* Add more use cases to Developer Guide\r\n\r\n* Fix missing endline\r\n\r\n* Add changes from team repo (#5)\r\n\r\n* Refactor package name from \u0027seedu.address\u0027 to \u0027tagline\u0027\r\n\r\n* Update mainClassName in build.gradle\r\n\r\n* Added Contact Command + Basic Commands to UserGuide.adoc\r\n\r\n* UserGuide.adoc: checkstyle changes\r\n\r\n* UserGuide.adoc: checkstyle changes, newline added after format\r\n\r\n* Update various docs to display TagLine\r\n\r\n* Add placeholder image\r\n\r\n* Fix minor typo in user guide\r\n\r\n* Update Tagline to TagLine\r\n\r\n* Update team name\r\n\r\n* Merge pull request #6 from from AY1920S1-CS2103T-F12-3/master\r\n\r\n* Refactor package name from \u0027seedu.address\u0027 to \u0027tagline\u0027\r\n\r\n* Update mainClassName in build.gradle\r\n\r\n* Added Contact Command + Basic Commands to UserGuide.adoc\r\n\r\n* Update mentions of AddressBook to TagLine\r\n\r\n* Update AboutUs.adoc\r\n\r\n* Add more use cases to Developer Guide\r\n\r\n* Update team name\r\n\r\n* Add newline after EOF for README and AboutUs\r\n\r\n* Fix Yehez image name\r\n\r\n* Fix some typos in user guide and developer guide\r\n\r\n* initial note commit\r\n\r\n* added TimeCreated and TimeLastUpdated.java\r\n\r\n* NoteBuilder.java testutil made\r\n\r\n* Date.java i forgot to stage the previous commit\r\n\r\n* Merge PR #10 from AY1920S1-CS2103T-F12-3/main\r\n\r\n* Update Prof name in AboutUs (#35)\r\n\r\n#21\r\n\r\n* Rename Yehezkiel image (#36)\r\n\r\n* Fix typos in Developer Guide and User Guide (#37)\r\n\r\n* added tests, but have issues running TypicalNotes.java\r\n\r\n* tests are now working\r\n\r\n* fixed some checkstyleMain issues, there are more checkstyleTest issues\r\n\r\n* checkstyle complete\r\n\r\n* edited the Note.java isSameNote\r\n\r\n* NoteBook.java and ReadOnlyNoteBook.java done, need to change noteID\r\n\r\n* added noteID attribute to Note.java\r\n\r\n* Add parser for create note command\r\n\r\n* Merge Notes and Notebook Model (#11) from e0031374/main\r\n\r\n* initial note commit\r\n\r\n* added TimeCreated and TimeLastUpdated.java\r\n\r\n* NoteBuilder.java testutil made\r\n\r\n* Date.java i forgot to stage the previous commit\r\n\r\n* added tests, but have issues running TypicalNotes.java\r\n\r\n* tests are now working\r\n\r\n* fixed some checkstyleMain issues, there are more checkstyleTest issues\r\n\r\n* checkstyle complete\r\n\r\n* edited the Note.java isSameNote\r\n\r\n* NoteBook.java and ReadOnlyNoteBook.java done, need to change noteID\r\n\r\n* added noteID attribute to Note.java\r\n\r\n* Note.java has a NoteID now, Title is now optional, to be removed\r\n\r\n* incremental test change NoteIdTest.java now has equalityTest\r\n\r\n* changed variable name in NoteIdCounterTest to incrementAndGetValue\r\n\r\n* fixed testcase for NoteIdCounterTest.java\r\n\r\n* Update Include NoteId (#13) from e0031374/main\r\n\r\n* Note.java has a NoteID now, Title is now optional, to be removed\r\n\r\n* incremental test change NoteIdTest.java now has equalityTest\r\n\r\n* changed variable name in NoteIdCounterTest to incrementAndGetValue\r\n\r\n* fixed testcase for NoteIdCounterTest.java\r\n\r\n* Add parse logic in CreateNoteParser\r\n\r\n* Add CreateNoteCommandTest for constructor \u0026 equals method\r\n\r\n* NoteModelManager incomplete, test for Equals fails, no userprefs\r\n\r\n* Note Storage implemented until Interface: NoteBookStorage and lower dependencies, not tested\r\n\r\n* more tests for NoteId.java and NoteIdCounter.java\r\n\r\n* JsonAdaptedNoteTest.java, did not test invalid fields for TimeCreated, TimeLastUpdated (regex is hard), Title and Content (empty string is allowed, any string is allowed)\r\n\r\n* Add test for CreateNoteParser and NoteCommandParser\r\n\r\n* added more Typical Notes for manual addition\r\n\r\n* JsonNoteBookStorageTest.java and testing resource data done\r\n\r\n* JsonNoteBookStorage.java, JsonSerializableNoteBook.java tested, NoteIdCounter restores\r\n\r\n* Fix checkstyle errors\r\n\r\n* Updates from upstream (#14)\r\n\r\n* Add chat pane to GUI (#9)\r\n\r\n* Refactor result pane view (#42)\r\n\r\n* Implement view switching in GUI (#46)\r\n\r\n* Refactor Contact Command Parsers (#43)\r\n\r\n* Update contact parser (#62)\r\n\r\n* Rename person to contact (#65)\r\n\r\n* Add support for TaglineParser to parse to NoteCommandParser for note commands\r\n\r\n* Edit create command usage message\r\n\r\n* Moved NoteManager into the note folder\r\n\r\n* Removed comments in NoteModelManager\r\n\r\n* Implement basic note view\r\n\r\n* Implement basic note view\r\n\r\n* Remove duplicated file\r\n\r\n* Update FXML for NoteListCard\r\n\r\n* Fix checkstyle issues\r\n\r\n* Remove test code in MainWindow\r\n\r\n* Fix missing endline\r\n\r\n* Remove TempNoteBook2 again\r\n\r\nWe should really add this to .gitignore\r\n\r\n* Integrate GUI and current infrastructure\r\n\r\nUpdate ModelManager\r\nUpdate LogicManager\r\nEnable note storage (default location: data/notebook.json)\r\nChange contact result view\r\nUse CommandResult.ViewType in the commands\r\n\r\n* Remove DummyResultView\r\n\r\n* Update some tests\r\n\r\n* Update NoteManager\r\n",
            "insertions": 616,
            "deletions": 183
          },
          {
            "hash": "61d7d83c340d2019287b7b4ca750146d5dffe375",
            "messageTitle": "Fix ContactListCard (#86)",
            "messageBody": "* Update AboutUs.adoc for team members to commit\r\n\r\n* Add a newline in AboutUs.adoc\r\n\r\n* Add more use cases to Developer Guide\r\n\r\n* Fix missing endline\r\n\r\n* Update various docs to display TagLine\r\n\r\n* Add placeholder image\r\n\r\n* Fix minor typo in user guide\r\n\r\n* Update Tagline to TagLine\r\n\r\n* Update team name\r\n\r\n* Fix some typos in user guide and developer guide\r\n\r\n* Fix bug in ContactListCard\r\n\r\n* Fix constructor order\r\n",
            "insertions": 24,
            "deletions": 8
          },
          {
            "hash": "1c86433256c4e4c66dd585330e69ce3ff863b9db",
            "messageTitle": "Fix EditNoteCommand (#95)",
            "messageBody": "Fixes #94 \r\n",
            "insertions": 9,
            "deletions": 8
          },
          {
            "hash": "28621c87e73521e1cd068dde044ed506e17e640f",
            "messageTitle": "Fix Broken Startup (#101)",
            "messageBody": "",
            "insertions": 12,
            "deletions": 9
          }
        ]
      }
    ],
    "Yehezkiel01": [
      {
        "insertions": 6,
        "deletions": 0,
        "date": "2019-09-30",
        "commitResults": [
          {
            "hash": "acfadab3f69baf6c329a559fc3d7d005675e44af",
            "messageTitle": "Adds About Us for Yehezkiel",
            "messageBody": "",
            "insertions": 6,
            "deletions": 0
          }
        ]
      },
      {
        "insertions": 135,
        "deletions": 22,
        "date": "2019-10-03",
        "commitResults": [
          {
            "hash": "963e867ad496610cfd7444ef21d2de4af97fe950",
            "messageTitle": "Update UG: note command (#26)",
            "messageBody": "* Adds note create command to UG\r\n\r\n* Updates UG Format Consistency\r\n\r\n* Adds note delete command to UG\r\n\r\n* Adds note edit command\r\n\r\n* Adds command for not tagging\r\n\r\n* Add filter notes command\r\n",
            "insertions": 125,
            "deletions": 15
          },
          {
            "hash": "6cd46fa262b49a3fcf2bbda6fb941199610ddc95",
            "messageTitle": "Update About Us (#27)",
            "messageBody": "* Renames yehezkiel.png to Yehezkiel01.png\r\n\r\n* Adds steven about us page\r\n",
            "insertions": 7,
            "deletions": 1
          },
          {
            "hash": "4349e1e9eb193ca242a07a59ae204cfe74fe140e",
            "messageTitle": "Updates contact us (#28)",
            "messageBody": "",
            "insertions": 1,
            "deletions": 3
          },
          {
            "hash": "79063c417e5af1a527d8ad0a29506491b89a3fb4",
            "messageTitle": "Update README.adoc intro (#30)",
            "messageBody": "",
            "insertions": 2,
            "deletions": 3
          }
        ]
      },
      {
        "insertions": 1301,
        "deletions": 1288,
        "date": "2019-10-11",
        "commitResults": [
          {
            "hash": "554ef3858bd549452d2287e7c0484e7cd0aa8918",
            "messageTitle": "Rename person to contact (#65)",
            "messageBody": "",
            "insertions": 1301,
            "deletions": 1288
          }
        ]
      },
      {
        "insertions": 527,
        "deletions": 121,
        "date": "2019-10-16",
        "commitResults": [
          {
            "hash": "9efdc3b6f1d85a240eba3eb4e7fae45d82706631",
            "messageTitle": "Refactor contact model (#68)",
            "messageBody": "* Delegate responsibility from Model to ContactModel\r\n\r\n* Add InvalidIdException\r\n\r\n* Add Contact Id class\r\n\r\n* Add id to Contact\r\n\r\n* Add AddressBook find operation\r\n\r\n* Add random id generator in ContactManager\r\n\r\n* Resolve checkstyle issue\r\n\r\n* Move ContactBuilder package\r\n\r\n* Include id in Json Serialization\r\n\r\n* Fix fail test cases\r\n\r\n* Add FindContact method in model\r\n\r\n* Add id to contact card display\r\n\r\n* Add id validation on adding contact to address book\r\n\r\n* Fix test case after validation\r\n\r\n* Move AddressBook into contact subpackage\r\n\r\n* Rename digit into contactIdDigits\r\n\r\n* Move ReadOnlyAddressBook to contact subpackage\r\n\r\n* Change Model such that it no longer extend ContactModel\r\n\r\n* Remove excessive new line\r\n\r\n* Rename Id to ContactId\r\n\r\n* Resolve issue after merging\r\n",
            "insertions": 527,
            "deletions": 121
          }
        ]
      },
      {
        "insertions": 253,
        "deletions": 205,
        "date": "2019-10-17",
        "commitResults": [
          {
            "hash": "26b8aa5bd4ae5af8e6c0ee80344075ba4052d8e9",
            "messageTitle": "Update EditContact and DeleteContact commands to use ContactId (#84)",
            "messageBody": "* Consistently use ContactId entity instead of integer Id\r\n\r\n* Update EditCommand with ContactId\r\n\r\n* Justify EditContactCommandDescriptor with ContactId\r\n\r\n* Justify EditContactCommandTest\r\n\r\n* Justify EditContactCommandParserTest\r\n\r\n* Justify ContactCommandParserTest\r\n\r\n* Minor renaming\r\n\r\n* Change index to contactId in Delete Command\r\n\r\n* Change NON_EXISTING_ID into a ContactId Object\r\n\r\n* Justify DeleteContactCommandTest\r\n\r\n* Justify DeleteContactParserTest\r\n\r\n* Add ContactId Test\r\n\r\n* Add validation on edit command to not change id\r\n\r\n* Add addressBook test case which verifies unique constraint on ContactId\r\n\r\n* Satisfy checkstyle requirement\r\n",
            "insertions": 253,
            "deletions": 205
          }
        ]
      }
    ],
    "e0031374": [
      {
        "insertions": 8,
        "deletions": 1,
        "date": "2019-09-30",
        "commitResults": [
          {
            "hash": "12c7eecbd9cee013a7e1ef231fb0a736c179b267",
            "messageTitle": "added aboutus details",
            "messageBody": "",
            "insertions": 8,
            "deletions": 1
          }
        ]
      },
      {
        "insertions": 90,
        "deletions": 86,
        "date": "2019-10-03",
        "commitResults": [
          {
            "hash": "f9eab628b6c5c392e9aec76c1479c1cee733db01",
            "messageTitle": "Update UG: Contact Command + Basic Commands (#24)",
            "messageBody": "* Added Contact Command + Basic Commands to UserGuide.adoc\r\n",
            "insertions": 90,
            "deletions": 86
          }
        ]
      },
      {
        "insertions": 0,
        "deletions": 31,
        "date": "2019-10-16",
        "commitResults": [
          {
            "hash": "ae5c858ebd6fc2ce7d32907272cde89c06ec9fd3",
            "messageTitle": "Removed Unneeded Notes Test Data (#79)",
            "messageBody": "* refactored and remove TempNoteBook2 and other commented out code\r\n\r\n* removed uneeded methods from NoteIdCounter, added clarifying comment to Date.java\r\n\r\n* removed more uneeded comments\r\n\r\n* removed more comments\r\n\r\n* removed TempNoteBook2\r\n",
            "insertions": 0,
            "deletions": 31
          }
        ]
      }
    ]
  },
  "authorFinalContributionMap": {
    "stevenwjy": 1831,
    "shiweing": 4707,
    "tanlk99": 2327,
    "Yehezkiel01": 1885,
    "e0031374": 59
  },
  "authorFileTypeContributionMap": {
    "stevenwjy": {
      "docs": 211,
      "tests": 572,
      "functional": 1047,
      "other": 1
    },
    "shiweing": {
      "docs": 41,
      "tests": 2265,
      "functional": 2401
    },
    "tanlk99": {
      "docs": 201,
      "tests": 744,
      "functional": 1355,
      "other": 27
    },
    "Yehezkiel01": {
      "docs": 29,
      "tests": 920,
      "functional": 936
    },
    "e0031374": {
      "docs": 59,
      "tests": 0,
      "functional": 0
    }
  },
  "authorContributionVariance": {
    "stevenwjy": 280116.34,
    "shiweing": 351119.03,
    "tanlk99": 74988.28,
    "Yehezkiel01": 156144.73,
    "e0031374": 688.47076
  },
  "authorDisplayNameMap": {
    "stevenwjy": "CS2103T-F12-3 STEVE ... IJAYA",
    "shiweing": "CS2103T-F12-3 NG SH ... I WEI",
    "tanlk99": "CS2103T-F12-3 TAN L ... LIKAI",
    "Yehezkiel01": "CS2103T-F12-3 YEHEZ ... OROES",
    "e0031374": "CS2103T-F12-3 ONG Y ... JONAS"
  }
}
