{
  "authorDailyContributionsMap": {
    "blimyj": [
      {
        "insertions": 39,
        "deletions": 276,
        "date": "2019-09-18",
        "commitResults": [
          {
            "hash": "f47df21184a6867770b2bc3e95e1f76cc8020b98",
            "messageTitle": "Remove address field",
            "messageBody": "",
            "insertions": 39,
            "deletions": 276
          }
        ]
      },
      {
        "insertions": 188,
        "deletions": 0,
        "date": "2019-10-02",
        "commitResults": [
          {
            "hash": "00358c3464a4eaac23f7d9f6ff77f83c0ef6b61d",
            "messageTitle": "Attempt to add Item class",
            "messageBody": "",
            "insertions": 188,
            "deletions": 0
          }
        ]
      },
      {
        "insertions": 7,
        "deletions": 7,
        "date": "2019-10-04",
        "commitResults": [
          {
            "hash": "31d2dbbd4f4205339193f3e73538698a9fe07679",
            "messageTitle": "Edit UG \u0026 DG",
            "messageBody": "",
            "insertions": 7,
            "deletions": 7
          }
        ]
      },
      {
        "insertions": 225,
        "deletions": 77,
        "date": "2019-10-08",
        "commitResults": [
          {
            "hash": "368cc6d24a20ba3b86fa3405d5a977bca527cc6d",
            "messageTitle": "Create ItemBuilder",
            "messageBody": "",
            "insertions": 197,
            "deletions": 60
          },
          {
            "hash": "7c646f4bbd82c0f56f02819d81a06a40161e293f",
            "messageTitle": "Temporary work save",
            "messageBody": "",
            "insertions": 28,
            "deletions": 17
          }
        ]
      },
      {
        "insertions": 1067,
        "deletions": 533,
        "date": "2019-10-09",
        "commitResults": [
          {
            "hash": "e177265972ebad313930ffcf21273367f05dbcb6",
            "messageTitle": "Implement Item class",
            "messageBody": "",
            "insertions": 79,
            "deletions": 68
          },
          {
            "hash": "eea6fca90e7fa056bc2b97380de359a35f461a3f",
            "messageTitle": "Implement Event class",
            "messageBody": "",
            "insertions": 86,
            "deletions": 18
          },
          {
            "hash": "580e249d3b3f3cf425dbb45b707df2be4bb0c6f5",
            "messageTitle": "Add Event, Reminder, Item Description",
            "messageBody": "",
            "insertions": 221,
            "deletions": 11
          },
          {
            "hash": "cc2d7251faa83b8f64f78c8bc45fd53ae24f99a7",
            "messageTitle": "Fix checkstyle errors.",
            "messageBody": "",
            "insertions": 178,
            "deletions": 171
          },
          {
            "hash": "6827a483ab9e53b294d65a8f0be436333453882f",
            "messageTitle": "Revert commit f47df21",
            "messageBody": "",
            "insertions": 276,
            "deletions": 38
          },
          {
            "hash": "e922fbe46b57495ceda14180601e06efb0e76533",
            "messageTitle": "Fix line ending errors",
            "messageBody": "",
            "insertions": 221,
            "deletions": 221
          },
          {
            "hash": "165a3e683119dcae56165456cc6208e02aba6de5",
            "messageTitle": "Move common classes to Item package",
            "messageBody": "",
            "insertions": 6,
            "deletions": 6
          }
        ]
      },
      {
        "insertions": 8,
        "deletions": 8,
        "date": "2019-10-10",
        "commitResults": [
          {
            "hash": "617ea26e50934c7c54a34a09b67eabbd03501947",
            "messageTitle": "Fix bugs in commons classes",
            "messageBody": "",
            "insertions": 7,
            "deletions": 7
          },
          {
            "hash": "17b367d15f4b961fc27be9f988ff1560f44a53c4",
            "messageTitle": "Fix Reminder class equals method",
            "messageBody": "",
            "insertions": 1,
            "deletions": 1
          }
        ]
      },
      {
        "insertions": 6,
        "deletions": 2,
        "date": "2019-10-11",
        "commitResults": [
          {
            "hash": "1086cf79b75ae502e594b6475fa40fd0a954883a",
            "messageTitle": "Add setter for priority for Task class",
            "messageBody": "",
            "insertions": 2,
            "deletions": 0
          },
          {
            "hash": "af3be063c5c8f7070051f59b5f670fb6c1921562",
            "messageTitle": "Revert \"Add setter for priority for Task class\"",
            "messageBody": "This reverts commit 1086cf79b75ae502e594b6475fa40fd0a954883a.\n",
            "insertions": 0,
            "deletions": 2
          },
          {
            "hash": "ce8a2fe36c2e4dec9a2a0868c709d3a48d744501",
            "messageTitle": "Add setter for priority for Task class",
            "messageBody": "",
            "insertions": 4,
            "deletions": 0
          }
        ]
      }
    ],
    "lrchema": [
      {
        "insertions": 21,
        "deletions": 0,
        "date": "2019-10-04",
        "commitResults": [
          {
            "hash": "36aebcbbca36e397bc0bef0874878eeb00ec135a",
            "messageTitle": "Add information on undo command in UG",
            "messageBody": "",
            "insertions": 21,
            "deletions": 0
          }
        ]
      },
      {
        "insertions": 16,
        "deletions": 0,
        "date": "2019-10-07",
        "commitResults": [
          {
            "hash": "56bc708f18279ceb6ca31f995b237f8e5b4c7107",
            "messageTitle": "Print message on undo",
            "messageBody": "",
            "insertions": 16,
            "deletions": 0
          }
        ]
      },
      {
        "insertions": 5,
        "deletions": 1,
        "date": "2019-10-08",
        "commitResults": [
          {
            "hash": "206f37fbd3eee1944e777880a2c53d9bcfb5ff52",
            "messageTitle": "Add javadoc comment to undo command",
            "messageBody": "",
            "insertions": 5,
            "deletions": 1
          }
        ]
      }
    ],
    "mannggoo": [
      {
        "insertions": 4,
        "deletions": 0,
        "date": "2019-09-25",
        "commitResults": [
          {
            "hash": "4a19dccbedfc218160611b23c86c224ed59f34b9",
            "messageTitle": "Walk through tutorial tracing code",
            "messageBody": "",
            "insertions": 4,
            "deletions": 0
          }
        ]
      },
      {
        "insertions": 92,
        "deletions": 99,
        "date": "2019-10-02",
        "commitResults": [
          {
            "hash": "00d734536ba1f1fa9f9176d92c376baa36edf141",
            "messageTitle": "Update AboutUs and ContactUs",
            "messageBody": "",
            "insertions": 25,
            "deletions": 24
          },
          {
            "hash": "f7e3e13f95a07add5b3975a5ee5e2a98e9862b73",
            "messageTitle": "Update User Guide",
            "messageBody": "",
            "insertions": 62,
            "deletions": 73
          },
          {
            "hash": "45e86536db09d45c557d8d819a3af9adeba7eafa",
            "messageTitle": "Update README.adoc",
            "messageBody": "",
            "insertions": 5,
            "deletions": 2
          }
        ]
      },
      {
        "insertions": 21,
        "deletions": 8,
        "date": "2019-10-09",
        "commitResults": [
          {
            "hash": "a2f9e3f8a69259e2f84222d5608b4c50cac87e46",
            "messageTitle": "Temp work Delete Later",
            "messageBody": "",
            "insertions": 7,
            "deletions": 0
          },
          {
            "hash": "b8107c1614c81fcc00941129d7d4f09f7749a959",
            "messageTitle": "Fix newline error",
            "messageBody": "",
            "insertions": 1,
            "deletions": 1
          },
          {
            "hash": "bd43ccf3a06736acdc177104d3c79df94f3be243",
            "messageTitle": "Bug fix",
            "messageBody": "",
            "insertions": 10,
            "deletions": 7
          },
          {
            "hash": "120ba292528effc757836e92628bc1da3504ba0a",
            "messageTitle": "delete later",
            "messageBody": "",
            "insertions": 3,
            "deletions": 0
          }
        ]
      },
      {
        "insertions": 1646,
        "deletions": 2562,
        "date": "2019-10-12",
        "commitResults": [
          {
            "hash": "318a07c2ac3e78755c30696af751ff55f37525f6",
            "messageTitle": "Edit Parser",
            "messageBody": "",
            "insertions": 382,
            "deletions": 133
          },
          {
            "hash": "3ada2174400a00109d40c0cafd6b8cf1ef063a63",
            "messageTitle": "Edit parsers",
            "messageBody": "",
            "insertions": 41,
            "deletions": 15
          },
          {
            "hash": "3957b17d64a2c0001f13e9df9313ee9d09530e3b",
            "messageTitle": "Modify AddCommand for ELISA",
            "messageBody": "",
            "insertions": 0,
            "deletions": 223
          },
          {
            "hash": "2575ceb4dd01465fecda59cf749ea5c5ef3775cf",
            "messageTitle": "Modify EditCommand",
            "messageBody": "",
            "insertions": 129,
            "deletions": 170
          },
          {
            "hash": "d49aea4ba1e89470261a1ba52cafc0cfd8211fdb",
            "messageTitle": "Resolve Merge Conflict with Commons",
            "messageBody": "",
            "insertions": 244,
            "deletions": 90
          },
          {
            "hash": "a61cf3cc06a21a48ed3a15b908c1e227985ea696",
            "messageTitle": "Modify UserGuide.adoc",
            "messageBody": "",
            "insertions": 1,
            "deletions": 1
          },
          {
            "hash": "ea8ca336cee1d6c57c73f223fa1f0a1ed2e2d14c",
            "messageTitle": "Refactor commands for ItemModel",
            "messageBody": "",
            "insertions": 52,
            "deletions": 25
          },
          {
            "hash": "eec39a9f388ab0833f537f9c1d69c69db9b29e04",
            "messageTitle": "Refactor code",
            "messageBody": "",
            "insertions": 69,
            "deletions": 31
          },
          {
            "hash": "6864560ce20f581d554b239d7a2884be45d68e19",
            "messageTitle": "Fix bug in Parser",
            "messageBody": "",
            "insertions": 19,
            "deletions": 11
          },
          {
            "hash": "862538c99b018df880fd3c5805bf7435e9fad7a9",
            "messageTitle": "Fix bug with parsers",
            "messageBody": "",
            "insertions": 2,
            "deletions": 10
          },
          {
            "hash": "4b26d6616d4cb268f3811210e66691514cd2b735",
            "messageTitle": "Add comments for checkstyle",
            "messageBody": "",
            "insertions": 155,
            "deletions": 86
          },
          {
            "hash": "a75c3afd86a6a39da763b060ae2b535e85e20b69",
            "messageTitle": "Fix bug with associating Event with Priority",
            "messageBody": "",
            "insertions": 5,
            "deletions": 5
          },
          {
            "hash": "c3be4f7f219b2c5f015d732ca6cbc177b5eb78c7",
            "messageTitle": "Fix bug with duplicate printing of tag",
            "messageBody": "",
            "insertions": 1,
            "deletions": 1
          },
          {
            "hash": "8629b8745884174c50350c9b369caa76e078a9f1",
            "messageTitle": "IMPORTANT: Start of refactoring tests",
            "messageBody": "",
            "insertions": 511,
            "deletions": 1378
          },
          {
            "hash": "c81f8f3f031e5e48947e254b53eb2dc5d0640623",
            "messageTitle": "Resolve checkStyleTest issues",
            "messageBody": "",
            "insertions": 34,
            "deletions": 240
          },
          {
            "hash": "e19b025b000270040e3a4f8ca0c8dee65ab618fc",
            "messageTitle": "Delete unnecessary files in model",
            "messageBody": "",
            "insertions": 1,
            "deletions": 143
          }
        ]
      },
      {
        "insertions": 61,
        "deletions": 16,
        "date": "2019-10-13",
        "commitResults": [
          {
            "hash": "c628544f2b1497479e7dc23fee9c88f0b8a658b3",
            "messageTitle": "Upgrade Parser to accept another DateTime format",
            "messageBody": "",
            "insertions": 40,
            "deletions": 10
          },
          {
            "hash": "ec10b199a9ef06de46df48a0e590b9dee9dc1ba4",
            "messageTitle": "Edit ParserUtil to pass checkStyle",
            "messageBody": "",
            "insertions": 16,
            "deletions": 3
          },
          {
            "hash": "23909cf69799d71546d86f64c146aa006d391205",
            "messageTitle": "Fix bug with deleteCommand",
            "messageBody": "",
            "insertions": 1,
            "deletions": 1
          },
          {
            "hash": "654d4fc701b0abe2cd6610f7cedd3d9116695489",
            "messageTitle": "Edit showCommand to be case-insensitive",
            "messageBody": "",
            "insertions": 4,
            "deletions": 2
          }
        ]
      }
    ],
    "sianghwee": [
      {
        "insertions": 15,
        "deletions": 18,
        "date": "2019-09-19",
        "commitResults": [
          {
            "hash": "7613e5fd5b346414e818035667a33a42b43258cb",
            "messageTitle": "Update README.adoc",
            "messageBody": "",
            "insertions": 0,
            "deletions": 14
          },
          {
            "hash": "65401dc497821bf801cb59a9e802e6b1aa0a7dc6",
            "messageTitle": "Update README.adoc",
            "messageBody": "",
            "insertions": 14,
            "deletions": 0
          },
          {
            "hash": "c5b9c336eed805ccb987b87ebe134adf93aa85d5",
            "messageTitle": "Update README.adoc",
            "messageBody": "",
            "insertions": 1,
            "deletions": 4
          }
        ]
      },
      {
        "insertions": 94,
        "deletions": 22,
        "date": "2019-10-03",
        "commitResults": [
          {
            "hash": "459a19095838de9c085125601fd92bb0a705d078",
            "messageTitle": "Update DeveloperGuide.adoc",
            "messageBody": "",
            "insertions": 84,
            "deletions": 12
          },
          {
            "hash": "0b0d15eb77d4880ee8caa8aed6eb2d725ab09fcd",
            "messageTitle": "Update DeveloperGuide.adoc",
            "messageBody": "",
            "insertions": 2,
            "deletions": 2
          },
          {
            "hash": "bc9602245a9e9f1cf029feaae16166cee1ff04ba",
            "messageTitle": "Changed header to fit project name",
            "messageBody": "",
            "insertions": 1,
            "deletions": 1
          },
          {
            "hash": "3eb82813cbd469761acaa8dd3d7331acc29d5c3e",
            "messageTitle": "Update user stories",
            "messageBody": "",
            "insertions": 7,
            "deletions": 7
          }
        ]
      },
      {
        "insertions": 1015,
        "deletions": 506,
        "date": "2019-10-04",
        "commitResults": [
          {
            "hash": "4b5cc0856c24656e98d556ab545a2a0fb2de953a",
            "messageTitle": "Change the invalid command format message to a plain string",
            "messageBody": "",
            "insertions": 1,
            "deletions": 1
          },
          {
            "hash": "3fb28e4bc2dfa59f11b3495480aacd715786af0d",
            "messageTitle": "Edit the ParseException thrown",
            "messageBody": "",
            "insertions": 1,
            "deletions": 1
          },
          {
            "hash": "56b01105f9a03c695b3cd4527721f94539ae1edd",
            "messageTitle": "Remove unused imports",
            "messageBody": "",
            "insertions": 0,
            "deletions": 5
          },
          {
            "hash": "b8f1f2009bfdc3f4f24ea689c73ec7a83e3afe38",
            "messageTitle": "Change the test case to reflect the change in code",
            "messageBody": "",
            "insertions": 1,
            "deletions": 2
          },
          {
            "hash": "6e636fdedd908e9ee72d5b2719234023c127754a",
            "messageTitle": "Add items and its dependencies",
            "messageBody": "",
            "insertions": 495,
            "deletions": 0
          },
          {
            "hash": "2d5f430fd388b50ea408655e0e9fa11c155f3a93",
            "messageTitle": "Change the newline symbol",
            "messageBody": "",
            "insertions": 495,
            "deletions": 495
          },
          {
            "hash": "d5f26ad480147badca5a470773b68c7db32e6d12",
            "messageTitle": "Edit the URL of Travis to point to the right webpage",
            "messageBody": "",
            "insertions": 1,
            "deletions": 1
          },
          {
            "hash": "bc23172899fe008e880c2bdb9ab003b1d926df7b",
            "messageTitle": "Add comments to clarify and change code based on comments received",
            "messageBody": "",
            "insertions": 21,
            "deletions": 1
          }
        ]
      },
      {
        "insertions": 293,
        "deletions": 314,
        "date": "2019-10-09",
        "commitResults": [
          {
            "hash": "592a4baa2d7b7e7e50d81fdd198827323897e882",
            "messageTitle": "Create interface to contain the API for the model",
            "messageBody": "",
            "insertions": 40,
            "deletions": 77
          },
          {
            "hash": "c244b1a3e35a061ba5493b79f71f8f047539341b",
            "messageTitle": "Add methods to manipulate the list",
            "messageBody": "",
            "insertions": 8,
            "deletions": 0
          },
          {
            "hash": "168d011a1c5f8b4dde9b1aefddb616244b6c751f",
            "messageTitle": "Create a class that implements the item model interface",
            "messageBody": "",
            "insertions": 185,
            "deletions": 0
          },
          {
            "hash": "872c59553df60a9e20c86ff1b35d0fc1528ad5cc",
            "messageTitle": "Add javadocs",
            "messageBody": "",
            "insertions": 5,
            "deletions": 3
          },
          {
            "hash": "e6fa84a0b6de28a3d2923129da279b34ff566f20",
            "messageTitle": "Change method name to reflect the method better",
            "messageBody": "",
            "insertions": 30,
            "deletions": 8
          },
          {
            "hash": "4e26e7b7ec60f1901287508f1332862ee4506a5b",
            "messageTitle": "Removed the stub class",
            "messageBody": "",
            "insertions": 0,
            "deletions": 213
          },
          {
            "hash": "c2cc8f4f29cb75fb688c24f51c9821fcb6271f20",
            "messageTitle": "Edit the file to use the real object class",
            "messageBody": "",
            "insertions": 25,
            "deletions": 13
          }
        ]
      },
      {
        "insertions": 257,
        "deletions": 21,
        "date": "2019-10-10",
        "commitResults": [
          {
            "hash": "50d23ba60ae72c2a1adc4e15762b195941e0996b",
            "messageTitle": "Create interface for the item list",
            "messageBody": "",
            "insertions": 45,
            "deletions": 0
          },
          {
            "hash": "95f9740b3e10adcb78a8fdeda585ffb72252686d",
            "messageTitle": "Add method to retrieve the object mapper",
            "messageBody": "",
            "insertions": 4,
            "deletions": 0
          },
          {
            "hash": "2fecd0e987850e98b2fe7c95e0c368c0f8ab1850",
            "messageTitle": "Add method to parse a string to a priority",
            "messageBody": "",
            "insertions": 15,
            "deletions": 0
          },
          {
            "hash": "da38c87e7e3c744232b4baf79f4457b6c3707a46",
            "messageTitle": "Add a method to convert an object to and from a JSON string",
            "messageBody": "",
            "insertions": 115,
            "deletions": 4
          },
          {
            "hash": "cf8fb172a4ecac9c16fd139a5156e3ef7ace2366",
            "messageTitle": "Added javadoc",
            "messageBody": "",
            "insertions": 56,
            "deletions": 13
          },
          {
            "hash": "939cbd49df1ced96195e4998ef72434dc49f647d",
            "messageTitle": "Add a new method to change the visualization list",
            "messageBody": "",
            "insertions": 22,
            "deletions": 4
          }
        ]
      },
      {
        "insertions": 5,
        "deletions": 26,
        "date": "2019-10-11",
        "commitResults": [
          {
            "hash": "1516fb33e09803ec674f3ab6289cfba5ffbc21e2",
            "messageTitle": "Edit the constructor to fix a bug",
            "messageBody": "",
            "insertions": 3,
            "deletions": 3
          },
          {
            "hash": "272698533c38d9aa702e2d62747fd4d03d7a3422",
            "messageTitle": "Remove parse method",
            "messageBody": "",
            "insertions": 2,
            "deletions": 23
          }
        ]
      },
      {
        "insertions": 116,
        "deletions": 41,
        "date": "2019-10-12",
        "commitResults": [
          {
            "hash": "6cde341d613bb5cb6bb125ee57ac02f5ccc4dc26",
            "messageTitle": "Rename methods to suit project",
            "messageBody": "",
            "insertions": 4,
            "deletions": 5
          },
          {
            "hash": "3acb1650db7efb2febffddb4715a688b8970ddc3",
            "messageTitle": "Refactor code and change method name to follow interface",
            "messageBody": "",
            "insertions": 34,
            "deletions": 22
          },
          {
            "hash": "a042c6d6ed80ea921c8ffac6ccdb329e61acd003",
            "messageTitle": "Add a file to store all the items",
            "messageBody": "",
            "insertions": 27,
            "deletions": 0
          },
          {
            "hash": "ffcb47753c288429c71f95cb66d78acafe118c1f",
            "messageTitle": "Create a class to convert from JSON string to items",
            "messageBody": "",
            "insertions": 37,
            "deletions": 0
          },
          {
            "hash": "48b390245c9d478eebd7bed76ddca577e7df3c30",
            "messageTitle": "Rename method to reflect changes in project",
            "messageBody": "",
            "insertions": 14,
            "deletions": 14
          }
        ]
      },
      {
        "insertions": 755,
        "deletions": 492,
        "date": "2019-10-13",
        "commitResults": [
          {
            "hash": "67446083e036a7552448861dc8dac752509b4ace",
            "messageTitle": "Refactor code",
            "messageBody": "",
            "insertions": 105,
            "deletions": 69
          },
          {
            "hash": "eefde1718d0040527588a8e6b74543770aa6ed5b",
            "messageTitle": "Rename methods to suit project",
            "messageBody": "",
            "insertions": 4,
            "deletions": 5
          },
          {
            "hash": "8c5b92adb724910bcef40272a53adbe6dd63336e",
            "messageTitle": "Refactor code and change method name to follow interface",
            "messageBody": "",
            "insertions": 34,
            "deletions": 22
          },
          {
            "hash": "9bf7fd7c29afeebd0e9f5a3f0a1bde297ac5139f",
            "messageTitle": "Add a file to store all the items",
            "messageBody": "",
            "insertions": 27,
            "deletions": 0
          },
          {
            "hash": "653c80a7b864d5a807a83e94687ed87e60e4f304",
            "messageTitle": "Create a class to convert from JSON string to items",
            "messageBody": "",
            "insertions": 37,
            "deletions": 0
          },
          {
            "hash": "0fbb2b19ae4216ff118276eacbbfeee5710b7b22",
            "messageTitle": "Rename method to reflect changes in project",
            "messageBody": "",
            "insertions": 14,
            "deletions": 14
          },
          {
            "hash": "e56706bdc9a53a3d83e1bef65fe2be8370c6ecbc",
            "messageTitle": "Refactor code",
            "messageBody": "",
            "insertions": 105,
            "deletions": 70
          },
          {
            "hash": "6c4e964d2e1b8092837bc8def6908517d6785889",
            "messageTitle": "Update javafx version to 11.0.1",
            "messageBody": "",
            "insertions": 1,
            "deletions": 1
          },
          {
            "hash": "8c468f4b5b6ec8b58a8d547f711294e3e7f32e50",
            "messageTitle": "Replace dependency on Address Book to Item Storage",
            "messageBody": "",
            "insertions": 9,
            "deletions": 16
          },
          {
            "hash": "ebb5353c0bf11751243defe3f9dae88619e2b60b",
            "messageTitle": "Change error throw to remove redundancy",
            "messageBody": "",
            "insertions": 8,
            "deletions": 3
          },
          {
            "hash": "5c482338c263051b07e413a11f050151294183e8",
            "messageTitle": "Remove unused dependencies",
            "messageBody": "",
            "insertions": 0,
            "deletions": 1
          },
          {
            "hash": "862a23c31623193d528b984e2d5ac4989874e1cb",
            "messageTitle": "Replace dependencies from Address Book to Item Storage",
            "messageBody": "",
            "insertions": 2,
            "deletions": 2
          },
          {
            "hash": "7a17f200bcd79a62a16b73f8c04735bdfe713e5e",
            "messageTitle": "Remove dependencies and wrote javadoc",
            "messageBody": "",
            "insertions": 10,
            "deletions": 5
          },
          {
            "hash": "977c05d30af9050f6d7a6e42c3c29b71f622ee2c",
            "messageTitle": "Add an abstract method",
            "messageBody": "",
            "insertions": 3,
            "deletions": 0
          },
          {
            "hash": "bb674af3d34fc59b6c1a60b01337032d094d187e",
            "messageTitle": "Edit code to comply with checkstyle",
            "messageBody": "",
            "insertions": 12,
            "deletions": 6
          },
          {
            "hash": "a59ce265e7c152c607a1740d84f7edcdccd764b5",
            "messageTitle": "Remove unnecessary dependencies",
            "messageBody": "",
            "insertions": 0,
            "deletions": 1
          },
          {
            "hash": "9be0751c8d24d34b0cbead8d3199d99261c907d5",
            "messageTitle": "Add a method to convert to Item Storage",
            "messageBody": "",
            "insertions": 4,
            "deletions": 0
          },
          {
            "hash": "c1514390d688419e9637f07d8f9f4ec606312de9",
            "messageTitle": "Replace dependenices from Address Book to Item Storage",
            "messageBody": "",
            "insertions": 3,
            "deletions": 4
          },
          {
            "hash": "659e5628fa6131372ddf8c659d918234210cccfc",
            "messageTitle": "Remove unnecessary dependencies",
            "messageBody": "",
            "insertions": 20,
            "deletions": 87
          },
          {
            "hash": "905d8b779d8c84156081c2d4a8c0f2b5efbfeb46",
            "messageTitle": "Add loging functionality",
            "messageBody": "",
            "insertions": 11,
            "deletions": 1
          },
          {
            "hash": "6bda0a422f739a5abf4e76065dac5490491d6142",
            "messageTitle": "Fixed test cases",
            "messageBody": "",
            "insertions": 46,
            "deletions": 30
          },
          {
            "hash": "a543c744233c6874e63ab553cba3858d96decaf7",
            "messageTitle": "Rename class ItemList to VisualizeList",
            "messageBody": "",
            "insertions": 4,
            "deletions": 4
          },
          {
            "hash": "72e2b1aeff23cf4e144b685d7d3744e0f15fc2a6",
            "messageTitle": "Rename class ItemList to VisualizeList",
            "messageBody": "",
            "insertions": 5,
            "deletions": 5
          },
          {
            "hash": "8d30650262c2358f7110a93648f79291c7f1120a",
            "messageTitle": "Store all items in item storage",
            "messageBody": "",
            "insertions": 56,
            "deletions": 4
          },
          {
            "hash": "73af800d09665386f6241d631eeebd912b767b04",
            "messageTitle": "Rename class ItemList to VisualizeList",
            "messageBody": "",
            "insertions": 14,
            "deletions": 16
          },
          {
            "hash": "40862474b2ccd71a5af95edb62cb3cfec272c68f",
            "messageTitle": "Make Visualize List extends from Modifiable Observable List",
            "messageBody": "",
            "insertions": 30,
            "deletions": 29
          },
          {
            "hash": "6f61bc573ae565105b464f69b33948b2dfafb5f7",
            "messageTitle": "Rename class ItemList to VisualizeList",
            "messageBody": "",
            "insertions": 10,
            "deletions": 10
          },
          {
            "hash": "5b7a47ce1fcc96d69353f17850c3ee92dcb8fd40",
            "messageTitle": "Convert from person to item",
            "messageBody": "",
            "insertions": 26,
            "deletions": 28
          },
          {
            "hash": "5763f498aae98204867ab3ae22963b4dab0b61e1",
            "messageTitle": "Return an item storage instead of the item list",
            "messageBody": "",
            "insertions": 7,
            "deletions": 6
          },
          {
            "hash": "0c13ebbbd3cc84b7119f3a819d69ea207ddfe4c6",
            "messageTitle": "Fix to display item after adding",
            "messageBody": "",
            "insertions": 3,
            "deletions": 0
          },
          {
            "hash": "0b130ed1e2cdb79b70306830a750aa0b99356e48",
            "messageTitle": "Change message description to fit use case",
            "messageBody": "",
            "insertions": 1,
            "deletions": 1
          },
          {
            "hash": "21d42093fa1b5c52f250a2e36d95d48558b145f3",
            "messageTitle": "Refactor find command to work for our case",
            "messageBody": "",
            "insertions": 10,
            "deletions": 11
          },
          {
            "hash": "d805411e25a23f6b18a9f173f68e6277dd275e48",
            "messageTitle": "Rename class to suit our use case",
            "messageBody": "",
            "insertions": 3,
            "deletions": 3
          },
          {
            "hash": "84fee44fcbc1d0b6677f59d794bf27a9c0329497",
            "messageTitle": "Enable find command to be recognized by the parser",
            "messageBody": "",
            "insertions": 8,
            "deletions": 12
          },
          {
            "hash": "0b280b758c66ba3bb592b9e4846cb600da9df79a",
            "messageTitle": "Change find to take in an array of search terms",
            "messageBody": "",
            "insertions": 43,
            "deletions": 17
          },
          {
            "hash": "b6f76d3940b8f3261ef0ec523a024920b2575fb6",
            "messageTitle": "Remove debugging line",
            "messageBody": "",
            "insertions": 0,
            "deletions": 1
          },
          {
            "hash": "cf6f316c1fbc5349d5949e34521077c11fd22dca",
            "messageTitle": "Add method to clear the storage",
            "messageBody": "",
            "insertions": 13,
            "deletions": 0
          },
          {
            "hash": "e71b4d0dca719cac7013620d820dae388bb4648e",
            "messageTitle": "Enable the clear command",
            "messageBody": "",
            "insertions": 5,
            "deletions": 5
          },
          {
            "hash": "f0e0c04b64b7e447972f076a7311fb9874bcb90c",
            "messageTitle": "Add a deep copy method",
            "messageBody": "",
            "insertions": 56,
            "deletions": 1
          },
          {
            "hash": "8a7d783babb0fc36c958f37264e5fca097537e52",
            "messageTitle": "Edit file to follow checkstyle",
            "messageBody": "",
            "insertions": 6,
            "deletions": 2
          }
        ]
      }
    ],
    "Icesiolz": [
      {
        "insertions": 4,
        "deletions": 4,
        "date": "2019-09-19",
        "commitResults": [
          {
            "hash": "bc6e074c9eb9fc8dc29d3b999639f983cbd618aa",
            "messageTitle": "Update UserGuide.adoc",
            "messageBody": "",
            "insertions": 3,
            "deletions": 3
          },
          {
            "hash": "6de457a7039b4457a98189b2be9b614beb604c39",
            "messageTitle": "Update UserGuide.adoc",
            "messageBody": "",
            "insertions": 1,
            "deletions": 1
          }
        ]
      },
      {
        "insertions": 4,
        "deletions": 5,
        "date": "2019-09-20",
        "commitResults": [
          {
            "hash": "bacdef85ed183e927c1ecc5e4bdbe101dad6697d",
            "messageTitle": "Update UserGuide.adoc",
            "messageBody": "",
            "insertions": 4,
            "deletions": 5
          }
        ]
      },
      {
        "insertions": 115,
        "deletions": 311,
        "date": "2019-10-03",
        "commitResults": [
          {
            "hash": "eba31a0236fe26b488e52d58da71dc98fa4d66a8",
            "messageTitle": "Changed MainWindow.fxml to split-screen view.",
            "messageBody": "",
            "insertions": 26,
            "deletions": 262
          },
          {
            "hash": "7f38d161313e0325f8c736657ead2b9fe1649cc4",
            "messageTitle": "MainWindow: Included tabs and removed unnecessary elements like menu.",
            "messageBody": "",
            "insertions": 89,
            "deletions": 49
          }
        ]
      },
      {
        "insertions": 25,
        "deletions": 13,
        "date": "2019-10-04",
        "commitResults": [
          {
            "hash": "05d9f0606c51b6b96aa7daff17ef290c730b68b3",
            "messageTitle": "Debugged to meet checkstyle.",
            "messageBody": "",
            "insertions": 3,
            "deletions": 3
          },
          {
            "hash": "3d1ad278cf2eb9e10ecbfb5fd13047c81ec25580",
            "messageTitle": "Debug checkstyle.",
            "messageBody": "",
            "insertions": 1,
            "deletions": 5
          },
          {
            "hash": "09c238760b5e60325615e09f50804c67c7f7ed99",
            "messageTitle": "Debug checkstyle.",
            "messageBody": "",
            "insertions": 0,
            "deletions": 1
          },
          {
            "hash": "0913b6a007ff665fc46a4a2509233c709f50e165",
            "messageTitle": "Update User Guide to include show command",
            "messageBody": "",
            "insertions": 21,
            "deletions": 3
          },
          {
            "hash": "7be276eb69a383aa9125078e0829ceca5a5dd6e3",
            "messageTitle": "Update UserGuide.adoc",
            "messageBody": "",
            "insertions": 0,
            "deletions": 1
          }
        ]
      },
      {
        "insertions": 203,
        "deletions": 84,
        "date": "2019-10-09",
        "commitResults": [
          {
            "hash": "46fddd9d020cd7fdddc80a020c41eca0fed8b459",
            "messageTitle": "Added ShowCommand to switch between tabs.",
            "messageBody": "",
            "insertions": 109,
            "deletions": 12
          },
          {
            "hash": "3af369738003f0e6f4926640a1c9679201fa6471",
            "messageTitle": "Debug Checkstyle",
            "messageBody": "",
            "insertions": 33,
            "deletions": 33
          },
          {
            "hash": "d9cb6709c163657ae96cf3e1a786e2496a9fb6f6",
            "messageTitle": "Debug Checkstyle",
            "messageBody": "",
            "insertions": 15,
            "deletions": 7
          },
          {
            "hash": "723dad30adf1fa87ce7c012b85e0320a04ea52d4",
            "messageTitle": "Debug Checkstyle",
            "messageBody": "",
            "insertions": 2,
            "deletions": 2
          },
          {
            "hash": "a3573f13f822141e6ab370bc0050ed261279d136",
            "messageTitle": "Debug Checkstyle",
            "messageBody": "",
            "insertions": 5,
            "deletions": 0
          },
          {
            "hash": "b8268623bb940034fe5027ffb893c024be601ece",
            "messageTitle": "Follow SLAP principle.",
            "messageBody": "",
            "insertions": 25,
            "deletions": 16
          },
          {
            "hash": "1dbee72a7a1c6fccfab4e24b25551d8d291f8d4a",
            "messageTitle": "Follow SLAP principle.",
            "messageBody": "",
            "insertions": 14,
            "deletions": 14
          }
        ]
      },
      {
        "insertions": 772,
        "deletions": 62,
        "date": "2019-10-13",
        "commitResults": [
          {
            "hash": "160bc46f688a1fec2790486ec1e4c9769f1e9bf3",
            "messageTitle": "Add dialogbox.",
            "messageBody": "",
            "insertions": 131,
            "deletions": 5
          },
          {
            "hash": "c3aa20f2f6a599dbf9c89fd7a5b80267ea41dd62",
            "messageTitle": "Add dialogbox.",
            "messageBody": "",
            "insertions": 3,
            "deletions": 3
          },
          {
            "hash": "2c3b6ca7e9221ec94cbbe2b7f72fd2fef21bc683",
            "messageTitle": "Add dialogbox.",
            "messageBody": "",
            "insertions": 0,
            "deletions": 2
          },
          {
            "hash": "1a2da18654cf1e908ff8e86143486fc170098e93",
            "messageTitle": "Add dialogbox.",
            "messageBody": "",
            "insertions": 6,
            "deletions": 2
          },
          {
            "hash": "3a4863244347c970bbaac2de1573163b2213d6f5",
            "messageTitle": "Add dialogbox.",
            "messageBody": "",
            "insertions": 4,
            "deletions": 2
          },
          {
            "hash": "2e3ec219147d287b4c38c12ffce22ea75129e2df",
            "messageTitle": "Add dialogbox.",
            "messageBody": "",
            "insertions": 2,
            "deletions": 4
          },
          {
            "hash": "bbe05c0b63f8f83a2ee8fec462451f06455915e4",
            "messageTitle": "Add dialogbox.",
            "messageBody": "",
            "insertions": 3,
            "deletions": 2
          },
          {
            "hash": "e9722bad3823413576532617f87b3e66807f54dc",
            "messageTitle": "Add dialogbox.",
            "messageBody": "",
            "insertions": 2,
            "deletions": 2
          },
          {
            "hash": "480039538afe779a65cc5ab106f3314860545c32",
            "messageTitle": "Change names for placeholders.",
            "messageBody": "",
            "insertions": 46,
            "deletions": 10
          },
          {
            "hash": "068f463046cd4a08ed32ca7401caea542a76c1eb",
            "messageTitle": "Change names for placeholders.",
            "messageBody": "",
            "insertions": 61,
            "deletions": 7
          },
          {
            "hash": "c7c7e642790b294936320a9f5b1d63a2e23c4c4b",
            "messageTitle": "Bind tasklist, eventlist views.",
            "messageBody": "",
            "insertions": 328,
            "deletions": 7
          },
          {
            "hash": "d52e6c152f5e9e48eec90b4a6f37c0434e9ffcb7",
            "messageTitle": "Bind all views",
            "messageBody": "",
            "insertions": 171,
            "deletions": 1
          },
          {
            "hash": "69655a379c805dd4c5b48dce7663b09981e839e7",
            "messageTitle": "Bind all views",
            "messageBody": "",
            "insertions": 8,
            "deletions": 8
          },
          {
            "hash": "fcf971215b68cef884ac0634734bd2f4e4b012e4",
            "messageTitle": "Bind all views",
            "messageBody": "",
            "insertions": 2,
            "deletions": 2
          },
          {
            "hash": "10c5bbae17cedf32d061ccbafc7e4c2fa76e2b24",
            "messageTitle": "Bind all views",
            "messageBody": "",
            "insertions": 5,
            "deletions": 5
          }
        ]
      }
    ]
  },
  "authorFinalContributionMap": {
    "blimyj": 637,
    "lrchema": 38,
    "mannggoo": 1296,
    "sianghwee": 1263,
    "Icesiolz": 923
  },
  "authorFileTypeContributionMap": {
    "blimyj": {
      "docs": 7,
      "tests": 0,
      "functional": 630
    },
    "lrchema": {
      "docs": 20,
      "tests": 0,
      "functional": 18
    },
    "mannggoo": {
      "docs": 80,
      "tests": 492,
      "functional": 724
    },
    "sianghwee": {
      "docs": 91,
      "tests": 47,
      "functional": 1124,
      "other": 1
    },
    "Icesiolz": {
      "docs": 29,
      "tests": 5,
      "functional": 889
    }
  },
  "authorContributionVariance": {
    "blimyj": 69190.266,
    "lrchema": 18.009,
    "mannggoo": 453039.53,
    "sianghwee": 103562.84,
    "Icesiolz": 23511.922
  },
  "authorDisplayNameMap": {
    "blimyj": "CS2103T-T10-3 BRYAN ... N JIE",
    "lrchema": "CS2103T-T10-3 CHAND ...  HEMA",
    "mannggoo": "CS2103T-T10-3 LIM Y ... U HUI",
    "sianghwee": "CS2103T-T10-3 NG SI ...  HWEE",
    "Icesiolz": "CS2103T-T10-3 LOW C ... NG YI"
  }
}
