{
  "authorDailyContributionsMap": {
    "teoha": [
      {
        "insertions": 6,
        "deletions": 6,
        "date": "2019-09-18",
        "commitResults": [
          {
            "hash": "f663eea4eb3628ddfed9cc8277ca1fa150b0494c",
            "messageTitle": "Update AboutUs.adoc",
            "messageBody": "",
            "insertions": 5,
            "deletions": 5
          },
          {
            "hash": "ee26e37f8955e88df891478de835b276ad6fbf0e",
            "messageTitle": "Update AboutUs.adoc",
            "messageBody": "",
            "insertions": 1,
            "deletions": 1
          }
        ]
      },
      {
        "insertions": 959,
        "deletions": 139,
        "date": "2019-09-29",
        "commitResults": [
          {
            "hash": "5cec46a41df9f5ea14e0a781e64e6d54f702a29d",
            "messageTitle": "Refactoring model",
            "messageBody": "",
            "insertions": 740,
            "deletions": 0
          },
          {
            "hash": "93d1047ec0014faf780419fc6757f8695304844f",
            "messageTitle": "Updated Model interface and PageStatus",
            "messageBody": "",
            "insertions": 99,
            "deletions": 126
          },
          {
            "hash": "71df0df03149a55f0439e1a9590037e62addb913",
            "messageTitle": "Updated ModelManager, AddressBook and TripList",
            "messageBody": "",
            "insertions": 120,
            "deletions": 13
          }
        ]
      },
      {
        "insertions": 647,
        "deletions": 336,
        "date": "2019-09-30",
        "commitResults": [
          {
            "hash": "5be82e55ba87ad71b2b57aaf899b872f2eab8a05",
            "messageTitle": "Renamed AddressBook to TravelPal, added accessors to TripList",
            "messageBody": "",
            "insertions": 309,
            "deletions": 253
          },
          {
            "hash": "a88a4a3abe8f215f3b29324883d373ef529316eb",
            "messageTitle": "Implemented Triplist, renamed UniqueEntityList abstract class to ConsecutiveOccurenceInterface for accuracy",
            "messageBody": "",
            "insertions": 75,
            "deletions": 49
          },
          {
            "hash": "e14b8b183ba66bf5a803c766689bdb04c70d4213",
            "messageTitle": "Implemented JsonAdaptedTrip and changed model to suit it",
            "messageBody": "",
            "insertions": 208,
            "deletions": 18
          },
          {
            "hash": "a33e9900c03ad389c7955ebc82da290816e6a320",
            "messageTitle": "Updated TravelPal to include TripList accessors",
            "messageBody": "",
            "insertions": 30,
            "deletions": 16
          },
          {
            "hash": "543dbf79e5bd38815d4128826b0e0b706b77a4cb",
            "messageTitle": "Updated JsonSerializableTravelPal to include trips",
            "messageBody": "",
            "insertions": 25,
            "deletions": 0
          }
        ]
      },
      {
        "insertions": 291,
        "deletions": 68,
        "date": "2019-10-02",
        "commitResults": [
          {
            "hash": "0c116fd7b22d581cd3b1314a3bad5061b490f6f8",
            "messageTitle": "Updated developer\u0027s guide",
            "messageBody": "",
            "insertions": 291,
            "deletions": 68
          }
        ]
      },
      {
        "insertions": 286,
        "deletions": 250,
        "date": "2019-10-03",
        "commitResults": [
          {
            "hash": "5840d3ada8a02681b70a3e6557aee93598368854",
            "messageTitle": "Changed table formatting and added appendix tags",
            "messageBody": "",
            "insertions": 217,
            "deletions": 163
          },
          {
            "hash": "231a2040d66bf5f581633e95e0eeefda7081c3e3",
            "messageTitle": "Changed html tags to headers",
            "messageBody": "",
            "insertions": 30,
            "deletions": 33
          },
          {
            "hash": "37c62b451c9bc00a2b33f5d8c84a8baa71f20deb",
            "messageTitle": "Added several functional requirements",
            "messageBody": "",
            "insertions": 7,
            "deletions": 2
          },
          {
            "hash": "3588d2fe3b83e877d5130e2e0875ebbbf3ddf287",
            "messageTitle": "Attempt to fix table",
            "messageBody": "",
            "insertions": 2,
            "deletions": 0
          },
          {
            "hash": "1f351d0cc370817e848682902b93d4b7e1c37b94",
            "messageTitle": "Fixed mistake in heading",
            "messageBody": "",
            "insertions": 1,
            "deletions": 1
          },
          {
            "hash": "5b96f5de7f455044450d2d22aa6213999db412f6",
            "messageTitle": "Attempt to fix table",
            "messageBody": "",
            "insertions": 25,
            "deletions": 25
          },
          {
            "hash": "f22073592a9c867cad3d8163197b271f6caddfa6",
            "messageTitle": "Temporary images for user stories",
            "messageBody": "",
            "insertions": 4,
            "deletions": 26
          }
        ]
      },
      {
        "insertions": 1002,
        "deletions": 118,
        "date": "2019-10-07",
        "commitResults": [
          {
            "hash": "f52c3267d3b59fbe768ff8d71638bcdf26bafc16",
            "messageTitle": "Added commits to older branches to new branch",
            "messageBody": "",
            "insertions": 1002,
            "deletions": 118
          }
        ]
      },
      {
        "insertions": 1096,
        "deletions": 401,
        "date": "2019-10-08",
        "commitResults": [
          {
            "hash": "7a6d43c2f6582d003a66209254512e8e48efde08",
            "messageTitle": "Added TypicalTrips, TravelPalTest. Updated CommandTestUtil",
            "messageBody": "",
            "insertions": 148,
            "deletions": 35
          },
          {
            "hash": "fe575b8f498c8df8ac939a655b292e97a754a363",
            "messageTitle": "Added tests for Description, Expenditure, Location, Name, TripList and Trip",
            "messageBody": "",
            "insertions": 364,
            "deletions": 0
          },
          {
            "hash": "77423f749d8a0e8c154806038aa5362e06dee045",
            "messageTitle": "Reverted changes to trip\u0027s totalBudget field",
            "messageBody": "",
            "insertions": 8,
            "deletions": 35
          },
          {
            "hash": "bd7348f0218842637dc1365af69aab9ec123bf3d",
            "messageTitle": "Reverted trip from having any optional fields. Completed model tests",
            "messageBody": "",
            "insertions": 217,
            "deletions": 22
          },
          {
            "hash": "1603e6100a69b8e9a907bdb109a1769c601a52e7",
            "messageTitle": "Fixed some minor syntax errors",
            "messageBody": "",
            "insertions": 1,
            "deletions": 4
          },
          {
            "hash": "7a933ab710b209c2c15258fce6d788ecbc8739f3",
            "messageTitle": "Refactored builders for Trips/Day/Events into testutil. Fixed some minor issues where some exceptions were not thrown",
            "messageBody": "",
            "insertions": 358,
            "deletions": 305
          }
        ]
      },
      {
        "insertions": 1351,
        "deletions": 83,
        "date": "2019-10-09",
        "commitResults": [
          {
            "hash": "e8274129dae66a273b832e1254d650ba92532d8f",
            "messageTitle": "Added most commands",
            "messageBody": "",
            "insertions": 1292,
            "deletions": 24
          },
          {
            "hash": "fbfca82f8dd455d41db706fa524cc1f652cc83fa",
            "messageTitle": "Fixed non ab3 command tests",
            "messageBody": "",
            "insertions": 11,
            "deletions": 7
          },
          {
            "hash": "5c5d6fd48e8c6c047707773b14ff0959f830a789",
            "messageTitle": "Fixed all non AB3 tests and disabled problematic AB3 tests",
            "messageBody": "",
            "insertions": 48,
            "deletions": 52
          }
        ]
      },
      {
        "insertions": 970,
        "deletions": 44,
        "date": "2019-10-10",
        "commitResults": [
          {
            "hash": "5c2aee435dd2f37fe1c6dcf3f75d8a76912e1771",
            "messageTitle": "Added all Parsers",
            "messageBody": "",
            "insertions": 970,
            "deletions": 44
          }
        ]
      },
      {
        "insertions": 1245,
        "deletions": 200,
        "date": "2019-10-11",
        "commitResults": [
          {
            "hash": "f09c853588a5738c29448754c3fc8beb1f279167",
            "messageTitle": "Working version of the Itinerary feature. Rerouted tripManager to OverallView for testing purposer until navbar is complete. TripManager -\u003e OverallView -\u003e EventsPage",
            "messageBody": "",
            "insertions": 660,
            "deletions": 77
          },
          {
            "hash": "019ad03cd99ac528d580296de3432ad67e3dbfaa",
            "messageTitle": "Added EventFilter for the EventsPage",
            "messageBody": "",
            "insertions": 12,
            "deletions": 22
          },
          {
            "hash": "baa9e0963783640d4714f56654ee1d225bb7a428",
            "messageTitle": "All pages implemented with skeleton UI",
            "messageBody": "",
            "insertions": 572,
            "deletions": 100
          },
          {
            "hash": "0aa87bd048a6650fe9de31850ad8207730c49341",
            "messageTitle": "Changed Layout of ItineraryPage",
            "messageBody": "",
            "insertions": 1,
            "deletions": 1
          }
        ]
      }
    ],
    "eizon05": [
      {
        "insertions": 97,
        "deletions": 103,
        "date": "2019-10-02",
        "commitResults": [
          {
            "hash": "2fde65eca816c3364023b1605243d6b6e8446a3e",
            "messageTitle": "Update ContactUs.adoc",
            "messageBody": "- added link for issue tracker\r\n- added team member\u0027s email address",
            "insertions": 9,
            "deletions": 2
          },
          {
            "hash": "30c5d33ab41eb33fd025500739d457c9a1d9f8cd",
            "messageTitle": "Update UserGuide.adoc",
            "messageBody": "",
            "insertions": 88,
            "deletions": 101
          }
        ]
      },
      {
        "insertions": 5,
        "deletions": 5,
        "date": "2019-10-09",
        "commitResults": [
          {
            "hash": "6fa9e4e185809677ab673f2315f0fadeb858cff5",
            "messageTitle": "Update AboutUs.adoc",
            "messageBody": "",
            "insertions": 1,
            "deletions": 1
          },
          {
            "hash": "fe3387f9d9bad2469f5c083dd5414f15824f8f04",
            "messageTitle": "Update AboutUs.adoc",
            "messageBody": "",
            "insertions": 1,
            "deletions": 1
          },
          {
            "hash": "22381d40492221ffc13370fee889ff4f553e4de9",
            "messageTitle": "Revert \"Update AboutUs.adoc\"",
            "messageBody": "This reverts commit fe3387f9d9bad2469f5c083dd5414f15824f8f04.\n",
            "insertions": 1,
            "deletions": 1
          },
          {
            "hash": "3252ac769b020a80529f6fc4ccf8a78f14905688",
            "messageTitle": "Revert \"Update AboutUs.adoc\"",
            "messageBody": "This reverts commit 6fa9e4e185809677ab673f2315f0fadeb858cff5.\n",
            "insertions": 1,
            "deletions": 1
          },
          {
            "hash": "74ed1dcea292eec710d5ddb5ba222d3fe4c10226",
            "messageTitle": "Update AboutUs.adoc",
            "messageBody": "",
            "insertions": 1,
            "deletions": 1
          }
        ]
      }
    ],
    "SakshiPradyumn": [],
    "arjunwangty": [
      {
        "insertions": 1076,
        "deletions": 679,
        "date": "2019-09-30",
        "commitResults": [
          {
            "hash": "7e4183adf0b41e7124d4faa933b51e85403224b2",
            "messageTitle": "update UI classes",
            "messageBody": "",
            "insertions": 491,
            "deletions": 94
          },
          {
            "hash": "97df8ea3937d1590c0c1399f9d341e7e841b8ea4",
            "messageTitle": "Revert \"update UI classes\"",
            "messageBody": "This reverts commit 7e4183adf0b41e7124d4faa933b51e85403224b2.\n",
            "insertions": 94,
            "deletions": 491
          },
          {
            "hash": "4afdcb3cbea6fdd1f44739282f401404dad562b4",
            "messageTitle": "update UI classes",
            "messageBody": "",
            "insertions": 491,
            "deletions": 94
          }
        ]
      },
      {
        "insertions": 20,
        "deletions": 21,
        "date": "2019-10-02",
        "commitResults": [
          {
            "hash": "036238668af5318f0ce4d9081efaca794ece6cef",
            "messageTitle": "update About Us page",
            "messageBody": "",
            "insertions": 18,
            "deletions": 19
          },
          {
            "hash": "a435bba6fdabe68773275ee8c60f73452b87ab4c",
            "messageTitle": "fix About Us page",
            "messageBody": "",
            "insertions": 2,
            "deletions": 2
          }
        ]
      }
    ],
    "ang-zeyu": [
      {
        "insertions": 466,
        "deletions": 144,
        "date": "2019-09-29",
        "commitResults": [
          {
            "hash": "1f0653b0cf3ee89d25a44622dc3c6e67dc24d1a7",
            "messageTitle": "Added : - Skeleton classes for commands and parser refactor",
            "messageBody": "Changed:\n- Moved help command into common commands\n- Removed wrapper methods in logic in preparation for ui refactor to use direct model calls\n",
            "insertions": 455,
            "deletions": 135
          },
          {
            "hash": "a0e428f1bd8343c85c2f0fbc73ea088c7cdf42d1",
            "messageTitle": "Changes: - Removed codacy badge - Modified appveyor badge, set up appveyor - Modified coveralls badge link, set up coveralls - Removed gitter badge - Updated README.adoc",
            "messageBody": "",
            "insertions": 11,
            "deletions": 9
          }
        ]
      },
      {
        "insertions": 1216,
        "deletions": 283,
        "date": "2019-09-30",
        "commitResults": [
          {
            "hash": "4cb338f41d6f74e7c40b53b7a3bab1fcc8b89818",
            "messageTitle": "Added: - Immutable constructors from existing pageStatus object for PageStatus",
            "messageBody": "",
            "insertions": 14,
            "deletions": 1
          },
          {
            "hash": "94c6aca5df8246205e9816d56b532f84bfb6a89e",
            "messageTitle": "Added : - initial implementation of parsers and commands for trip manager",
            "messageBody": "Changed :\n- Added placeholder tripId implementation\n- Changed PageStatus to rely on trip instead of tripId\n- Removed stage dependency for ui navigation api\n",
            "insertions": 527,
            "deletions": 118
          },
          {
            "hash": "13fc983013a443f2620667f6d45121126d9f235b",
            "messageTitle": "Added : - edit / create trip page parser, logic, model (pageStatus) implementation - added ParserUtilDate abstract utility class - added TripParserUtil abstract utility class",
            "messageBody": "Changes :\n- Add editTripDescriptor to pageStatus\n- Add clashing check to add() (TripList)\n- Refactor dates to use newer JodaTime classes (Trip, EditTripDescriptor, JsonAdaptedTrip)\n\nFixes :\n- parameter and method name for withNewDay\n- changed ParserUtil to abstract to enforce no instances\n- some naming fixes\n- TripList set clashing logic\n- ClashingException and tripNotFoundException inheriting from RuntimeException instead of Exception, add appropriate exception signatures to methods\n",
            "insertions": 655,
            "deletions": 146
          },
          {
            "hash": "e4a78f6cc72e453eff526cc02871922d2ac4a0cc",
            "messageTitle": "Changes : - More LocalDateTime refactor for JsonAdaptedTrip - Removed Date itinerary class - Improved some error messages",
            "messageBody": "",
            "insertions": 20,
            "deletions": 18
          }
        ]
      },
      {
        "insertions": 904,
        "deletions": 302,
        "date": "2019-10-01",
        "commitResults": [
          {
            "hash": "7f86d4e450105829d5d36fab97be93a700e481c9",
            "messageTitle": "Changes : - dummy day contains clashing implementation - Begin UI integration and additional refactor - Package ui pages appropriately",
            "messageBody": "Fixes :\n- Unchecked generic cast in equals (ConsecutiveOccurenceList)\n- Missing pageStatus initialization in ModelManager constructor\n- Move pageStatus accessors to ModelManager and add missing implementation\n- Promote command string to upper case before passing as command string to page parsers\n",
            "insertions": 287,
            "deletions": 97
          },
          {
            "hash": "69f2ff1c100e9969e1f78cb87c4695768296f388",
            "messageTitle": "Changed : - addressbook storage file name references (.json, .log, ...) to travelpal - addressbook storage accessors names to travelpal - build.gradle changes",
            "messageBody": "Fixes :\n- result display inheritance from MainWindow\n",
            "insertions": 28,
            "deletions": 31
          },
          {
            "hash": "96272047957cc0cc2ea3d81fd4002fd793ce3e63",
            "messageTitle": "Added : - FormItem javaFX abstractions and fxmls - Implement editTripPage (Ui)",
            "messageBody": "Changes :\n\nFixes :\n- Removed JsonAdaptedPerson references from JsonAdaptedTrip\n- Removed Person references from TravelPal\n- Update build.gradle javafx dependencies to 11.0.2\n- Some style fixes\n- Some naming changes to be more semantic\n- editTripFieldParser incorrectly returning doneTripFieldCommand\n- getDateFromString incorrectly using LocalDateTime instead of LocalDate to parse\n",
            "insertions": 377,
            "deletions": 131
          },
          {
            "hash": "2b8c1e50f983403ca55f55e992c4ac9ad797b945",
            "messageTitle": "Changed: - tripPane to tripCard, added full trip model display - theme and style changes, remove darkTheme.css",
            "messageBody": "Fixes :\n- missing null check when attempting to commit uncompleted trip form\n- logger in MainWindow access level\n",
            "insertions": 212,
            "deletions": 43
          }
        ]
      },
      {
        "insertions": 650,
        "deletions": 376,
        "date": "2019-10-02",
        "commitResults": [
          {
            "hash": "7f0a3f43c83ba71add4faf161d91dd1b798e5d60",
            "messageTitle": "Changes : - Add EnterEditTripCommand implementation - Removed menuBar - reversed style changes - Refactor view directory structure - Move common components to mainWindow - Workaround for erroneous node placement after page switch, using PauseTransition",
            "messageBody": "",
            "insertions": 489,
            "deletions": 199
          },
          {
            "hash": "a7b5c2b955a8d0f12243ca9715da64e275872ca2",
            "messageTitle": "Changes : - Move page switching logic to commandResult - Remove ui dependency in command execute - Remove switchWindow api from Ui, UiManager - Add @Disabled to UniquePersonListTest, AddCommandTest, TravelPalParserTest (formerly AddressBookParserTest) - Some modifications to test as per refactors (UniquePersonListTest, TravelPalTest) - disabled CI tests for now",
            "messageBody": "",
            "insertions": 161,
            "deletions": 177
          }
        ]
      },
      {
        "insertions": 8,
        "deletions": 4,
        "date": "2019-10-03",
        "commitResults": [
          {
            "hash": "72b8aa368ef02bc81d8d30ab311d884531c29a8b",
            "messageTitle": "Fix minor deviation as noted by bot for week 7 AboutUs task - change AboutUs image names to github usernames",
            "messageBody": "",
            "insertions": 4,
            "deletions": 4
          },
          {
            "hash": "ac4f7d85234ca2162a13202e3fb5b0dadd47fa36",
            "messageTitle": "add error messages to deploy_github_pages",
            "messageBody": "",
            "insertions": 4,
            "deletions": 0
          }
        ]
      },
      {
        "insertions": 1352,
        "deletions": 770,
        "date": "2019-10-05",
        "commitResults": [
          {
            "hash": "9d2896695ea093dd5fdc557148fa96f545d6e095",
            "messageTitle": "Initial ui refactor revision, due to javaFx not playing nice with entire stage switch",
            "messageBody": "Changes :\n- MainWindow now complies more with being a main window abstraction, instead of being the base class from which other page types extend.\n- Add contentPlaceholder StackPane to display the Page node\n- Add switchHandler to mainWindow to handle page transitions and set commandUpdater callback\n- Add Page abstract class UiPart, from which all pages will extend\n",
            "insertions": 186,
            "deletions": 227
          },
          {
            "hash": "4624d86d77acbf8d2b60832006ea575514e749ea",
            "messageTitle": "Changes : - change helpWindow help text link - Refactor switchWindow (MainWindow) to use PageType enum instead of Class. - Change commandResult to use boolean flag to indicate page switch - Change switchWindow to retrieve current PageType from model. - Refactor non-cli command execution to executeGuiCommand, removing redundant error handling. - Cleanup views folder, remove unused tripPane.fxml, tripManager.fxml - Remove unused classes - TripPane, WindowNavigation, WindowWithoutSideBar",
            "messageBody": "",
            "insertions": 279,
            "deletions": 480
          },
          {
            "hash": "d35b02f2d5d57ac92066a40147bf099ef76247f9",
            "messageTitle": "Changes : - Start work on PreferencesPage ui - Create ToggleFormItem ui and class",
            "messageBody": "",
            "insertions": 115,
            "deletions": 5
          },
          {
            "hash": "9f3694207c2393e840f991c9b31e8402d96b075d",
            "messageTitle": "Changes : - Implement commonParser for prefs - Implement preferences parsers, commands - Implement editPrefsDescriptor in pageStatus - Refactor editTripDescriptor to use optionals - Add isAny/AllPresent method to collection utils - Fix some javadoc descriptions - Change guiSettings toString to display in one line",
            "messageBody": "Fixes:\n- Reset trip to null after execution of done command in pageStatus\n- Fix some incorrect messages for commands\n",
            "insertions": 772,
            "deletions": 58
          }
        ]
      },
      {
        "insertions": 435,
        "deletions": 303,
        "date": "2019-10-06",
        "commitResults": [
          {
            "hash": "5ff7f1be480318f0593def35900b098dcd033474",
            "messageTitle": "Changes : - Add windowX/YPos to prefsPage - Add a custom boolean parser, ParserUtil.parseBool - Add lockGuiSettings toggle to prefsPage, userPrefs - Add window resize / move listener to enforce lockGuiSettings - Add temporary preferences button - Actually refactor EditTripDescriptor to use optionals",
            "messageBody": "",
            "insertions": 357,
            "deletions": 218
          },
          {
            "hash": "2e2153d9391d29586a2dc32f6ee2511ae7bdce84",
            "messageTitle": "Fxml changes to make form and tripCard styles prettier - change FormItems to use AnchorPane - miscellaneous tweaks",
            "messageBody": "Fixes:\n- Resized gui settings not saving when gui settings is not locked\n",
            "insertions": 56,
            "deletions": 83
          },
          {
            "hash": "f1f9605a488851600b783f1ad0bec70c1029606b",
            "messageTitle": "Changes : - enable assertions for run and test Page switch transition adjustments - Increase transition duration - Add opacity fade - Add old node deletion on transition finish",
            "messageBody": "",
            "insertions": 22,
            "deletions": 2
          }
        ]
      },
      {
        "insertions": 74,
        "deletions": 52,
        "date": "2019-10-07",
        "commitResults": [
          {
            "hash": "11787d625b7f1b2c146401a36e139ee66a501b7e",
            "messageTitle": "Changes : - Changed ExpenditureFormItem to DoubleFormItem - Changed DoubleFormItem to use spinner instead of textField",
            "messageBody": "",
            "insertions": 74,
            "deletions": 52
          }
        ]
      },
      {
        "insertions": 10,
        "deletions": 10,
        "date": "2019-10-09",
        "commitResults": [
          {
            "hash": "87c2bf815eae5c520ea4806e41b66dfa03fac081",
            "messageTitle": "Fix some more references to AB3 where possible",
            "messageBody": "",
            "insertions": 10,
            "deletions": 10
          }
        ]
      },
      {
        "insertions": 1665,
        "deletions": 1232,
        "date": "2019-10-12",
        "commitResults": [
          {
            "hash": "c33009098afcd1f8a736ab9ff49bdd32917f6715",
            "messageTitle": "Add javadocs and fix styles",
            "messageBody": "",
            "insertions": 1373,
            "deletions": 970
          },
          {
            "hash": "cf07b87337d57aa997246e83a3680ace3287cfd3",
            "messageTitle": "Fix checkstyleTest style violations Remove empty catch blocks in tests, replaced with assertDoesNotThrow Fix TaskList unit tests incorrectly depending on race conditions Fix TripList set incorrect removal position",
            "messageBody": "All CI tests are re-enabled\n",
            "insertions": 292,
            "deletions": 262
          }
        ]
      },
      {
        "insertions": 26,
        "deletions": 73,
        "date": "2019-10-13",
        "commitResults": [
          {
            "hash": "1608fc27228d6fff9a08cdc06a9c706568ed3ba7",
            "messageTitle": "Additions : - Add empty handleSwitchPage handlers for all handlers in SidebarLeft/Right.fxml",
            "messageBody": "Fixes :\n- sideBarLeft/Right access levels in PageWithSidebar\n- moved all sideBarLeft/Right instantiation to PageWithSidebar\n- Remove unused handleSwitchPage handlers in PageWithSidebar\n",
            "insertions": 26,
            "deletions": 73
          }
        ]
      }
    ]
  },
  "authorFinalContributionMap": {
    "teoha": 5795,
    "eizon05": 97,
    "SakshiPradyumn": 0,
    "arjunwangty": 131,
    "ang-zeyu": 4687
  },
  "authorFileTypeContributionMap": {
    "teoha": {
      "docs": 300,
      "tests": 925,
      "functional": 4570
    },
    "eizon05": {
      "docs": 97,
      "tests": 0,
      "functional": 0
    },
    "SakshiPradyumn": {
      "docs": 0,
      "tests": 0,
      "functional": 0
    },
    "arjunwangty": {
      "docs": 13,
      "tests": 0,
      "functional": 118
    },
    "ang-zeyu": {
      "docs": 25,
      "tests": 281,
      "functional": 4368,
      "other": 13
    }
  },
  "authorContributionVariance": {
    "teoha": 233742.12,
    "eizon05": 1024.7227,
    "SakshiPradyumn": 0.0,
    "arjunwangty": 78863.695,
    "ang-zeyu": 415021.88
  },
  "authorDisplayNameMap": {
    "teoha": "CS2103T-T11-4 DERRI ...  YING",
    "eizon05": "CS2103T-T11-4 KARAN ... SAPRA",
    "SakshiPradyumn": "CS2103T-T11-4 SAKSH ... DYUMN",
    "arjunwangty": "CS2103T-T11-4 WANG  ... IANYI",
    "ang-zeyu": "CS2103T-T11-4 ANG Z ... ZE YU"
  }
}
