{
  "authorDailyContributionsMap": {
    "SakuraBlossom": [
      {
        "insertions": 4,
        "deletions": 5,
        "date": "2019-09-16",
        "commitResults": [
          {
            "hash": "0a600c3bdce532d1b097a02eb49969ed19d885f6",
            "messageTitle": "Update README.adoc",
            "messageBody": "Updated Travis",
            "insertions": 1,
            "deletions": 1
          },
          {
            "hash": "485605bf5c2ad40464523a5b17850b507d47fb93",
            "messageTitle": "Update README.adoc",
            "messageBody": "Updated Travis for ADoc",
            "insertions": 1,
            "deletions": 1
          },
          {
            "hash": "d6661acfc2fbef4911ca04f39c9609e6bc13f0b7",
            "messageTitle": "Updates Coveralls for ReadMe file",
            "messageBody": "",
            "insertions": 1,
            "deletions": 1
          },
          {
            "hash": "1ea5324d347d072c813dd415c27986d5ed2d278a",
            "messageTitle": "Updates Codacy badge for ReadMe file",
            "messageBody": "",
            "insertions": 1,
            "deletions": 2
          }
        ]
      }
    ],
    "wongsm7": [
      {
        "insertions": 71,
        "deletions": 73,
        "date": "2019-09-27",
        "commitResults": [
          {
            "hash": "f55b8f5254381378acdb08ed3b91f719448011ae",
            "messageTitle": "Edit user guide",
            "messageBody": "",
            "insertions": 2,
            "deletions": 2
          },
          {
            "hash": "4828b5ba61111b57b0dbf186aeb9e0c852ddc9b6",
            "messageTitle": "Edit user guide",
            "messageBody": "",
            "insertions": 16,
            "deletions": 27
          },
          {
            "hash": "86837296a778ee5ece9b1670a3bbaf8f6c68f560",
            "messageTitle": "Edit user guide",
            "messageBody": "",
            "insertions": 53,
            "deletions": 44
          }
        ]
      },
      {
        "insertions": 25,
        "deletions": 15,
        "date": "2019-09-28",
        "commitResults": [
          {
            "hash": "b14b24929ced216280921df2b2976e1c1e032de4",
            "messageTitle": "Edit readme doc",
            "messageBody": "",
            "insertions": 21,
            "deletions": 11
          },
          {
            "hash": "1393d7d939226c652547dfbacf18f6a596cccc7e",
            "messageTitle": "Edit readme doc",
            "messageBody": "",
            "insertions": 4,
            "deletions": 4
          }
        ]
      },
      {
        "insertions": 172,
        "deletions": 67,
        "date": "2019-09-30",
        "commitResults": [
          {
            "hash": "2f34b8f7fac8e041cb5700f51236d76d574bdfdb",
            "messageTitle": "Edit readme doc",
            "messageBody": "",
            "insertions": 7,
            "deletions": 7
          },
          {
            "hash": "e335ab6f3f23246fdfd36e6f1f5b24af351a9cec",
            "messageTitle": "Update developer guide",
            "messageBody": "",
            "insertions": 116,
            "deletions": 18
          },
          {
            "hash": "b64da1e9923b0822e15d8dcb93271e51f94fae56",
            "messageTitle": "Update developer guide",
            "messageBody": "",
            "insertions": 4,
            "deletions": 1
          },
          {
            "hash": "a38f0f32eae29a584bfe01732925c8d6f6a13028",
            "messageTitle": "Update readme doc",
            "messageBody": "",
            "insertions": 1,
            "deletions": 1
          },
          {
            "hash": "a2848a9eef59e6d27d04daff4a61c6cf79dab1bd",
            "messageTitle": "Edit developer guide",
            "messageBody": "",
            "insertions": 44,
            "deletions": 40
          }
        ]
      },
      {
        "insertions": 1841,
        "deletions": 45,
        "date": "2019-10-08",
        "commitResults": [
          {
            "hash": "e8595a9ebb8aaaecd1343447d657f3724724c4d1",
            "messageTitle": "Added queue model, enqueue and dequeue commands",
            "messageBody": "",
            "insertions": 1812,
            "deletions": 42
          },
          {
            "hash": "7849dd7412d0a247a4ae28b1176bf08934ab1d63",
            "messageTitle": "Integrate queue logic into UI",
            "messageBody": "",
            "insertions": 29,
            "deletions": 3
          }
        ]
      },
      {
        "insertions": 834,
        "deletions": 965,
        "date": "2019-10-09",
        "commitResults": [
          {
            "hash": "b9c925c241fd5584e2d09ce6197f1c7a3d50aec2",
            "messageTitle": "Changes arguments for enqueue command",
            "messageBody": "",
            "insertions": 309,
            "deletions": 176
          },
          {
            "hash": "5a14096749a0bb75c6c907fda433402410037eb8",
            "messageTitle": "Update test",
            "messageBody": "",
            "insertions": 380,
            "deletions": 425
          },
          {
            "hash": "c4207834565e6064e45f4be9050ce9897a0f9ded",
            "messageTitle": "Add newline at EOF",
            "messageBody": "",
            "insertions": 2,
            "deletions": 5
          },
          {
            "hash": "ef85390d1885894961365507950a9a6e6468765b",
            "messageTitle": "Fixes style checks",
            "messageBody": "",
            "insertions": 89,
            "deletions": 61
          },
          {
            "hash": "bba9b45ac8b57241223c24132585599461398389",
            "messageTitle": "Add function for serve",
            "messageBody": "",
            "insertions": 3,
            "deletions": 0
          },
          {
            "hash": "b6583559e5b14910bcf4a60809b6200ded70cf88",
            "messageTitle": "Change test cases",
            "messageBody": "",
            "insertions": 16,
            "deletions": 250
          },
          {
            "hash": "29a1f82c31d95940c5aa2bb1be40f03ef80f599b",
            "messageTitle": "Remove unused imports",
            "messageBody": "",
            "insertions": 0,
            "deletions": 6
          },
          {
            "hash": "2c250f6660658535ff15a42f770debc3eff4269a",
            "messageTitle": "Fix style checks",
            "messageBody": "",
            "insertions": 0,
            "deletions": 6
          },
          {
            "hash": "5435ac9563650839b6dafbf4601b2f52f0c9ef47",
            "messageTitle": "Edit method names",
            "messageBody": "",
            "insertions": 33,
            "deletions": 34
          },
          {
            "hash": "01b1b070d22e5298ee47bb2f42b9eeb73b4e2b4f",
            "messageTitle": "Edit code in test",
            "messageBody": "",
            "insertions": 2,
            "deletions": 2
          }
        ]
      }
    ],
    "CarbonGrid": [
      {
        "insertions": 116,
        "deletions": 0,
        "date": "2019-09-19",
        "commitResults": [
          {
            "hash": "8cbab16a14a36c2c5c2b23da3b1925eabb3f9600",
            "messageTitle": "Adds AutoCompleter for query",
            "messageBody": "",
            "insertions": 116,
            "deletions": 0
          }
        ]
      },
      {
        "insertions": 24,
        "deletions": 33,
        "date": "2019-09-23",
        "commitResults": [
          {
            "hash": "01cdacd9b78bf41ea1233a80c63613aad2fecfdf",
            "messageTitle": "Update AboutUs",
            "messageBody": "",
            "insertions": 24,
            "deletions": 33
          }
        ]
      },
      {
        "insertions": 576,
        "deletions": 365,
        "date": "2019-09-28",
        "commitResults": [
          {
            "hash": "99720bdd68a5e6c51a1593be780e78b7878dedca",
            "messageTitle": "Adds Design \u0026 Link for AutoCompleteOverlay",
            "messageBody": "",
            "insertions": 576,
            "deletions": 353
          },
          {
            "hash": "3af90fc7e73ddc0a85a20d5a0f4df4ef6e329cea",
            "messageTitle": "Improves Code Quality",
            "messageBody": "",
            "insertions": 0,
            "deletions": 12
          }
        ]
      },
      {
        "insertions": 1,
        "deletions": 1,
        "date": "2019-09-30",
        "commitResults": [
          {
            "hash": "6df863a8de61eb21fdcbb7ca97d799dcabadbc9f",
            "messageTitle": "Fixes LoadException caused by removing unused fxml methods.",
            "messageBody": "",
            "insertions": 1,
            "deletions": 1
          }
        ]
      },
      {
        "insertions": 13,
        "deletions": 10,
        "date": "2019-10-07",
        "commitResults": [
          {
            "hash": "5c7ac58cd07e84c84835181401b6cd1cd9f3c74f",
            "messageTitle": "Re-run checks.",
            "messageBody": "",
            "insertions": 4,
            "deletions": 0
          },
          {
            "hash": "aa3f538cd79cfc686fde224cfd72c503c9eeb037",
            "messageTitle": "Updates AboutUs.",
            "messageBody": "",
            "insertions": 4,
            "deletions": 2
          },
          {
            "hash": "58a3378ddcb90e3deaa2a716608c9d93670ab02d",
            "messageTitle": "Updates AboutUs.",
            "messageBody": "",
            "insertions": 2,
            "deletions": 2
          },
          {
            "hash": "a203bad37dbeb28890ffc71810c390fba6d46a08",
            "messageTitle": "Removes AutoCompleter duplicate in UI when AutoCompleter is in Logic.",
            "messageBody": "",
            "insertions": 3,
            "deletions": 6
          }
        ]
      },
      {
        "insertions": 33,
        "deletions": 10,
        "date": "2019-10-08",
        "commitResults": [
          {
            "hash": "356019ebe6275a48a5be162c0f95b5a7448ae249",
            "messageTitle": "Updates AboutUs.",
            "messageBody": "",
            "insertions": 33,
            "deletions": 10
          }
        ]
      },
      {
        "insertions": 473,
        "deletions": 428,
        "date": "2019-10-09",
        "commitResults": [
          {
            "hash": "8507d4befc9768b6bad9d52fe90e19941c4b05d8",
            "messageTitle": "Implements Autofill \u0026 traversing of AutoCompleter and CommandBox.",
            "messageBody": "",
            "insertions": 457,
            "deletions": 316
          },
          {
            "hash": "b1bff1b084b0a0541dbb2c2c3212d38562097c35",
            "messageTitle": "Improved Behaviour of AutoCompleter and ENTER key. And removed 2 files that intended for removal.",
            "messageBody": "",
            "insertions": 4,
            "deletions": 107
          },
          {
            "hash": "38dc32ce04f9520f47f8bf49da6dc4740f1067f4",
            "messageTitle": "Fixed discovered bugs: ~ AutoCompleteOverlay list was not cleared correctly on empty prefix. ~ AutoCompleteOverlay had a tiny grey frame even when set to 0 height. Enhancement: ResultDialog enhanced with monospaced font.",
            "messageBody": "",
            "insertions": 6,
            "deletions": 2
          },
          {
            "hash": "a2ea92e68d6c070c1da090340d163f7844fa9205",
            "messageTitle": "Removed unused import.",
            "messageBody": "",
            "insertions": 0,
            "deletions": 1
          },
          {
            "hash": "b49229f539fedb1270ea79384af6a3c401148ecf",
            "messageTitle": "Hides the overlay completely when it is empty.",
            "messageBody": "",
            "insertions": 6,
            "deletions": 2
          }
        ]
      }
    ],
    "woon17": [
      {
        "insertions": 327,
        "deletions": 33,
        "date": "2019-09-24",
        "commitResults": [
          {
            "hash": "760309417f714154079668b285f60c4b2d398be3",
            "messageTitle": "add enum Status",
            "messageBody": "",
            "insertions": 16,
            "deletions": 2
          },
          {
            "hash": "391882fb47d78653e678da43381f7599fe73ff8e",
            "messageTitle": "add working for app",
            "messageBody": "",
            "insertions": 311,
            "deletions": 31
          }
        ]
      },
      {
        "insertions": 217,
        "deletions": 175,
        "date": "2019-09-27",
        "commitResults": [
          {
            "hash": "370d9c571e8a474f6d4f006273c0acdb3b731867",
            "messageTitle": "work with redo and undo",
            "messageBody": "",
            "insertions": 168,
            "deletions": 169
          },
          {
            "hash": "004c90209f2fc38d783afa6b7b6a8020d527084f",
            "messageTitle": "edit doc",
            "messageBody": "",
            "insertions": 49,
            "deletions": 6
          }
        ]
      },
      {
        "insertions": 36,
        "deletions": 60,
        "date": "2019-09-28",
        "commitResults": [
          {
            "hash": "25cfd7a742cded375e93eba2a05b08d031a5eb6c",
            "messageTitle": "edit from doc",
            "messageBody": "",
            "insertions": 29,
            "deletions": 51
          },
          {
            "hash": "f40032fc960fe37898368af609fba0d12cd5d656",
            "messageTitle": "edit UG",
            "messageBody": "",
            "insertions": 7,
            "deletions": 9
          }
        ]
      },
      {
        "insertions": 241,
        "deletions": 162,
        "date": "2019-09-29",
        "commitResults": [
          {
            "hash": "5f9d49cb1e77554b0dca313ce75a3fe578d2c96c",
            "messageTitle": "edit addAppt command",
            "messageBody": "",
            "insertions": 227,
            "deletions": 153
          },
          {
            "hash": "12ca362296107f29c1039639c957c123bd7b5f46",
            "messageTitle": "edit TIming.java",
            "messageBody": "",
            "insertions": 14,
            "deletions": 9
          }
        ]
      },
      {
        "insertions": 502,
        "deletions": 254,
        "date": "2019-09-30",
        "commitResults": [
          {
            "hash": "ae4a19c530fe6608f36562c4c4a7b0e7341cf63e",
            "messageTitle": "before correct Timing.java",
            "messageBody": "",
            "insertions": 232,
            "deletions": 55
          },
          {
            "hash": "0dba725b881b69e99e341baafee29193989df6be",
            "messageTitle": "edit UG",
            "messageBody": "",
            "insertions": 10,
            "deletions": 10
          },
          {
            "hash": "bbc6ec339a053df8e02979a1c1997ed7a434cb4e",
            "messageTitle": "edit ContactUs",
            "messageBody": "",
            "insertions": 3,
            "deletions": 3
          },
          {
            "hash": "31c49b6d118b0f69561082ebb8f475daa29f5e77",
            "messageTitle": "update UG",
            "messageBody": "",
            "insertions": 25,
            "deletions": 2
          },
          {
            "hash": "6b67601355ab58a0aaed8ba37646c35bc08baece",
            "messageTitle": "edit UG: using \u003cENTRY_ID\u003e",
            "messageBody": "",
            "insertions": 43,
            "deletions": 34
          },
          {
            "hash": "7045b13634aa5d8bfa07fca7c908021f563cc397",
            "messageTitle": "remove extra space",
            "messageBody": "",
            "insertions": 2,
            "deletions": 2
          },
          {
            "hash": "93a125ed14a68066d087a196fcd9fba615c94270",
            "messageTitle": "add newLine",
            "messageBody": "",
            "insertions": 1,
            "deletions": 1
          },
          {
            "hash": "a2a2fa7aca16a3c56e2207ac54bea1999dd76003",
            "messageTitle": "change team name",
            "messageBody": "",
            "insertions": 4,
            "deletions": 4
          },
          {
            "hash": "8697c0b6e64b3601ee97db3b166f106fb16a9931",
            "messageTitle": "remove extra space",
            "messageBody": "",
            "insertions": 2,
            "deletions": 2
          },
          {
            "hash": "08171b4f605bb622720fff4f6eca5a26786483eb",
            "messageTitle": "edit timing class",
            "messageBody": "",
            "insertions": 1,
            "deletions": 0
          },
          {
            "hash": "1e01b89aba0e1d38d5b2a0ee594deff2c0e8f6df",
            "messageTitle": "work done for addappt",
            "messageBody": "",
            "insertions": 133,
            "deletions": 136
          },
          {
            "hash": "a4cf1dba79f0d6b88db551e282c7f0b8226289e8",
            "messageTitle": "make sure the appointment time is after current dateTime",
            "messageBody": "",
            "insertions": 46,
            "deletions": 5
          }
        ]
      },
      {
        "insertions": 258,
        "deletions": 6,
        "date": "2019-10-01",
        "commitResults": [
          {
            "hash": "de8b47e55039dfb9debcd777e64fa6465fa59e05",
            "messageTitle": "edit related fxml file for appointment",
            "messageBody": "waiting to settle duplicate appointment in list",
            "insertions": 258,
            "deletions": 6
          }
        ]
      },
      {
        "insertions": 105,
        "deletions": 124,
        "date": "2019-10-07",
        "commitResults": [
          {
            "hash": "e57347cdd77941baf0546ae0537fe82a1ce55c86",
            "messageTitle": "add storage for appointments",
            "messageBody": "",
            "insertions": 17,
            "deletions": 23
          },
          {
            "hash": "19959b36f7a680c1a459333480ab2dc8ff627d52",
            "messageTitle": "add for addapp command",
            "messageBody": "",
            "insertions": 88,
            "deletions": 101
          }
        ]
      },
      {
        "insertions": 1714,
        "deletions": 1430,
        "date": "2019-10-09",
        "commitResults": [
          {
            "hash": "d4443c4719b05a77684a5308f4db259266c68d28",
            "messageTitle": "work in ackappt but still need to make sure call appointments first",
            "messageBody": "",
            "insertions": 345,
            "deletions": 150
          },
          {
            "hash": "a041a0b77fc53061c42cac5c288504a01877ac3e",
            "messageTitle": "add change enum to be status class",
            "messageBody": "",
            "insertions": 93,
            "deletions": 98
          },
          {
            "hash": "593b1ea48e54d1161705ded3662b825a3d543ba9",
            "messageTitle": "need to fix not_full_referenceId for ackappt",
            "messageBody": "",
            "insertions": 137,
            "deletions": 92
          },
          {
            "hash": "0bd27c7b7710758ca51eee14fe3be1ad5ce99dd2",
            "messageTitle": "use enum for event.Status",
            "messageBody": "",
            "insertions": 70,
            "deletions": 50
          },
          {
            "hash": "f3c8425379404653570c0614f2fac46ce5200a45",
            "messageTitle": "make status be final",
            "messageBody": "",
            "insertions": 156,
            "deletions": 74
          },
          {
            "hash": "c914d7a608e83f13fe4035e44915eb6a4059c476",
            "messageTitle": "perfect first 3 commands",
            "messageBody": "",
            "insertions": 3,
            "deletions": 2
          },
          {
            "hash": "92ad9198a9d32326cf96793ef792950adc0656cf",
            "messageTitle": "delete clearComamandTest",
            "messageBody": "",
            "insertions": 0,
            "deletions": 33
          },
          {
            "hash": "08a892b15905d8d888f4166288d927c2ffa77e08",
            "messageTitle": "edit test folder",
            "messageBody": "",
            "insertions": 26,
            "deletions": 194
          },
          {
            "hash": "79b7c95e1f16e5ee54fc78c706f395baafda1545",
            "messageTitle": "fix checkStyle",
            "messageBody": "",
            "insertions": 151,
            "deletions": 132
          },
          {
            "hash": "3123679022b1444c3d75e7855da0110a5b1eb7a5",
            "messageTitle": "fix checkStyle",
            "messageBody": "",
            "insertions": 89,
            "deletions": 86
          },
          {
            "hash": "33a0724399210d26b95d7ec90b68796de1d2e48b",
            "messageTitle": "choose LF as default",
            "messageBody": "",
            "insertions": 340,
            "deletions": 340
          },
          {
            "hash": "b1e9b88226c4755f2c6e60bc8fabf72175a70c1d",
            "messageTitle": "use LF in EventCard.fxml",
            "messageBody": "",
            "insertions": 49,
            "deletions": 49
          },
          {
            "hash": "80fe92527088ee241b2146bd4fa0af32dc1690b8",
            "messageTitle": "change appointments to be final in AckAppCommand.java",
            "messageBody": "",
            "insertions": 25,
            "deletions": 8
          },
          {
            "hash": "857b4be944298403d94694f77d57e7c2a8bddd37",
            "messageTitle": "add new class for testing usage",
            "messageBody": "",
            "insertions": 121,
            "deletions": 1
          },
          {
            "hash": "8ae16d576c703b02099e62e927fa7bbca696377f",
            "messageTitle": "Fixes style checks for unit test cases",
            "messageBody": "",
            "insertions": 0,
            "deletions": 12
          },
          {
            "hash": "f0f7599f0cdcd3b8a65a425e14cc84a600cf076a",
            "messageTitle": "change to LF type",
            "messageBody": "",
            "insertions": 109,
            "deletions": 109
          }
        ]
      }
    ]
  },
  "authorFinalContributionMap": {
    "SakuraBlossom": 0,
    "wongsm7": 1938,
    "CarbonGrid": 562,
    "woon17": 1156
  },
  "authorFileTypeContributionMap": {
    "SakuraBlossom": {
      "docs": 0,
      "tests": 0,
      "functional": 0
    },
    "wongsm7": {
      "docs": 182,
      "tests": 675,
      "functional": 1081
    },
    "CarbonGrid": {
      "docs": 50,
      "tests": 50,
      "functional": 459,
      "other": 3
    },
    "woon17": {
      "docs": 88,
      "tests": 109,
      "functional": 959
    }
  },
  "authorContributionVariance": {
    "SakuraBlossom": 2.3122833,
    "wongsm7": 187544.44,
    "CarbonGrid": 46728.082,
    "woon17": 296952.75
  },
  "authorDisplayNameMap": {
    "SakuraBlossom": "CS2103T-T09-3 LUM C ... SHAWN",
    "wongsm7": "CS2103T-T09-3 WONG  ... N MIN",
    "CarbonGrid": "CS2103T-T09-3 DANIE ...  XIAN",
    "woon17": "CS2103T-T09-3 WEN S ... SHUFA"
  }
}
