[
  {
    "path": "README.adoc",
    "fileType": "docs",
    "lines": [
      {
        "lineNumber": 1,
        "author": {
          "gitId": "-"
        },
        "content": "\u003d Address Book (Level 3)"
      },
      {
        "lineNumber": 2,
        "author": {
          "gitId": "-"
        },
        "content": "ifdef::env-github,env-browser[:relfileprefix: docs/]"
      },
      {
        "lineNumber": 3,
        "author": {
          "gitId": "-"
        },
        "content": ""
      },
      {
        "lineNumber": 4,
        "author": {
          "gitId": "geshuming"
        },
        "content": "image:https://travis-ci.org/AY1920S1-CS2103T-W13-1/main.svg?branch\u003dmaster[\"Build Status\", link\u003d\"https://travis-ci.org/AY1920S1-CS2103T-W13-1/main\"]"
      },
      {
        "lineNumber": 5,
        "author": {
          "gitId": "geshuming"
        },
        "content": "image:https://coveralls.io/repos/github/AY1920S1-CS2103T-W13-1/main/badge.svg?branch\u003dmaster[\"Coverage Status\", link\u003d\"https://coveralls.io/github/AY1920S1-CS2103T-W13-1/main?branch\u003dmaster\"]"
      },
      {
        "lineNumber": 6,
        "author": {
          "gitId": "-"
        },
        "content": "https://gitter.im/se-edu/Lobby[image:https://badges.gitter.im/se-edu/Lobby.svg[Gitter chat]]"
      },
      {
        "lineNumber": 7,
        "author": {
          "gitId": "-"
        },
        "content": ""
      },
      {
        "lineNumber": 8,
        "author": {
          "gitId": "-"
        },
        "content": "ifdef::env-github[]"
      },
      {
        "lineNumber": 9,
        "author": {
          "gitId": "-"
        },
        "content": "image::docs/images/Ui.png[width\u003d\"600\"]"
      },
      {
        "lineNumber": 10,
        "author": {
          "gitId": "-"
        },
        "content": "endif::[]"
      },
      {
        "lineNumber": 11,
        "author": {
          "gitId": "-"
        },
        "content": ""
      },
      {
        "lineNumber": 12,
        "author": {
          "gitId": "-"
        },
        "content": "ifndef::env-github[]"
      },
      {
        "lineNumber": 13,
        "author": {
          "gitId": "-"
        },
        "content": "image::images/Ui.png[width\u003d\"600\"]"
      },
      {
        "lineNumber": 14,
        "author": {
          "gitId": "-"
        },
        "content": "endif::[]"
      },
      {
        "lineNumber": 15,
        "author": {
          "gitId": "-"
        },
        "content": ""
      },
      {
        "lineNumber": 16,
        "author": {
          "gitId": "-"
        },
        "content": "* This is a desktop Address Book application. It has a GUI but most of the user interactions happen using a CLI (Command Line Interface)."
      },
      {
        "lineNumber": 17,
        "author": {
          "gitId": "-"
        },
        "content": "* It is a Java sample application intended for students learning Software Engineering while using Java as the main programming language."
      },
      {
        "lineNumber": 18,
        "author": {
          "gitId": "-"
        },
        "content": "* It is *written in OOP fashion*. It provides a *reasonably well-written* code example that is *significantly bigger* (around 6 KLoC)than what students usually write in beginner-level SE modules."
      },
      {
        "lineNumber": 19,
        "author": {
          "gitId": "-"
        },
        "content": ""
      },
      {
        "lineNumber": 20,
        "author": {
          "gitId": "-"
        },
        "content": "\u003d\u003d Site Map"
      },
      {
        "lineNumber": 21,
        "author": {
          "gitId": "-"
        },
        "content": ""
      },
      {
        "lineNumber": 22,
        "author": {
          "gitId": "-"
        },
        "content": "* \u003c\u003cUserGuide#, User Guide\u003e\u003e"
      },
      {
        "lineNumber": 23,
        "author": {
          "gitId": "-"
        },
        "content": "* \u003c\u003cDeveloperGuide#, Developer Guide\u003e\u003e"
      },
      {
        "lineNumber": 24,
        "author": {
          "gitId": "-"
        },
        "content": "* \u003c\u003cLearningOutcomes#, Learning Outcomes\u003e\u003e"
      },
      {
        "lineNumber": 25,
        "author": {
          "gitId": "-"
        },
        "content": "* \u003c\u003cAboutUs#, About Us\u003e\u003e"
      },
      {
        "lineNumber": 26,
        "author": {
          "gitId": "-"
        },
        "content": "* \u003c\u003cContactUs#, Contact Us\u003e\u003e"
      },
      {
        "lineNumber": 27,
        "author": {
          "gitId": "-"
        },
        "content": ""
      },
      {
        "lineNumber": 28,
        "author": {
          "gitId": "-"
        },
        "content": "\u003d\u003d Acknowledgements"
      },
      {
        "lineNumber": 29,
        "author": {
          "gitId": "-"
        },
        "content": ""
      },
      {
        "lineNumber": 30,
        "author": {
          "gitId": "-"
        },
        "content": "* Some parts of this sample application were inspired by the excellent http://code.makery.ch/library/javafx-8-tutorial/[Java FX tutorial] by"
      },
      {
        "lineNumber": 31,
        "author": {
          "gitId": "-"
        },
        "content": "_Marco Jakob_."
      },
      {
        "lineNumber": 32,
        "author": {
          "gitId": "-"
        },
        "content": "* Libraries used: https://openjfx.io/[JavaFX], https://github.com/FasterXML/jackson[Jackson], https://github.com/junit-team/junit5[JUnit5]"
      },
      {
        "lineNumber": 33,
        "author": {
          "gitId": "-"
        },
        "content": ""
      },
      {
        "lineNumber": 34,
        "author": {
          "gitId": "-"
        },
        "content": "\u003d\u003d Licence : link:LICENSE[MIT]"
      }
    ],
    "authorContributionMap": {
      "geshuming": 2,
      "-": 32
    }
  },
  {
    "path": "docs/ContactUs.adoc",
    "fileType": "docs",
    "lines": [
      {
        "lineNumber": 1,
        "author": {
          "gitId": "-"
        },
        "content": "\u003d Contact Us"
      },
      {
        "lineNumber": 2,
        "author": {
          "gitId": "-"
        },
        "content": ":site-section: ContactUs"
      },
      {
        "lineNumber": 3,
        "author": {
          "gitId": "-"
        },
        "content": ":stylesDir: stylesheets"
      },
      {
        "lineNumber": 4,
        "author": {
          "gitId": "-"
        },
        "content": ""
      },
      {
        "lineNumber": 5,
        "author": {
          "gitId": "Kzrthikz"
        },
        "content": "* *Bug reports, Suggestions* : Post in our https://github.com/AY1920S1-CS2103T-W13-1/main/issues[issue tracker] if you noticed bugs or have suggestions on how to improve."
      },
      {
        "lineNumber": 6,
        "author": {
          "gitId": "-"
        },
        "content": "* *Contributing* : We welcome pull requests. Follow the process described https://github.com/oss-generic/process[here]"
      }
    ],
    "authorContributionMap": {
      "Kzrthikz": 1,
      "-": 5
    }
  }
]
