[
  {
    "path": "README.adoc",
    "fileType": "docs",
    "lines": [
      {
        "lineNumber": 1,
        "author": {
          "gitId": "bitterg0d"
        },
        "content": "\u003d ModuleBook"
      },
      {
        "lineNumber": 2,
        "author": {
          "gitId": "-"
        },
        "content": "ifdef::env-github,env-browser[:relfileprefix: docs/]"
      },
      {
        "lineNumber": 3,
        "author": {
          "gitId": "-"
        },
        "content": ""
      },
      {
        "lineNumber": 4,
        "author": {
          "gitId": "bitterg0d"
        },
        "content": "Have you ever felt the urge to get organized but don\u0027t know how? ModuleBook is your one-stop destination to keep track and plan out your tasks and deadlines!"
      },
      {
        "lineNumber": 5,
        "author": {
          "gitId": "bitterg0d"
        },
        "content": ""
      },
      {
        "lineNumber": 6,
        "author": {
          "gitId": "geshuming"
        },
        "content": "image:https://travis-ci.org/AY1920S1-CS2103T-W13-1/main.svg?branch\u003dmaster[\"Build Status\", link\u003d\"https://travis-ci.org/AY1920S1-CS2103T-W13-1/main\"]"
      },
      {
        "lineNumber": 7,
        "author": {
          "gitId": "geshuming"
        },
        "content": "image:https://coveralls.io/repos/github/AY1920S1-CS2103T-W13-1/main/badge.svg?branch\u003dmaster[\"Coverage Status\", link\u003d\"https://coveralls.io/github/AY1920S1-CS2103T-W13-1/main?branch\u003dmaster\"]"
      },
      {
        "lineNumber": 8,
        "author": {
          "gitId": "-"
        },
        "content": ""
      },
      {
        "lineNumber": 9,
        "author": {
          "gitId": "-"
        },
        "content": "ifdef::env-github[]"
      },
      {
        "lineNumber": 10,
        "author": {
          "gitId": "-"
        },
        "content": "image::docs/images/Ui.png[width\u003d\"600\"]"
      },
      {
        "lineNumber": 11,
        "author": {
          "gitId": "-"
        },
        "content": "endif::[]"
      },
      {
        "lineNumber": 12,
        "author": {
          "gitId": "-"
        },
        "content": ""
      },
      {
        "lineNumber": 13,
        "author": {
          "gitId": "-"
        },
        "content": "ifndef::env-github[]"
      },
      {
        "lineNumber": 14,
        "author": {
          "gitId": "bitterg0d"
        },
        "content": "image::docs/images/Ui.png[width\u003d\"600\"]"
      },
      {
        "lineNumber": 15,
        "author": {
          "gitId": "-"
        },
        "content": "endif::[]"
      },
      {
        "lineNumber": 16,
        "author": {
          "gitId": "-"
        },
        "content": ""
      },
      {
        "lineNumber": 17,
        "author": {
          "gitId": "bitterg0d"
        },
        "content": "* ModuleBook is a module planning application. It has a GUI but most of the user interactions happen using a CLI (Command Line Interface)."
      },
      {
        "lineNumber": 18,
        "author": {
          "gitId": "bitterg0d"
        },
        "content": "* ModuleBook helps to track deadlines and tasks, sends reminders, as well as information on modules to help students plan their timetables."
      },
      {
        "lineNumber": 19,
        "author": {
          "gitId": "bitterg0d"
        },
        "content": "* Our target audience are currently NUS computing students, but we intend to expand our scope in future versions."
      },
      {
        "lineNumber": 20,
        "author": {
          "gitId": "-"
        },
        "content": ""
      },
      {
        "lineNumber": 21,
        "author": {
          "gitId": "-"
        },
        "content": "\u003d\u003d Site Map"
      },
      {
        "lineNumber": 22,
        "author": {
          "gitId": "-"
        },
        "content": ""
      },
      {
        "lineNumber": 23,
        "author": {
          "gitId": "-"
        },
        "content": "* \u003c\u003cUserGuide#, User Guide\u003e\u003e"
      },
      {
        "lineNumber": 24,
        "author": {
          "gitId": "-"
        },
        "content": "* \u003c\u003cDeveloperGuide#, Developer Guide\u003e\u003e"
      },
      {
        "lineNumber": 25,
        "author": {
          "gitId": "-"
        },
        "content": "* \u003c\u003cLearningOutcomes#, Learning Outcomes\u003e\u003e"
      },
      {
        "lineNumber": 26,
        "author": {
          "gitId": "-"
        },
        "content": "* \u003c\u003cAboutUs#, About Us\u003e\u003e"
      },
      {
        "lineNumber": 27,
        "author": {
          "gitId": "-"
        },
        "content": "* \u003c\u003cContactUs#, Contact Us\u003e\u003e"
      },
      {
        "lineNumber": 28,
        "author": {
          "gitId": "-"
        },
        "content": ""
      },
      {
        "lineNumber": 29,
        "author": {
          "gitId": "-"
        },
        "content": "\u003d\u003d Acknowledgements"
      },
      {
        "lineNumber": 30,
        "author": {
          "gitId": "-"
        },
        "content": ""
      },
      {
        "lineNumber": 31,
        "author": {
          "gitId": "bitterg0d"
        },
        "content": "* We would like to acknowledge the original source of the code, AddressBook-Level3 project created by SE-EDU initiative at https://se-education.org"
      },
      {
        "lineNumber": 32,
        "author": {
          "gitId": "-"
        },
        "content": "* Libraries used: https://openjfx.io/[JavaFX], https://github.com/FasterXML/jackson[Jackson], https://github.com/junit-team/junit5[JUnit5]"
      },
      {
        "lineNumber": 33,
        "author": {
          "gitId": "-"
        },
        "content": ""
      },
      {
        "lineNumber": 34,
        "author": {
          "gitId": "-"
        },
        "content": "\u003d\u003d Licence : link:LICENSE[MIT]"
      }
    ],
    "authorContributionMap": {
      "bitterg0d": 8,
      "geshuming": 2,
      "-": 24
    }
  },
  {
    "path": "docs/AboutUs.adoc",
    "fileType": "docs",
    "lines": [
      {
        "lineNumber": 1,
        "author": {
          "gitId": "-"
        },
        "content": "\u003d About Us"
      },
      {
        "lineNumber": 2,
        "author": {
          "gitId": "-"
        },
        "content": ":site-section: AboutUs"
      },
      {
        "lineNumber": 3,
        "author": {
          "gitId": "-"
        },
        "content": ":relfileprefix: team/"
      },
      {
        "lineNumber": 4,
        "author": {
          "gitId": "-"
        },
        "content": ":imagesDir: images"
      },
      {
        "lineNumber": 5,
        "author": {
          "gitId": "-"
        },
        "content": ":stylesDir: stylesheets"
      },
      {
        "lineNumber": 6,
        "author": {
          "gitId": "-"
        },
        "content": ""
      },
      {
        "lineNumber": 7,
        "author": {
          "gitId": "CowSaysBaa"
        },
        "content": "ModuleBook was developed by the https://ay1920s1-cs2103t-w13-1.github.io/main/[CS2103T-W13] team. +"
      },
      {
        "lineNumber": 8,
        "author": {
          "gitId": "-"
        },
        "content": "We are a team based in the http://www.comp.nus.edu.sg[School of Computing, National University of Singapore]."
      },
      {
        "lineNumber": 9,
        "author": {
          "gitId": "-"
        },
        "content": ""
      },
      {
        "lineNumber": 10,
        "author": {
          "gitId": "-"
        },
        "content": "\u003d\u003d Project Team"
      },
      {
        "lineNumber": 11,
        "author": {
          "gitId": "-"
        },
        "content": ""
      },
      {
        "lineNumber": 12,
        "author": {
          "gitId": "CowSaysBaa"
        },
        "content": "\u003d\u003d\u003d Ge Shuming"
      },
      {
        "lineNumber": 13,
        "author": {
          "gitId": "CowSaysBaa"
        },
        "content": "image::geshuming.png[width\u003d\"150\", align\u003d\"left\"]"
      },
      {
        "lineNumber": 14,
        "author": {
          "gitId": "CowSaysBaa"
        },
        "content": "{empty}[https://github.com/geshuming[github]]"
      },
      {
        "lineNumber": 15,
        "author": {
          "gitId": "-"
        },
        "content": ""
      },
      {
        "lineNumber": 16,
        "author": {
          "gitId": "CowSaysBaa"
        },
        "content": "Role: Team Lead +"
      },
      {
        "lineNumber": 17,
        "author": {
          "gitId": "CowSaysBaa"
        },
        "content": "Responsibilities: Storage design"
      },
      {
        "lineNumber": 18,
        "author": {
          "gitId": "-"
        },
        "content": ""
      },
      {
        "lineNumber": 19,
        "author": {
          "gitId": "-"
        },
        "content": "\u0027\u0027\u0027"
      },
      {
        "lineNumber": 20,
        "author": {
          "gitId": "-"
        },
        "content": ""
      },
      {
        "lineNumber": 21,
        "author": {
          "gitId": "CowSaysBaa"
        },
        "content": "\u003d\u003d\u003d Wang Rong Shirley"
      },
      {
        "lineNumber": 22,
        "author": {
          "gitId": "CowSaysBaa"
        },
        "content": "image::bitterg0d.png[width\u003d\"150\", align\u003d\"left\"]"
      },
      {
        "lineNumber": 23,
        "author": {
          "gitId": "CowSaysBaa"
        },
        "content": "{empty}[https://github.com/bitterg0d[github]]"
      },
      {
        "lineNumber": 24,
        "author": {
          "gitId": "-"
        },
        "content": ""
      },
      {
        "lineNumber": 25,
        "author": {
          "gitId": "CowSaysBaa"
        },
        "content": "Role: Developer +"
      },
      {
        "lineNumber": 26,
        "author": {
          "gitId": "CowSaysBaa"
        },
        "content": "Responsibilities: GUI"
      },
      {
        "lineNumber": 27,
        "author": {
          "gitId": "-"
        },
        "content": ""
      },
      {
        "lineNumber": 28,
        "author": {
          "gitId": "-"
        },
        "content": "\u0027\u0027\u0027"
      },
      {
        "lineNumber": 29,
        "author": {
          "gitId": "-"
        },
        "content": ""
      },
      {
        "lineNumber": 30,
        "author": {
          "gitId": "CowSaysBaa"
        },
        "content": "\u003d\u003d\u003d Murugesan Karthika"
      },
      {
        "lineNumber": 31,
        "author": {
          "gitId": "CowSaysBaa"
        },
        "content": "image::kzrthikz.png[width\u003d\"150\", align\u003d\"left\"]"
      },
      {
        "lineNumber": 32,
        "author": {
          "gitId": "CowSaysBaa"
        },
        "content": "{empty}[https://github.com/Kzrthikz[github]]"
      },
      {
        "lineNumber": 33,
        "author": {
          "gitId": "-"
        },
        "content": ""
      },
      {
        "lineNumber": 34,
        "author": {
          "gitId": "-"
        },
        "content": "Role: Developer +"
      },
      {
        "lineNumber": 35,
        "author": {
          "gitId": "CowSaysBaa"
        },
        "content": "Responsibilities: Grade Manager"
      },
      {
        "lineNumber": 36,
        "author": {
          "gitId": "-"
        },
        "content": ""
      },
      {
        "lineNumber": 37,
        "author": {
          "gitId": "-"
        },
        "content": "\u0027\u0027\u0027"
      },
      {
        "lineNumber": 38,
        "author": {
          "gitId": "-"
        },
        "content": ""
      },
      {
        "lineNumber": 39,
        "author": {
          "gitId": "CowSaysBaa"
        },
        "content": "\u003d\u003d\u003d Alex Wu"
      },
      {
        "lineNumber": 40,
        "author": {
          "gitId": "CowSaysBaa"
        },
        "content": "image::alexwxh.png[width\u003d\"150\", align\u003d\"left\"]"
      },
      {
        "lineNumber": 41,
        "author": {
          "gitId": "CowSaysBaa"
        },
        "content": "{empty}[https://github.com/alexwxh[github]]"
      },
      {
        "lineNumber": 42,
        "author": {
          "gitId": "-"
        },
        "content": ""
      },
      {
        "lineNumber": 43,
        "author": {
          "gitId": "-"
        },
        "content": "Role: Developer +"
      },
      {
        "lineNumber": 44,
        "author": {
          "gitId": "CowSaysBaa"
        },
        "content": "Responsibilities: Deadline Manager"
      },
      {
        "lineNumber": 45,
        "author": {
          "gitId": "-"
        },
        "content": ""
      },
      {
        "lineNumber": 46,
        "author": {
          "gitId": "-"
        },
        "content": "\u0027\u0027\u0027"
      },
      {
        "lineNumber": 47,
        "author": {
          "gitId": "-"
        },
        "content": ""
      },
      {
        "lineNumber": 48,
        "author": {
          "gitId": "CowSaysBaa"
        },
        "content": "\u003d\u003d\u003d Guo Zili"
      },
      {
        "lineNumber": 49,
        "author": {
          "gitId": "CowSaysBaa"
        },
        "content": "image::cowsaysbaa.png[width\u003d\"150\", align\u003d\"left\"]"
      },
      {
        "lineNumber": 50,
        "author": {
          "gitId": "CowSaysBaa"
        },
        "content": "{empty}[https://github.com/CowSaysBaa[github]]"
      },
      {
        "lineNumber": 51,
        "author": {
          "gitId": "-"
        },
        "content": ""
      },
      {
        "lineNumber": 52,
        "author": {
          "gitId": "-"
        },
        "content": "Role: Developer +"
      },
      {
        "lineNumber": 53,
        "author": {
          "gitId": "CowSaysBaa"
        },
        "content": "Responsibilities: Parser"
      },
      {
        "lineNumber": 54,
        "author": {
          "gitId": "-"
        },
        "content": ""
      },
      {
        "lineNumber": 55,
        "author": {
          "gitId": "-"
        },
        "content": "\u0027\u0027\u0027"
      }
    ],
    "authorContributionMap": {
      "-": 32,
      "CowSaysBaa": 23
    }
  },
  {
    "path": "docs/ContactUs.adoc",
    "fileType": "docs",
    "lines": [
      {
        "lineNumber": 1,
        "author": {
          "gitId": "-"
        },
        "content": "\u003d Contact Us"
      },
      {
        "lineNumber": 2,
        "author": {
          "gitId": "-"
        },
        "content": ":site-section: ContactUs"
      },
      {
        "lineNumber": 3,
        "author": {
          "gitId": "-"
        },
        "content": ":stylesDir: stylesheets"
      },
      {
        "lineNumber": 4,
        "author": {
          "gitId": "-"
        },
        "content": ""
      },
      {
        "lineNumber": 5,
        "author": {
          "gitId": "Kzrthikz"
        },
        "content": "* *Bug reports, Suggestions* : Post in our https://github.com/AY1920S1-CS2103T-W13-1/main/issues[issue tracker] if you noticed bugs or have suggestions on how to improve."
      },
      {
        "lineNumber": 6,
        "author": {
          "gitId": "-"
        },
        "content": "* *Contributing* : We welcome pull requests. Follow the process described https://github.com/oss-generic/process[here]"
      }
    ],
    "authorContributionMap": {
      "Kzrthikz": 1,
      "-": 5
    }
  },
  {
    "path": "docs/DeveloperGuide.adoc",
    "fileType": "docs",
    "lines": [
      {
        "lineNumber": 1,
        "author": {
          "gitId": "geshuming"
        },
        "content": "\u003d ModuleBook - Developer Guide"
      },
      {
        "lineNumber": 2,
        "author": {
          "gitId": "-"
        },
        "content": ":site-section: DeveloperGuide"
      },
      {
        "lineNumber": 3,
        "author": {
          "gitId": "-"
        },
        "content": ":toc:"
      },
      {
        "lineNumber": 4,
        "author": {
          "gitId": "-"
        },
        "content": ":toc-title:"
      },
      {
        "lineNumber": 5,
        "author": {
          "gitId": "-"
        },
        "content": ":toc-placement: preamble"
      },
      {
        "lineNumber": 6,
        "author": {
          "gitId": "-"
        },
        "content": ":sectnums:"
      },
      {
        "lineNumber": 7,
        "author": {
          "gitId": "-"
        },
        "content": ":imagesDir: images"
      },
      {
        "lineNumber": 8,
        "author": {
          "gitId": "-"
        },
        "content": ":stylesDir: stylesheets"
      },
      {
        "lineNumber": 9,
        "author": {
          "gitId": "-"
        },
        "content": ":xrefstyle: full"
      },
      {
        "lineNumber": 10,
        "author": {
          "gitId": "-"
        },
        "content": "ifdef::env-github[]"
      },
      {
        "lineNumber": 11,
        "author": {
          "gitId": "-"
        },
        "content": ":tip-caption: :bulb:"
      },
      {
        "lineNumber": 12,
        "author": {
          "gitId": "-"
        },
        "content": ":note-caption: :information_source:"
      },
      {
        "lineNumber": 13,
        "author": {
          "gitId": "-"
        },
        "content": ":warning-caption: :warning:"
      },
      {
        "lineNumber": 14,
        "author": {
          "gitId": "-"
        },
        "content": "endif::[]"
      },
      {
        "lineNumber": 15,
        "author": {
          "gitId": "geshuming"
        },
        "content": ":repoURL: https://github.com/AY1920S1-CS2103T-W13-1/main"
      },
      {
        "lineNumber": 16,
        "author": {
          "gitId": "-"
        },
        "content": ""
      },
      {
        "lineNumber": 17,
        "author": {
          "gitId": "geshuming"
        },
        "content": "By: `Team AY1920S1-W13-1`      Since: `Sep 2019`      Licence: `MIT`"
      },
      {
        "lineNumber": 18,
        "author": {
          "gitId": "-"
        },
        "content": ""
      },
      {
        "lineNumber": 19,
        "author": {
          "gitId": "-"
        },
        "content": "\u003d\u003d Setting up"
      },
      {
        "lineNumber": 20,
        "author": {
          "gitId": "-"
        },
        "content": ""
      },
      {
        "lineNumber": 21,
        "author": {
          "gitId": "-"
        },
        "content": "Refer to the guide \u003c\u003cSettingUp#, here\u003e\u003e."
      },
      {
        "lineNumber": 22,
        "author": {
          "gitId": "-"
        },
        "content": ""
      },
      {
        "lineNumber": 23,
        "author": {
          "gitId": "-"
        },
        "content": "\u003d\u003d Design"
      },
      {
        "lineNumber": 24,
        "author": {
          "gitId": "-"
        },
        "content": ""
      },
      {
        "lineNumber": 25,
        "author": {
          "gitId": "-"
        },
        "content": "[[Design-Architecture]]"
      },
      {
        "lineNumber": 26,
        "author": {
          "gitId": "-"
        },
        "content": "\u003d\u003d\u003d Architecture"
      },
      {
        "lineNumber": 27,
        "author": {
          "gitId": "-"
        },
        "content": ""
      },
      {
        "lineNumber": 28,
        "author": {
          "gitId": "-"
        },
        "content": ".Architecture Diagram"
      },
      {
        "lineNumber": 29,
        "author": {
          "gitId": "-"
        },
        "content": "image::ArchitectureDiagram.png[]"
      },
      {
        "lineNumber": 30,
        "author": {
          "gitId": "-"
        },
        "content": ""
      },
      {
        "lineNumber": 31,
        "author": {
          "gitId": "-"
        },
        "content": "The *_Architecture Diagram_* given above explains the high-level design of the App. Given below is a quick overview of each component."
      },
      {
        "lineNumber": 32,
        "author": {
          "gitId": "-"
        },
        "content": ""
      },
      {
        "lineNumber": 33,
        "author": {
          "gitId": "-"
        },
        "content": "[TIP]"
      },
      {
        "lineNumber": 34,
        "author": {
          "gitId": "-"
        },
        "content": "The `.puml` files used to create diagrams in this document can be found in the link:{repoURL}/docs/diagrams/[diagrams] folder."
      },
      {
        "lineNumber": 35,
        "author": {
          "gitId": "-"
        },
        "content": "Refer to the \u003c\u003cUsingPlantUml#, Using PlantUML guide\u003e\u003e to learn how to create and edit diagrams."
      },
      {
        "lineNumber": 36,
        "author": {
          "gitId": "-"
        },
        "content": ""
      },
      {
        "lineNumber": 37,
        "author": {
          "gitId": "-"
        },
        "content": "`Main` has two classes called link:{repoURL}/src/main/java/seedu/address/Main.java[`Main`] and link:{repoURL}/src/main/java/seedu/address/MainApp.java[`MainApp`]. It is responsible for,"
      },
      {
        "lineNumber": 38,
        "author": {
          "gitId": "-"
        },
        "content": ""
      },
      {
        "lineNumber": 39,
        "author": {
          "gitId": "-"
        },
        "content": "* At app launch: Initializes the components in the correct sequence, and connects them up with each other."
      },
      {
        "lineNumber": 40,
        "author": {
          "gitId": "-"
        },
        "content": "* At shut down: Shuts down the components and invokes cleanup method where necessary."
      },
      {
        "lineNumber": 41,
        "author": {
          "gitId": "-"
        },
        "content": ""
      },
      {
        "lineNumber": 42,
        "author": {
          "gitId": "-"
        },
        "content": "\u003c\u003cDesign-Commons,*`Commons`*\u003e\u003e represents a collection of classes used by multiple other components."
      },
      {
        "lineNumber": 43,
        "author": {
          "gitId": "-"
        },
        "content": "The following class plays an important role at the architecture level:"
      },
      {
        "lineNumber": 44,
        "author": {
          "gitId": "-"
        },
        "content": ""
      },
      {
        "lineNumber": 45,
        "author": {
          "gitId": "-"
        },
        "content": "* `LogsCenter` : Used by many classes to write log messages to the App\u0027s log file."
      },
      {
        "lineNumber": 46,
        "author": {
          "gitId": "-"
        },
        "content": ""
      },
      {
        "lineNumber": 47,
        "author": {
          "gitId": "-"
        },
        "content": "The rest of the App consists of four components."
      },
      {
        "lineNumber": 48,
        "author": {
          "gitId": "-"
        },
        "content": ""
      },
      {
        "lineNumber": 49,
        "author": {
          "gitId": "-"
        },
        "content": "* \u003c\u003cDesign-Ui,*`UI`*\u003e\u003e: The UI of the App."
      },
      {
        "lineNumber": 50,
        "author": {
          "gitId": "-"
        },
        "content": "* \u003c\u003cDesign-Logic,*`Logic`*\u003e\u003e: The command executor."
      },
      {
        "lineNumber": 51,
        "author": {
          "gitId": "-"
        },
        "content": "* \u003c\u003cDesign-Model,*`Model`*\u003e\u003e: Holds the data of the App in-memory."
      },
      {
        "lineNumber": 52,
        "author": {
          "gitId": "-"
        },
        "content": "* \u003c\u003cDesign-Storage,*`Storage`*\u003e\u003e: Reads data from, and writes data to, the hard disk."
      },
      {
        "lineNumber": 53,
        "author": {
          "gitId": "-"
        },
        "content": ""
      },
      {
        "lineNumber": 54,
        "author": {
          "gitId": "-"
        },
        "content": "Each of the four components"
      },
      {
        "lineNumber": 55,
        "author": {
          "gitId": "-"
        },
        "content": ""
      },
      {
        "lineNumber": 56,
        "author": {
          "gitId": "-"
        },
        "content": "* Defines its _API_ in an `interface` with the same name as the Component."
      },
      {
        "lineNumber": 57,
        "author": {
          "gitId": "-"
        },
        "content": "* Exposes its functionality using a `{Component Name}Manager` class."
      },
      {
        "lineNumber": 58,
        "author": {
          "gitId": "-"
        },
        "content": ""
      },
      {
        "lineNumber": 59,
        "author": {
          "gitId": "-"
        },
        "content": "For example, the `Logic` component (see the class diagram given below) defines it\u0027s API in the `Logic.java` interface and exposes its functionality using the `LogicManager.java` class."
      },
      {
        "lineNumber": 60,
        "author": {
          "gitId": "-"
        },
        "content": ""
      },
      {
        "lineNumber": 61,
        "author": {
          "gitId": "-"
        },
        "content": ".Class Diagram of the Logic Component"
      },
      {
        "lineNumber": 62,
        "author": {
          "gitId": "-"
        },
        "content": "image::LogicClassDiagram.png[]"
      },
      {
        "lineNumber": 63,
        "author": {
          "gitId": "-"
        },
        "content": ""
      },
      {
        "lineNumber": 64,
        "author": {
          "gitId": "-"
        },
        "content": "[discrete]"
      },
      {
        "lineNumber": 65,
        "author": {
          "gitId": "-"
        },
        "content": "\u003d\u003d\u003d\u003d How the architecture components interact with each other"
      },
      {
        "lineNumber": 66,
        "author": {
          "gitId": "-"
        },
        "content": ""
      },
      {
        "lineNumber": 67,
        "author": {
          "gitId": "-"
        },
        "content": "The _Sequence Diagram_ below shows how the components interact with each other for the scenario where the user issues the command `delete 1`."
      },
      {
        "lineNumber": 68,
        "author": {
          "gitId": "-"
        },
        "content": ""
      },
      {
        "lineNumber": 69,
        "author": {
          "gitId": "-"
        },
        "content": ".Component interactions for `delete 1` command"
      },
      {
        "lineNumber": 70,
        "author": {
          "gitId": "-"
        },
        "content": "image::ArchitectureSequenceDiagram.png[]"
      },
      {
        "lineNumber": 71,
        "author": {
          "gitId": "-"
        },
        "content": ""
      },
      {
        "lineNumber": 72,
        "author": {
          "gitId": "-"
        },
        "content": "The sections below give more details of each component."
      },
      {
        "lineNumber": 73,
        "author": {
          "gitId": "-"
        },
        "content": ""
      },
      {
        "lineNumber": 74,
        "author": {
          "gitId": "-"
        },
        "content": "[[Design-Ui]]"
      },
      {
        "lineNumber": 75,
        "author": {
          "gitId": "-"
        },
        "content": "\u003d\u003d\u003d UI component"
      },
      {
        "lineNumber": 76,
        "author": {
          "gitId": "-"
        },
        "content": ""
      },
      {
        "lineNumber": 77,
        "author": {
          "gitId": "-"
        },
        "content": ".Structure of the UI Component"
      },
      {
        "lineNumber": 78,
        "author": {
          "gitId": "-"
        },
        "content": "image::UiClassDiagram.png[]"
      },
      {
        "lineNumber": 79,
        "author": {
          "gitId": "-"
        },
        "content": ""
      },
      {
        "lineNumber": 80,
        "author": {
          "gitId": "-"
        },
        "content": "*API* : link:{repoURL}/src/main/java/seedu/address/ui/Ui.java[`Ui.java`]"
      },
      {
        "lineNumber": 81,
        "author": {
          "gitId": "-"
        },
        "content": ""
      },
      {
        "lineNumber": 82,
        "author": {
          "gitId": "-"
        },
        "content": "The UI consists of a `MainWindow` that is made up of parts e.g.`CommandBox`, `ResultDisplay`, `PersonListPanel`, `StatusBarFooter` etc. All these, including the `MainWindow`, inherit from the abstract `UiPart` class."
      },
      {
        "lineNumber": 83,
        "author": {
          "gitId": "-"
        },
        "content": ""
      },
      {
        "lineNumber": 84,
        "author": {
          "gitId": "-"
        },
        "content": "The `UI` component uses JavaFx UI framework. The layout of these UI parts are defined in matching `.fxml` files that are in the `src/main/resources/view` folder. For example, the layout of the link:{repoURL}/src/main/java/seedu/address/ui/MainWindow.java[`MainWindow`] is specified in link:{repoURL}/src/main/resources/view/MainWindow.fxml[`MainWindow.fxml`]"
      },
      {
        "lineNumber": 85,
        "author": {
          "gitId": "-"
        },
        "content": ""
      },
      {
        "lineNumber": 86,
        "author": {
          "gitId": "-"
        },
        "content": "The `UI` component,"
      },
      {
        "lineNumber": 87,
        "author": {
          "gitId": "-"
        },
        "content": ""
      },
      {
        "lineNumber": 88,
        "author": {
          "gitId": "-"
        },
        "content": "* Executes user commands using the `Logic` component."
      },
      {
        "lineNumber": 89,
        "author": {
          "gitId": "-"
        },
        "content": "* Listens for changes to `Model` data so that the UI can be updated with the modified data."
      },
      {
        "lineNumber": 90,
        "author": {
          "gitId": "-"
        },
        "content": ""
      },
      {
        "lineNumber": 91,
        "author": {
          "gitId": "-"
        },
        "content": "[[Design-Logic]]"
      },
      {
        "lineNumber": 92,
        "author": {
          "gitId": "-"
        },
        "content": "\u003d\u003d\u003d Logic component"
      },
      {
        "lineNumber": 93,
        "author": {
          "gitId": "-"
        },
        "content": ""
      },
      {
        "lineNumber": 94,
        "author": {
          "gitId": "-"
        },
        "content": "[[fig-LogicClassDiagram]]"
      },
      {
        "lineNumber": 95,
        "author": {
          "gitId": "-"
        },
        "content": ".Structure of the Logic Component"
      },
      {
        "lineNumber": 96,
        "author": {
          "gitId": "-"
        },
        "content": "image::LogicClassDiagram.png[]"
      },
      {
        "lineNumber": 97,
        "author": {
          "gitId": "-"
        },
        "content": ""
      },
      {
        "lineNumber": 98,
        "author": {
          "gitId": "-"
        },
        "content": "*API* :"
      },
      {
        "lineNumber": 99,
        "author": {
          "gitId": "-"
        },
        "content": "link:{repoURL}/src/main/java/seedu/address/logic/Logic.java[`Logic.java`]"
      },
      {
        "lineNumber": 100,
        "author": {
          "gitId": "-"
        },
        "content": ""
      },
      {
        "lineNumber": 101,
        "author": {
          "gitId": "-"
        },
        "content": ".  `Logic` uses the `AddressBookParser` class to parse the user command."
      },
      {
        "lineNumber": 102,
        "author": {
          "gitId": "-"
        },
        "content": ".  This results in a `Command` object which is executed by the `LogicManager`."
      },
      {
        "lineNumber": 103,
        "author": {
          "gitId": "-"
        },
        "content": ".  The command execution can affect the `Model` (e.g. adding a person)."
      },
      {
        "lineNumber": 104,
        "author": {
          "gitId": "-"
        },
        "content": ".  The result of the command execution is encapsulated as a `CommandResult` object which is passed back to the `Ui`."
      },
      {
        "lineNumber": 105,
        "author": {
          "gitId": "-"
        },
        "content": ".  In addition, the `CommandResult` object can also instruct the `Ui` to perform certain actions, such as displaying help to the user."
      },
      {
        "lineNumber": 106,
        "author": {
          "gitId": "-"
        },
        "content": ""
      },
      {
        "lineNumber": 107,
        "author": {
          "gitId": "-"
        },
        "content": "Given below is the Sequence Diagram for interactions within the `Logic` component for the `execute(\"delete 1\")` API call."
      },
      {
        "lineNumber": 108,
        "author": {
          "gitId": "-"
        },
        "content": ""
      },
      {
        "lineNumber": 109,
        "author": {
          "gitId": "-"
        },
        "content": ".Interactions Inside the Logic Component for the `delete 1` Command"
      },
      {
        "lineNumber": 110,
        "author": {
          "gitId": "-"
        },
        "content": "image::DeleteSequenceDiagram.png[]"
      },
      {
        "lineNumber": 111,
        "author": {
          "gitId": "-"
        },
        "content": ""
      },
      {
        "lineNumber": 112,
        "author": {
          "gitId": "-"
        },
        "content": "NOTE: The lifeline for `DeleteCommandParser` should end at the destroy marker (X) but due to a limitation of PlantUML, the lifeline reaches the end of diagram."
      },
      {
        "lineNumber": 113,
        "author": {
          "gitId": "-"
        },
        "content": ""
      },
      {
        "lineNumber": 114,
        "author": {
          "gitId": "-"
        },
        "content": "[[Design-Model]]"
      },
      {
        "lineNumber": 115,
        "author": {
          "gitId": "-"
        },
        "content": "\u003d\u003d\u003d Model component"
      },
      {
        "lineNumber": 116,
        "author": {
          "gitId": "-"
        },
        "content": ""
      },
      {
        "lineNumber": 117,
        "author": {
          "gitId": "-"
        },
        "content": ".Structure of the Model Component"
      },
      {
        "lineNumber": 118,
        "author": {
          "gitId": "-"
        },
        "content": "image::ModelClassDiagram.png[]"
      },
      {
        "lineNumber": 119,
        "author": {
          "gitId": "-"
        },
        "content": ""
      },
      {
        "lineNumber": 120,
        "author": {
          "gitId": "-"
        },
        "content": "*API* : link:{repoURL}/src/main/java/seedu/address/model/Model.java[`Model.java`]"
      },
      {
        "lineNumber": 121,
        "author": {
          "gitId": "-"
        },
        "content": ""
      },
      {
        "lineNumber": 122,
        "author": {
          "gitId": "-"
        },
        "content": "The `Model`,"
      },
      {
        "lineNumber": 123,
        "author": {
          "gitId": "-"
        },
        "content": ""
      },
      {
        "lineNumber": 124,
        "author": {
          "gitId": "-"
        },
        "content": "* stores a `UserPref` object that represents the user\u0027s preferences."
      },
      {
        "lineNumber": 125,
        "author": {
          "gitId": "-"
        },
        "content": "* stores the Address Book data."
      },
      {
        "lineNumber": 126,
        "author": {
          "gitId": "-"
        },
        "content": "* exposes an unmodifiable `ObservableList\u003cPerson\u003e` that can be \u0027observed\u0027 e.g. the UI can be bound to this list so that the UI automatically updates when the data in the list change."
      },
      {
        "lineNumber": 127,
        "author": {
          "gitId": "-"
        },
        "content": "* does not depend on any of the other three components."
      },
      {
        "lineNumber": 128,
        "author": {
          "gitId": "-"
        },
        "content": ""
      },
      {
        "lineNumber": 129,
        "author": {
          "gitId": "-"
        },
        "content": "[NOTE]"
      },
      {
        "lineNumber": 130,
        "author": {
          "gitId": "-"
        },
        "content": "As a more OOP model, we can store a `Tag` list in `Address Book`, which `Person` can reference. This would allow `Address Book` to only require one `Tag` object per unique `Tag`, instead of each `Person` needing their own `Tag` object. An example of how such a model may look like is given below. +"
      },
      {
        "lineNumber": 131,
        "author": {
          "gitId": "-"
        },
        "content": " +"
      },
      {
        "lineNumber": 132,
        "author": {
          "gitId": "-"
        },
        "content": "image:BetterModelClassDiagram.png[]"
      },
      {
        "lineNumber": 133,
        "author": {
          "gitId": "-"
        },
        "content": ""
      },
      {
        "lineNumber": 134,
        "author": {
          "gitId": "-"
        },
        "content": "[[Design-Storage]]"
      },
      {
        "lineNumber": 135,
        "author": {
          "gitId": "-"
        },
        "content": "\u003d\u003d\u003d Storage component"
      },
      {
        "lineNumber": 136,
        "author": {
          "gitId": "-"
        },
        "content": ""
      },
      {
        "lineNumber": 137,
        "author": {
          "gitId": "-"
        },
        "content": ".Structure of the Storage Component"
      },
      {
        "lineNumber": 138,
        "author": {
          "gitId": "-"
        },
        "content": "image::StorageClassDiagram.png[]"
      },
      {
        "lineNumber": 139,
        "author": {
          "gitId": "-"
        },
        "content": ""
      },
      {
        "lineNumber": 140,
        "author": {
          "gitId": "-"
        },
        "content": "*API* : link:{repoURL}/src/main/java/seedu/address/storage/Storage.java[`Storage.java`]"
      },
      {
        "lineNumber": 141,
        "author": {
          "gitId": "-"
        },
        "content": ""
      },
      {
        "lineNumber": 142,
        "author": {
          "gitId": "-"
        },
        "content": "The `Storage` component,"
      },
      {
        "lineNumber": 143,
        "author": {
          "gitId": "-"
        },
        "content": ""
      },
      {
        "lineNumber": 144,
        "author": {
          "gitId": "-"
        },
        "content": "* can save `UserPref` objects in json format and read it back."
      },
      {
        "lineNumber": 145,
        "author": {
          "gitId": "-"
        },
        "content": "* can save the Address Book data in json format and read it back."
      },
      {
        "lineNumber": 146,
        "author": {
          "gitId": "-"
        },
        "content": ""
      },
      {
        "lineNumber": 147,
        "author": {
          "gitId": "-"
        },
        "content": "[[Design-Commons]]"
      },
      {
        "lineNumber": 148,
        "author": {
          "gitId": "-"
        },
        "content": "\u003d\u003d\u003d Common classes"
      },
      {
        "lineNumber": 149,
        "author": {
          "gitId": "-"
        },
        "content": ""
      },
      {
        "lineNumber": 150,
        "author": {
          "gitId": "-"
        },
        "content": "Classes used by multiple components are in the `seedu.addressbook.commons` package."
      },
      {
        "lineNumber": 151,
        "author": {
          "gitId": "-"
        },
        "content": ""
      },
      {
        "lineNumber": 152,
        "author": {
          "gitId": "-"
        },
        "content": "\u003d\u003d Implementation"
      },
      {
        "lineNumber": 153,
        "author": {
          "gitId": "-"
        },
        "content": ""
      },
      {
        "lineNumber": 154,
        "author": {
          "gitId": "-"
        },
        "content": "This section describes some noteworthy details on how certain features are implemented."
      },
      {
        "lineNumber": 155,
        "author": {
          "gitId": "-"
        },
        "content": ""
      },
      {
        "lineNumber": 156,
        "author": {
          "gitId": "-"
        },
        "content": "// tag::undoredo[]"
      },
      {
        "lineNumber": 157,
        "author": {
          "gitId": "-"
        },
        "content": "\u003d\u003d\u003d [Proposed] Undo/Redo feature"
      },
      {
        "lineNumber": 158,
        "author": {
          "gitId": "-"
        },
        "content": "\u003d\u003d\u003d\u003d Proposed Implementation"
      },
      {
        "lineNumber": 159,
        "author": {
          "gitId": "-"
        },
        "content": ""
      },
      {
        "lineNumber": 160,
        "author": {
          "gitId": "-"
        },
        "content": "The undo/redo mechanism is facilitated by `VersionedAddressBook`."
      },
      {
        "lineNumber": 161,
        "author": {
          "gitId": "-"
        },
        "content": "It extends `AddressBook` with an undo/redo history, stored internally as an `addressBookStateList` and `currentStatePointer`."
      },
      {
        "lineNumber": 162,
        "author": {
          "gitId": "-"
        },
        "content": "Additionally, it implements the following operations:"
      },
      {
        "lineNumber": 163,
        "author": {
          "gitId": "-"
        },
        "content": ""
      },
      {
        "lineNumber": 164,
        "author": {
          "gitId": "-"
        },
        "content": "* `VersionedAddressBook#commit()` -- Saves the current address book state in its history."
      },
      {
        "lineNumber": 165,
        "author": {
          "gitId": "-"
        },
        "content": "* `VersionedAddressBook#undo()` -- Restores the previous address book state from its history."
      },
      {
        "lineNumber": 166,
        "author": {
          "gitId": "-"
        },
        "content": "* `VersionedAddressBook#redo()` -- Restores a previously undone address book state from its history."
      },
      {
        "lineNumber": 167,
        "author": {
          "gitId": "-"
        },
        "content": ""
      },
      {
        "lineNumber": 168,
        "author": {
          "gitId": "-"
        },
        "content": "These operations are exposed in the `Model` interface as `Model#commitAddressBook()`, `Model#undoAddressBook()` and `Model#redoAddressBook()` respectively."
      },
      {
        "lineNumber": 169,
        "author": {
          "gitId": "-"
        },
        "content": ""
      },
      {
        "lineNumber": 170,
        "author": {
          "gitId": "-"
        },
        "content": "Given below is an example usage scenario and how the undo/redo mechanism behaves at each step."
      },
      {
        "lineNumber": 171,
        "author": {
          "gitId": "-"
        },
        "content": ""
      },
      {
        "lineNumber": 172,
        "author": {
          "gitId": "-"
        },
        "content": "Step 1. The user launches the application for the first time. The `VersionedAddressBook` will be initialized with the initial address book state, and the `currentStatePointer` pointing to that single address book state."
      },
      {
        "lineNumber": 173,
        "author": {
          "gitId": "-"
        },
        "content": ""
      },
      {
        "lineNumber": 174,
        "author": {
          "gitId": "-"
        },
        "content": "image::UndoRedoState0.png[]"
      },
      {
        "lineNumber": 175,
        "author": {
          "gitId": "-"
        },
        "content": ""
      },
      {
        "lineNumber": 176,
        "author": {
          "gitId": "-"
        },
        "content": "Step 2. The user executes `delete 5` command to delete the 5th person in the address book. The `delete` command calls `Model#commitAddressBook()`, causing the modified state of the address book after the `delete 5` command executes to be saved in the `addressBookStateList`, and the `currentStatePointer` is shifted to the newly inserted address book state."
      },
      {
        "lineNumber": 177,
        "author": {
          "gitId": "-"
        },
        "content": ""
      },
      {
        "lineNumber": 178,
        "author": {
          "gitId": "-"
        },
        "content": "image::UndoRedoState1.png[]"
      },
      {
        "lineNumber": 179,
        "author": {
          "gitId": "-"
        },
        "content": ""
      },
      {
        "lineNumber": 180,
        "author": {
          "gitId": "-"
        },
        "content": "Step 3. The user executes `add n/David ...` to add a new person. The `add` command also calls `Model#commitAddressBook()`, causing another modified address book state to be saved into the `addressBookStateList`."
      },
      {
        "lineNumber": 181,
        "author": {
          "gitId": "-"
        },
        "content": ""
      },
      {
        "lineNumber": 182,
        "author": {
          "gitId": "-"
        },
        "content": "image::UndoRedoState2.png[]"
      },
      {
        "lineNumber": 183,
        "author": {
          "gitId": "-"
        },
        "content": ""
      },
      {
        "lineNumber": 184,
        "author": {
          "gitId": "-"
        },
        "content": "[NOTE]"
      },
      {
        "lineNumber": 185,
        "author": {
          "gitId": "-"
        },
        "content": "If a command fails its execution, it will not call `Model#commitAddressBook()`, so the address book state will not be saved into the `addressBookStateList`."
      },
      {
        "lineNumber": 186,
        "author": {
          "gitId": "-"
        },
        "content": ""
      },
      {
        "lineNumber": 187,
        "author": {
          "gitId": "-"
        },
        "content": "Step 4. The user now decides that adding the person was a mistake, and decides to undo that action by executing the `undo` command. The `undo` command will call `Model#undoAddressBook()`, which will shift the `currentStatePointer` once to the left, pointing it to the previous address book state, and restores the address book to that state."
      },
      {
        "lineNumber": 188,
        "author": {
          "gitId": "-"
        },
        "content": ""
      },
      {
        "lineNumber": 189,
        "author": {
          "gitId": "-"
        },
        "content": "image::UndoRedoState3.png[]"
      },
      {
        "lineNumber": 190,
        "author": {
          "gitId": "-"
        },
        "content": ""
      },
      {
        "lineNumber": 191,
        "author": {
          "gitId": "-"
        },
        "content": "[NOTE]"
      },
      {
        "lineNumber": 192,
        "author": {
          "gitId": "-"
        },
        "content": "If the `currentStatePointer` is at index 0, pointing to the initial address book state, then there are no previous address book states to restore. The `undo` command uses `Model#canUndoAddressBook()` to check if this is the case. If so, it will return an error to the user rather than attempting to perform the undo."
      },
      {
        "lineNumber": 193,
        "author": {
          "gitId": "-"
        },
        "content": ""
      },
      {
        "lineNumber": 194,
        "author": {
          "gitId": "-"
        },
        "content": "The following sequence diagram shows how the undo operation works:"
      },
      {
        "lineNumber": 195,
        "author": {
          "gitId": "-"
        },
        "content": ""
      },
      {
        "lineNumber": 196,
        "author": {
          "gitId": "-"
        },
        "content": "image::UndoSequenceDiagram.png[]"
      },
      {
        "lineNumber": 197,
        "author": {
          "gitId": "-"
        },
        "content": ""
      },
      {
        "lineNumber": 198,
        "author": {
          "gitId": "-"
        },
        "content": "NOTE: The lifeline for `UndoCommand` should end at the destroy marker (X) but due to a limitation of PlantUML, the lifeline reaches the end of diagram."
      },
      {
        "lineNumber": 199,
        "author": {
          "gitId": "-"
        },
        "content": ""
      },
      {
        "lineNumber": 200,
        "author": {
          "gitId": "-"
        },
        "content": "The `redo` command does the opposite -- it calls `Model#redoAddressBook()`, which shifts the `currentStatePointer` once to the right, pointing to the previously undone state, and restores the address book to that state."
      },
      {
        "lineNumber": 201,
        "author": {
          "gitId": "-"
        },
        "content": ""
      },
      {
        "lineNumber": 202,
        "author": {
          "gitId": "-"
        },
        "content": "[NOTE]"
      },
      {
        "lineNumber": 203,
        "author": {
          "gitId": "-"
        },
        "content": "If the `currentStatePointer` is at index `addressBookStateList.size() - 1`, pointing to the latest address book state, then there are no undone address book states to restore. The `redo` command uses `Model#canRedoAddressBook()` to check if this is the case. If so, it will return an error to the user rather than attempting to perform the redo."
      },
      {
        "lineNumber": 204,
        "author": {
          "gitId": "-"
        },
        "content": ""
      },
      {
        "lineNumber": 205,
        "author": {
          "gitId": "-"
        },
        "content": "Step 5. The user then decides to execute the command `list`. Commands that do not modify the address book, such as `list`, will usually not call `Model#commitAddressBook()`, `Model#undoAddressBook()` or `Model#redoAddressBook()`. Thus, the `addressBookStateList` remains unchanged."
      },
      {
        "lineNumber": 206,
        "author": {
          "gitId": "-"
        },
        "content": ""
      },
      {
        "lineNumber": 207,
        "author": {
          "gitId": "-"
        },
        "content": "image::UndoRedoState4.png[]"
      },
      {
        "lineNumber": 208,
        "author": {
          "gitId": "-"
        },
        "content": ""
      },
      {
        "lineNumber": 209,
        "author": {
          "gitId": "-"
        },
        "content": "Step 6. The user executes `clear`, which calls `Model#commitAddressBook()`. Since the `currentStatePointer` is not pointing at the end of the `addressBookStateList`, all address book states after the `currentStatePointer` will be purged. We designed it this way because it no longer makes sense to redo the `add n/David ...` command. This is the behavior that most modern desktop applications follow."
      },
      {
        "lineNumber": 210,
        "author": {
          "gitId": "-"
        },
        "content": ""
      },
      {
        "lineNumber": 211,
        "author": {
          "gitId": "-"
        },
        "content": "image::UndoRedoState5.png[]"
      },
      {
        "lineNumber": 212,
        "author": {
          "gitId": "-"
        },
        "content": ""
      },
      {
        "lineNumber": 213,
        "author": {
          "gitId": "-"
        },
        "content": "The following activity diagram summarizes what happens when a user executes a new command:"
      },
      {
        "lineNumber": 214,
        "author": {
          "gitId": "-"
        },
        "content": ""
      },
      {
        "lineNumber": 215,
        "author": {
          "gitId": "-"
        },
        "content": "image::CommitActivityDiagram.png[]"
      },
      {
        "lineNumber": 216,
        "author": {
          "gitId": "-"
        },
        "content": ""
      },
      {
        "lineNumber": 217,
        "author": {
          "gitId": "-"
        },
        "content": "\u003d\u003d\u003d\u003d Design Considerations"
      },
      {
        "lineNumber": 218,
        "author": {
          "gitId": "-"
        },
        "content": ""
      },
      {
        "lineNumber": 219,
        "author": {
          "gitId": "-"
        },
        "content": "\u003d\u003d\u003d\u003d\u003d Aspect: How undo \u0026 redo executes"
      },
      {
        "lineNumber": 220,
        "author": {
          "gitId": "-"
        },
        "content": ""
      },
      {
        "lineNumber": 221,
        "author": {
          "gitId": "-"
        },
        "content": "* **Alternative 1 (current choice):** Saves the entire address book."
      },
      {
        "lineNumber": 222,
        "author": {
          "gitId": "-"
        },
        "content": "** Pros: Easy to implement."
      },
      {
        "lineNumber": 223,
        "author": {
          "gitId": "-"
        },
        "content": "** Cons: May have performance issues in terms of memory usage."
      },
      {
        "lineNumber": 224,
        "author": {
          "gitId": "-"
        },
        "content": "* **Alternative 2:** Individual command knows how to undo/redo by itself."
      },
      {
        "lineNumber": 225,
        "author": {
          "gitId": "-"
        },
        "content": "** Pros: Will use less memory (e.g. for `delete`, just save the person being deleted)."
      },
      {
        "lineNumber": 226,
        "author": {
          "gitId": "-"
        },
        "content": "** Cons: We must ensure that the implementation of each individual command are correct."
      },
      {
        "lineNumber": 227,
        "author": {
          "gitId": "-"
        },
        "content": ""
      },
      {
        "lineNumber": 228,
        "author": {
          "gitId": "-"
        },
        "content": "\u003d\u003d\u003d\u003d\u003d Aspect: Data structure to support the undo/redo commands"
      },
      {
        "lineNumber": 229,
        "author": {
          "gitId": "-"
        },
        "content": ""
      },
      {
        "lineNumber": 230,
        "author": {
          "gitId": "-"
        },
        "content": "* **Alternative 1 (current choice):** Use a list to store the history of address book states."
      },
      {
        "lineNumber": 231,
        "author": {
          "gitId": "-"
        },
        "content": "** Pros: Easy for new Computer Science student undergraduates to understand, who are likely to be the new incoming developers of our project."
      },
      {
        "lineNumber": 232,
        "author": {
          "gitId": "-"
        },
        "content": "** Cons: Logic is duplicated twice. For example, when a new command is executed, we must remember to update both `HistoryManager` and `VersionedAddressBook`."
      },
      {
        "lineNumber": 233,
        "author": {
          "gitId": "-"
        },
        "content": "* **Alternative 2:** Use `HistoryManager` for undo/redo"
      },
      {
        "lineNumber": 234,
        "author": {
          "gitId": "-"
        },
        "content": "** Pros: We do not need to maintain a separate list, and just reuse what is already in the codebase."
      },
      {
        "lineNumber": 235,
        "author": {
          "gitId": "-"
        },
        "content": "** Cons: Requires dealing with commands that have already been undone: We must remember to skip these commands. Violates Single Responsibility Principle and Separation of Concerns as `HistoryManager` now needs to do two different things."
      },
      {
        "lineNumber": 236,
        "author": {
          "gitId": "-"
        },
        "content": "// end::undoredo[]"
      },
      {
        "lineNumber": 237,
        "author": {
          "gitId": "-"
        },
        "content": ""
      },
      {
        "lineNumber": 238,
        "author": {
          "gitId": "-"
        },
        "content": "// tag::dataencryption[]"
      },
      {
        "lineNumber": 239,
        "author": {
          "gitId": "-"
        },
        "content": "\u003d\u003d\u003d [Proposed] Data Encryption"
      },
      {
        "lineNumber": 240,
        "author": {
          "gitId": "-"
        },
        "content": ""
      },
      {
        "lineNumber": 241,
        "author": {
          "gitId": "-"
        },
        "content": "_{Explain here how the data encryption feature will be implemented}_"
      },
      {
        "lineNumber": 242,
        "author": {
          "gitId": "-"
        },
        "content": ""
      },
      {
        "lineNumber": 243,
        "author": {
          "gitId": "-"
        },
        "content": "// end::dataencryption[]"
      },
      {
        "lineNumber": 244,
        "author": {
          "gitId": "-"
        },
        "content": ""
      },
      {
        "lineNumber": 245,
        "author": {
          "gitId": "-"
        },
        "content": "\u003d\u003d\u003d Logging"
      },
      {
        "lineNumber": 246,
        "author": {
          "gitId": "-"
        },
        "content": ""
      },
      {
        "lineNumber": 247,
        "author": {
          "gitId": "-"
        },
        "content": "We are using `java.util.logging` package for logging. The `LogsCenter` class is used to manage the logging levels and logging destinations."
      },
      {
        "lineNumber": 248,
        "author": {
          "gitId": "-"
        },
        "content": ""
      },
      {
        "lineNumber": 249,
        "author": {
          "gitId": "-"
        },
        "content": "* The logging level can be controlled using the `logLevel` setting in the configuration file (See \u003c\u003cImplementation-Configuration\u003e\u003e)"
      },
      {
        "lineNumber": 250,
        "author": {
          "gitId": "-"
        },
        "content": "* The `Logger` for a class can be obtained using `LogsCenter.getLogger(Class)` which will log messages according to the specified logging level"
      },
      {
        "lineNumber": 251,
        "author": {
          "gitId": "-"
        },
        "content": "* Currently log messages are output through: `Console` and to a `.log` file."
      },
      {
        "lineNumber": 252,
        "author": {
          "gitId": "-"
        },
        "content": ""
      },
      {
        "lineNumber": 253,
        "author": {
          "gitId": "-"
        },
        "content": "*Logging Levels*"
      },
      {
        "lineNumber": 254,
        "author": {
          "gitId": "-"
        },
        "content": ""
      },
      {
        "lineNumber": 255,
        "author": {
          "gitId": "-"
        },
        "content": "* `SEVERE` : Critical problem detected which may possibly cause the termination of the application"
      },
      {
        "lineNumber": 256,
        "author": {
          "gitId": "-"
        },
        "content": "* `WARNING` : Can continue, but with caution"
      },
      {
        "lineNumber": 257,
        "author": {
          "gitId": "-"
        },
        "content": "* `INFO` : Information showing the noteworthy actions by the App"
      },
      {
        "lineNumber": 258,
        "author": {
          "gitId": "-"
        },
        "content": "* `FINE` : Details that is not usually noteworthy but may be useful in debugging e.g. print the actual list instead of just its size"
      },
      {
        "lineNumber": 259,
        "author": {
          "gitId": "-"
        },
        "content": ""
      },
      {
        "lineNumber": 260,
        "author": {
          "gitId": "-"
        },
        "content": "[[Implementation-Configuration]]"
      },
      {
        "lineNumber": 261,
        "author": {
          "gitId": "-"
        },
        "content": "\u003d\u003d\u003d Configuration"
      },
      {
        "lineNumber": 262,
        "author": {
          "gitId": "-"
        },
        "content": ""
      },
      {
        "lineNumber": 263,
        "author": {
          "gitId": "-"
        },
        "content": "Certain properties of the application can be controlled (e.g user prefs file location, logging level) through the configuration file (default: `config.json`)."
      },
      {
        "lineNumber": 264,
        "author": {
          "gitId": "-"
        },
        "content": ""
      },
      {
        "lineNumber": 265,
        "author": {
          "gitId": "-"
        },
        "content": "\u003d\u003d Documentation"
      },
      {
        "lineNumber": 266,
        "author": {
          "gitId": "-"
        },
        "content": ""
      },
      {
        "lineNumber": 267,
        "author": {
          "gitId": "-"
        },
        "content": "Refer to the guide \u003c\u003cDocumentation#, here\u003e\u003e."
      },
      {
        "lineNumber": 268,
        "author": {
          "gitId": "-"
        },
        "content": ""
      },
      {
        "lineNumber": 269,
        "author": {
          "gitId": "-"
        },
        "content": "\u003d\u003d Testing"
      },
      {
        "lineNumber": 270,
        "author": {
          "gitId": "-"
        },
        "content": ""
      },
      {
        "lineNumber": 271,
        "author": {
          "gitId": "-"
        },
        "content": "Refer to the guide \u003c\u003cTesting#, here\u003e\u003e."
      },
      {
        "lineNumber": 272,
        "author": {
          "gitId": "-"
        },
        "content": ""
      },
      {
        "lineNumber": 273,
        "author": {
          "gitId": "-"
        },
        "content": "\u003d\u003d Dev Ops"
      },
      {
        "lineNumber": 274,
        "author": {
          "gitId": "-"
        },
        "content": ""
      },
      {
        "lineNumber": 275,
        "author": {
          "gitId": "-"
        },
        "content": "Refer to the guide \u003c\u003cDevOps#, here\u003e\u003e."
      },
      {
        "lineNumber": 276,
        "author": {
          "gitId": "-"
        },
        "content": ""
      },
      {
        "lineNumber": 277,
        "author": {
          "gitId": "-"
        },
        "content": "[appendix]"
      },
      {
        "lineNumber": 278,
        "author": {
          "gitId": "-"
        },
        "content": "\u003d\u003d Product Scope"
      },
      {
        "lineNumber": 279,
        "author": {
          "gitId": "-"
        },
        "content": ""
      },
      {
        "lineNumber": 280,
        "author": {
          "gitId": "-"
        },
        "content": "*Target user profile*:"
      },
      {
        "lineNumber": 281,
        "author": {
          "gitId": "-"
        },
        "content": ""
      },
      {
        "lineNumber": 282,
        "author": {
          "gitId": "geshuming"
        },
        "content": "* is a student of National University of Singapore (NUS)"
      },
      {
        "lineNumber": 283,
        "author": {
          "gitId": "geshuming"
        },
        "content": "* prefer desktop apps over web apps"
      },
      {
        "lineNumber": 284,
        "author": {
          "gitId": "-"
        },
        "content": "* can type fast"
      },
      {
        "lineNumber": 285,
        "author": {
          "gitId": "-"
        },
        "content": "* prefers typing over mouse input"
      },
      {
        "lineNumber": 286,
        "author": {
          "gitId": "-"
        },
        "content": "* is reasonably comfortable using CLI apps"
      },
      {
        "lineNumber": 287,
        "author": {
          "gitId": "-"
        },
        "content": ""
      },
      {
        "lineNumber": 288,
        "author": {
          "gitId": "geshuming"
        },
        "content": "*Value proposition*: manage modules faster and with less hassle than the traditional web apps deployed by the institution"
      },
      {
        "lineNumber": 289,
        "author": {
          "gitId": "-"
        },
        "content": ""
      },
      {
        "lineNumber": 290,
        "author": {
          "gitId": "-"
        },
        "content": "[appendix]"
      },
      {
        "lineNumber": 291,
        "author": {
          "gitId": "-"
        },
        "content": "\u003d\u003d User Stories"
      },
      {
        "lineNumber": 292,
        "author": {
          "gitId": "-"
        },
        "content": ""
      },
      {
        "lineNumber": 293,
        "author": {
          "gitId": "-"
        },
        "content": "Priorities: High (must have) - `* * \\*`, Medium (nice to have) - `* \\*`, Low (unlikely to have) - `*`"
      },
      {
        "lineNumber": 294,
        "author": {
          "gitId": "-"
        },
        "content": ""
      },
      {
        "lineNumber": 295,
        "author": {
          "gitId": "-"
        },
        "content": "[width\u003d\"59%\",cols\u003d\"22%,\u003c23%,\u003c25%,\u003c30%\",options\u003d\"header\",]"
      },
      {
        "lineNumber": 296,
        "author": {
          "gitId": "-"
        },
        "content": "|\u003d\u003d\u003d\u003d\u003d\u003d\u003d\u003d\u003d\u003d\u003d\u003d\u003d\u003d\u003d\u003d\u003d\u003d\u003d\u003d\u003d\u003d\u003d\u003d\u003d\u003d\u003d\u003d\u003d\u003d\u003d\u003d\u003d\u003d\u003d\u003d\u003d\u003d\u003d\u003d\u003d\u003d\u003d\u003d\u003d\u003d\u003d\u003d\u003d\u003d\u003d\u003d\u003d\u003d\u003d\u003d\u003d\u003d\u003d\u003d\u003d\u003d\u003d\u003d\u003d\u003d\u003d\u003d\u003d\u003d\u003d"
      },
      {
        "lineNumber": 297,
        "author": {
          "gitId": "-"
        },
        "content": "|Priority |As a ... |I want to ... |So that I can..."
      },
      {
        "lineNumber": 298,
        "author": {
          "gitId": "-"
        },
        "content": "|`* * *` |new user |see usage instructions |refer to instructions when I forget how to use the App"
      },
      {
        "lineNumber": 299,
        "author": {
          "gitId": "-"
        },
        "content": ""
      },
      {
        "lineNumber": 300,
        "author": {
          "gitId": "geshuming"
        },
        "content": "|`* * *` |user |track a module I\u0027m currently taking |"
      },
      {
        "lineNumber": 301,
        "author": {
          "gitId": "-"
        },
        "content": ""
      },
      {
        "lineNumber": 302,
        "author": {
          "gitId": "geshuming"
        },
        "content": "|`* * *` |user |untrack a module |remove entries that I no longer need"
      },
      {
        "lineNumber": 303,
        "author": {
          "gitId": "-"
        },
        "content": ""
      },
      {
        "lineNumber": 304,
        "author": {
          "gitId": "geshuming"
        },
        "content": "|`* * *` |user |find a module |locate details of modules that NUS provides"
      },
      {
        "lineNumber": 305,
        "author": {
          "gitId": "-"
        },
        "content": ""
      },
      {
        "lineNumber": 306,
        "author": {
          "gitId": "geshuming"
        },
        "content": "|`* * *` |curious student |view a module\u0027s details |check out if I want to take the module"
      },
      {
        "lineNumber": 307,
        "author": {
          "gitId": "geshuming"
        },
        "content": ""
      },
      {
        "lineNumber": 308,
        "author": {
          "gitId": "geshuming"
        },
        "content": "|`* * *` |busy student |manage deadlines |keep track of my assignments and tasks"
      },
      {
        "lineNumber": 309,
        "author": {
          "gitId": "geshuming"
        },
        "content": ""
      },
      {
        "lineNumber": 310,
        "author": {
          "gitId": "geshuming"
        },
        "content": "|`* * *` |organized student |manage my grades |know roughly how well I\u0027m doing in the module"
      },
      {
        "lineNumber": 311,
        "author": {
          "gitId": "geshuming"
        },
        "content": ""
      },
      {
        "lineNumber": 312,
        "author": {
          "gitId": "geshuming"
        },
        "content": "|`* *` |new student |schedule my modules |plan how to approach my future focus areas"
      },
      {
        "lineNumber": 313,
        "author": {
          "gitId": "geshuming"
        },
        "content": ""
      },
      {
        "lineNumber": 314,
        "author": {
          "gitId": "geshuming"
        },
        "content": "|`* *` |graduating student |check what modules I need to complete |"
      },
      {
        "lineNumber": 315,
        "author": {
          "gitId": "geshuming"
        },
        "content": ""
      },
      {
        "lineNumber": 316,
        "author": {
          "gitId": "geshuming"
        },
        "content": "|`* *` |computing student |plan my focus area modules |choose a specialization"
      },
      {
        "lineNumber": 317,
        "author": {
          "gitId": "geshuming"
        },
        "content": ""
      },
      {
        "lineNumber": 318,
        "author": {
          "gitId": "geshuming"
        },
        "content": "|`* *` |competitive student |calculate my GPA |"
      },
      {
        "lineNumber": 319,
        "author": {
          "gitId": "geshuming"
        },
        "content": ""
      },
      {
        "lineNumber": 320,
        "author": {
          "gitId": "geshuming"
        },
        "content": "|`* *` |busy student |prioritize certain modules (and their deadlines) |manage my time better"
      },
      {
        "lineNumber": 321,
        "author": {
          "gitId": "geshuming"
        },
        "content": ""
      },
      {
        "lineNumber": 322,
        "author": {
          "gitId": "geshuming"
        },
        "content": "|`* *` |organized student |manage files related to a module |add and tag files"
      },
      {
        "lineNumber": 323,
        "author": {
          "gitId": "geshuming"
        },
        "content": ""
      },
      {
        "lineNumber": 324,
        "author": {
          "gitId": "geshuming"
        },
        "content": "|`* *` |student |catalog past modules |access the content conveniently"
      },
      {
        "lineNumber": 325,
        "author": {
          "gitId": "geshuming"
        },
        "content": ""
      },
      {
        "lineNumber": 326,
        "author": {
          "gitId": "geshuming"
        },
        "content": "|`*` |student |generate a sample module planner |plan my modules"
      },
      {
        "lineNumber": 327,
        "author": {
          "gitId": "geshuming"
        },
        "content": ""
      },
      {
        "lineNumber": 328,
        "author": {
          "gitId": "geshuming"
        },
        "content": "|`*` |hardworking student |access past exam papers |"
      },
      {
        "lineNumber": 329,
        "author": {
          "gitId": "-"
        },
        "content": ""
      },
      {
        "lineNumber": 330,
        "author": {
          "gitId": "-"
        },
        "content": "|\u003d\u003d\u003d\u003d\u003d\u003d\u003d\u003d\u003d\u003d\u003d\u003d\u003d\u003d\u003d\u003d\u003d\u003d\u003d\u003d\u003d\u003d\u003d\u003d\u003d\u003d\u003d\u003d\u003d\u003d\u003d\u003d\u003d\u003d\u003d\u003d\u003d\u003d\u003d\u003d\u003d\u003d\u003d\u003d\u003d\u003d\u003d\u003d\u003d\u003d\u003d\u003d\u003d\u003d\u003d\u003d\u003d\u003d\u003d\u003d\u003d\u003d\u003d\u003d\u003d\u003d\u003d\u003d\u003d\u003d\u003d"
      },
      {
        "lineNumber": 331,
        "author": {
          "gitId": "-"
        },
        "content": ""
      },
      {
        "lineNumber": 332,
        "author": {
          "gitId": "-"
        },
        "content": "_{More to be added}_"
      },
      {
        "lineNumber": 333,
        "author": {
          "gitId": "-"
        },
        "content": ""
      },
      {
        "lineNumber": 334,
        "author": {
          "gitId": "-"
        },
        "content": "[appendix]"
      },
      {
        "lineNumber": 335,
        "author": {
          "gitId": "-"
        },
        "content": "\u003d\u003d Use Cases"
      },
      {
        "lineNumber": 336,
        "author": {
          "gitId": "-"
        },
        "content": ""
      },
      {
        "lineNumber": 337,
        "author": {
          "gitId": "geshuming"
        },
        "content": "(For all use cases below, the *System* is the `ModuleBook` and the *Actor* is the `user`, unless specified otherwise)"
      },
      {
        "lineNumber": 338,
        "author": {
          "gitId": "-"
        },
        "content": ""
      },
      {
        "lineNumber": 339,
        "author": {
          "gitId": "-"
        },
        "content": "[discrete]"
      },
      {
        "lineNumber": 340,
        "author": {
          "gitId": "geshuming"
        },
        "content": "\u003d\u003d\u003d Use case: Find and Track a Module"
      },
      {
        "lineNumber": 341,
        "author": {
          "gitId": "-"
        },
        "content": ""
      },
      {
        "lineNumber": 342,
        "author": {
          "gitId": "-"
        },
        "content": "*MSS*"
      },
      {
        "lineNumber": 343,
        "author": {
          "gitId": "-"
        },
        "content": ""
      },
      {
        "lineNumber": 344,
        "author": {
          "gitId": "geshuming"
        },
        "content": "1.  User requests to find a module with incomplete keyword (e.g. \u0027CS2\u0027)"
      },
      {
        "lineNumber": 345,
        "author": {
          "gitId": "geshuming"
        },
        "content": "2.  ModuleBook shows a list of modules matching the keyword (e.g. \u0027CS2030, CS2040, CS2100, CS2101, etc.\u0027)"
      },
      {
        "lineNumber": 346,
        "author": {
          "gitId": "geshuming"
        },
        "content": "3.  User requests to track a module"
      },
      {
        "lineNumber": 347,
        "author": {
          "gitId": "geshuming"
        },
        "content": "4.  ModuleBook tracks the module"
      },
      {
        "lineNumber": 348,
        "author": {
          "gitId": "-"
        },
        "content": "+"
      },
      {
        "lineNumber": 349,
        "author": {
          "gitId": "-"
        },
        "content": "Use case ends."
      },
      {
        "lineNumber": 350,
        "author": {
          "gitId": "-"
        },
        "content": ""
      },
      {
        "lineNumber": 351,
        "author": {
          "gitId": "geshuming"
        },
        "content": "[discrete]"
      },
      {
        "lineNumber": 352,
        "author": {
          "gitId": "geshuming"
        },
        "content": "\u003d\u003d\u003d Use case: Add a deadline for a tracked module"
      },
      {
        "lineNumber": 353,
        "author": {
          "gitId": "-"
        },
        "content": ""
      },
      {
        "lineNumber": 354,
        "author": {
          "gitId": "geshuming"
        },
        "content": "*MSS*"
      },
      {
        "lineNumber": 355,
        "author": {
          "gitId": "geshuming"
        },
        "content": ""
      },
      {
        "lineNumber": 356,
        "author": {
          "gitId": "geshuming"
        },
        "content": "1.  User requests to view the specific tracked module"
      },
      {
        "lineNumber": 357,
        "author": {
          "gitId": "geshuming"
        },
        "content": "2.  ModuleBook displays the module details"
      },
      {
        "lineNumber": 358,
        "author": {
          "gitId": "geshuming"
        },
        "content": "3.  User requests to add a deadline"
      },
      {
        "lineNumber": 359,
        "author": {
          "gitId": "geshuming"
        },
        "content": "4.  ModuleBook adds the deadline"
      },
      {
        "lineNumber": 360,
        "author": {
          "gitId": "-"
        },
        "content": "+"
      },
      {
        "lineNumber": 361,
        "author": {
          "gitId": "-"
        },
        "content": "Use case ends."
      },
      {
        "lineNumber": 362,
        "author": {
          "gitId": "-"
        },
        "content": ""
      },
      {
        "lineNumber": 363,
        "author": {
          "gitId": "geshuming"
        },
        "content": "*Extensions*"
      },
      {
        "lineNumber": 364,
        "author": {
          "gitId": "geshuming"
        },
        "content": ""
      },
      {
        "lineNumber": 365,
        "author": {
          "gitId": "geshuming"
        },
        "content": "[none]"
      },
      {
        "lineNumber": 366,
        "author": {
          "gitId": "geshuming"
        },
        "content": "* 2a. The module is not currently tracked"
      },
      {
        "lineNumber": 367,
        "author": {
          "gitId": "geshuming"
        },
        "content": "[none]"
      },
      {
        "lineNumber": 368,
        "author": {
          "gitId": "geshuming"
        },
        "content": "** 2a1. User requests to track the module"
      },
      {
        "lineNumber": 369,
        "author": {
          "gitId": "geshuming"
        },
        "content": "** 2a2. The module is now tracked"
      },
      {
        "lineNumber": 370,
        "author": {
          "gitId": "geshuming"
        },
        "content": ""
      },
      {
        "lineNumber": 371,
        "author": {
          "gitId": "-"
        },
        "content": "+"
      },
      {
        "lineNumber": 372,
        "author": {
          "gitId": "geshuming"
        },
        "content": "Use case resumes at step 3"
      },
      {
        "lineNumber": 373,
        "author": {
          "gitId": "geshuming"
        },
        "content": ""
      },
      {
        "lineNumber": 374,
        "author": {
          "gitId": "geshuming"
        },
        "content": "[%hardbreaks]"
      },
      {
        "lineNumber": 375,
        "author": {
          "gitId": "-"
        },
        "content": "[none]"
      },
      {
        "lineNumber": 376,
        "author": {
          "gitId": "geshuming"
        },
        "content": "* 3a. ModuleBook requests for a description"
      },
      {
        "lineNumber": 377,
        "author": {
          "gitId": "geshuming"
        },
        "content": "[none]"
      },
      {
        "lineNumber": 378,
        "author": {
          "gitId": "geshuming"
        },
        "content": "** 3a1. User provides a description"
      },
      {
        "lineNumber": 379,
        "author": {
          "gitId": "geshuming"
        },
        "content": "** 3a2. ModuleBook requests for a datetime"
      },
      {
        "lineNumber": 380,
        "author": {
          "gitId": "geshuming"
        },
        "content": "** 3a3. User provides a datetime"
      },
      {
        "lineNumber": 381,
        "author": {
          "gitId": "geshuming"
        },
        "content": ""
      },
      {
        "lineNumber": 382,
        "author": {
          "gitId": "-"
        },
        "content": "+"
      },
      {
        "lineNumber": 383,
        "author": {
          "gitId": "geshuming"
        },
        "content": "Use case resumes at step 4."
      },
      {
        "lineNumber": 384,
        "author": {
          "gitId": "-"
        },
        "content": ""
      },
      {
        "lineNumber": 385,
        "author": {
          "gitId": "-"
        },
        "content": "_{More to be added}_"
      },
      {
        "lineNumber": 386,
        "author": {
          "gitId": "-"
        },
        "content": ""
      },
      {
        "lineNumber": 387,
        "author": {
          "gitId": "-"
        },
        "content": "[appendix]"
      },
      {
        "lineNumber": 388,
        "author": {
          "gitId": "-"
        },
        "content": "\u003d\u003d Non Functional Requirements"
      },
      {
        "lineNumber": 389,
        "author": {
          "gitId": "-"
        },
        "content": ""
      },
      {
        "lineNumber": 390,
        "author": {
          "gitId": "-"
        },
        "content": ".  Should work on any \u003c\u003cmainstream-os,mainstream OS\u003e\u003e as long as it has Java `11` or above installed."
      },
      {
        "lineNumber": 391,
        "author": {
          "gitId": "-"
        },
        "content": ".  A user with above average typing speed for regular English text (i.e. not code, not system admin commands) should be able to accomplish most of the tasks faster using commands than using the mouse."
      },
      {
        "lineNumber": 392,
        "author": {
          "gitId": "-"
        },
        "content": ""
      },
      {
        "lineNumber": 393,
        "author": {
          "gitId": "-"
        },
        "content": "_{More to be added}_"
      },
      {
        "lineNumber": 394,
        "author": {
          "gitId": "-"
        },
        "content": ""
      },
      {
        "lineNumber": 395,
        "author": {
          "gitId": "-"
        },
        "content": "[appendix]"
      },
      {
        "lineNumber": 396,
        "author": {
          "gitId": "-"
        },
        "content": "\u003d\u003d Glossary"
      },
      {
        "lineNumber": 397,
        "author": {
          "gitId": "-"
        },
        "content": ""
      },
      {
        "lineNumber": 398,
        "author": {
          "gitId": "-"
        },
        "content": "[[mainstream-os]] Mainstream OS::"
      },
      {
        "lineNumber": 399,
        "author": {
          "gitId": "-"
        },
        "content": "Windows, Linux, Unix, OS-X"
      },
      {
        "lineNumber": 400,
        "author": {
          "gitId": "-"
        },
        "content": ""
      },
      {
        "lineNumber": 401,
        "author": {
          "gitId": "-"
        },
        "content": "[appendix]"
      },
      {
        "lineNumber": 402,
        "author": {
          "gitId": "-"
        },
        "content": "\u003d\u003d Product Survey"
      },
      {
        "lineNumber": 403,
        "author": {
          "gitId": "-"
        },
        "content": ""
      },
      {
        "lineNumber": 404,
        "author": {
          "gitId": "geshuming"
        },
        "content": "LumiNUS"
      },
      {
        "lineNumber": 405,
        "author": {
          "gitId": "geshuming"
        },
        "content": ""
      },
      {
        "lineNumber": 406,
        "author": {
          "gitId": "geshuming"
        },
        "content": "Pros:"
      },
      {
        "lineNumber": 407,
        "author": {
          "gitId": "geshuming"
        },
        "content": ""
      },
      {
        "lineNumber": 408,
        "author": {
          "gitId": "geshuming"
        },
        "content": "* Good deadline system"
      },
      {
        "lineNumber": 409,
        "author": {
          "gitId": "geshuming"
        },
        "content": "* Working file management system"
      },
      {
        "lineNumber": 410,
        "author": {
          "gitId": "geshuming"
        },
        "content": ""
      },
      {
        "lineNumber": 411,
        "author": {
          "gitId": "geshuming"
        },
        "content": "Cons:"
      },
      {
        "lineNumber": 412,
        "author": {
          "gitId": "geshuming"
        },
        "content": ""
      },
      {
        "lineNumber": 413,
        "author": {
          "gitId": "geshuming"
        },
        "content": "* A lot of GUI navigation involved"
      },
      {
        "lineNumber": 414,
        "author": {
          "gitId": "geshuming"
        },
        "content": "* Cannot add user-generated deadlines"
      },
      {
        "lineNumber": 415,
        "author": {
          "gitId": "geshuming"
        },
        "content": "* Cannot view past module details or content"
      },
      {
        "lineNumber": 416,
        "author": {
          "gitId": "geshuming"
        },
        "content": ""
      },
      {
        "lineNumber": 417,
        "author": {
          "gitId": "geshuming"
        },
        "content": "\u0027\u0027\u0027"
      },
      {
        "lineNumber": 418,
        "author": {
          "gitId": "-"
        },
        "content": ""
      },
      {
        "lineNumber": 419,
        "author": {
          "gitId": "geshuming"
        },
        "content": "NUSMods"
      },
      {
        "lineNumber": 420,
        "author": {
          "gitId": "-"
        },
        "content": ""
      },
      {
        "lineNumber": 421,
        "author": {
          "gitId": "-"
        },
        "content": "Pros:"
      },
      {
        "lineNumber": 422,
        "author": {
          "gitId": "-"
        },
        "content": ""
      },
      {
        "lineNumber": 423,
        "author": {
          "gitId": "geshuming"
        },
        "content": "* Easy to use and powerful module search feature"
      },
      {
        "lineNumber": 424,
        "author": {
          "gitId": "geshuming"
        },
        "content": "* Modules come with schedules for tutorials, lectures, etc"
      },
      {
        "lineNumber": 425,
        "author": {
          "gitId": "-"
        },
        "content": ""
      },
      {
        "lineNumber": 426,
        "author": {
          "gitId": "-"
        },
        "content": "Cons:"
      },
      {
        "lineNumber": 427,
        "author": {
          "gitId": "-"
        },
        "content": ""
      },
      {
        "lineNumber": 428,
        "author": {
          "gitId": "geshuming"
        },
        "content": "* Not applicable for managing modules (such as deadlines, grades)"
      },
      {
        "lineNumber": 429,
        "author": {
          "gitId": "-"
        },
        "content": ""
      },
      {
        "lineNumber": 430,
        "author": {
          "gitId": "-"
        },
        "content": "[appendix]"
      },
      {
        "lineNumber": 431,
        "author": {
          "gitId": "-"
        },
        "content": "\u003d\u003d Instructions for Manual Testing"
      },
      {
        "lineNumber": 432,
        "author": {
          "gitId": "-"
        },
        "content": ""
      },
      {
        "lineNumber": 433,
        "author": {
          "gitId": "-"
        },
        "content": "Given below are instructions to test the app manually."
      },
      {
        "lineNumber": 434,
        "author": {
          "gitId": "-"
        },
        "content": ""
      },
      {
        "lineNumber": 435,
        "author": {
          "gitId": "-"
        },
        "content": "[NOTE]"
      },
      {
        "lineNumber": 436,
        "author": {
          "gitId": "-"
        },
        "content": "These instructions only provide a starting point for testers to work on; testers are expected to do more _exploratory_ testing."
      },
      {
        "lineNumber": 437,
        "author": {
          "gitId": "-"
        },
        "content": ""
      },
      {
        "lineNumber": 438,
        "author": {
          "gitId": "-"
        },
        "content": "\u003d\u003d\u003d Launch and Shutdown"
      },
      {
        "lineNumber": 439,
        "author": {
          "gitId": "-"
        },
        "content": ""
      },
      {
        "lineNumber": 440,
        "author": {
          "gitId": "-"
        },
        "content": ". Initial launch"
      },
      {
        "lineNumber": 441,
        "author": {
          "gitId": "-"
        },
        "content": ""
      },
      {
        "lineNumber": 442,
        "author": {
          "gitId": "-"
        },
        "content": ".. Download the jar file and copy into an empty folder"
      },
      {
        "lineNumber": 443,
        "author": {
          "gitId": "-"
        },
        "content": ".. Double-click the jar file +"
      },
      {
        "lineNumber": 444,
        "author": {
          "gitId": "-"
        },
        "content": "   Expected: Shows the GUI with a set of sample contacts. The window size may not be optimum."
      },
      {
        "lineNumber": 445,
        "author": {
          "gitId": "-"
        },
        "content": ""
      },
      {
        "lineNumber": 446,
        "author": {
          "gitId": "-"
        },
        "content": ". Saving window preferences"
      },
      {
        "lineNumber": 447,
        "author": {
          "gitId": "-"
        },
        "content": ""
      },
      {
        "lineNumber": 448,
        "author": {
          "gitId": "-"
        },
        "content": ".. Resize the window to an optimum size. Move the window to a different location. Close the window."
      },
      {
        "lineNumber": 449,
        "author": {
          "gitId": "-"
        },
        "content": ".. Re-launch the app by double-clicking the jar file. +"
      },
      {
        "lineNumber": 450,
        "author": {
          "gitId": "-"
        },
        "content": "   Expected: The most recent window size and location is retained."
      },
      {
        "lineNumber": 451,
        "author": {
          "gitId": "-"
        },
        "content": ""
      },
      {
        "lineNumber": 452,
        "author": {
          "gitId": "-"
        },
        "content": "_{ more test cases ... }_"
      },
      {
        "lineNumber": 453,
        "author": {
          "gitId": "-"
        },
        "content": ""
      },
      {
        "lineNumber": 454,
        "author": {
          "gitId": "-"
        },
        "content": "\u003d\u003d\u003d Deleting a person"
      },
      {
        "lineNumber": 455,
        "author": {
          "gitId": "-"
        },
        "content": ""
      },
      {
        "lineNumber": 456,
        "author": {
          "gitId": "-"
        },
        "content": ". Deleting a person while all persons are listed"
      },
      {
        "lineNumber": 457,
        "author": {
          "gitId": "-"
        },
        "content": ""
      },
      {
        "lineNumber": 458,
        "author": {
          "gitId": "-"
        },
        "content": ".. Prerequisites: List all persons using the `list` command. Multiple persons in the list."
      },
      {
        "lineNumber": 459,
        "author": {
          "gitId": "-"
        },
        "content": ".. Test case: `delete 1` +"
      },
      {
        "lineNumber": 460,
        "author": {
          "gitId": "-"
        },
        "content": "   Expected: First contact is deleted from the list. Details of the deleted contact shown in the status message. Timestamp in the status bar is updated."
      },
      {
        "lineNumber": 461,
        "author": {
          "gitId": "-"
        },
        "content": ".. Test case: `delete 0` +"
      },
      {
        "lineNumber": 462,
        "author": {
          "gitId": "-"
        },
        "content": "   Expected: No person is deleted. Error details shown in the status message. Status bar remains the same."
      },
      {
        "lineNumber": 463,
        "author": {
          "gitId": "-"
        },
        "content": ".. Other incorrect delete commands to try: `delete`, `delete x` (where x is larger than the list size) _{give more}_ +"
      },
      {
        "lineNumber": 464,
        "author": {
          "gitId": "-"
        },
        "content": "   Expected: Similar to previous."
      },
      {
        "lineNumber": 465,
        "author": {
          "gitId": "-"
        },
        "content": ""
      },
      {
        "lineNumber": 466,
        "author": {
          "gitId": "-"
        },
        "content": "_{ more test cases ... }_"
      },
      {
        "lineNumber": 467,
        "author": {
          "gitId": "-"
        },
        "content": ""
      },
      {
        "lineNumber": 468,
        "author": {
          "gitId": "-"
        },
        "content": "\u003d\u003d\u003d Saving data"
      },
      {
        "lineNumber": 469,
        "author": {
          "gitId": "-"
        },
        "content": ""
      },
      {
        "lineNumber": 470,
        "author": {
          "gitId": "-"
        },
        "content": ". Dealing with missing/corrupted data files"
      },
      {
        "lineNumber": 471,
        "author": {
          "gitId": "-"
        },
        "content": ""
      },
      {
        "lineNumber": 472,
        "author": {
          "gitId": "-"
        },
        "content": ".. _{explain how to simulate a missing/corrupted file and the expected behavior}_"
      },
      {
        "lineNumber": 473,
        "author": {
          "gitId": "-"
        },
        "content": ""
      },
      {
        "lineNumber": 474,
        "author": {
          "gitId": "-"
        },
        "content": "_{ more test cases ... }_"
      }
    ],
    "authorContributionMap": {
      "geshuming": 82,
      "-": 392
    }
  }
]
