{
  "authorDailyContributionsMap": {
    "geshuming": [
      {
        "insertions": 2,
        "deletions": 4,
        "date": "2019-09-11",
        "commitResults": [
          {
            "hash": "2abf1bff4bbdec6c4dcc7ce991ff934f4b8026ce",
            "messageTitle": "Update Badges on Readme",
            "messageBody": "",
            "insertions": 2,
            "deletions": 4
          }
        ]
      }
    ],
    "Kzrthikz": [
      {
        "insertions": 1,
        "deletions": 2,
        "date": "2019-09-30",
        "commitResults": [
          {
            "hash": "d4eb5aa87833fa8c7e6fd4c787e5057d01e64761",
            "messageTitle": "Update Contact Us Page (#11)",
            "messageBody": "* null commit\r\n\r\n* null commit\r\n\r\n* contact us updated\r\n\r\n* updated contact-us\r\n",
            "insertions": 1,
            "deletions": 2
          }
        ]
      }
    ],
    "bitterg0d": [],
    "alexwxh": [],
    "CowSaysBaa": []
  },
  "authorFinalContributionMap": {
    "geshuming": 2,
    "Kzrthikz": 1,
    "bitterg0d": 0,
    "alexwxh": 0,
    "CowSaysBaa": 0
  },
  "authorFileTypeContributionMap": {
    "geshuming": {
      "docs": 2,
      "tests": 0,
      "functional": 0
    },
    "Kzrthikz": {
      "docs": 1,
      "tests": 0,
      "functional": 0
    },
    "bitterg0d": {
      "docs": 0,
      "tests": 0,
      "functional": 0
    },
    "alexwxh": {
      "docs": 0,
      "tests": 0,
      "functional": 0
    },
    "CowSaysBaa": {
      "docs": 0,
      "tests": 0,
      "functional": 0
    }
  },
  "authorContributionVariance": {
    "geshuming": 1.3823987,
    "Kzrthikz": 0.3456,
    "bitterg0d": 0.0,
    "alexwxh": 0.0,
    "CowSaysBaa": 0.0
  },
  "authorDisplayNameMap": {
    "geshuming": "CS2103T-W13-1 GE SH ... UMING",
    "Kzrthikz": "CS2103T-W13-1 MURUG ... THIKA",
    "bitterg0d": "CS2103T-W13-1 WANG  ... IRLEY",
    "alexwxh": "CS2103T-W13-1 WU XI ...  ALEX",
    "CowSaysBaa": "CS2103T-W13-1 GUO Z ...  ZILI"
  }
}
