{
  "authorDailyContributionsMap": {
    "geshuming": [
      {
        "insertions": 2,
        "deletions": 4,
        "date": "2019-09-11",
        "commitResults": [
          {
            "hash": "2abf1bff4bbdec6c4dcc7ce991ff934f4b8026ce",
            "messageTitle": "Update Badges on Readme",
            "messageBody": "",
            "insertions": 2,
            "deletions": 4
          }
        ]
      },
      {
        "insertions": 82,
        "deletions": 33,
        "date": "2019-10-01",
        "commitResults": [
          {
            "hash": "91460c508cc9579840c5a7d3007c7d2d3e9329f2",
            "messageTitle": "Update developer guide (#9)",
            "messageBody": "* Update Developer Guide\r\n\r\n* Update DeveloperGuide.adoc\r\n\r\n* Update DeveloperGuide.adoc\r\n",
            "insertions": 82,
            "deletions": 33
          }
        ]
      },
      {
        "insertions": 573,
        "deletions": 33,
        "date": "2019-10-12",
        "commitResults": [
          {
            "hash": "3b7484443e7c2f9559e789a164553c659413c324",
            "messageTitle": "Add archivedModules.json (#28)",
            "messageBody": "* Add archivedModules.json\r\n\r\n* Update README.adoc\r\n\r\n* Update archivedModules.json\r\n",
            "insertions": 3,
            "deletions": 0
          },
          {
            "hash": "7d758be6f80930ed60c3f5b71f6152d5cb238fcc",
            "messageTitle": "Add ArchivedModule and Storage support (#27)",
            "messageBody": "* Implement ArchivedModule and ArchivedModuleList\r\n\r\n* Add archivedModules.json\r\n\r\n* Modify ModuleBook to aggregate ArchivedModule\r\n\r\n* Add support to read ArchivedModules from file\r\n\r\n* Revert \"Add archiveModules.json\"\r\n\r\n* Fix equals method in ArchivedModule\r\n\r\n* Add tests for JsonArchivedModule\r\n\r\n* Extract readArchivedModules into JsonArchivedModuleList\r\n\r\n* Rename isSameModule -\u003e isSameArchivedModule\r\n\r\n* Rename ModuleBuilder -\u003e ArchivedModuleBuilder\r\n\r\n* Add ArchivedModuleTest\r\n\r\n* Add ArchivedModuleListTest\r\n\r\n* Add JsonArchivedModuleListTest.java\r\n\r\n* Update JsonUtilTest\r\n\r\n* Revert JsonModuleBookStorageTest\r\n",
            "insertions": 570,
            "deletions": 33
          }
        ]
      },
      {
        "insertions": 1,
        "deletions": 1,
        "date": "2019-10-17",
        "commitResults": [
          {
            "hash": "426c2aa97697c7083da2ad95fe2ec8221353a595",
            "messageTitle": "Fix image not showing in github website (#26)",
            "messageBody": "",
            "insertions": 1,
            "deletions": 1
          }
        ]
      }
    ],
    "Kzrthikz": [
      {
        "insertions": 1,
        "deletions": 2,
        "date": "2019-09-30",
        "commitResults": [
          {
            "hash": "d4eb5aa87833fa8c7e6fd4c787e5057d01e64761",
            "messageTitle": "Update Contact Us Page (#11)",
            "messageBody": "* null commit\r\n\r\n* null commit\r\n\r\n* contact us updated\r\n\r\n* updated contact-us\r\n",
            "insertions": 1,
            "deletions": 2
          }
        ]
      }
    ],
    "bitterg0d": [
      {
        "insertions": 8,
        "deletions": 8,
        "date": "2019-10-01",
        "commitResults": [
          {
            "hash": "b4baf9df766ae1eaffe197b9a7bf68526fe8d541",
            "messageTitle": "Update README.adoc (#13)",
            "messageBody": "* updated README.adoc and Ui.png\r\n\r\n* updated README.adoc\r\n\r\n* Update README.adoc\r\n",
            "insertions": 8,
            "deletions": 8
          }
        ]
      }
    ],
    "alexwxh": [
      {
        "insertions": 116,
        "deletions": 49,
        "date": "2019-10-08",
        "commitResults": [
          {
            "hash": "bca645ea8d1edb45034959568667b644fa282c7a",
            "messageTitle": "update user guide (#12)",
            "messageBody": "* update UG\r\n\r\n* update UG according to feedback\r\n\r\n* add newline at EOF\r\n",
            "insertions": 116,
            "deletions": 49
          }
        ]
      }
    ],
    "CowSaysBaa": [
      {
        "insertions": 23,
        "deletions": 96,
        "date": "2019-10-01",
        "commitResults": [
          {
            "hash": "4c9b2dd1819bab2bb2e1c11a148c659fc8c1d2f8",
            "messageTitle": "Updated AboutUs.adoc (#10)",
            "messageBody": "* added some images and changed AboutUs.adoc\r\n\r\n* updated photos and AboutUs.adoc\r\n\r\n* Added all photos and updated AboutUs.adoc\r\n\r\n* Updated AboutUs title\r\n\r\n* Delete johndoe.adoc\r\n\r\n* deleted some unused images\r\n\r\n* Merge branch \u0027master\u0027 of https://github.com/AY1920S1-CS2103T-W13-1/main\r\n",
            "insertions": 23,
            "deletions": 96
          }
        ]
      },
      {
        "insertions": 3914,
        "deletions": 6619,
        "date": "2019-10-10",
        "commitResults": [
          {
            "hash": "72fcba0d039a5fcb0336bfa34d7fe522792bf386",
            "messageTitle": "Migrate AddressBook -\u003e ModuleBook (#16)",
            "messageBody": "* added some images and changed AboutUs.adoc\r\n\r\n* updated photos and AboutUs.adoc\r\n\r\n* Added all photos and updated AboutUs.adoc\r\n\r\n* Renamed Person to Module\r\n\r\n* Removed all unnecessary classes, created stub for AddCommand\r\n\r\n* renamed some classes with person to modules\r\nfixed ability to delete entries\r\nbase skeleton should be functional\r\n\r\n* Fixed checkstyle\r\n\r\n* Merge branch \u0027skeleton-branch\u0027 of https://github.com/CowSaysBaa/main\r\n\r\n# Conflicts:\r\n#\tdocs/UserGuide.adoc (resolved)\r\n\r\n* Remove tutorial.\r\nResolves issues related to naming and spacing.\r\n\r\n* deleted tutorials\r\n\r\n* Resolved issues with naming and spacing\r\n\r\n* Resolved whitespacing issue in JsonUtil.java\r\n\r\n* Rename address/person -\u003e module\r\n\r\n* Rename main package address -\u003e module\r\n\r\n* Update build.gradle\r\n\r\n* Rename test package address -\u003e module\r\n\r\n* Overhaul test package for migration to ModuleBook\r\n\r\n* Modify help window constants\r\n\r\n* Fix failing checkstyle issues\r\n\r\n* Rename address -\u003e module in LogsCenter\r\n\r\n* Remove setModule\r\n\r\n* Modify Module\u0027s identity fields\r\n",
            "insertions": 3914,
            "deletions": 6619
          }
        ]
      },
      {
        "insertions": 295,
        "deletions": 201,
        "date": "2019-10-13",
        "commitResults": [
          {
            "hash": "66f99dba48f33aed5db6d38bb6d0ffe263a0cfd2",
            "messageTitle": "Find command (#31)",
            "messageBody": "* Changed the logic for the find command to search within ArchivedModuleList instead of ModuleList\r\nAdded ArchivedNameContainsKeywordsPredicate.java\r\n\r\n* Added some fullstops to javadocs.\r\n\r\n* Updated ModuleBook to copy ArchiveModuleList as well.\r\n\r\n* Renamed: Module -\u003e TrackedModule.\r\n\r\n* Added: Module.java interface.\r\n\r\n* Type migrated TrackedModule to Module in NameContainsKeywordsPredicate.java\r\n\r\n* Deleted ArchivedNameContainsKeywordsPredicate.java.\r\nMade some type migration.\r\n\r\n* Added displayedList to ModelManager.java.\r\nChanged UI to display displayedList instead.\r\n\r\n* Changed how displayedList works to dislay ArchivedList and TrackedList.\r\nList and Find command should work now.\r\n\r\n* Reverted checkstyle.xml.\r\n\r\n* Reverted unintentional renames.\r\n\r\n* Reverted unintentional renames.\r\n\r\n* Fixed checkstyle.\r\n\r\n* Fixed checkstyles.\r\n\r\n* Fixed typing issues.\r\nFixed some naming issues.\r\n\r\n* Split changeDisplayedList to displayArchivedList and displayTrackedList.\r\nFixed some styling.\r\n\r\n* Fixed naming issue.\r\n",
            "insertions": 295,
            "deletions": 201
          }
        ]
      },
      {
        "insertions": 97,
        "deletions": 132,
        "date": "2019-10-14",
        "commitResults": [
          {
            "hash": "e907915faa2d3a911c35a53c2cdcf68ae6c91036",
            "messageTitle": "Add and delete command (#33)",
            "messageBody": "* added some images and changed AboutUs.adoc\r\n\r\n* updated photos and AboutUs.adoc\r\n\r\n* Added all photos and updated AboutUs.adoc\r\n\r\n* Fixed DeleteCommand.java.\r\nDeleteCommand should now work.\r\n\r\n* Changed the fields and accessors within TrackedModule.java.\r\n\r\n* Deleted ArchiveStub.\r\nTrackedModule now reference ArchivedModule.\r\nChanged how add command works.\r\n\r\n* Require ModuleBook to init with ArchivedModuleList\r\n\r\n* Fix JsonAdaptedModule\r\n\r\n* Fix checkstyle issues\r\n\r\n* Delete SampleDataUtil\r\n\r\n* Simplify ModuleBook constructor\r\n\r\n* Fix ModuleBook not initializing with archived modules\r\n\r\n* Fix Add Command not refreshing displayed list\r\n",
            "insertions": 97,
            "deletions": 132
          }
        ]
      }
    ]
  },
  "authorFinalContributionMap": {
    "geshuming": 626,
    "Kzrthikz": 1,
    "bitterg0d": 7,
    "alexwxh": 110,
    "CowSaysBaa": 3919
  },
  "authorFileTypeContributionMap": {
    "geshuming": {
      "docs": 87,
      "tests": 224,
      "functional": 315
    },
    "Kzrthikz": {
      "docs": 1,
      "tests": 0,
      "functional": 0
    },
    "bitterg0d": {
      "docs": 7,
      "tests": 0,
      "functional": 0
    },
    "alexwxh": {
      "docs": 110,
      "tests": 0,
      "functional": 0
    },
    "CowSaysBaa": {
      "docs": 43,
      "tests": 2292,
      "functional": 1580,
      "other": 4
    }
  },
  "authorContributionVariance": {
    "geshuming": 8758.279,
    "Kzrthikz": 0.20918372,
    "bitterg0d": 5.950114,
    "alexwxh": 632.7806,
    "CowSaysBaa": 2575592.8
  },
  "authorDisplayNameMap": {
    "geshuming": "CS2103T-W13-1 GE SH ... UMING",
    "Kzrthikz": "CS2103T-W13-1 MURUG ... THIKA",
    "bitterg0d": "CS2103T-W13-1 WANG  ... IRLEY",
    "alexwxh": "CS2103T-W13-1 WU XI ...  ALEX",
    "CowSaysBaa": "CS2103T-W13-1 GUO Z ...  ZILI"
  }
}
