{
  "authorDailyContributionsMap": {
    "geshuming": [
      {
        "insertions": 2,
        "deletions": 4,
        "date": "2019-09-11",
        "commitResults": [
          {
            "hash": "2abf1bff4bbdec6c4dcc7ce991ff934f4b8026ce",
            "messageTitle": "Update Badges on Readme",
            "messageBody": "",
            "insertions": 2,
            "deletions": 4
          }
        ]
      },
      {
        "insertions": 82,
        "deletions": 33,
        "date": "2019-10-01",
        "commitResults": [
          {
            "hash": "91460c508cc9579840c5a7d3007c7d2d3e9329f2",
            "messageTitle": "Update developer guide (#9)",
            "messageBody": "* Update Developer Guide\r\n\r\n* Update DeveloperGuide.adoc\r\n\r\n* Update DeveloperGuide.adoc\r\n",
            "insertions": 82,
            "deletions": 33
          }
        ]
      },
      {
        "insertions": 573,
        "deletions": 33,
        "date": "2019-10-12",
        "commitResults": [
          {
            "hash": "3b7484443e7c2f9559e789a164553c659413c324",
            "messageTitle": "Add archivedModules.json (#28)",
            "messageBody": "* Add archivedModules.json\r\n\r\n* Update README.adoc\r\n\r\n* Update archivedModules.json\r\n",
            "insertions": 3,
            "deletions": 0
          },
          {
            "hash": "7d758be6f80930ed60c3f5b71f6152d5cb238fcc",
            "messageTitle": "Add ArchivedModule and Storage support (#27)",
            "messageBody": "* Implement ArchivedModule and ArchivedModuleList\r\n\r\n* Add archivedModules.json\r\n\r\n* Modify ModuleBook to aggregate ArchivedModule\r\n\r\n* Add support to read ArchivedModules from file\r\n\r\n* Revert \"Add archiveModules.json\"\r\n\r\n* Fix equals method in ArchivedModule\r\n\r\n* Add tests for JsonArchivedModule\r\n\r\n* Extract readArchivedModules into JsonArchivedModuleList\r\n\r\n* Rename isSameModule -\u003e isSameArchivedModule\r\n\r\n* Rename ModuleBuilder -\u003e ArchivedModuleBuilder\r\n\r\n* Add ArchivedModuleTest\r\n\r\n* Add ArchivedModuleListTest\r\n\r\n* Add JsonArchivedModuleListTest.java\r\n\r\n* Update JsonUtilTest\r\n\r\n* Revert JsonModuleBookStorageTest\r\n",
            "insertions": 570,
            "deletions": 33
          }
        ]
      },
      {
        "insertions": 32,
        "deletions": 85,
        "date": "2019-10-17",
        "commitResults": [
          {
            "hash": "426c2aa97697c7083da2ad95fe2ec8221353a595",
            "messageTitle": "Fix image not showing in github website (#26)",
            "messageBody": "",
            "insertions": 1,
            "deletions": 1
          },
          {
            "hash": "3895598cd002d39d005a50a4a550b39f1795b393",
            "messageTitle": "Modify JsonArchivedModuleList to read from resource directly (#44)",
            "messageBody": "",
            "insertions": 31,
            "deletions": 84
          }
        ]
      },
      {
        "insertions": 27,
        "deletions": 41,
        "date": "2019-10-20",
        "commitResults": [
          {
            "hash": "99ff595c432e781e0953c70541b1c9b7b4d73723",
            "messageTitle": "Update ModelClassDiagram and DeveloperGuide (#29)",
            "messageBody": "* Update ModelClassDiagram\r\n\r\n* Update ModelClassDiagram for #31\r\n\r\n* Update ModelClassDiagram for #31\r\n\r\n* Update DeveloperGuide\r\n",
            "insertions": 27,
            "deletions": 41
          }
        ]
      },
      {
        "insertions": 522,
        "deletions": 50,
        "date": "2019-10-21",
        "commitResults": [
          {
            "hash": "3615c9beece91a53e258fb377c929a0eeefcb59b",
            "messageTitle": "Implement Module Viewing Feature (#46)",
            "messageBody": "* Updated GUI to include a main panel\r\n\r\n* Add View Command\r\n\r\n* Update GUI to reflect new module view\r\n\r\n* Fix failing tests\r\n\r\n* Add Back Command\r\n\r\n* Refactor to use Optional for displayedModule\r\n\r\n* Add BackCommandTest\r\n\r\n* Fix ModelManager.setModuleBook not resetting the filtered lists\r\n\r\n* Add ViewCommandTest\r\n\r\n* Fix failing checkstyle\r\n\r\n* Update javadocs\r\n",
            "insertions": 502,
            "deletions": 42
          },
          {
            "hash": "198d48940a1cdfd1aae38db677b3aab2ebfcc8cb",
            "messageTitle": "Update StorageClassDiagram and DeveloperGuide (#30)",
            "messageBody": "* Update Storage Diagram\r\n\r\n* Update StorageClassDiagram for #33\r\n\r\n* Fix arrow showing extension instead of dependency\r\n\r\n* Update DeveloperGuide\r\n",
            "insertions": 20,
            "deletions": 8
          }
        ]
      },
      {
        "insertions": 547,
        "deletions": 562,
        "date": "2019-10-22",
        "commitResults": [
          {
            "hash": "74d235d9776de1f20cedac0f499984d381e4e9cc",
            "messageTitle": "Add extra check to run travis check scripts (#56)",
            "messageBody": "",
            "insertions": 8,
            "deletions": 0
          },
          {
            "hash": "4b0099a5c8ebe7497fb7d083216fd0ae4ea7c959",
            "messageTitle": "Cleanup DG (#52)",
            "messageBody": "* Cleanup DG\r\n\r\n* Remove unreferenced images\r\n",
            "insertions": 12,
            "deletions": 277
          },
          {
            "hash": "6b4bffbe323e17ec49e787e829d8d27dd7714a51",
            "messageTitle": "Update UG and DG for Module View Feature (#47)",
            "messageBody": "* Update User Guide\r\n\r\n* Update Developer Guide\r\n\r\n* Update ModuleViewSequenceDiagram\r\n",
            "insertions": 175,
            "deletions": 3
          },
          {
            "hash": "110a7aa4ff2d4e04d7be08866f8f7b7a258b5396",
            "messageTitle": "Cleanup docs to remove references to addressbook (#59)",
            "messageBody": "* Remove header bar\r\n\r\n* Remove unnecessary pages\r\n\r\n* Update testing page\r\n\r\n* Revert \"Remove unnecessary pages\"\r\n\r\nThis reverts commit 4a1a83f5cab3845467bde9d8a46c01ea8088a90a.\r\n\r\n* Clean up references to AddressBook\r\n",
            "insertions": 9,
            "deletions": 9
          },
          {
            "hash": "c1379f3af5445570b308ba5ed04657a6ccff1832",
            "messageTitle": "Fix and Update tests for logic package (#55)",
            "messageBody": "* Fix CommandResult and tests\r\n\r\n* Fix and test ViewCommandParser\r\n\r\n* Update ModuleBookParserTest.\r\n\r\n* Update LogicManagerTest\r\n\r\n* Add test for getDisplayedModule\r\n",
            "insertions": 343,
            "deletions": 273
          }
        ]
      }
    ],
    "Kzrthikz": [
      {
        "insertions": 1,
        "deletions": 2,
        "date": "2019-09-30",
        "commitResults": [
          {
            "hash": "d4eb5aa87833fa8c7e6fd4c787e5057d01e64761",
            "messageTitle": "Update Contact Us Page (#11)",
            "messageBody": "* null commit\r\n\r\n* null commit\r\n\r\n* contact us updated\r\n\r\n* updated contact-us\r\n",
            "insertions": 1,
            "deletions": 2
          }
        ]
      },
      {
        "insertions": 751,
        "deletions": 68,
        "date": "2019-10-21",
        "commitResults": [
          {
            "hash": "559d31e32ce1281c9cac1b8040dbdd55d8694a40",
            "messageTitle": "Add deadline feature (#38)",
            "messageBody": "* AddDeadlineCommand and DeleteDeadlineCommand class\r\n\r\n* add ArgumentMultimap and ArgumentTokenizer\r\n\r\n* add ArgumentMultimap and ArgumentTokenizer\r\n\r\n* editing AddDeadlineCommandParser\r\n\r\n* edit deadline, pending to integrate into gui\r\n\r\n* setModule from ModuleBook\r\n\r\n* setModule from ModuleBook\r\n\r\n* add deadline to module completed\r\n\r\n* edited UserGuide doc\r\n\r\n* writing some tests\r\n\r\n* refractored TrackedModule and ArchivedModule\r\n\r\n* tests for TrackedModule\r\n\r\n* cleanup code\r\n\r\n* cleanup code\r\n\r\n* Fix broken code\r\n",
            "insertions": 751,
            "deletions": 68
          }
        ]
      },
      {
        "insertions": 306,
        "deletions": 91,
        "date": "2019-10-22",
        "commitResults": [
          {
            "hash": "40af73bb6c7b65b8ffe3d14dd7bbe7748bef1d90",
            "messageTitle": "Refractor Deadline  (#57)",
            "messageBody": "* AddDeadlineCommand and DeleteDeadlineCommand class\r\n\r\n* add ArgumentMultimap and ArgumentTokenizer\r\n\r\n* add ArgumentMultimap and ArgumentTokenizer\r\n\r\n* editing AddDeadlineCommandParser\r\n\r\n* edit deadline, pending to integrate into gui\r\n\r\n* setModule from ModuleBook\r\n\r\n* setModule from ModuleBook\r\n\r\n* add deadline to module completed\r\n\r\n* edited UserGuide doc\r\n\r\n* writing some tests\r\n\r\n* refractored TrackedModule and ArchivedModule\r\n\r\n* tests for TrackedModule\r\n\r\n* cleanup code\r\n\r\n* cleanup code\r\n\r\n* Fix broken code\r\n\r\n* split into respective DeadlineCommands, DeadlineCommandParser, Create List for Deadlines\r\n\r\n* split into respective DeadlineCommands, DeadlineCommandParser, Create List for Deadlines\r\n\r\n* Fix minor changes\r\n\r\n* Commit changes\r\n\r\n* Refractor Deadline commands\r\n",
            "insertions": 196,
            "deletions": 86
          },
          {
            "hash": "620bb54b759560eab1ccadef93c7e11c61e88d97",
            "messageTitle": "Update UG Deadline (#54)",
            "messageBody": "* null commit\r\n\r\n* null commit\r\n\r\n* Update User Guide\r\n\r\n* Update User Guide\r\n",
            "insertions": 110,
            "deletions": 5
          }
        ]
      }
    ],
    "bitterg0d": [
      {
        "insertions": 8,
        "deletions": 8,
        "date": "2019-10-01",
        "commitResults": [
          {
            "hash": "b4baf9df766ae1eaffe197b9a7bf68526fe8d541",
            "messageTitle": "Update README.adoc (#13)",
            "messageBody": "* updated README.adoc and Ui.png\r\n\r\n* updated README.adoc\r\n\r\n* Update README.adoc\r\n",
            "insertions": 8,
            "deletions": 8
          }
        ]
      }
    ],
    "alexwxh": [
      {
        "insertions": 116,
        "deletions": 49,
        "date": "2019-10-08",
        "commitResults": [
          {
            "hash": "bca645ea8d1edb45034959568667b644fa282c7a",
            "messageTitle": "update user guide (#12)",
            "messageBody": "* update UG\r\n\r\n* update UG according to feedback\r\n\r\n* add newline at EOF\r\n",
            "insertions": 116,
            "deletions": 49
          }
        ]
      },
      {
        "insertions": 486,
        "deletions": 14,
        "date": "2019-10-23",
        "commitResults": [
          {
            "hash": "85a7caf7760d316f844a1f91fbb5ff16b81999a7",
            "messageTitle": "add feature Link (#40)",
            "messageBody": "* update UG\r\n\r\n* Revert \"update UG\"\r\n\r\nThis reverts commit d3c5affab88db6fe69609dff663562291c7b4ff8.\r\n\r\n* add feature link\r\n\r\n* cleanup\r\n\r\n* change parsing to prefix-based\r\n\r\n* split linkcommand classes\r\n\r\n* minor cleanup\r\n\r\n* checkstyle\r\n\r\n* fix checkstyle\r\n\r\n* checkstyle version revert\r\n\r\n* checkstyle\r\n\r\n* update userguide link feature\r\n\r\n* add link feature to ui\r\n",
            "insertions": 486,
            "deletions": 14
          }
        ]
      }
    ],
    "CowSaysBaa": [
      {
        "insertions": 23,
        "deletions": 96,
        "date": "2019-10-01",
        "commitResults": [
          {
            "hash": "4c9b2dd1819bab2bb2e1c11a148c659fc8c1d2f8",
            "messageTitle": "Updated AboutUs.adoc (#10)",
            "messageBody": "* added some images and changed AboutUs.adoc\r\n\r\n* updated photos and AboutUs.adoc\r\n\r\n* Added all photos and updated AboutUs.adoc\r\n\r\n* Updated AboutUs title\r\n\r\n* Delete johndoe.adoc\r\n\r\n* deleted some unused images\r\n\r\n* Merge branch \u0027master\u0027 of https://github.com/AY1920S1-CS2103T-W13-1/main\r\n",
            "insertions": 23,
            "deletions": 96
          }
        ]
      },
      {
        "insertions": 3914,
        "deletions": 6619,
        "date": "2019-10-10",
        "commitResults": [
          {
            "hash": "72fcba0d039a5fcb0336bfa34d7fe522792bf386",
            "messageTitle": "Migrate AddressBook -\u003e ModuleBook (#16)",
            "messageBody": "* added some images and changed AboutUs.adoc\r\n\r\n* updated photos and AboutUs.adoc\r\n\r\n* Added all photos and updated AboutUs.adoc\r\n\r\n* Renamed Person to Module\r\n\r\n* Removed all unnecessary classes, created stub for AddCommand\r\n\r\n* renamed some classes with person to modules\r\nfixed ability to delete entries\r\nbase skeleton should be functional\r\n\r\n* Fixed checkstyle\r\n\r\n* Merge branch \u0027skeleton-branch\u0027 of https://github.com/CowSaysBaa/main\r\n\r\n# Conflicts:\r\n#\tdocs/UserGuide.adoc (resolved)\r\n\r\n* Remove tutorial.\r\nResolves issues related to naming and spacing.\r\n\r\n* deleted tutorials\r\n\r\n* Resolved issues with naming and spacing\r\n\r\n* Resolved whitespacing issue in JsonUtil.java\r\n\r\n* Rename address/person -\u003e module\r\n\r\n* Rename main package address -\u003e module\r\n\r\n* Update build.gradle\r\n\r\n* Rename test package address -\u003e module\r\n\r\n* Overhaul test package for migration to ModuleBook\r\n\r\n* Modify help window constants\r\n\r\n* Fix failing checkstyle issues\r\n\r\n* Rename address -\u003e module in LogsCenter\r\n\r\n* Remove setModule\r\n\r\n* Modify Module\u0027s identity fields\r\n",
            "insertions": 3914,
            "deletions": 6619
          }
        ]
      },
      {
        "insertions": 295,
        "deletions": 201,
        "date": "2019-10-13",
        "commitResults": [
          {
            "hash": "66f99dba48f33aed5db6d38bb6d0ffe263a0cfd2",
            "messageTitle": "Find command (#31)",
            "messageBody": "* Changed the logic for the find command to search within ArchivedModuleList instead of ModuleList\r\nAdded ArchivedNameContainsKeywordsPredicate.java\r\n\r\n* Added some fullstops to javadocs.\r\n\r\n* Updated ModuleBook to copy ArchiveModuleList as well.\r\n\r\n* Renamed: Module -\u003e TrackedModule.\r\n\r\n* Added: Module.java interface.\r\n\r\n* Type migrated TrackedModule to Module in NameContainsKeywordsPredicate.java\r\n\r\n* Deleted ArchivedNameContainsKeywordsPredicate.java.\r\nMade some type migration.\r\n\r\n* Added displayedList to ModelManager.java.\r\nChanged UI to display displayedList instead.\r\n\r\n* Changed how displayedList works to dislay ArchivedList and TrackedList.\r\nList and Find command should work now.\r\n\r\n* Reverted checkstyle.xml.\r\n\r\n* Reverted unintentional renames.\r\n\r\n* Reverted unintentional renames.\r\n\r\n* Fixed checkstyle.\r\n\r\n* Fixed checkstyles.\r\n\r\n* Fixed typing issues.\r\nFixed some naming issues.\r\n\r\n* Split changeDisplayedList to displayArchivedList and displayTrackedList.\r\nFixed some styling.\r\n\r\n* Fixed naming issue.\r\n",
            "insertions": 295,
            "deletions": 201
          }
        ]
      },
      {
        "insertions": 97,
        "deletions": 132,
        "date": "2019-10-14",
        "commitResults": [
          {
            "hash": "e907915faa2d3a911c35a53c2cdcf68ae6c91036",
            "messageTitle": "Add and delete command (#33)",
            "messageBody": "* added some images and changed AboutUs.adoc\r\n\r\n* updated photos and AboutUs.adoc\r\n\r\n* Added all photos and updated AboutUs.adoc\r\n\r\n* Fixed DeleteCommand.java.\r\nDeleteCommand should now work.\r\n\r\n* Changed the fields and accessors within TrackedModule.java.\r\n\r\n* Deleted ArchiveStub.\r\nTrackedModule now reference ArchivedModule.\r\nChanged how add command works.\r\n\r\n* Require ModuleBook to init with ArchivedModuleList\r\n\r\n* Fix JsonAdaptedModule\r\n\r\n* Fix checkstyle issues\r\n\r\n* Delete SampleDataUtil\r\n\r\n* Simplify ModuleBook constructor\r\n\r\n* Fix ModuleBook not initializing with archived modules\r\n\r\n* Fix Add Command not refreshing displayed list\r\n",
            "insertions": 97,
            "deletions": 132
          }
        ]
      },
      {
        "insertions": 286,
        "deletions": 72,
        "date": "2019-10-22",
        "commitResults": [
          {
            "hash": "666acbbcb1e181c357dd68d84cd390748b215211",
            "messageTitle": "Update UG and DG for ListView operations. (#58)",
            "messageBody": "* Updated listview commands on UG.\r\nUpdated ArchitectureSequenceDiagram.puml\r\nUpdated ArchitectureSequenceDiagram.png\r\n\r\n* Renamed DeleteSequenceDiagram to AddSequenceDiagram\r\nUpdated AddSequenceDiagram.puml\r\nUpdated AddSequenceDiagram.png\r\n\r\n* Updated DG to include SearchFiltering extension.\r\nAdded FindSequenceDiagram.puml and png.\r\n\r\n* Resolved merge conflict in UserGuide.adoc\r\n",
            "insertions": 286,
            "deletions": 72
          }
        ]
      }
    ]
  },
  "authorFinalContributionMap": {
    "geshuming": 1492,
    "Kzrthikz": 669,
    "bitterg0d": 7,
    "alexwxh": 561,
    "CowSaysBaa": 3875
  },
  "authorFileTypeContributionMap": {
    "geshuming": {
      "docs": 150,
      "tests": 547,
      "functional": 641,
      "other": 154
    },
    "Kzrthikz": {
      "docs": 111,
      "tests": 160,
      "functional": 398
    },
    "bitterg0d": {
      "docs": 7,
      "tests": 0,
      "functional": 0
    },
    "alexwxh": {
      "docs": 109,
      "tests": 0,
      "functional": 450,
      "other": 2
    },
    "CowSaysBaa": {
      "docs": 120,
      "tests": 2004,
      "functional": 1564,
      "other": 187
    }
  },
  "authorContributionVariance": {
    "geshuming": 37829.145,
    "Kzrthikz": 16612.947,
    "bitterg0d": 5.2222238,
    "alexwxh": 5583.5825,
    "CowSaysBaa": 2260747.8
  },
  "authorDisplayNameMap": {
    "geshuming": "CS2103T-W13-1 GE SH ... UMING",
    "Kzrthikz": "CS2103T-W13-1 MURUG ... THIKA",
    "bitterg0d": "CS2103T-W13-1 WANG  ... IRLEY",
    "alexwxh": "CS2103T-W13-1 WU XI ...  ALEX",
    "CowSaysBaa": "CS2103T-W13-1 GUO Z ...  ZILI"
  }
}
