{
  "authorDailyContributionsMap": {
    "jeongyh99": [
      {
        "insertions": 29,
        "deletions": 9,
        "date": "2019-10-01",
        "commitResults": [
          {
            "hash": "8fdc5b758e4d7570bb2a1485d5272b02c7d20b72",
            "messageTitle": "Update Glossary and Product Survey",
            "messageBody": "Updated Glossary and Product Survey to define key terms and pros and cons of Njoy\n",
            "insertions": 21,
            "deletions": 6
          },
          {
            "hash": "d3242bf7ce3b0a0d79ecf74c015247ff6de79318",
            "messageTitle": "Update README Title, Developer Guide target User Proposition and Glossary",
            "messageBody": "",
            "insertions": 8,
            "deletions": 3
          }
        ]
      }
    ],
    "lumwb": [
      {
        "insertions": 4,
        "deletions": 6,
        "date": "2019-09-17",
        "commitResults": [
          {
            "hash": "57900a64be739ab38da2f8cea62e4b97c7d45479",
            "messageTitle": "yml test",
            "messageBody": "",
            "insertions": 1,
            "deletions": 1
          },
          {
            "hash": "08ecf99c3073cccb70cac831e4df15a0d67a5f0f",
            "messageTitle": "add newline to test.txt",
            "messageBody": "",
            "insertions": 1,
            "deletions": 1
          },
          {
            "hash": "cf36cd6cd67bb87e92144436f72a1b2d5bd431d3",
            "messageTitle": "Removed codacy badge to test documentation",
            "messageBody": "",
            "insertions": 0,
            "deletions": 1
          },
          {
            "hash": "334a3c87faae68377316a22fa7bac0fe55ef764b",
            "messageTitle": "Add CODACY badge to readme",
            "messageBody": "",
            "insertions": 1,
            "deletions": 0
          },
          {
            "hash": "525c9c9dadfd5fd870f4a5ebfab9d4b3a0e942de",
            "messageTitle": "Remove test.txt file",
            "messageBody": "",
            "insertions": 0,
            "deletions": 1
          },
          {
            "hash": "0a0c73c2f8815edbda0b3c12248ebdf0e85bbec8",
            "messageTitle": "Remove Codacy Test Auto-Publishing",
            "messageBody": "",
            "insertions": 0,
            "deletions": 1
          },
          {
            "hash": "66a05027dcf64a7f31f07e93673b6eef8209000a",
            "messageTitle": "Auto Documentation",
            "messageBody": "",
            "insertions": 1,
            "deletions": 1
          }
        ]
      }
    ],
    "alages97": [
      {
        "insertions": 31,
        "deletions": 30,
        "date": "2019-09-30",
        "commitResults": [
          {
            "hash": "585a0ca9d0562b75d21d2ff6c6d4cccf07e70ccc",
            "messageTitle": "rebase",
            "messageBody": "",
            "insertions": 10,
            "deletions": 5
          },
          {
            "hash": "f352df989dfce6ea74ba79c3f57154a43342d1c2",
            "messageTitle": "updated aboutus",
            "messageBody": "",
            "insertions": 19,
            "deletions": 23
          },
          {
            "hash": "e3a6cd362f316910a02ab46847584a3d45b6484d",
            "messageTitle": "updated russell and fabian pics",
            "messageBody": "",
            "insertions": 2,
            "deletions": 2
          }
        ]
      },
      {
        "insertions": 4,
        "deletions": 4,
        "date": "2019-10-01",
        "commitResults": [
          {
            "hash": "b719e817bee2b0754b26368f86c566eaa777af85",
            "messageTitle": "updated description of readme",
            "messageBody": "",
            "insertions": 3,
            "deletions": 3
          },
          {
            "hash": "dc2c0412354287ae3622b343aa1075c0dfdde2f0",
            "messageTitle": "updated readme description v2",
            "messageBody": "",
            "insertions": 1,
            "deletions": 1
          }
        ]
      }
    ],
    "Russell-Loh-NUS": [
      {
        "insertions": 115,
        "deletions": 138,
        "date": "2019-09-29",
        "commitResults": [
          {
            "hash": "050843222492bc2fcb1ff48878f04780327511c8",
            "messageTitle": "Add draft UG",
            "messageBody": "",
            "insertions": 108,
            "deletions": 131
          },
          {
            "hash": "5ee5020e088d595c9106935df725df0fe9b42777",
            "messageTitle": "Edit styling of user guide",
            "messageBody": "",
            "insertions": 7,
            "deletions": 7
          }
        ]
      },
      {
        "insertions": 274,
        "deletions": 29,
        "date": "2019-09-30",
        "commitResults": [
          {
            "hash": "25491b87ed320b1a109cf2d98f20a5bd0cd29092",
            "messageTitle": "-Add use cases to developer guide -Adjust user guide features description -Adjust user guide formatting -Add UI Mockup for Timetable",
            "messageBody": "",
            "insertions": 267,
            "deletions": 21
          },
          {
            "hash": "9967c62e114b1c398c70776f00bd7d461cf8e641",
            "messageTitle": "-Adjust profile images naming -Remove learning outcomes",
            "messageBody": "",
            "insertions": 7,
            "deletions": 8
          }
        ]
      }
    ],
    "fabbbbbbyy": [
      {
        "insertions": 3,
        "deletions": 2,
        "date": "2019-09-15",
        "commitResults": [
          {
            "hash": "d95a80e9b6915ba58a948b9b72af12cccf9d17fc",
            "messageTitle": "Add test.txt for testing",
            "messageBody": "",
            "insertions": 0,
            "deletions": 0
          },
          {
            "hash": "8c442a1896a21bd3ae87a240320c515e9cf13eab",
            "messageTitle": "Update test to test Travis CI",
            "messageBody": "",
            "insertions": 1,
            "deletions": 0
          },
          {
            "hash": "b98b4824e834ec776045fb00be48bf0aa93948a4",
            "messageTitle": "Update badge link",
            "messageBody": "",
            "insertions": 2,
            "deletions": 2
          }
        ]
      },
      {
        "insertions": 3,
        "deletions": 4,
        "date": "2019-09-18",
        "commitResults": [
          {
            "hash": "1364419487719141d79b676d1165dd6b3bc6cef6",
            "messageTitle": "Test.",
            "messageBody": "",
            "insertions": 0,
            "deletions": 0
          },
          {
            "hash": "f998430cab4190e91899e07bf53bbf3ddb12ec65",
            "messageTitle": "Update badges",
            "messageBody": "",
            "insertions": 2,
            "deletions": 1
          },
          {
            "hash": "97629dfcfc6f88e195761c04f4c74df748272366",
            "messageTitle": "Update Coverall io badge",
            "messageBody": "",
            "insertions": 1,
            "deletions": 2
          },
          {
            "hash": "f7215d7a93ded244e6ae700609bb53143be8e256",
            "messageTitle": "Remove Codacy badge",
            "messageBody": "",
            "insertions": 0,
            "deletions": 1
          }
        ]
      },
      {
        "insertions": 38,
        "deletions": 7,
        "date": "2019-10-01",
        "commitResults": [
          {
            "hash": "5a21fd84833bc88277c3d3e134b475a785ec6855",
            "messageTitle": "Add user stories and some glossary words",
            "messageBody": "",
            "insertions": 38,
            "deletions": 7
          }
        ]
      }
    ]
  },
  "authorFinalContributionMap": {
    "jeongyh99": 35,
    "lumwb": 0,
    "alages97": 16,
    "Russell-Loh-NUS": 357,
    "fabbbbbbyy": 36
  },
  "authorFileTypeContributionMap": {
    "jeongyh99": {
      "docs": 35,
      "tests": 0,
      "functional": 0
    },
    "lumwb": {
      "docs": 0,
      "tests": 0,
      "functional": 0
    },
    "alages97": {
      "docs": 16,
      "tests": 0,
      "functional": 0
    },
    "Russell-Loh-NUS": {
      "docs": 357,
      "tests": 0,
      "functional": 0
    },
    "fabbbbbbyy": {
      "docs": 36,
      "tests": 0,
      "functional": 0
    }
  },
  "authorContributionVariance": {
    "jeongyh99": 53.402363,
    "lumwb": 3.6982236,
    "alages97": 138.53403,
    "Russell-Loh-NUS": 5535.698,
    "fabbbbbbyy": 75.92456
  },
  "authorDisplayNameMap": {
    "jeongyh99": "CS2103T-W13-2 JEONG ... U HAN",
    "lumwb": "CS2103T-W13-2 LUM W ...  BOON",
    "alages97": "CS2103T-W13-2 K ALA ... LAGES",
    "Russell-Loh-NUS": "CS2103T-W13-2 RUSSE ... UN FA",
    "fabbbbbbyy": "CS2103T-W13-2 FABIA ...  PENG"
  }
}
