{
  "authorDailyContributionsMap": {
    "ambhinav": [],
    "ArunBeCoding": [],
    "seahlynn": [],
    "elsakoh": [],
    "gabrielseow": []
  },
  "authorFinalContributionMap": {
    "ambhinav": 0,
    "ArunBeCoding": 0,
    "seahlynn": 0,
    "elsakoh": 0,
    "gabrielseow": 0
  },
  "authorFileTypeContributionMap": {
    "ambhinav": {
      "java": 0,
      "adoc": 0,
      "fxml": 0,
      "sh": 0,
      "bat": 0,
      "gradle": 0,
      "txt": 0
    },
    "ArunBeCoding": {
      "java": 0,
      "adoc": 0,
      "fxml": 0,
      "sh": 0,
      "bat": 0,
      "gradle": 0,
      "txt": 0
    },
    "seahlynn": {
      "java": 0,
      "adoc": 0,
      "fxml": 0,
      "sh": 0,
      "bat": 0,
      "gradle": 0,
      "txt": 0
    },
    "elsakoh": {
      "java": 0,
      "adoc": 0,
      "fxml": 0,
      "sh": 0,
      "bat": 0,
      "gradle": 0,
      "txt": 0
    },
    "gabrielseow": {
      "java": 0,
      "adoc": 0,
      "fxml": 0,
      "sh": 0,
      "bat": 0,
      "gradle": 0,
      "txt": 0
    }
  },
  "authorContributionVariance": {
    "ambhinav": 0.0,
    "ArunBeCoding": 0.0,
    "seahlynn": 0.0,
    "elsakoh": 0.0,
    "gabrielseow": 0.0
  },
  "authorDisplayNameMap": {
    "ambhinav": "CS2103T-T12-1 ABHIN ... MNATH",
    "ArunBeCoding": "CS2103T-T12-1 RAVI  ... UMARR",
    "seahlynn": "CS2103T-T12-1 SEAH  ...  LYNN",
    "elsakoh": "CS2103T-T12-1 KOH H ... ABETH",
    "gabrielseow": "CS2103T-T12-1 SEOW  ... BRIEL"
  }
}
