{
  "authorDailyContributionsMap": {
    "ambhinav": [
      {
        "insertions": 3,
        "deletions": 3,
        "date": "2019-09-24",
        "commitResults": [
          {
            "hash": "dcad2ca0e975e1b4f218516957651c5efb2e9c5e",
            "messageTitle": "Update ContactUs.doc",
            "messageBody": "",
            "insertions": 3,
            "deletions": 3
          }
        ]
      },
      {
        "insertions": 69,
        "deletions": 344,
        "date": "2019-09-25",
        "commitResults": [
          {
            "hash": "27453232672c14fcc5841b1101bc6cc27655614b",
            "messageTitle": "safe delete address from static class members",
            "messageBody": "",
            "insertions": 17,
            "deletions": 154
          },
          {
            "hash": "9d92838cbb2c3f9d468809e3201ca4aec6d99d72",
            "messageTitle": "remove references to address to pass test cases",
            "messageBody": "",
            "insertions": 52,
            "deletions": 190
          }
        ]
      },
      {
        "insertions": 1136,
        "deletions": 1132,
        "date": "2019-10-03",
        "commitResults": [
          {
            "hash": "540413d8d672cc6a47f5626a65972eb92e79da13",
            "messageTitle": "Update AboutUs.adoc",
            "messageBody": "",
            "insertions": 1,
            "deletions": 1
          },
          {
            "hash": "7d75d196e79b461efaf094e6cbe03dabf8e3781d",
            "messageTitle": "Update DeveloperGuide.adoc to improve formatting",
            "messageBody": "",
            "insertions": 168,
            "deletions": 163
          },
          {
            "hash": "17739878dcbe2e5fcc2ee626708a551e4d7a0f8d",
            "messageTitle": "Update DeveloperGuide.adoc formatting",
            "messageBody": "Removed trailing white spaces in use case extensions.",
            "insertions": 11,
            "deletions": 11
          },
          {
            "hash": "cc72c75fc52d8745ac0c0c6c45f1883c4ada2290",
            "messageTitle": "Update README.doc content",
            "messageBody": "Fixed wording issues",
            "insertions": 2,
            "deletions": 2
          },
          {
            "hash": "72f561ed9118a8d7a81b1dce12761778048f12d2",
            "messageTitle": "rename-refactor person to task",
            "messageBody": "",
            "insertions": 0,
            "deletions": 0
          },
          {
            "hash": "7b88d21676c34a6ca55c3fbd984501a938427e20",
            "messageTitle": "rename-refactor person occurences to task",
            "messageBody": "",
            "insertions": 466,
            "deletions": 467
          },
          {
            "hash": "aa19c7e3696759779f2618a6ca8953c5681c402d",
            "messageTitle": "rename-refactor uniquePersonList to uniqueTaskList",
            "messageBody": "",
            "insertions": 59,
            "deletions": 59
          },
          {
            "hash": "a27d4632fc3e3f9a64cc9ca04d5946e2b057f452",
            "messageTitle": "rename-refactor storage of person to task",
            "messageBody": "",
            "insertions": 24,
            "deletions": 24
          },
          {
            "hash": "39ec7f2f35e3944f64a817dab012f878f8af2298",
            "messageTitle": "rename-refactor person to tasks methods and package",
            "messageBody": "",
            "insertions": 225,
            "deletions": 225
          },
          {
            "hash": "03b8278c760d3855f74bfa18fd2ccd528acd1bd2",
            "messageTitle": "rename-refactor person exceptions to task",
            "messageBody": "",
            "insertions": 20,
            "deletions": 20
          },
          {
            "hash": "521280a381a115ceb7c7459f1f5d4382d395c139",
            "messageTitle": "rename-refactor person ui to task",
            "messageBody": "",
            "insertions": 22,
            "deletions": 22
          },
          {
            "hash": "0f0ff6ee0a8f087f465dc592502975a5d536d033",
            "messageTitle": "rename-refactor person usages to task for main",
            "messageBody": "",
            "insertions": 138,
            "deletions": 138
          }
        ]
      },
      {
        "insertions": 305,
        "deletions": 305,
        "date": "2019-10-04",
        "commitResults": [
          {
            "hash": "f29a3ab4c5982a7fd12aac156b1ab082d6f23eec",
            "messageTitle": "rename-refactor person symbols in test round 1",
            "messageBody": "",
            "insertions": 196,
            "deletions": 196
          },
          {
            "hash": "b110ffb4b9286696e6d9cae2f3766af7c3bbee22",
            "messageTitle": "rename-refactor person references to task in test",
            "messageBody": "Changed logic, storage, sample json data, and path files. Also changed\nthe json property tag in main jsonSerializableAddressBook.java from\n\"persons\" to \"tasks\", so that the json objects can be called tasks now.\n",
            "insertions": 109,
            "deletions": 109
          }
        ]
      },
      {
        "insertions": 25,
        "deletions": 68,
        "date": "2019-10-05",
        "commitResults": [
          {
            "hash": "502c1efe3e6cd4c5b693f504647599048e17efb5",
            "messageTitle": "fixed checkStyle issues",
            "messageBody": "",
            "insertions": 10,
            "deletions": 11
          },
          {
            "hash": "fc57fb3114cbc01c506f50a38d005f06166c2995",
            "messageTitle": "fixed checkStyleMain violations",
            "messageBody": "",
            "insertions": 12,
            "deletions": 12
          },
          {
            "hash": "4c64ca6dc3a589babe42f77aab5a87d39ba1f398",
            "messageTitle": "initial removal of phone field",
            "messageBody": "",
            "insertions": 3,
            "deletions": 45
          }
        ]
      },
      {
        "insertions": 89,
        "deletions": 338,
        "date": "2019-10-07",
        "commitResults": [
          {
            "hash": "482e8be91c53f81ccc2965b36aa166738be74c41",
            "messageTitle": "deleted field phone from Task class",
            "messageBody": "Changes in all components in main and test. Some tests are still\nfailing, will need to be fixed after Task is fully morphed.\n",
            "insertions": 89,
            "deletions": 338
          }
        ]
      },
      {
        "insertions": 62,
        "deletions": 409,
        "date": "2019-10-08",
        "commitResults": [
          {
            "hash": "24038df59d328011e015c06150e985c28b6a9b83",
            "messageTitle": "deleted email field from task",
            "messageBody": "Deleted in all components in main, as well tests. Tests are still\nfailing.\n",
            "insertions": 54,
            "deletions": 404
          },
          {
            "hash": "121d4c5e9110f0cd00a7196f2495a0259f13bd9b",
            "messageTitle": "update task tests to match deleted field",
            "messageBody": "",
            "insertions": 8,
            "deletions": 5
          }
        ]
      },
      {
        "insertions": 474,
        "deletions": 311,
        "date": "2019-10-09",
        "commitResults": [
          {
            "hash": "c7947504eda252fa8ee5dbcc6b7ecd340c3926ab",
            "messageTitle": "adding task status field to Task class",
            "messageBody": "Made changes to logic, such as in editCommand and addCommand parsers and\ncommands themselves. Changes made to model include the taskStatus field\nitself as well as adding changing constructors to accept taskStatus\nobject.\n",
            "insertions": 87,
            "deletions": 13
          },
          {
            "hash": "3f58b9f41e9c510e19629b4c1a89633537dc73c5",
            "messageTitle": "added taskStatus to task storage",
            "messageBody": "",
            "insertions": 33,
            "deletions": 4
          },
          {
            "hash": "02877d41bcc346d2f3544a6779a1d7e814449762",
            "messageTitle": "fix logic bugs for parsing taskStatus",
            "messageBody": "",
            "insertions": 2,
            "deletions": 1
          },
          {
            "hash": "fd8e5c355a8b0bf8b94357b0d4cacd2db0111e32",
            "messageTitle": "added placeholder taskStatus to ui",
            "messageBody": "",
            "insertions": 3,
            "deletions": 1
          },
          {
            "hash": "a3c76dcae1ac05c7faebc1209bc236350095375d",
            "messageTitle": "updated sample task data",
            "messageBody": "renamed sampleDataUtil to sampleTaskDataUtil. Also, added sample task\ndata.\n",
            "insertions": 12,
            "deletions": 12
          },
          {
            "hash": "8f724fca4ec15ec395068634db97de6d34f97e07",
            "messageTitle": "update task tests to accomodate morphing",
            "messageBody": "Changes in tests for all components. Renamed sample tasks in\nTypiclTasks and SampleTaskDataUtil (which are used in all tests)\nto have task-friendlier names. Also added tests for taskStatus.\n",
            "insertions": 337,
            "deletions": 280
          }
        ]
      },
      {
        "insertions": 171,
        "deletions": 99,
        "date": "2019-10-10",
        "commitResults": [
          {
            "hash": "f4706a6ffbe270bc0c1493141fc8f01abd1a1dd1",
            "messageTitle": "updating tests to include taskStatus field in Task",
            "messageBody": "Changes in command and parser tests to include taskStatus field in test\nobjects from commandTestUtil and TypicalTasks. Also edited TaskBuilder\nto include taskStatus field for Tasks.\n",
            "insertions": 80,
            "deletions": 25
          },
          {
            "hash": "aa8695ef168172bf4c8dac01c05d6eb31a6a4c8d",
            "messageTitle": "update task-related storage tests to accomodate new taskStatus field",
            "messageBody": "Also manually changed the Json data in the test data folder to include\nthe taskStatus field. Removed the invalid taskStatus test as it is\ndifficult to test for an invalid taskStatus object being converted using\nmodelType.\n",
            "insertions": 1,
            "deletions": 8
          },
          {
            "hash": "26697dd89217c23ba2aa4b5bf3c70cf6df5028f4",
            "messageTitle": "fixed checkStyle errors",
            "messageBody": "",
            "insertions": 66,
            "deletions": 54
          },
          {
            "hash": "58bcbbcc66bcdf32076157e4f1928261d6743b94",
            "messageTitle": "modified list command success message",
            "messageBody": "",
            "insertions": 1,
            "deletions": 1
          },
          {
            "hash": "a1887796107e5b28efd1676f7e60b0f2a35fa2c3",
            "messageTitle": "added unit and intergration tests for taskStatus",
            "messageBody": "Added a unit test in TaskStatusTest which tests for given display names.\nAlso implemented test to check parsing of invalid and valid user input\nsimultaneously in editCommandParserTest.\n",
            "insertions": 23,
            "deletions": 11
          }
        ]
      },
      {
        "insertions": 448,
        "deletions": 437,
        "date": "2019-10-11",
        "commitResults": [
          {
            "hash": "39a0db811f6c2c0db3542d3449852f4173efd0e6",
            "messageTitle": "rename AddressBook to ProjectDashboard",
            "messageBody": "",
            "insertions": 190,
            "deletions": 189
          },
          {
            "hash": "cb630c5c138c9249412dceda084e470ced8c97df",
            "messageTitle": "rename-refactor AddressBookParser",
            "messageBody": "",
            "insertions": 6,
            "deletions": 6
          },
          {
            "hash": "2920e494d2b11ccda465ef04c42153bd56208a77",
            "messageTitle": "rename-refactor storage component to projectDashboard",
            "messageBody": "",
            "insertions": 47,
            "deletions": 46
          },
          {
            "hash": "885093d2bdf08216c0a419eb0fc2711b7bb36280",
            "messageTitle": "rename-refactor storage file path to projectdashboard",
            "messageBody": "",
            "insertions": 19,
            "deletions": 19
          },
          {
            "hash": "c8b653f3ccf5c609342656346d953d2b351987b6",
            "messageTitle": "rename-refactor methods and arguments in main",
            "messageBody": "",
            "insertions": 67,
            "deletions": 67
          },
          {
            "hash": "548cf1189fcaecba05e179aeee990ea852a09efe",
            "messageTitle": "rename-refactor test files to include projectDashboard",
            "messageBody": "",
            "insertions": 13,
            "deletions": 13
          },
          {
            "hash": "216f64bf1a0cb1d21d83753145391fc5ede32ab4",
            "messageTitle": "rename-refactor methods in tests to projectDashboard",
            "messageBody": "",
            "insertions": 61,
            "deletions": 61
          },
          {
            "hash": "20c52f64e64902e15309c0e7e2e5a3fb607397f6",
            "messageTitle": "refactored filepaths in json test data",
            "messageBody": "",
            "insertions": 6,
            "deletions": 6
          },
          {
            "hash": "e75d30bf9cbf335b1406c80a0dbe61f9ef89b594",
            "messageTitle": "rename-refactor methods in launcher classes to projectDashboard",
            "messageBody": "",
            "insertions": 12,
            "deletions": 12
          },
          {
            "hash": "c48fe250eb1e6549df31ba3a1fe975dc88b7b3c3",
            "messageTitle": "fixed checkStyle errors",
            "messageBody": "",
            "insertions": 27,
            "deletions": 18
          }
        ]
      }
    ],
    "ArunBeCoding": [
      {
        "insertions": 178,
        "deletions": 38,
        "date": "2019-09-24",
        "commitResults": [
          {
            "hash": "32067d3f2f9deeabd0c2ef57e4318c88ceea3316",
            "messageTitle": "Update UserGuide.adoc",
            "messageBody": "",
            "insertions": 93,
            "deletions": 17
          },
          {
            "hash": "1192d7692bd06593192b21045c2cb91cf29bcfab",
            "messageTitle": "Update UserGuide.adoc",
            "messageBody": "",
            "insertions": 85,
            "deletions": 21
          }
        ]
      },
      {
        "insertions": 259,
        "deletions": 157,
        "date": "2019-09-25",
        "commitResults": [
          {
            "hash": "82e571481ccb6d9071fac02b2d0018123dc21ded",
            "messageTitle": "update1 UserGuide.aDoc",
            "messageBody": "",
            "insertions": 125,
            "deletions": 46
          },
          {
            "hash": "68208371a2831d5c68729bd5ae5ff990290a9d06",
            "messageTitle": "Update2 UserGuide.adoc",
            "messageBody": "",
            "insertions": 50,
            "deletions": 74
          },
          {
            "hash": "63547d0157f04416550dc8ca67ab6f9f4a9870c0",
            "messageTitle": "Update3 UserGuide.adoc",
            "messageBody": "",
            "insertions": 48,
            "deletions": 27
          },
          {
            "hash": "16e5adf26c8c0b1d739ada1866a723f9936f0c0e",
            "messageTitle": "Update4 UserGuide.adoc",
            "messageBody": "",
            "insertions": 20,
            "deletions": 6
          },
          {
            "hash": "907522d49901ca4109d96d7fc99ba7317f9d72cd",
            "messageTitle": "Update5 UserGuide.adoc",
            "messageBody": "",
            "insertions": 16,
            "deletions": 4
          }
        ]
      },
      {
        "insertions": 2,
        "deletions": 2,
        "date": "2019-10-04",
        "commitResults": [
          {
            "hash": "a6970bd76e4764fc66097c61f63106c6274856f7",
            "messageTitle": "Update UserGuide.adoc",
            "messageBody": "",
            "insertions": 1,
            "deletions": 1
          },
          {
            "hash": "04ddb84cf70c9ea68c96eff1e16bdfb74e252117",
            "messageTitle": "Update UserGuide.adoc",
            "messageBody": "",
            "insertions": 1,
            "deletions": 1
          }
        ]
      }
    ],
    "seahlynn": [
      {
        "insertions": 37,
        "deletions": 43,
        "date": "2019-09-24",
        "commitResults": [
          {
            "hash": "89e5e0e44ffbca4d7db69588a88a3498cdc1feb8",
            "messageTitle": "Update AboutUs.adoc",
            "messageBody": "",
            "insertions": 17,
            "deletions": 17
          },
          {
            "hash": "980ada373e9bc24d1b48d5e7b2416eb5b3e9a1ba",
            "messageTitle": "Update AboutUs.adoc",
            "messageBody": "",
            "insertions": 6,
            "deletions": 8
          },
          {
            "hash": "e9f85dff3206dfcc5d6de9f11e9d4dee3f28c15d",
            "messageTitle": "Update AboutUs.adoc",
            "messageBody": "",
            "insertions": 1,
            "deletions": 1
          },
          {
            "hash": "6bda083bb8e4bb6395702939ac97a1d4a37f513a",
            "messageTitle": "Update AboutUs.adoc",
            "messageBody": "Update application name",
            "insertions": 1,
            "deletions": 1
          },
          {
            "hash": "335b75cb92aae497fb641b92182c9319df0e6b41",
            "messageTitle": "Update README.adoc",
            "messageBody": "Updated travis badge",
            "insertions": 1,
            "deletions": 1
          },
          {
            "hash": "4a7cd30881f8fb011914675d1f2d8d960f2cf9d3",
            "messageTitle": "Update AboutUs.adoc",
            "messageBody": "Removed trailing white spaces",
            "insertions": 2,
            "deletions": 1
          },
          {
            "hash": "d357d13f3c66451e9ab4568d38e9c38665581b77",
            "messageTitle": "Update README.adoc",
            "messageBody": "",
            "insertions": 0,
            "deletions": 4
          },
          {
            "hash": "bae7283aa8991830d3406e2746fb9177b310d570",
            "messageTitle": "Update AboutUs.adoc",
            "messageBody": "Removed trailing white spaces",
            "insertions": 1,
            "deletions": 1
          },
          {
            "hash": "20b19c30d18d67e3270a0b008b7e769909ddf015",
            "messageTitle": "Update README.adoc",
            "messageBody": "",
            "insertions": 6,
            "deletions": 7
          },
          {
            "hash": "152bf7310be9dbff4768f074236f5036124f9c02",
            "messageTitle": "Update README.adoc",
            "messageBody": "",
            "insertions": 2,
            "deletions": 2
          }
        ]
      },
      {
        "insertions": 49,
        "deletions": 44,
        "date": "2019-10-01",
        "commitResults": [
          {
            "hash": "337e6577e279605bc82025d75e15acebbd5e3929",
            "messageTitle": "Update UserGuide.adoc",
            "messageBody": "Update user guide to remove trailing white spaces",
            "insertions": 42,
            "deletions": 42
          },
          {
            "hash": "04de5cdddc7aa8683e87c1d545ac035228447f92",
            "messageTitle": "Update UserGuide.adoc",
            "messageBody": "Added to the FAQ section",
            "insertions": 7,
            "deletions": 2
          }
        ]
      }
    ],
    "elsakoh": [
      {
        "insertions": 47,
        "deletions": 22,
        "date": "2019-09-24",
        "commitResults": [
          {
            "hash": "28e264409e8913fda8a03d229408a8893dd453e1",
            "messageTitle": "updated dev guide/ commented out unchanged parts",
            "messageBody": "",
            "insertions": 47,
            "deletions": 22
          }
        ]
      },
      {
        "insertions": 310,
        "deletions": 17,
        "date": "2019-10-01",
        "commitResults": [
          {
            "hash": "f26c474622aecebebd07ca8abf419a647c0a5340",
            "messageTitle": "Update DeveloperGuide.adoc",
            "messageBody": "",
            "insertions": 310,
            "deletions": 17
          }
        ]
      },
      {
        "insertions": 6,
        "deletions": 6,
        "date": "2019-10-03",
        "commitResults": [
          {
            "hash": "2f7e3a0f2575f6a3fbc682b8d9a542496fce4a70",
            "messageTitle": "Update DeveloperGuide.adoc",
            "messageBody": "",
            "insertions": 6,
            "deletions": 6
          }
        ]
      }
    ],
    "gabrielseow": []
  },
  "authorFinalContributionMap": {
    "ambhinav": 1736,
    "ArunBeCoding": 299,
    "seahlynn": 33,
    "elsakoh": 182,
    "gabrielseow": 0
  },
  "authorFileTypeContributionMap": {
    "ambhinav": {
      "docs": 200,
      "tests": 949,
      "functional": 587
    },
    "ArunBeCoding": {
      "docs": 299,
      "tests": 0,
      "functional": 0
    },
    "seahlynn": {
      "docs": 33,
      "tests": 0,
      "functional": 0
    },
    "elsakoh": {
      "docs": 182,
      "tests": 0,
      "functional": 0
    },
    "gabrielseow": {
      "docs": 0,
      "tests": 0,
      "functional": 0
    }
  },
  "authorContributionVariance": {
    "ambhinav": 180395.94,
    "ArunBeCoding": 5791.444,
    "seahlynn": 394.93448,
    "elsakoh": 2978.0557,
    "gabrielseow": 0.0
  },
  "authorDisplayNameMap": {
    "ambhinav": "CS2103T-T12-1 ABHIN ... MNATH",
    "ArunBeCoding": "CS2103T-T12-1 RAVI  ... UMARR",
    "seahlynn": "CS2103T-T12-1 SEAH  ...  LYNN",
    "elsakoh": "CS2103T-T12-1 KOH H ... ABETH",
    "gabrielseow": "CS2103T-T12-1 SEOW  ... BRIEL"
  }
}
