{
  "authorDailyContributionsMap": {
    "chanjunren": [],
    "ckb055": [],
    "jaesimin": [],
    "Sahilgat": [
      {
        "insertions": 1,
        "deletions": 2,
        "date": "2019-09-11",
        "commitResults": [
          {
            "hash": "0273f83d3037ddd37365b63147baebbdd499f5d6",
            "messageTitle": "Remove the codacy badge from README",
            "messageBody": "",
            "insertions": 0,
            "deletions": 1
          },
          {
            "hash": "40e4abf7a0535187afecf63fa3e36031275d9ddc",
            "messageTitle": "Update the link to the \u0027build status\u0027 badge at the top of the README.adoc to point to the build status of own repo",
            "messageBody": "",
            "insertions": 1,
            "deletions": 1
          }
        ]
      }
    ],
    "Sam-limyr": []
  },
  "authorFinalContributionMap": {
    "chanjunren": 0,
    "ckb055": 0,
    "jaesimin": 0,
    "Sahilgat": 1,
    "Sam-limyr": 0
  },
  "authorFileTypeContributionMap": {
    "chanjunren": {
      "java": 0,
      "adoc": 0,
      "fxml": 0,
      "sh": 0,
      "bat": 0,
      "gradle": 0,
      "txt": 0
    },
    "ckb055": {
      "java": 0,
      "adoc": 0,
      "fxml": 0,
      "sh": 0,
      "bat": 0,
      "gradle": 0,
      "txt": 0
    },
    "jaesimin": {
      "java": 0,
      "adoc": 0,
      "fxml": 0,
      "sh": 0,
      "bat": 0,
      "gradle": 0,
      "txt": 0
    },
    "Sahilgat": {
      "java": 0,
      "adoc": 1,
      "fxml": 0,
      "sh": 0,
      "bat": 0,
      "gradle": 0,
      "txt": 0
    },
    "Sam-limyr": {
      "java": 0,
      "adoc": 0,
      "fxml": 0,
      "sh": 0,
      "bat": 0,
      "gradle": 0,
      "txt": 0
    }
  },
  "authorContributionVariance": {
    "chanjunren": 0.0,
    "ckb055": 0.0,
    "jaesimin": 0.0,
    "Sahilgat": 1.25,
    "Sam-limyr": 0.0
  },
  "authorDisplayNameMap": {
    "chanjunren": "CS2103T-W13-3 CHAN  ... N REN",
    "ckb055": "CS2103T-W13-3 CHEN  ... AIBIN",
    "jaesimin": "CS2103T-W13-3 JASMI ... A MIN",
    "Sahilgat": "CS2103T-W13-3 SAHIL ... THANI",
    "Sam-limyr": "CS2103T-W13-3 LIM Y ... AMUEL"
  }
}
