{
  "authorDailyContributionsMap": {
    "chanjunren": [
      {
        "insertions": 1,
        "deletions": 1,
        "date": "2019-09-26",
        "commitResults": [
          {
            "hash": "a9951edd780c00ae7ca8c26ed28535a2ab761a85",
            "messageTitle": "Update ContactUs.adoc",
            "messageBody": "Replaced template with team lead\u0027s email",
            "insertions": 1,
            "deletions": 1
          }
        ]
      }
    ],
    "ckb055": [
      {
        "insertions": 7,
        "deletions": 4,
        "date": "2019-09-26",
        "commitResults": [
          {
            "hash": "eaf359a98fff483e3de5def171fb4119cc68cee2",
            "messageTitle": "Updated README.adoc",
            "messageBody": "",
            "insertions": 7,
            "deletions": 4
          }
        ]
      }
    ],
    "jaesimin": [
      {
        "insertions": 144,
        "deletions": 144,
        "date": "2019-09-24",
        "commitResults": [
          {
            "hash": "05ca8f039cc4fc370e3affdd3291c6444cd1e809",
            "messageTitle": "tP - tutorial-removing-field: Removed Address.java and related fields.",
            "messageBody": "",
            "insertions": 8,
            "deletions": 136
          },
          {
            "hash": "f78e661d735608081d47a22e7eaad18b6d1fd018",
            "messageTitle": "Revert \"tP - tutorial-removing-field: Removed Address.java and related fields.\"",
            "messageBody": "This reverts commit 05ca8f039cc4fc370e3affdd3291c6444cd1e809.\n",
            "insertions": 136,
            "deletions": 8
          }
        ]
      },
      {
        "insertions": 157,
        "deletions": 0,
        "date": "2019-09-26",
        "commitResults": [
          {
            "hash": "ae74a79ac23b9819c0aecd3c1c2af86610334ec8",
            "messageTitle": "UserGuide draft v1.0",
            "messageBody": "",
            "insertions": 157,
            "deletions": 0
          }
        ]
      },
      {
        "insertions": 341,
        "deletions": 193,
        "date": "2019-09-27",
        "commitResults": [
          {
            "hash": "076f0b2f55e5d72d5f7ae074108b7eddd9692293",
            "messageTitle": "Done with UG - added Sahil\u0027s part: flashcard - waiting for final checks from team mates",
            "messageBody": "",
            "insertions": 341,
            "deletions": 193
          }
        ]
      },
      {
        "insertions": 3,
        "deletions": 1,
        "date": "2019-09-29",
        "commitResults": [
          {
            "hash": "a76b55dab29cc3f421aa631b28375498af8883c5",
            "messageTitle": "UG final checks - added newline to solve travis check error",
            "messageBody": "",
            "insertions": 3,
            "deletions": 1
          }
        ]
      },
      {
        "insertions": 484,
        "deletions": 6,
        "date": "2019-09-30",
        "commitResults": [
          {
            "hash": "102a89b843df8da9855dd76ea6393618b0f3ca68",
            "messageTitle": "DG - User stories",
            "messageBody": "",
            "insertions": 56,
            "deletions": 6
          },
          {
            "hash": "dc785c90d7e73ec93d9866a1d9df5a4685d8fdff",
            "messageTitle": "Added the orginial DG - OriginalDG.adoc",
            "messageBody": "",
            "insertions": 428,
            "deletions": 0
          }
        ]
      }
    ],
    "Sahilgat": [
      {
        "insertions": 1,
        "deletions": 2,
        "date": "2019-09-11",
        "commitResults": [
          {
            "hash": "0273f83d3037ddd37365b63147baebbdd499f5d6",
            "messageTitle": "Remove the codacy badge from README",
            "messageBody": "",
            "insertions": 0,
            "deletions": 1
          },
          {
            "hash": "40e4abf7a0535187afecf63fa3e36031275d9ddc",
            "messageTitle": "Update the link to the \u0027build status\u0027 badge at the top of the README.adoc to point to the build status of own repo",
            "messageBody": "",
            "insertions": 1,
            "deletions": 1
          }
        ]
      }
    ],
    "Sam-limyr": [
      {
        "insertions": 81,
        "deletions": 82,
        "date": "2019-09-26",
        "commitResults": [
          {
            "hash": "8e03bfd31f279ecb78b72353fdb04c3b62782c9b",
            "messageTitle": "Update AboutUs to reflect new team.",
            "messageBody": "",
            "insertions": 24,
            "deletions": 25
          },
          {
            "hash": "725322a1a9517438962259cac4131a452772f924",
            "messageTitle": "Add newline to end of file.",
            "messageBody": "",
            "insertions": 1,
            "deletions": 1
          },
          {
            "hash": "65cf42ec2eba0a1c80e2d95f8bf8e2fb083d9090",
            "messageTitle": "Revert \"Update AboutUs to reflect new team.\"",
            "messageBody": "",
            "insertions": 24,
            "deletions": 23
          },
          {
            "hash": "deed5c676ac4ea3d3849f5376852d418a91bb043",
            "messageTitle": "Revert \"Revert \"Update AboutUs to reflect new team.\"\"",
            "messageBody": "",
            "insertions": 23,
            "deletions": 24
          },
          {
            "hash": "42b7f12b4c6c549d91aedfa91fe9271c13d1e879",
            "messageTitle": "Update AboutUs.adoc to reflect team lead.",
            "messageBody": "",
            "insertions": 9,
            "deletions": 9
          }
        ]
      },
      {
        "insertions": 4,
        "deletions": 2,
        "date": "2019-09-30",
        "commitResults": [
          {
            "hash": "5268773f059b0596b36533a84649f475d7928f20",
            "messageTitle": "Update Appendix A of Developer Guide.",
            "messageBody": "",
            "insertions": 4,
            "deletions": 2
          }
        ]
      }
    ]
  },
  "authorFinalContributionMap": {
    "chanjunren": 1,
    "ckb055": 7,
    "jaesimin": 861,
    "Sahilgat": 1,
    "Sam-limyr": 27
  },
  "authorFileTypeContributionMap": {
    "chanjunren": {
      "docs": 1,
      "tests": 0,
      "functional": 0
    },
    "ckb055": {
      "docs": 7,
      "tests": 0,
      "functional": 0
    },
    "jaesimin": {
      "docs": 861,
      "tests": 0,
      "functional": 0
    },
    "Sahilgat": {
      "docs": 1,
      "tests": 0,
      "functional": 0
    },
    "Sam-limyr": {
      "docs": 27,
      "tests": 0,
      "functional": 0
    }
  },
  "authorContributionVariance": {
    "chanjunren": 0.1536,
    "ckb055": 4.646401,
    "jaesimin": 21843.035,
    "Sahilgat": 0.34559968,
    "Sam-limyr": 1018.50244
  },
  "authorDisplayNameMap": {
    "chanjunren": "CS2103T-W13-3 CHAN  ... N REN",
    "ckb055": "CS2103T-W13-3 CHEN  ... AIBIN",
    "jaesimin": "CS2103T-W13-3 JASMI ... A MIN",
    "Sahilgat": "CS2103T-W13-3 SAHIL ... THANI",
    "Sam-limyr": "CS2103T-W13-3 LIM Y ... AMUEL"
  }
}
