{
  "authorDailyContributionsMap": {
    "Cary-Xx": [
      {
        "insertions": 1,
        "deletions": 3,
        "date": "2019-10-01",
        "commitResults": [
          {
            "hash": "2e81b35b62cb5854c0b0db832de7c52cea07b4a1",
            "messageTitle": "Fix Travis CI",
            "messageBody": "",
            "insertions": 1,
            "deletions": 2
          },
          {
            "hash": "9391c55d82a1c10e6112543f41b18762a94cead8",
            "messageTitle": "Remove codacy badge",
            "messageBody": "",
            "insertions": 0,
            "deletions": 1
          }
        ]
      },
      {
        "insertions": 29,
        "deletions": 13,
        "date": "2019-10-02",
        "commitResults": [
          {
            "hash": "ea3008f7eba7fa577376b3412804e33f87dbe428",
            "messageTitle": "Update UG skeleton",
            "messageBody": "",
            "insertions": 29,
            "deletions": 13
          }
        ]
      },
      {
        "insertions": 69,
        "deletions": 68,
        "date": "2019-10-09",
        "commitResults": [
          {
            "hash": "13930ae8b87b34c6d5bab860c0f7dcc25b6b32fb",
            "messageTitle": "Set up AppVeyor and Coveralls",
            "messageBody": "",
            "insertions": 13,
            "deletions": 9
          },
          {
            "hash": "eeb4d7117ab23adb7aa1d15112d4488fd3699133",
            "messageTitle": "Update doc",
            "messageBody": "",
            "insertions": 11,
            "deletions": 11
          },
          {
            "hash": "970281f3e26911495e6898f3131bd46368f382bc",
            "messageTitle": "Update",
            "messageBody": "",
            "insertions": 45,
            "deletions": 48
          }
        ]
      },
      {
        "insertions": 4,
        "deletions": 6,
        "date": "2019-10-10",
        "commitResults": [
          {
            "hash": "0623dec9c6041372ce4db65913b4c868c2dfa8b8",
            "messageTitle": "Fix corrupted URL",
            "messageBody": "",
            "insertions": 4,
            "deletions": 6
          }
        ]
      },
      {
        "insertions": 1643,
        "deletions": 1693,
        "date": "2019-10-11",
        "commitResults": [
          {
            "hash": "4235649bf33b5a10980ac4df41084cd73de2220a",
            "messageTitle": "Refactor to MYMorise",
            "messageBody": "",
            "insertions": 1636,
            "deletions": 1687
          },
          {
            "hash": "8ebd9f15ba79cd9b8531d63e0b329695b010f222",
            "messageTitle": "Fix checkstyle",
            "messageBody": "",
            "insertions": 6,
            "deletions": 5
          },
          {
            "hash": "7ce6d535cdbd24a31e4184984431a2142b1a41ec",
            "messageTitle": "Update diagram",
            "messageBody": "",
            "insertions": 1,
            "deletions": 1
          }
        ]
      },
      {
        "insertions": 12,
        "deletions": 10,
        "date": "2019-10-12",
        "commitResults": [
          {
            "hash": "464679fe7691f5182dee553e542408ea7fcf096c",
            "messageTitle": "Fix",
            "messageBody": "",
            "insertions": 3,
            "deletions": 4
          },
          {
            "hash": "6186fe17fafa6d3322dfeb2876ba0be05be20d5e",
            "messageTitle": "Fix matching case",
            "messageBody": "",
            "insertions": 3,
            "deletions": 2
          },
          {
            "hash": "9fe63944ee66d403c949a6e483c84b54a3bd8ed8",
            "messageTitle": "Fix saving and loading issue",
            "messageBody": "",
            "insertions": 6,
            "deletions": 4
          }
        ]
      },
      {
        "insertions": 1,
        "deletions": 1,
        "date": "2019-10-13",
        "commitResults": [
          {
            "hash": "29292116976c7a94428fa50a0092e7b56515f894",
            "messageTitle": "Fix Json",
            "messageBody": "",
            "insertions": 1,
            "deletions": 1
          }
        ]
      },
      {
        "insertions": 1,
        "deletions": 2,
        "date": "2019-10-14",
        "commitResults": [
          {
            "hash": "ea0ba058d580949e9a59c3f4960e001be38dc5e8",
            "messageTitle": "Fix format for Date",
            "messageBody": "",
            "insertions": 1,
            "deletions": 2
          }
        ]
      },
      {
        "insertions": 265,
        "deletions": 113,
        "date": "2019-10-15",
        "commitResults": [
          {
            "hash": "f705ff856ff7d0ebb199042911b67d3c46777c7f",
            "messageTitle": "Fix test and Update date and name regex",
            "messageBody": "",
            "insertions": 156,
            "deletions": 61
          },
          {
            "hash": "c1b08ec4cafdd09f51ce5787976f093692c118a3",
            "messageTitle": "Make date optional and fix minor issues",
            "messageBody": "",
            "insertions": 77,
            "deletions": 35
          },
          {
            "hash": "750e24f87b288fbf87a1ab4e9fa41bdce710cd09",
            "messageTitle": "Minor fix",
            "messageBody": "",
            "insertions": 28,
            "deletions": 17
          },
          {
            "hash": "1a1822573b7008c1e14cad13e4b4db65b936baa9",
            "messageTitle": "Add test",
            "messageBody": "",
            "insertions": 4,
            "deletions": 0
          }
        ]
      },
      {
        "insertions": 36,
        "deletions": 23,
        "date": "2019-10-16",
        "commitResults": [
          {
            "hash": "41989a66ae4b3f72d421ade7ad9e786253d3ebb8",
            "messageTitle": "Update doc",
            "messageBody": "",
            "insertions": 2,
            "deletions": 2
          },
          {
            "hash": "ca2de324ab95ee9d78d6046aceb772c3fa2c0971",
            "messageTitle": "Uniform expense format",
            "messageBody": "",
            "insertions": 34,
            "deletions": 21
          }
        ]
      },
      {
        "insertions": 143,
        "deletions": 116,
        "date": "2019-10-17",
        "commitResults": [
          {
            "hash": "b92c5c33f9a817de25fdee781f3d7da73ac89bbd",
            "messageTitle": "Update test and minor fix (#67)",
            "messageBody": "* Update test and minor fix\r\n\r\n* Fix\r\n",
            "insertions": 143,
            "deletions": 116
          }
        ]
      }
    ],
    "limxuanhui": [],
    "choonx99": [
      {
        "insertions": 2,
        "deletions": 1,
        "date": "2019-09-17",
        "commitResults": [
          {
            "hash": "be1da12b207e480f49caf04904cc313b06be2b1b",
            "messageTitle": "Added build status badge",
            "messageBody": "",
            "insertions": 1,
            "deletions": 0
          },
          {
            "hash": "abc037433c0ca3352bab2722d13591e60709c74d",
            "messageTitle": "Removed codacy badge",
            "messageBody": "",
            "insertions": 0,
            "deletions": 1
          },
          {
            "hash": "21f1978ccca8b2c0c318d4a56437faa4cb00cbd6",
            "messageTitle": "Re-added codacy badge",
            "messageBody": "",
            "insertions": 1,
            "deletions": 0
          }
        ]
      },
      {
        "insertions": 33,
        "deletions": 22,
        "date": "2019-10-02",
        "commitResults": [
          {
            "hash": "d77d7823784605f852e9f0a9f77a9c09b5a0b84f",
            "messageTitle": "updated ContactUs, README and AboutUs",
            "messageBody": "",
            "insertions": 27,
            "deletions": 16
          },
          {
            "hash": "bc208c4998791282e4566bc62d9b0dde8e78ddcc",
            "messageTitle": "Remove trailing space",
            "messageBody": "",
            "insertions": 2,
            "deletions": 2
          },
          {
            "hash": "83f7aedd6a1a9bc0e2880f8d0957a11714854e99",
            "messageTitle": "Remove trailing spaces",
            "messageBody": "",
            "insertions": 4,
            "deletions": 4
          }
        ]
      },
      {
        "insertions": 49,
        "deletions": 25,
        "date": "2019-10-09",
        "commitResults": [
          {
            "hash": "66e0cc0f1b90d1885aca494ea3b04478ed5b9890",
            "messageTitle": "Minor updates to UG and DG",
            "messageBody": "",
            "insertions": 49,
            "deletions": 25
          }
        ]
      },
      {
        "insertions": 1077,
        "deletions": 1160,
        "date": "2019-10-13",
        "commitResults": [
          {
            "hash": "6a2a2384b7a9ca64d128314885666cde6789c9aa",
            "messageTitle": "refactored test data, test commons and testutil files",
            "messageBody": "",
            "insertions": 335,
            "deletions": 359
          },
          {
            "hash": "6f57844d93f26b93e6900ad371a50f98135cb9c3",
            "messageTitle": "refactored test storage files",
            "messageBody": "",
            "insertions": 229,
            "deletions": 244
          },
          {
            "hash": "12bfb3b0e5f092e1202195ffc440342cbd727643",
            "messageTitle": "refactored test model files and minor updates to test data files",
            "messageBody": "",
            "insertions": 513,
            "deletions": 557
          }
        ]
      },
      {
        "insertions": 634,
        "deletions": 692,
        "date": "2019-10-14",
        "commitResults": [
          {
            "hash": "45041f682393243efc3db4ef11d4bc75b1e5728b",
            "messageTitle": "refactored test logic files and minor refactors to main java files",
            "messageBody": "",
            "insertions": 529,
            "deletions": 589
          },
          {
            "hash": "b2b29fdd6ad5e31dcf47eb4f87a2ce08037bcfe2",
            "messageTitle": "fix checkstyle",
            "messageBody": "",
            "insertions": 46,
            "deletions": 44
          },
          {
            "hash": "53eba2dbdac9341b34d461bfa98222292fe2c3ce",
            "messageTitle": "fix checkstyle",
            "messageBody": "",
            "insertions": 5,
            "deletions": 5
          },
          {
            "hash": "12418c87958d86a6eec1be03fda553d3d145c66f",
            "messageTitle": "fix checkstyle",
            "messageBody": "",
            "insertions": 2,
            "deletions": 2
          },
          {
            "hash": "14af918a89b4349898492c7a412fdafc292a96fc",
            "messageTitle": "fix test case errors",
            "messageBody": "",
            "insertions": 5,
            "deletions": 5
          },
          {
            "hash": "16f0499b3409dfe07831c8283b5f7d5ecc9493dd",
            "messageTitle": "fix checkstyle",
            "messageBody": "",
            "insertions": 1,
            "deletions": 1
          },
          {
            "hash": "af16eeb2d5cbb7ad22a718b1e2de7d08c8269cc6",
            "messageTitle": "commented failed date TCs",
            "messageBody": "",
            "insertions": 22,
            "deletions": 22
          },
          {
            "hash": "bde5a5f572e2dce76eccb9dfd7ddfdef883a18c4",
            "messageTitle": "fix test case error",
            "messageBody": "",
            "insertions": 23,
            "deletions": 23
          },
          {
            "hash": "332617aac414b5f48436ddd77cfad75ae7e62478",
            "messageTitle": "fix tc error",
            "messageBody": "",
            "insertions": 1,
            "deletions": 1
          }
        ]
      },
      {
        "insertions": 2,
        "deletions": 2,
        "date": "2019-10-16",
        "commitResults": [
          {
            "hash": "8462c764bc0775eb059084b4e284bf4352f929e1",
            "messageTitle": "Update app name, icon and userguide link (#62)",
            "messageBody": "",
            "insertions": 2,
            "deletions": 2
          }
        ]
      }
    ],
    "muhammadaljunied": []
  },
  "authorFinalContributionMap": {
    "Cary-Xx": 1666,
    "limxuanhui": 0,
    "choonx99": 1555,
    "muhammadaljunied": 0
  },
  "authorFileTypeContributionMap": {
    "Cary-Xx": {
      "docs": 98,
      "tests": 258,
      "functional": 1307,
      "other": 3
    },
    "limxuanhui": {
      "docs": 0,
      "tests": 0,
      "functional": 0
    },
    "choonx99": {
      "docs": 65,
      "tests": 1477,
      "functional": 13
    },
    "muhammadaljunied": {
      "docs": 0,
      "tests": 0,
      "functional": 0
    }
  },
  "authorContributionVariance": {
    "Cary-Xx": 260310.1,
    "limxuanhui": 0.0,
    "choonx99": 153457.0,
    "muhammadaljunied": 0.0
  },
  "authorDisplayNameMap": {
    "Cary-Xx": "CS2103-T14-4 XIU Z ... IHENG",
    "limxuanhui": "CS2103-T14-4 LIM X ... N HUI",
    "choonx99": "CS2103-T14-4 NG CH ... N WAH",
    "muhammadaljunied": "CS2103-T14-4 SYED  ... UNIED"
  }
}
