{
  "authorDailyContributionsMap": {
    "podocarp": [
      {
        "insertions": 98,
        "deletions": 30,
        "date": "2019-09-26",
        "commitResults": [
          {
            "hash": "0a03fde57472c818f7f66e7a9951fe11276f4045",
            "messageTitle": "Update README.adoc",
            "messageBody": "",
            "insertions": 1,
            "deletions": 1
          },
          {
            "hash": "912c847c58ad21e7d9a681bb0d0b609dedd6e8ee",
            "messageTitle": "Update DeveloperGuide.adoc",
            "messageBody": "Update user stories",
            "insertions": 47,
            "deletions": 6
          },
          {
            "hash": "54af2231841cdefe8f7125b6af10d0919051667c",
            "messageTitle": "Update DeveloperGuide.adoc",
            "messageBody": "remove extra line under table",
            "insertions": 0,
            "deletions": 2
          },
          {
            "hash": "9895af44267a44b651a62f783839236fa1c55672",
            "messageTitle": "Update DeveloperGuide.adoc",
            "messageBody": "added mss and stuff",
            "insertions": 41,
            "deletions": 8
          },
          {
            "hash": "e1b4bfb750520148ccec0730834402aa64a5f86f",
            "messageTitle": "Update DeveloperGuide.adoc",
            "messageBody": "",
            "insertions": 9,
            "deletions": 13
          }
        ]
      },
      {
        "insertions": 79,
        "deletions": 27,
        "date": "2019-10-07",
        "commitResults": [
          {
            "hash": "b28b9334e78e35f95a15f19fc5926e098d096c1c",
            "messageTitle": "resolve issues by aulud",
            "messageBody": "",
            "insertions": 9,
            "deletions": 9
          },
          {
            "hash": "f067afcdc4509e5f48e6527551d07dc9a37eb989",
            "messageTitle": "added history surfing ability",
            "messageBody": "",
            "insertions": 70,
            "deletions": 18
          }
        ]
      },
      {
        "insertions": 2,
        "deletions": 2,
        "date": "2019-10-10",
        "commitResults": [
          {
            "hash": "b5dd0c49f8e6bd60fb4b6c28bdef3cc58b990367",
            "messageTitle": "fixed null pointer on up/down when freshly started",
            "messageBody": "",
            "insertions": 1,
            "deletions": 1
          },
          {
            "hash": "211d22faaf6a7f54a861a2f0e9c93e8f43dfedad",
            "messageTitle": "prevent scrolloff for history",
            "messageBody": "",
            "insertions": 1,
            "deletions": 1
          }
        ]
      },
      {
        "insertions": 418,
        "deletions": 99,
        "date": "2019-10-11",
        "commitResults": [
          {
            "hash": "2194787bc8874f39fed49ce3c1775a61aa030681",
            "messageTitle": "Added primary key to Person as our first internal state field to keep track of, and implemented save functionality for it as well.",
            "messageBody": "",
            "insertions": 418,
            "deletions": 99
          }
        ]
      },
      {
        "insertions": 136,
        "deletions": 86,
        "date": "2019-10-12",
        "commitResults": [
          {
            "hash": "c189b492f56616dfa82fc8f5f4960b36ccd318ba",
            "messageTitle": "fix all tests and styling",
            "messageBody": "",
            "insertions": 93,
            "deletions": 43
          },
          {
            "hash": "aac6b58fa6c643baeb606d4897cb235e68fc2b54",
            "messageTitle": "contact command conforms to user guide",
            "messageBody": "",
            "insertions": 42,
            "deletions": 42
          },
          {
            "hash": "7529115848d471a0c4d25088e1fc29f44811c387",
            "messageTitle": "fix typo",
            "messageBody": "",
            "insertions": 1,
            "deletions": 1
          }
        ]
      },
      {
        "insertions": 182,
        "deletions": 14,
        "date": "2019-10-13",
        "commitResults": [
          {
            "hash": "e92b9a8df22c7f82e492e5e3e6f9ee9bed5481a9",
            "messageTitle": "rename variable",
            "messageBody": "",
            "insertions": 6,
            "deletions": 8
          },
          {
            "hash": "fefa81627e21c0f4a3516d18bcb0a018fc875bf2",
            "messageTitle": "add elementary test for pri key creation",
            "messageBody": "",
            "insertions": 12,
            "deletions": 0
          },
          {
            "hash": "3d30e9b119135de74f267958630428ba45b52d9b",
            "messageTitle": "added check for duplicate primary keys",
            "messageBody": "",
            "insertions": 17,
            "deletions": 1
          },
          {
            "hash": "0ec3aabb24cc4a8d39c28932aef173c753d29d09",
            "messageTitle": "checkstyle",
            "messageBody": "help la\n",
            "insertions": 1,
            "deletions": 1
          },
          {
            "hash": "2728d3c1698260edc357a3efe4316510314cad82",
            "messageTitle": "Many new tests for InternalState!",
            "messageBody": "also small bugfixes and added other minor tests\n",
            "insertions": 145,
            "deletions": 3
          },
          {
            "hash": "94f73daddaab4aa7bd7df1d279b0ae7cf8815bfd",
            "messageTitle": "revert requirenonnull in person constructor",
            "messageBody": "",
            "insertions": 1,
            "deletions": 1
          }
        ]
      },
      {
        "insertions": 8,
        "deletions": 4,
        "date": "2019-10-14",
        "commitResults": [
          {
            "hash": "dd44a9ee970456991a125009a5d47ae61d22239b",
            "messageTitle": "Update README.adoc",
            "messageBody": "Add coveralls",
            "insertions": 2,
            "deletions": 0
          },
          {
            "hash": "61bcb35533f019f1e07e837bad672c91f193b3d8",
            "messageTitle": "Update README.adoc",
            "messageBody": "Add codesense badge",
            "insertions": 2,
            "deletions": 2
          },
          {
            "hash": "dc87db411ea6b79eaafaf74f77c508b314da7a9f",
            "messageTitle": "Update README.adoc",
            "messageBody": "more badges",
            "insertions": 3,
            "deletions": 1
          },
          {
            "hash": "06654add86d606f88601602ba6520de0923006a0",
            "messageTitle": "Update README.adoc",
            "messageBody": "more badge",
            "insertions": 1,
            "deletions": 1
          }
        ]
      },
      {
        "insertions": 135,
        "deletions": 0,
        "date": "2019-10-15",
        "commitResults": [
          {
            "hash": "dbb83e2fe5c01098d8c9a0ddfabc7f8964e8207e",
            "messageTitle": "added tests for parser",
            "messageBody": "",
            "insertions": 135,
            "deletions": 0
          }
        ]
      },
      {
        "insertions": 22,
        "deletions": 5,
        "date": "2019-10-18",
        "commitResults": [
          {
            "hash": "2925fd069a46fe910794b0720f650d4aba9ea283",
            "messageTitle": "make activity command refresh view",
            "messageBody": "",
            "insertions": 13,
            "deletions": 4
          },
          {
            "hash": "2d77e5b3f7d9135372eed66b27509bcfe4263e98",
            "messageTitle": "Fix style",
            "messageBody": "",
            "insertions": 9,
            "deletions": 1
          }
        ]
      },
      {
        "insertions": 80,
        "deletions": 21,
        "date": "2019-10-20",
        "commitResults": [
          {
            "hash": "ea55cde012e86b2d34501d368b575aae1c2e75f1",
            "messageTitle": "Update README.adoc",
            "messageBody": "remove codacy",
            "insertions": 0,
            "deletions": 1
          },
          {
            "hash": "7773400482578e2583c5d5daa97d9faa30f1a66d",
            "messageTitle": "add pri key to activity",
            "messageBody": "",
            "insertions": 47,
            "deletions": 5
          },
          {
            "hash": "4448909c0d7abecbfa0a870e0a6b057a2c17aafe",
            "messageTitle": "add check for duplicate pri keys",
            "messageBody": "",
            "insertions": 18,
            "deletions": 1
          },
          {
            "hash": "d3a2f666ba33c595fdc59f3ffc2acce20c9b153a",
            "messageTitle": "update tests",
            "messageBody": "",
            "insertions": 6,
            "deletions": 2
          },
          {
            "hash": "cfa53c4502d596b19c5c649e104902b72435d5c8",
            "messageTitle": "fix style",
            "messageBody": "",
            "insertions": 9,
            "deletions": 12
          }
        ]
      },
      {
        "insertions": 0,
        "deletions": 361,
        "date": "2019-10-21",
        "commitResults": [
          {
            "hash": "b624e875ad4b8ebd74d76bccf936208dd96e70e7",
            "messageTitle": "Revert \"Add invite command\"",
            "messageBody": "",
            "insertions": 0,
            "deletions": 361
          }
        ]
      }
    ],
    "liakify": [
      {
        "insertions": 133,
        "deletions": 91,
        "date": "2019-09-26",
        "commitResults": [
          {
            "hash": "c204694cc17ca7c174e0a5e5ae003c92b66ba1a9",
            "messageTitle": "Updated ContactUs.adoc",
            "messageBody": "",
            "insertions": 1,
            "deletions": 2
          },
          {
            "hash": "555beca8d6b16dfddeea1f6351884a93dce0e007",
            "messageTitle": "Update UserGuide.adoc",
            "messageBody": "",
            "insertions": 101,
            "deletions": 79
          },
          {
            "hash": "cec1b47ee868f821f9aab4e1f0e5a6d3a77d2e59",
            "messageTitle": "Update UserGuide.adoc",
            "messageBody": "",
            "insertions": 30,
            "deletions": 9
          },
          {
            "hash": "06524a560f6d55104a1aa6d780ed9f99aefbdf96",
            "messageTitle": "Update UserGuide.adoc",
            "messageBody": "",
            "insertions": 1,
            "deletions": 1
          }
        ]
      },
      {
        "insertions": 44,
        "deletions": 2,
        "date": "2019-10-05",
        "commitResults": [
          {
            "hash": "0f340c1aeda1e89639bd627fd050568ff26a5023",
            "messageTitle": "Add Expense class in a new package seedu.address.model.activity",
            "messageBody": "",
            "insertions": 42,
            "deletions": 0
          },
          {
            "hash": "970196b09a80d7ee3b7ee379a49d491d5a4e07a2",
            "messageTitle": "Fix checkstyle error",
            "messageBody": "",
            "insertions": 2,
            "deletions": 2
          }
        ]
      },
      {
        "insertions": 79,
        "deletions": 3,
        "date": "2019-10-09",
        "commitResults": [
          {
            "hash": "bd81cf86a4c86674e2f8a5b042c91c9bfb26c3be",
            "messageTitle": "Add Amount class and JsonAdaptedExpense class, and modified Expense class to use Amount class",
            "messageBody": "",
            "insertions": 79,
            "deletions": 3
          }
        ]
      },
      {
        "insertions": 141,
        "deletions": 18,
        "date": "2019-10-10",
        "commitResults": [
          {
            "hash": "2fe5171b9001fbc96bd3ea83efd356b6e2c57324",
            "messageTitle": "Fix checkstyle error",
            "messageBody": "",
            "insertions": 21,
            "deletions": 0
          },
          {
            "hash": "6a362759c30a6773abb82635d01c62d8895ff8b6",
            "messageTitle": "Remove null check for primitive double in Amount",
            "messageBody": "",
            "insertions": 1,
            "deletions": 4
          },
          {
            "hash": "402d04f95f9081c2f44f04986674445392efde10",
            "messageTitle": "Fix comments and changed to guard condition",
            "messageBody": "",
            "insertions": 10,
            "deletions": 6
          },
          {
            "hash": "68b67405c0450dbd9d726d0b5fce7e04a9b93c86",
            "messageTitle": "Fix comments",
            "messageBody": "",
            "insertions": 1,
            "deletions": 1
          },
          {
            "hash": "5403d06ad2d7c4342895d3521491f6c44f0638a2",
            "messageTitle": "Add unit tests for Amount and Expense classes",
            "messageBody": "",
            "insertions": 57,
            "deletions": 1
          },
          {
            "hash": "4c8ed5788f0bf0f6a09f99eb01ccd6b6601c81cf",
            "messageTitle": "Add unit test for JsonAdaptedExpense",
            "messageBody": "",
            "insertions": 43,
            "deletions": 0
          },
          {
            "hash": "70a6142706ef9d6d063e7300943844a20c3d2428",
            "messageTitle": "Fix checkstyle errors",
            "messageBody": "",
            "insertions": 8,
            "deletions": 6
          }
        ]
      },
      {
        "insertions": 2,
        "deletions": 2,
        "date": "2019-10-11",
        "commitResults": [
          {
            "hash": "089653f177e9761801bcbfd042c9ff56820e768b",
            "messageTitle": "Fix Amount class string format and equals",
            "messageBody": "",
            "insertions": 2,
            "deletions": 2
          }
        ]
      },
      {
        "insertions": 147,
        "deletions": 38,
        "date": "2019-10-14",
        "commitResults": [
          {
            "hash": "89602824255f23c0f846c9b0236167633dade1e3",
            "messageTitle": "Change Expense and tests to use person ID instead of person",
            "messageBody": "",
            "insertions": 18,
            "deletions": 27
          },
          {
            "hash": "63cf2304b467ad156f5ba1bf2692d288d941877d",
            "messageTitle": "Create ExpenseCommand and parser classes",
            "messageBody": "",
            "insertions": 99,
            "deletions": 0
          },
          {
            "hash": "a447ea9b56b88af415d069376d2f7e4d293cf632",
            "messageTitle": "Add description field to expenses",
            "messageBody": "",
            "insertions": 30,
            "deletions": 11
          }
        ]
      },
      {
        "insertions": 157,
        "deletions": 11,
        "date": "2019-10-15",
        "commitResults": [
          {
            "hash": "d7dfa6fb1ad5268e2809e7d89f523c0ae0679af8",
            "messageTitle": "Complete ExpenseCommandParser without tests, link expense command to AddressBookParser and implement basic ExecuteCommand",
            "messageBody": "",
            "insertions": 86,
            "deletions": 11
          },
          {
            "hash": "e6ae9370f41111ff729996e2ed56f625027b1ecd",
            "messageTitle": "Add Context enum and update Model to require context",
            "messageBody": "",
            "insertions": 71,
            "deletions": 0
          }
        ]
      },
      {
        "insertions": 141,
        "deletions": 16,
        "date": "2019-10-16",
        "commitResults": [
          {
            "hash": "102802d38f5a861dbadd3250222a65b21845937e",
            "messageTitle": "Redo Context and changed it from enum to class, add tests",
            "messageBody": "",
            "insertions": 141,
            "deletions": 16
          }
        ]
      },
      {
        "insertions": 561,
        "deletions": 61,
        "date": "2019-10-17",
        "commitResults": [
          {
            "hash": "cf32b46b25707605a3cebb292976c60c750d62d4",
            "messageTitle": "Add Context enum and update Model to require context",
            "messageBody": "",
            "insertions": 71,
            "deletions": 0
          },
          {
            "hash": "0cf68802456eaaaa956f65db4bd116ba7e59601c",
            "messageTitle": "Redo Context and changed it from enum to class, add tests",
            "messageBody": "",
            "insertions": 141,
            "deletions": 16
          },
          {
            "hash": "52cd6bac3f03842e0100063fbf0c64cf2b50c7f0",
            "messageTitle": "Add more tests for ExpenseCommandParser",
            "messageBody": "",
            "insertions": 65,
            "deletions": 11
          },
          {
            "hash": "606b9c71801be6649fbfbee6404188c0db5e8167",
            "messageTitle": "Implement ExpenseCommand execute method in full",
            "messageBody": "",
            "insertions": 79,
            "deletions": 13
          },
          {
            "hash": "bbca59cfb1495f96cc1a8ca873f2b4990de9f848",
            "messageTitle": "Create NameContainsAllKeyWordsPredicate and refactor accordingly",
            "messageBody": "",
            "insertions": 89,
            "deletions": 21
          },
          {
            "hash": "9942bd4fcb56fc22b4640fe40e0a7b56ec524675",
            "messageTitle": "Add NameContainsAllKeywordsTest and update ModelManagerTest",
            "messageBody": "",
            "insertions": 116,
            "deletions": 0
          }
        ]
      },
      {
        "insertions": 190,
        "deletions": 21,
        "date": "2019-10-18",
        "commitResults": [
          {
            "hash": "44e0b0a7c5c66be52624675e4accca1dc0ff410f",
            "messageTitle": "Write tests for ExpenseCommand",
            "messageBody": "",
            "insertions": 190,
            "deletions": 21
          }
        ]
      }
    ],
    "JohnNzj": [
      {
        "insertions": 20,
        "deletions": 21,
        "date": "2019-09-26",
        "commitResults": [
          {
            "hash": "fc49d24e3d919bad4062d060c7473542221c3ebb",
            "messageTitle": "Update AboutUs.adoc",
            "messageBody": "",
            "insertions": 16,
            "deletions": 17
          },
          {
            "hash": "ab08d58c18a2a4740d6fcae7186e7dac28546d39",
            "messageTitle": "Update AboutUs.adoc",
            "messageBody": "Remove:  [\u003c\u003cjohndoe#, portfolio\u003e\u003e]",
            "insertions": 4,
            "deletions": 4
          }
        ]
      },
      {
        "insertions": 4,
        "deletions": 4,
        "date": "2019-09-30",
        "commitResults": [
          {
            "hash": "e9239ede1f981f28015799e4a5c5ea1f791d1df6",
            "messageTitle": "Update DeveloperGuide.adoc",
            "messageBody": "Remove some typos",
            "insertions": 4,
            "deletions": 4
          }
        ]
      },
      {
        "insertions": 1,
        "deletions": 0,
        "date": "2019-10-02",
        "commitResults": [
          {
            "hash": "8be062b06df1fa72ca3469f77fd15f1feb4da16e",
            "messageTitle": "Update README.adoc",
            "messageBody": "Add acknowledgement to SE-EDU",
            "insertions": 1,
            "deletions": 0
          }
        ]
      },
      {
        "insertions": 103,
        "deletions": 0,
        "date": "2019-10-05",
        "commitResults": [
          {
            "hash": "21ee043c3626ba417c96bcd3b1754665e8407cf9",
            "messageTitle": "Add Activity class in seedu.address.model.activity package",
            "messageBody": "",
            "insertions": 86,
            "deletions": 0
          },
          {
            "hash": "7857ac6dfbb5c98709f064af2e98f8e693d1535c",
            "messageTitle": "Fix checkstyle errors",
            "messageBody": "",
            "insertions": 17,
            "deletions": 0
          }
        ]
      },
      {
        "insertions": 106,
        "deletions": 0,
        "date": "2019-10-10",
        "commitResults": [
          {
            "hash": "663b23d8fb686dfd1812d583aea2574d29ff9bcb",
            "messageTitle": "Add JsonAdaptedActivity.java(issue #59) Don\u0027t merge it yet as it depends on JsonAdaptedExpense, Activity \u0026 Title class which are not yet merged.",
            "messageBody": "",
            "insertions": 81,
            "deletions": 0
          },
          {
            "hash": "b68528130dec638d952e5afd808d3f8a7f9d6ac0",
            "messageTitle": "Add JsonAdaptedActivityTest.java, only contains 1 test so far",
            "messageBody": "",
            "insertions": 25,
            "deletions": 0
          }
        ]
      },
      {
        "insertions": 56,
        "deletions": 0,
        "date": "2019-10-17",
        "commitResults": [
          {
            "hash": "0da8afb2743e71345561d940741e0ce402b77325",
            "messageTitle": "Add InviteCommandParser, InviteCommand Modified AddressBookParser to include Invite case",
            "messageBody": "",
            "insertions": 56,
            "deletions": 0
          }
        ]
      },
      {
        "insertions": 89,
        "deletions": 38,
        "date": "2019-10-18",
        "commitResults": [
          {
            "hash": "14431d033d917cb804aeaff46f5c4ffd85961e63",
            "messageTitle": "Modify Messages, InviteCommand \u0026 InviteCommandParser class",
            "messageBody": "",
            "insertions": 74,
            "deletions": 2
          },
          {
            "hash": "b346989ea589d9ae6566a27ded2ce0d2433613b5",
            "messageTitle": "Modify Messages, InviteCommand, InviteCommandParser, Context class",
            "messageBody": "",
            "insertions": 15,
            "deletions": 36
          }
        ]
      },
      {
        "insertions": 286,
        "deletions": 32,
        "date": "2019-10-19",
        "commitResults": [
          {
            "hash": "799f31f30e65ed66262329e7f2adacad89d3df72",
            "messageTitle": "Modify InviteCommand class",
            "messageBody": "",
            "insertions": 19,
            "deletions": 5
          },
          {
            "hash": "3a1104f1d5df4e2978ef370bada81fe3ac1e9410",
            "messageTitle": "Completed InviteCommand class Left with tests",
            "messageBody": "",
            "insertions": 43,
            "deletions": 12
          },
          {
            "hash": "b508d11c746cf2e5e552ee01fb469ef41ca92f75",
            "messageTitle": "Add InviteCommandTest Modify ExpenseCommand to handle list size of 0 strings to be added Change ExpenseCommand",
            "messageBody": "",
            "insertions": 120,
            "deletions": 1
          },
          {
            "hash": "bf8837eea8801ac8992d9625dc5ca22610941810",
            "messageTitle": "Add new line to InviteCommandTest",
            "messageBody": "",
            "insertions": 1,
            "deletions": 1
          },
          {
            "hash": "f55a8aaf5d12aec438c1437c515fe4c6f142b7c5",
            "messageTitle": "Use assert in InviteCommand",
            "messageBody": "",
            "insertions": 4,
            "deletions": 1
          },
          {
            "hash": "1a675eb4260b4da6432718add20f84af5a1b1b77",
            "messageTitle": "Improve checkstyle",
            "messageBody": "",
            "insertions": 25,
            "deletions": 11
          },
          {
            "hash": "7cb4c8dc765c1b464e93c1a1c49d76e4e4275887",
            "messageTitle": "Modify InviteCommand to handle duplicate entries Add test method for InviteCommandTest to test for duplicate entries Add InviteCommandParserTest",
            "messageBody": "",
            "insertions": 74,
            "deletions": 1
          }
        ]
      }
    ],
    "Aulud": [
      {
        "insertions": 1,
        "deletions": 5,
        "date": "2019-09-13",
        "commitResults": [
          {
            "hash": "559ed042e61481dcd3619e726296459fc3f3f858",
            "messageTitle": "Add Travis badge",
            "messageBody": "",
            "insertions": 1,
            "deletions": 5
          }
        ]
      },
      {
        "insertions": 184,
        "deletions": 96,
        "date": "2019-10-01",
        "commitResults": [
          {
            "hash": "a72dcaa4bb4646341c3a8aa09d9330e3fc0d2744",
            "messageTitle": "Update AboutUs.adoc to correct placeholder image names",
            "messageBody": "",
            "insertions": 5,
            "deletions": 5
          },
          {
            "hash": "d7fc269bb0c910cde540f71dcdffddbb1155b4e6",
            "messageTitle": "Standardise use of \u0027SplitWiser\u0027 in AboutUs and README; update features",
            "messageBody": "",
            "insertions": 5,
            "deletions": 7
          },
          {
            "hash": "7ed0849c57cae8d5639ab28b1a8b7ed5838ba995",
            "messageTitle": "Reorder commands; add clarifications to descriptions and examples",
            "messageBody": "",
            "insertions": 83,
            "deletions": 56
          },
          {
            "hash": "42a2f8156a097a66abaaf37ffeaae9c8c7eb2a2a",
            "messageTitle": "Add details of other commands slated for v2.0",
            "messageBody": "",
            "insertions": 26,
            "deletions": 0
          },
          {
            "hash": "cc1c476a631fddab6e60d757f192f5f46b8a1a54",
            "messageTitle": "Lint",
            "messageBody": "",
            "insertions": 1,
            "deletions": 1
          },
          {
            "hash": "8c8c9ac682319a78a2f87becd58dbcc41c27fee7",
            "messageTitle": "Update Gradle build to replace AB3 with SplitWiser",
            "messageBody": "",
            "insertions": 3,
            "deletions": 3
          },
          {
            "hash": "3304bae247615388d8beee19c8690d53532cc092",
            "messageTitle": "Add more use cases to the developer guide; widen user stories table",
            "messageBody": "",
            "insertions": 61,
            "deletions": 24
          }
        ]
      },
      {
        "insertions": 1,
        "deletions": 1,
        "date": "2019-10-08",
        "commitResults": [
          {
            "hash": "08ecd552f3a69e1063a96d1965c2100ffa2e76c2",
            "messageTitle": "Resize app dimensions to 384x702; suppress user window resize",
            "messageBody": "",
            "insertions": 1,
            "deletions": 1
          }
        ]
      },
      {
        "insertions": 5,
        "deletions": 76,
        "date": "2019-10-09",
        "commitResults": [
          {
            "hash": "243aba6459fa5bb7b123dcc287f1363e3edb34d6",
            "messageTitle": "Force result display to wrap text; reduce font sizes",
            "messageBody": "",
            "insertions": 3,
            "deletions": 3
          },
          {
            "hash": "c7e7a06e4da1987d7e131fae0eb1c6e4f55bc1b2",
            "messageTitle": "Remove redundant header menu and all references to menu UI elements",
            "messageBody": "",
            "insertions": 2,
            "deletions": 73
          }
        ]
      },
      {
        "insertions": 440,
        "deletions": 449,
        "date": "2019-10-15",
        "commitResults": [
          {
            "hash": "be4d07cc47d63b88fc3c54226c6b25611d84202a",
            "messageTitle": "Redesign and style base GUI of app; separate CSS styles by category",
            "messageBody": "",
            "insertions": 349,
            "deletions": 409
          },
          {
            "hash": "76baf129c505ecc2cc6859e7fce8da9772e3a325",
            "messageTitle": "Revert \"Morph base app UI to resemble final product more closely\"",
            "messageBody": "",
            "insertions": 1,
            "deletions": 1
          },
          {
            "hash": "bbeddf591dd4b5a9beec79e45d66bdb6a425cf1c",
            "messageTitle": "Amend tag colours to improve contrast; ignore build and config files",
            "messageBody": "",
            "insertions": 2,
            "deletions": 2
          },
          {
            "hash": "776c5c6c9cd894337c57889abe3c7be82ba8f610",
            "messageTitle": "Force default window size on startup; update tests for user preferences",
            "messageBody": "",
            "insertions": 41,
            "deletions": 12
          },
          {
            "hash": "394a529036ba40118066a90e2680d77652bc0010",
            "messageTitle": "Amend app window title to \u0027SplitWiser\u0027; lint",
            "messageBody": "",
            "insertions": 8,
            "deletions": 7
          },
          {
            "hash": "3dc63b5c13cf2c71c68fa84702a7e817621bb1b6",
            "messageTitle": "Add Javadoc for resetWindow static method",
            "messageBody": "",
            "insertions": 7,
            "deletions": 1
          },
          {
            "hash": "c6c151e4a8667d9b5937b2f8240b523e96864e9a",
            "messageTitle": "Increase app width; update prompts for commands",
            "messageBody": "",
            "insertions": 16,
            "deletions": 14
          },
          {
            "hash": "9a25b4d8d571604fe29af3fe5bc5fbb2cb21aa4b",
            "messageTitle": "Replace use of !important in CSS with selector chaining",
            "messageBody": "",
            "insertions": 3,
            "deletions": 2
          },
          {
            "hash": "c94a55b29da041bfb91782f12085de5df5164448",
            "messageTitle": "Add Javadoc for FXML attributes in MainWindow",
            "messageBody": "",
            "insertions": 13,
            "deletions": 1
          }
        ]
      },
      {
        "insertions": 19,
        "deletions": 22,
        "date": "2019-10-18",
        "commitResults": [
          {
            "hash": "082e0416c525fd91ccec199e59d474da0f820d17",
            "messageTitle": "Fix FXML and CSS that was parsed incorrectly by OpenJFX on Ubuntu",
            "messageBody": "",
            "insertions": 19,
            "deletions": 22
          }
        ]
      }
    ],
    "daekoon": [
      {
        "insertions": 20,
        "deletions": 0,
        "date": "2019-10-07",
        "commitResults": [
          {
            "hash": "61caf9b89db1f57947c40ab38280d8d5f155c7a6",
            "messageTitle": "Add CreateActivity command",
            "messageBody": "",
            "insertions": 20,
            "deletions": 0
          }
        ]
      },
      {
        "insertions": 81,
        "deletions": 9,
        "date": "2019-10-09",
        "commitResults": [
          {
            "hash": "3d73a2f184012267e78dde6d14fc8604021a5ff2",
            "messageTitle": "Rename CreateActivityCommand class to ActivityClass",
            "messageBody": "",
            "insertions": 4,
            "deletions": 4
          },
          {
            "hash": "7a00f9f545202c851e65c6da1fc44a53602f7d80",
            "messageTitle": "Modify activity command to throw command not implemented yet error",
            "messageBody": "",
            "insertions": 7,
            "deletions": 3
          },
          {
            "hash": "5babfa982e7649004bcc41963ad8b144490716e9",
            "messageTitle": "Create parser for activity",
            "messageBody": "",
            "insertions": 70,
            "deletions": 2
          }
        ]
      },
      {
        "insertions": 173,
        "deletions": 6,
        "date": "2019-10-10",
        "commitResults": [
          {
            "hash": "8c29246d5751ca735f4d37e09804dc82d093e285",
            "messageTitle": "Add tests for Activity Command Parser",
            "messageBody": "",
            "insertions": 70,
            "deletions": 1
          },
          {
            "hash": "f93415fb4c7c40a4d12cdf3cf11c09b8042fdf3c",
            "messageTitle": "Complete Activity class, add tests",
            "messageBody": "",
            "insertions": 103,
            "deletions": 5
          }
        ]
      },
      {
        "insertions": 102,
        "deletions": 23,
        "date": "2019-10-11",
        "commitResults": [
          {
            "hash": "872bf67bd3e8e9affc978c6f1c2bd4798cb649c0",
            "messageTitle": "Add Title class, update tests and allow activity command to take in participants",
            "messageBody": "",
            "insertions": 102,
            "deletions": 23
          }
        ]
      },
      {
        "insertions": 1390,
        "deletions": 248,
        "date": "2019-10-12",
        "commitResults": [
          {
            "hash": "11c4543fcbeb5cd216a90a760d4ab14fd1dde7e1",
            "messageTitle": "Add functionality to save activities",
            "messageBody": "",
            "insertions": 399,
            "deletions": 40
          },
          {
            "hash": "23445f875a18f223fc9e373ce6a7799a2d7197c4",
            "messageTitle": "Fix style errors",
            "messageBody": "",
            "insertions": 87,
            "deletions": 39
          },
          {
            "hash": "205c261e5d5cf95c6ac576909298196379857948",
            "messageTitle": "Fixed bug where activitybook wasn\u0027t being saved as json file",
            "messageBody": "",
            "insertions": 103,
            "deletions": 1
          },
          {
            "hash": "66617f915cf88fb7ce79370dac64831680328cbb",
            "messageTitle": "Fix broken tests",
            "messageBody": "",
            "insertions": 5,
            "deletions": 0
          },
          {
            "hash": "7503c22130eadba76a178b13eab394f4e1196dd2",
            "messageTitle": "Add functionality to parse Title objects for ParserUtil",
            "messageBody": "",
            "insertions": 48,
            "deletions": 0
          },
          {
            "hash": "b5fbb72233e236f57135f1de56c60bbc51ce5ec8",
            "messageTitle": "Improve test reporting",
            "messageBody": "",
            "insertions": 36,
            "deletions": 0
          },
          {
            "hash": "ddb7f84fa73e65807814e47eeedab42595db0311",
            "messageTitle": "Add missing dependency",
            "messageBody": "",
            "insertions": 2,
            "deletions": 1
          },
          {
            "hash": "76c53ee80a94761b4098216f99469a08a99ec2b3",
            "messageTitle": "Minor formatting change to build.gradle",
            "messageBody": "",
            "insertions": 1,
            "deletions": 1
          },
          {
            "hash": "4c3813602e2b22000a35e6fd4307e0d8f4305710",
            "messageTitle": "Fix bug where JsonActivityBook wasn\u0027t being serialized properly",
            "messageBody": "",
            "insertions": 44,
            "deletions": 23
          },
          {
            "hash": "5e3bcca1580f08e81039d3001fa956529ad92d99",
            "messageTitle": "Add tests for JsonActivityBook, and add test support file TypicalActivities",
            "messageBody": "",
            "insertions": 65,
            "deletions": 0
          },
          {
            "hash": "44c7e6459184072aa0521d2c9ebbedc5c8bee332",
            "messageTitle": "Add tests for JsonActivityBookStorageTest",
            "messageBody": "",
            "insertions": 115,
            "deletions": 4
          },
          {
            "hash": "ab3c20d3ddac00634c931e9c1a06e007e89c3359",
            "messageTitle": "Improve JsonActivityBook test",
            "messageBody": "",
            "insertions": 11,
            "deletions": 0
          },
          {
            "hash": "085be2667e6b5f4db32cd256885d5ef1e66ba7be",
            "messageTitle": "Create activityBookBuilder to help tests",
            "messageBody": "",
            "insertions": 34,
            "deletions": 0
          },
          {
            "hash": "390be2828ab857d01bc7d5eff255b9714e245d07",
            "messageTitle": "Improve ModelManager tests",
            "messageBody": "",
            "insertions": 22,
            "deletions": 5
          },
          {
            "hash": "f631747c8e201c0501dea90cb9f2db301cef2fac",
            "messageTitle": "Update StorageManager tests",
            "messageBody": "",
            "insertions": 20,
            "deletions": 0
          },
          {
            "hash": "86bc39549470f7683a598665f8b5a2ef9bb1db8a",
            "messageTitle": "Add method to find Person in addressbook by name, for AddressBook class",
            "messageBody": "",
            "insertions": 91,
            "deletions": 0
          },
          {
            "hash": "de7e7ca2f159e86b7663edbe289dce20c4ee6032",
            "messageTitle": "Improve ActivityCommand to add participants into Activity through constructor",
            "messageBody": "",
            "insertions": 61,
            "deletions": 11
          },
          {
            "hash": "c7d06ddca4e48967af8c3f92f9b50f095704b61a",
            "messageTitle": "Refactor out ModelStub class from AddCommandTest class",
            "messageBody": "",
            "insertions": 130,
            "deletions": 123
          },
          {
            "hash": "7bf0a1d159e6c73f5e150574fd919f626d2fcc3d",
            "messageTitle": "Add test for Activity Command",
            "messageBody": "",
            "insertions": 116,
            "deletions": 0
          }
        ]
      },
      {
        "insertions": 381,
        "deletions": 45,
        "date": "2019-10-14",
        "commitResults": [
          {
            "hash": "86ff2c02f0abb0c47a13e1f40da901b1629f5347",
            "messageTitle": "Fix merge issues",
            "messageBody": "",
            "insertions": 17,
            "deletions": 7
          },
          {
            "hash": "5e6d072469e06b054989af58448bdfb0b200f77e",
            "messageTitle": "Fix issues mentioned by PR",
            "messageBody": "",
            "insertions": 14,
            "deletions": 12
          },
          {
            "hash": "fd68c2e08181e35b11c781d20f7e5810615644fd",
            "messageTitle": "Improve ActivityCommand#execute to be more clear and readable",
            "messageBody": "",
            "insertions": 47,
            "deletions": 9
          },
          {
            "hash": "846ee366e8ac5a1d71621d1e69506d2dd93eeb04",
            "messageTitle": "Update all Activity related classes to use primaryKey for participants, and update tests",
            "messageBody": "",
            "insertions": 57,
            "deletions": 15
          },
          {
            "hash": "55863aade04454ab7bb4c846cd44b2ce9ce2d4a4",
            "messageTitle": "Add test for activity, and update test file for JsonActivityBookTest",
            "messageBody": "",
            "insertions": 41,
            "deletions": 0
          },
          {
            "hash": "8fc7612ead1684d629387a01697743eb06f53cbe",
            "messageTitle": "Add integration test for activity command",
            "messageBody": "",
            "insertions": 127,
            "deletions": 1
          },
          {
            "hash": "fb0832ce67c3e46695001a42d83c6d4c4eb1a36a",
            "messageTitle": "Add test for ActivityBook class",
            "messageBody": "",
            "insertions": 68,
            "deletions": 0
          },
          {
            "hash": "3e6a7c86c412f40fd79fee91e52b85d7137def19",
            "messageTitle": "Update TypicalActivities and relevant files",
            "messageBody": "",
            "insertions": 10,
            "deletions": 1
          }
        ]
      },
      {
        "insertions": 43,
        "deletions": 12,
        "date": "2019-10-19",
        "commitResults": [
          {
            "hash": "ad3681cd82b49ab42628ae9ba917f62d6b6e3144",
            "messageTitle": "Update invite/disinvite method for Activity class",
            "messageBody": "",
            "insertions": 27,
            "deletions": 10
          },
          {
            "hash": "1a56d844bb41bed93b8d2b6fd4bc625801c549f3",
            "messageTitle": "Remove Person class dependency from Activity class, and fix merge issues",
            "messageBody": "",
            "insertions": 3,
            "deletions": 2
          },
          {
            "hash": "22672dd366c51c11832c37d1e68aea4f60757bf5",
            "messageTitle": "Add test for Activity class",
            "messageBody": "",
            "insertions": 13,
            "deletions": 0
          }
        ]
      }
    ]
  },
  "authorFinalContributionMap": {
    "podocarp": 948,
    "liakify": 1189,
    "JohnNzj": 160,
    "Aulud": 572,
    "daekoon": 1977
  },
  "authorFileTypeContributionMap": {
    "podocarp": {
      "docs": 71,
      "tests": 329,
      "functional": 548
    },
    "liakify": {
      "docs": 70,
      "tests": 507,
      "functional": 612
    },
    "JohnNzj": {
      "docs": 12,
      "tests": 20,
      "functional": 128
    },
    "Aulud": {
      "docs": 162,
      "tests": 17,
      "functional": 391,
      "other": 2
    },
    "daekoon": {
      "docs": 0,
      "tests": 1118,
      "functional": 822,
      "other": 37
    }
  },
  "authorContributionVariance": {
    "podocarp": 10241.394,
    "liakify": 11473.239,
    "JohnNzj": 2857.0322,
    "Aulud": 18267.832,
    "daekoon": 60526.766
  },
  "authorDisplayNameMap": {
    "podocarp": "CS2103T-W11-2 JIA X ... ODONG",
    "liakify": "CS2103T-W11-2 LEE L ...  GHEE",
    "JohnNzj": "CS2103T-W11-2 JOHN  ... G JIE",
    "Aulud": "CS2103T-W11-2 KEVEN ... UQUAN",
    "daekoon": "CS2103T-W11-2 LIM D ... EKOON"
  }
}
