{
  "authorDailyContributionsMap": {
    "podocarp": [
      {
        "insertions": 98,
        "deletions": 30,
        "date": "2019-09-26",
        "commitResults": [
          {
            "hash": "0a03fde57472c818f7f66e7a9951fe11276f4045",
            "messageTitle": "Update README.adoc",
            "messageBody": "",
            "insertions": 1,
            "deletions": 1
          },
          {
            "hash": "912c847c58ad21e7d9a681bb0d0b609dedd6e8ee",
            "messageTitle": "Update DeveloperGuide.adoc",
            "messageBody": "Update user stories",
            "insertions": 47,
            "deletions": 6
          },
          {
            "hash": "54af2231841cdefe8f7125b6af10d0919051667c",
            "messageTitle": "Update DeveloperGuide.adoc",
            "messageBody": "remove extra line under table",
            "insertions": 0,
            "deletions": 2
          },
          {
            "hash": "9895af44267a44b651a62f783839236fa1c55672",
            "messageTitle": "Update DeveloperGuide.adoc",
            "messageBody": "added mss and stuff",
            "insertions": 41,
            "deletions": 8
          },
          {
            "hash": "e1b4bfb750520148ccec0730834402aa64a5f86f",
            "messageTitle": "Update DeveloperGuide.adoc",
            "messageBody": "",
            "insertions": 9,
            "deletions": 13
          }
        ]
      },
      {
        "insertions": 9,
        "deletions": 9,
        "date": "2019-10-07",
        "commitResults": [
          {
            "hash": "b28b9334e78e35f95a15f19fc5926e098d096c1c",
            "messageTitle": "resolve issues by aulud",
            "messageBody": "",
            "insertions": 9,
            "deletions": 9
          }
        ]
      }
    ],
    "liakify": [
      {
        "insertions": 133,
        "deletions": 91,
        "date": "2019-09-26",
        "commitResults": [
          {
            "hash": "c204694cc17ca7c174e0a5e5ae003c92b66ba1a9",
            "messageTitle": "Updated ContactUs.adoc",
            "messageBody": "",
            "insertions": 1,
            "deletions": 2
          },
          {
            "hash": "555beca8d6b16dfddeea1f6351884a93dce0e007",
            "messageTitle": "Update UserGuide.adoc",
            "messageBody": "",
            "insertions": 101,
            "deletions": 79
          },
          {
            "hash": "cec1b47ee868f821f9aab4e1f0e5a6d3a77d2e59",
            "messageTitle": "Update UserGuide.adoc",
            "messageBody": "",
            "insertions": 30,
            "deletions": 9
          },
          {
            "hash": "06524a560f6d55104a1aa6d780ed9f99aefbdf96",
            "messageTitle": "Update UserGuide.adoc",
            "messageBody": "",
            "insertions": 1,
            "deletions": 1
          }
        ]
      },
      {
        "insertions": 44,
        "deletions": 2,
        "date": "2019-10-05",
        "commitResults": [
          {
            "hash": "0f340c1aeda1e89639bd627fd050568ff26a5023",
            "messageTitle": "Add Expense class in a new package seedu.address.model.activity",
            "messageBody": "",
            "insertions": 42,
            "deletions": 0
          },
          {
            "hash": "970196b09a80d7ee3b7ee379a49d491d5a4e07a2",
            "messageTitle": "Fix checkstyle error",
            "messageBody": "",
            "insertions": 2,
            "deletions": 2
          }
        ]
      }
    ],
    "JohnNzj": [
      {
        "insertions": 20,
        "deletions": 21,
        "date": "2019-09-26",
        "commitResults": [
          {
            "hash": "fc49d24e3d919bad4062d060c7473542221c3ebb",
            "messageTitle": "Update AboutUs.adoc",
            "messageBody": "",
            "insertions": 16,
            "deletions": 17
          },
          {
            "hash": "ab08d58c18a2a4740d6fcae7186e7dac28546d39",
            "messageTitle": "Update AboutUs.adoc",
            "messageBody": "Remove:  [\u003c\u003cjohndoe#, portfolio\u003e\u003e]",
            "insertions": 4,
            "deletions": 4
          }
        ]
      },
      {
        "insertions": 4,
        "deletions": 4,
        "date": "2019-09-30",
        "commitResults": [
          {
            "hash": "e9239ede1f981f28015799e4a5c5ea1f791d1df6",
            "messageTitle": "Update DeveloperGuide.adoc",
            "messageBody": "Remove some typos",
            "insertions": 4,
            "deletions": 4
          }
        ]
      },
      {
        "insertions": 1,
        "deletions": 0,
        "date": "2019-10-02",
        "commitResults": [
          {
            "hash": "8be062b06df1fa72ca3469f77fd15f1feb4da16e",
            "messageTitle": "Update README.adoc",
            "messageBody": "Add acknowledgement to SE-EDU",
            "insertions": 1,
            "deletions": 0
          }
        ]
      },
      {
        "insertions": 103,
        "deletions": 0,
        "date": "2019-10-05",
        "commitResults": [
          {
            "hash": "21ee043c3626ba417c96bcd3b1754665e8407cf9",
            "messageTitle": "Add Activity class in seedu.address.model.activity package",
            "messageBody": "",
            "insertions": 86,
            "deletions": 0
          },
          {
            "hash": "7857ac6dfbb5c98709f064af2e98f8e693d1535c",
            "messageTitle": "Fix checkstyle errors",
            "messageBody": "",
            "insertions": 17,
            "deletions": 0
          }
        ]
      }
    ],
    "Aulud": [
      {
        "insertions": 1,
        "deletions": 5,
        "date": "2019-09-13",
        "commitResults": [
          {
            "hash": "559ed042e61481dcd3619e726296459fc3f3f858",
            "messageTitle": "Add Travis badge",
            "messageBody": "",
            "insertions": 1,
            "deletions": 5
          }
        ]
      },
      {
        "insertions": 184,
        "deletions": 96,
        "date": "2019-10-01",
        "commitResults": [
          {
            "hash": "a72dcaa4bb4646341c3a8aa09d9330e3fc0d2744",
            "messageTitle": "Update AboutUs.adoc to correct placeholder image names",
            "messageBody": "",
            "insertions": 5,
            "deletions": 5
          },
          {
            "hash": "d7fc269bb0c910cde540f71dcdffddbb1155b4e6",
            "messageTitle": "Standardise use of \u0027SplitWiser\u0027 in AboutUs and README; update features",
            "messageBody": "",
            "insertions": 5,
            "deletions": 7
          },
          {
            "hash": "7ed0849c57cae8d5639ab28b1a8b7ed5838ba995",
            "messageTitle": "Reorder commands; add clarifications to descriptions and examples",
            "messageBody": "",
            "insertions": 83,
            "deletions": 56
          },
          {
            "hash": "42a2f8156a097a66abaaf37ffeaae9c8c7eb2a2a",
            "messageTitle": "Add details of other commands slated for v2.0",
            "messageBody": "",
            "insertions": 26,
            "deletions": 0
          },
          {
            "hash": "cc1c476a631fddab6e60d757f192f5f46b8a1a54",
            "messageTitle": "Lint",
            "messageBody": "",
            "insertions": 1,
            "deletions": 1
          },
          {
            "hash": "8c8c9ac682319a78a2f87becd58dbcc41c27fee7",
            "messageTitle": "Update Gradle build to replace AB3 with SplitWiser",
            "messageBody": "",
            "insertions": 3,
            "deletions": 3
          },
          {
            "hash": "3304bae247615388d8beee19c8690d53532cc092",
            "messageTitle": "Add more use cases to the developer guide; widen user stories table",
            "messageBody": "",
            "insertions": 61,
            "deletions": 24
          }
        ]
      }
    ],
    "daekoon": []
  },
  "authorFinalContributionMap": {
    "podocarp": 76,
    "liakify": 112,
    "JohnNzj": 106,
    "Aulud": 164,
    "daekoon": 0
  },
  "authorFileTypeContributionMap": {
    "podocarp": {
      "docs": 67,
      "tests": 0,
      "functional": 9
    },
    "liakify": {
      "docs": 70,
      "tests": 0,
      "functional": 42
    },
    "JohnNzj": {
      "docs": 12,
      "tests": 0,
      "functional": 94
    },
    "Aulud": {
      "docs": 162,
      "tests": 0,
      "functional": 0,
      "other": 2
    },
    "daekoon": {
      "docs": 0,
      "tests": 0,
      "functional": 0
    }
  },
  "authorContributionVariance": {
    "podocarp": 501.3086,
    "liakify": 1562.9336,
    "JohnNzj": 363.2334,
    "Aulud": 2371.2456,
    "daekoon": 0.0
  },
  "authorDisplayNameMap": {
    "podocarp": "CS2103T-W11-2 JIA X ... ODONG",
    "liakify": "CS2103T-W11-2 LEE L ...  GHEE",
    "JohnNzj": "CS2103T-W11-2 JOHN  ... G JIE",
    "Aulud": "CS2103T-W11-2 KEVEN ... UQUAN",
    "daekoon": "CS2103T-W11-2 LIM D ... EKOON"
  }
}
