{
  "authorDailyContributionsMap": {
    "LeeYiyuan": [
      {
        "insertions": 100,
        "deletions": 51,
        "date": "2019-10-01",
        "commitResults": [
          {
            "hash": "849e8c7b8ad97e06c873f9623ed56072595b440c",
            "messageTitle": "Update uesr guide for repeating transactions",
            "messageBody": "",
            "insertions": 40,
            "deletions": 0
          },
          {
            "hash": "ec473b89d3066474503518a64314275094110720",
            "messageTitle": "Update user guide for repeating transactions",
            "messageBody": "",
            "insertions": 5,
            "deletions": 1
          },
          {
            "hash": "7a5072171c7eea32b8926540adc7127864384581",
            "messageTitle": "Update transaction repeater commands",
            "messageBody": "",
            "insertions": 22,
            "deletions": 22
          },
          {
            "hash": "6a7786e6bee4ff77f6f50220edbb7908969348b4",
            "messageTitle": "Fix some English formats",
            "messageBody": "",
            "insertions": 4,
            "deletions": 4
          },
          {
            "hash": "f19474d0de3794c1c1b884e5b753d5b941de8761",
            "messageTitle": "Update expenditure user guide",
            "messageBody": "",
            "insertions": 9,
            "deletions": 9
          },
          {
            "hash": "379cb60682e14da28fb623b84f5ff49ed56cf002",
            "messageTitle": "Update user guide",
            "messageBody": "",
            "insertions": 20,
            "deletions": 15
          }
        ]
      }
    ],
    "nexolute": [
      {
        "insertions": 2,
        "deletions": 3,
        "date": "2019-09-13",
        "commitResults": [
          {
            "hash": "d1e5b94101fdd9c8c99b947ca9aa5a92e3f0b8b9",
            "messageTitle": "Change link for build status badges",
            "messageBody": "",
            "insertions": 2,
            "deletions": 2
          },
          {
            "hash": "d84e4b9fd9ef4f49bad26e5519fcb9c7ed772574",
            "messageTitle": "Remove the codacy badge from README",
            "messageBody": "",
            "insertions": 0,
            "deletions": 1
          }
        ]
      },
      {
        "insertions": 2,
        "deletions": 2,
        "date": "2019-09-17",
        "commitResults": [
          {
            "hash": "328025ff20e440f6a50c7b54f9ed491d699affc7",
            "messageTitle": "Update badge link to reflect new organization name",
            "messageBody": "",
            "insertions": 2,
            "deletions": 2
          }
        ]
      },
      {
        "insertions": 565,
        "deletions": 244,
        "date": "2019-09-30",
        "commitResults": [
          {
            "hash": "108195c02f21047f7fce57284a726af478123913",
            "messageTitle": "Update ContactUs to fit team W12-4",
            "messageBody": "",
            "insertions": 2,
            "deletions": 2
          },
          {
            "hash": "b528aa60a5f5eecc22078075f9aeebab826a2361",
            "messageTitle": "Remove default profiles in docs",
            "messageBody": "",
            "insertions": 0,
            "deletions": 72
          },
          {
            "hash": "97da3c0086431e52a751903333cb746942bcd668",
            "messageTitle": "Add adoc page for team members",
            "messageBody": "",
            "insertions": 360,
            "deletions": 0
          },
          {
            "hash": "28fa53687080d3d6fff6cdd63336a31642607ac4",
            "messageTitle": "Update AboutUs with W12-4 details",
            "messageBody": "",
            "insertions": 29,
            "deletions": 26
          },
          {
            "hash": "57aeb6af04aeadf09601e2689f9aa744664d4421",
            "messageTitle": "Add EOF in AboutUs to fix style check",
            "messageBody": "",
            "insertions": 1,
            "deletions": 1
          },
          {
            "hash": "046871bf0be06bd645dd0d0c802b63dbe19009ac",
            "messageTitle": "Change names of photos to match requirement",
            "messageBody": "",
            "insertions": 5,
            "deletions": 5
          },
          {
            "hash": "4b229139a256b7f9b8f5c13a8906168f7d829e10",
            "messageTitle": "Add roles to AboutUs",
            "messageBody": "",
            "insertions": 5,
            "deletions": 5
          },
          {
            "hash": "b06dd91f14a927c00720597fc64d5eac6b8c8ad2",
            "messageTitle": "Fix Andrew portfolio",
            "messageBody": "",
            "insertions": 73,
            "deletions": 1
          },
          {
            "hash": "a68f4ee5e6574905f456deaf05f0dce3c7dc4f5e",
            "messageTitle": "Change photos from jpg to png",
            "messageBody": "",
            "insertions": 6,
            "deletions": 6
          },
          {
            "hash": "2416031d19045a91cb3543f9e8570afc23dc46d6",
            "messageTitle": "Fix portfolio link in AboutUs",
            "messageBody": "",
            "insertions": 4,
            "deletions": 4
          },
          {
            "hash": "26bb6640f384cb5069dd108d2efbe8a6ec2194d2",
            "messageTitle": "Change team name to IchiFund",
            "messageBody": "",
            "insertions": 8,
            "deletions": 8
          },
          {
            "hash": "ac64f979b96a31adc17b9fa2cad0360d6fb79cb7",
            "messageTitle": "Remove redundant badges",
            "messageBody": "",
            "insertions": 0,
            "deletions": 2
          },
          {
            "hash": "ae5d3797817b4ba033ce149d68a4ae7b69566378",
            "messageTitle": "Modify README to promote product",
            "messageBody": "",
            "insertions": 5,
            "deletions": 3
          },
          {
            "hash": "2c098adf58e73df59d6ca332abaeeaec91e5288e",
            "messageTitle": "Modify user guide metadata and introduction",
            "messageBody": "",
            "insertions": 3,
            "deletions": 3
          },
          {
            "hash": "a4d39552fda501c0b1a4e7043805444eb2a04b3b",
            "messageTitle": "Remove irrelevant user guides",
            "messageBody": "",
            "insertions": 5,
            "deletions": 105
          },
          {
            "hash": "1fe86b87562d45d073e74e21730ffeb4e202e41f",
            "messageTitle": "Add budgeting user guide",
            "messageBody": "",
            "insertions": 58,
            "deletions": 0
          },
          {
            "hash": "b93369e67fe7b66cf26decfa56546669da735343",
            "messageTitle": "Add EOF in UserGuide to fix style check",
            "messageBody": "",
            "insertions": 1,
            "deletions": 1
          }
        ]
      },
      {
        "insertions": 16,
        "deletions": 25,
        "date": "2019-10-01",
        "commitResults": [
          {
            "hash": "142754c440fdc86f4069628b2fd64eb56b949200",
            "messageTitle": "Modify developer guide metadata",
            "messageBody": "",
            "insertions": 2,
            "deletions": 2
          },
          {
            "hash": "2441720ea6369d361b746fae2f10cc022dd684c1",
            "messageTitle": "Add budgeting user stories",
            "messageBody": "",
            "insertions": 4,
            "deletions": 5
          },
          {
            "hash": "cf727bdabe7f8e17a2761e770ddddab11ee94761",
            "messageTitle": "Add budgeting use case",
            "messageBody": "",
            "insertions": 7,
            "deletions": 15
          },
          {
            "hash": "7961fe43917cb67c85c618ab109d5ccbcfef8a23",
            "messageTitle": "Fix incorrect budget examples",
            "messageBody": "",
            "insertions": 3,
            "deletions": 3
          }
        ]
      }
    ],
    "Alaete": [
      {
        "insertions": 171,
        "deletions": 22,
        "date": "2019-10-01",
        "commitResults": [
          {
            "hash": "ed88d4642890c7428c80735c4ef736c37b1ac25e",
            "messageTitle": "Update user guide for analytics",
            "messageBody": "",
            "insertions": 117,
            "deletions": 13
          },
          {
            "hash": "eb61b6faabcf3b4bb30f949e10ebe6c21bc21cbc",
            "messageTitle": "Update developer guide for analytics",
            "messageBody": "",
            "insertions": 53,
            "deletions": 8
          },
          {
            "hash": "88f19b43e0080d35ccf8ef784b6bbd9f05377bef",
            "messageTitle": "Add EOF in DeveloperGuide to fix style check",
            "messageBody": "",
            "insertions": 1,
            "deletions": 1
          }
        ]
      }
    ],
    "weiyang13": [
      {
        "insertions": 85,
        "deletions": 16,
        "date": "2019-10-01",
        "commitResults": [
          {
            "hash": "c404ec85837c87e5ec2a6c7a505ecc22316bf12f",
            "messageTitle": "Add outline of user guide for transactions and wealth",
            "messageBody": "",
            "insertions": 10,
            "deletions": 0
          },
          {
            "hash": "c9dd7929b0a1539203c103302fb05bb373f8879c",
            "messageTitle": "Add entry in user guide for setting wealth",
            "messageBody": "",
            "insertions": 7,
            "deletions": 0
          },
          {
            "hash": "a45d0c4afe4a0e3d42c4d9e03c3714af260f2bbf",
            "messageTitle": "Add entries in user guide for txadd and txedit",
            "messageBody": "",
            "insertions": 19,
            "deletions": 0
          },
          {
            "hash": "153a7edfb14a188f8359b2610962bed659fa29c1",
            "messageTitle": "Add entries in user guide for txdelete, txfind, txlist",
            "messageBody": "",
            "insertions": 18,
            "deletions": 0
          },
          {
            "hash": "53a913519b1b23ebf7ab7a5317da8dc1722554f9",
            "messageTitle": "Edit example in txedit entry of user guide",
            "messageBody": "",
            "insertions": 1,
            "deletions": 1
          },
          {
            "hash": "64214da912ae0976e5a639ed05da16d53b643864",
            "messageTitle": "Add wealth and transaction commands to command summary in user guide",
            "messageBody": "",
            "insertions": 6,
            "deletions": 0
          },
          {
            "hash": "69939cef3af98b56da958555eeff0b70f2940e8d",
            "messageTitle": "Edit field descriptors for transaction id in txedit and txdelete entries of user guide",
            "messageBody": "",
            "insertions": 2,
            "deletions": 2
          },
          {
            "hash": "b66055db0524a74dda7341c6ecbd4f02b25fd9b0",
            "messageTitle": "Update target user profile and value proposition in dev guide",
            "messageBody": "",
            "insertions": 14,
            "deletions": 7
          },
          {
            "hash": "fd7fd7b01563501cb89c1b349f919915eaea7dde",
            "messageTitle": "Add product survey to developer guide",
            "messageBody": "",
            "insertions": 8,
            "deletions": 6
          }
        ]
      }
    ],
    "troomtroom": []
  },
  "authorFinalContributionMap": {
    "LeeYiyuan": 74,
    "nexolute": 442,
    "Alaete": 146,
    "weiyang13": 69,
    "troomtroom": 0
  },
  "authorFileTypeContributionMap": {
    "LeeYiyuan": {
      "docs": 74,
      "tests": 0,
      "functional": 0
    },
    "nexolute": {
      "docs": 442,
      "tests": 0,
      "functional": 0
    },
    "Alaete": {
      "docs": 146,
      "tests": 0,
      "functional": 0
    },
    "weiyang13": {
      "docs": 69,
      "tests": 0,
      "functional": 0
    },
    "troomtroom": {
      "docs": 0,
      "tests": 0,
      "functional": 0
    }
  },
  "authorContributionVariance": {
    "LeeYiyuan": 843.2323,
    "nexolute": 24147.035,
    "Alaete": 1377.5516,
    "weiyang13": 377.25592,
    "troomtroom": 0.0
  },
  "authorDisplayNameMap": {
    "LeeYiyuan": "CS2103T-W12-4 LEE Y ... IYUAN",
    "nexolute": "CS2103T-W12-4 LIM W ... UGENE",
    "Alaete": "CS2103T-W12-4 OLIVI ... ANZHI",
    "weiyang13": "CS2103T-W12-4 TAN W ...  YANG",
    "troomtroom": "CS2103T-W12-4 KARTI ... ELWAL"
  }
}
