{
  "authorDailyContributionsMap": {
    "wilfredbtan": [
      {
        "insertions": 160,
        "deletions": 78,
        "date": "2019-09-27",
        "commitResults": [
          {
            "hash": "1ff7cd4bc4e0cb68346318f11d5111e1d7022687",
            "messageTitle": "update user guide",
            "messageBody": "",
            "insertions": 155,
            "deletions": 72
          },
          {
            "hash": "cd198f89bb3a601761db7cab38895d0fdba73bfc",
            "messageTitle": "Update user guide spelling errors",
            "messageBody": "",
            "insertions": 5,
            "deletions": 6
          }
        ]
      }
    ],
    "neoshh": [
      {
        "insertions": 62,
        "deletions": 15,
        "date": "2019-09-30",
        "commitResults": [
          {
            "hash": "c1782319e25a2f443cc06db74818929c5f356dbc",
            "messageTitle": "added user stories to developer guide",
            "messageBody": "",
            "insertions": 62,
            "deletions": 15
          }
        ]
      },
      {
        "insertions": 20,
        "deletions": 51,
        "date": "2019-10-01",
        "commitResults": [
          {
            "hash": "7400d30d0a4f66aa99e93b035d57b1b28b1f87d2",
            "messageTitle": "added implementation to developer guide",
            "messageBody": "",
            "insertions": 20,
            "deletions": 51
          }
        ]
      }
    ],
    "jxofficial": [
      {
        "insertions": 29,
        "deletions": 23,
        "date": "2019-09-26",
        "commitResults": [
          {
            "hash": "54290b74968fca70cd3aa54229fce5fbdedd5037",
            "messageTitle": "Edit team member names and roles Add jxofficial.png to docs/images folder",
            "messageBody": "",
            "insertions": 27,
            "deletions": 19
          },
          {
            "hash": "46e65a6ca39eceb1f26549d01afca6216ed58fbd",
            "messageTitle": "Edit email and repo link",
            "messageBody": "",
            "insertions": 2,
            "deletions": 4
          }
        ]
      },
      {
        "insertions": 4,
        "deletions": 4,
        "date": "2019-09-27",
        "commitResults": [
          {
            "hash": "e065cd6769989ba1fc716f7ae9269cedcb330b58",
            "messageTitle": "Add member pictures into aboutUs.adoc",
            "messageBody": "",
            "insertions": 4,
            "deletions": 4
          }
        ]
      }
    ],
    "khiangleon": [],
    "ShaunNgTX": [
      {
        "insertions": 7,
        "deletions": 7,
        "date": "2019-09-27",
        "commitResults": [
          {
            "hash": "6dfb7c7ac7e8de1399bda6d74a23559be6ceaa87",
            "messageTitle": "Update DeveloperGuide",
            "messageBody": "",
            "insertions": 2,
            "deletions": 2
          },
          {
            "hash": "91a78608cc4099ab28c8da8fd44381c7367f68a2",
            "messageTitle": "Update DeveloperGuide (till line 160 - no UML)",
            "messageBody": "",
            "insertions": 5,
            "deletions": 5
          }
        ]
      },
      {
        "insertions": 9,
        "deletions": 9,
        "date": "2019-09-30",
        "commitResults": [
          {
            "hash": "4ed7e1294c354da861056390a3ee1fe719990bdd",
            "messageTitle": "Update DeveloperGuide (till line 152 - UML Settled)",
            "messageBody": "",
            "insertions": 9,
            "deletions": 9
          }
        ]
      }
    ]
  },
  "authorFinalContributionMap": {
    "wilfredbtan": 155,
    "neoshh": 78,
    "jxofficial": 31,
    "khiangleon": 0,
    "ShaunNgTX": 11
  },
  "authorFileTypeContributionMap": {
    "wilfredbtan": {
      "docs": 155,
      "tests": 0,
      "functional": 0
    },
    "neoshh": {
      "docs": 78,
      "tests": 0,
      "functional": 0
    },
    "jxofficial": {
      "docs": 31,
      "tests": 0,
      "functional": 0
    },
    "khiangleon": {
      "docs": 0,
      "tests": 0,
      "functional": 0
    },
    "ShaunNgTX": {
      "docs": 11,
      "tests": 0,
      "functional": 0
    }
  },
  "authorContributionVariance": {
    "wilfredbtan": 2094.8225,
    "neoshh": 389.52072,
    "jxofficial": 101.13609,
    "khiangleon": 0.0,
    "ShaunNgTX": 18.485207
  },
  "authorDisplayNameMap": {
    "wilfredbtan": "CS2103-F10-3 WILFR ... Y TAN",
    "neoshh": "CS2103-F10-3 NEO S ... I HAO",
    "jxofficial": "CS2103-F10-3 KENG  ...  XIAN",
    "khiangleon": "CS2103-F10-3 SIM K ...  LEON",
    "ShaunNgTX": "CS2103-F10-3 NG TZ ... SHAUN"
  }
}
