[
  {
    "path": "README.adoc",
    "fileType": "docs",
    "lines": [
      {
        "lineNumber": 1,
        "author": {
          "gitId": "cheongliyuan"
        },
        "content": "\u003d Module Appeal Management System (MAMS)"
      },
      {
        "lineNumber": 2,
        "author": {
          "gitId": "-"
        },
        "content": "ifdef::env-github,env-browser[:relfileprefix: docs/]"
      },
      {
        "lineNumber": 3,
        "author": {
          "gitId": "-"
        },
        "content": ""
      },
      {
        "lineNumber": 4,
        "author": {
          "gitId": "cheongliyuan"
        },
        "content": "https://travis-ci.com/AY1920S1-CS2103-T11-2/main[image:https://travis-ci.org/se-edu/addressbook-level3.svg?branch\u003dmaster[Build Status]]"
      },
      {
        "lineNumber": 5,
        "author": {
          "gitId": "cheongliyuan"
        },
        "content": ""
      },
      {
        "lineNumber": 6,
        "author": {
          "gitId": "-"
        },
        "content": ""
      },
      {
        "lineNumber": 7,
        "author": {
          "gitId": "-"
        },
        "content": "ifdef::env-github[]"
      },
      {
        "lineNumber": 8,
        "author": {
          "gitId": "-"
        },
        "content": "image::docs/images/Ui.png[width\u003d\"600\"]"
      },
      {
        "lineNumber": 9,
        "author": {
          "gitId": "-"
        },
        "content": "endif::[]"
      },
      {
        "lineNumber": 10,
        "author": {
          "gitId": "-"
        },
        "content": ""
      },
      {
        "lineNumber": 11,
        "author": {
          "gitId": "-"
        },
        "content": "ifndef::env-github[]"
      },
      {
        "lineNumber": 12,
        "author": {
          "gitId": "-"
        },
        "content": "image::images/Ui.png[width\u003d\"600\"]"
      },
      {
        "lineNumber": 13,
        "author": {
          "gitId": "-"
        },
        "content": "endif::[]"
      },
      {
        "lineNumber": 14,
        "author": {
          "gitId": "-"
        },
        "content": ""
      },
      {
        "lineNumber": 15,
        "author": {
          "gitId": "cheongliyuan"
        },
        "content": "At the beginning of every semester, NUS appeal administrators process thousands of module appeals filed by students in a matter of weeks.  To ease their burden and speed up the appeal process, we created: MAMS (Module Appeal Management System)"
      },
      {
        "lineNumber": 16,
        "author": {
          "gitId": "cheongliyuan"
        },
        "content": ""
      },
      {
        "lineNumber": 17,
        "author": {
          "gitId": "cheongliyuan"
        },
        "content": "With MAMS, solving module appeals becomes easier. Our application provides quick access to relevant information to help decide the administrator decide the result for the appeal. As an appeal administrator, you may:"
      },
      {
        "lineNumber": 18,
        "author": {
          "gitId": "cheongliyuan"
        },
        "content": ""
      },
      {
        "lineNumber": 19,
        "author": {
          "gitId": "cheongliyuan"
        },
        "content": ""
      },
      {
        "lineNumber": 20,
        "author": {
          "gitId": "cheongliyuan"
        },
        "content": "* View the appeal details and corresponding module clashes at one glance."
      },
      {
        "lineNumber": 21,
        "author": {
          "gitId": "cheongliyuan"
        },
        "content": "* View a student’s particulars and modules taken."
      },
      {
        "lineNumber": 22,
        "author": {
          "gitId": "cheongliyuan"
        },
        "content": "* Add and remove modules for a student as well as change their Module Credit limits."
      },
      {
        "lineNumber": 23,
        "author": {
          "gitId": "-"
        },
        "content": ""
      },
      {
        "lineNumber": 24,
        "author": {
          "gitId": "-"
        },
        "content": "\u003d\u003d Site Map"
      },
      {
        "lineNumber": 25,
        "author": {
          "gitId": "-"
        },
        "content": ""
      },
      {
        "lineNumber": 26,
        "author": {
          "gitId": "-"
        },
        "content": "* \u003c\u003cUserGuide#, User Guide\u003e\u003e"
      },
      {
        "lineNumber": 27,
        "author": {
          "gitId": "-"
        },
        "content": "* \u003c\u003cDeveloperGuide#, Developer Guide\u003e\u003e"
      },
      {
        "lineNumber": 28,
        "author": {
          "gitId": "-"
        },
        "content": "* \u003c\u003cAboutUs#, About Us\u003e\u003e"
      },
      {
        "lineNumber": 29,
        "author": {
          "gitId": "-"
        },
        "content": "* \u003c\u003cContactUs#, Contact Us\u003e\u003e"
      },
      {
        "lineNumber": 30,
        "author": {
          "gitId": "-"
        },
        "content": ""
      },
      {
        "lineNumber": 31,
        "author": {
          "gitId": "-"
        },
        "content": "\u003d\u003d Acknowledgements"
      },
      {
        "lineNumber": 32,
        "author": {
          "gitId": "-"
        },
        "content": ""
      },
      {
        "lineNumber": 33,
        "author": {
          "gitId": "cheongliyuan"
        },
        "content": "* The original source of the code is the AddressBook-Level3 project, created by the SE-EDU initiative."
      },
      {
        "lineNumber": 34,
        "author": {
          "gitId": "-"
        },
        "content": "* Libraries used: https://openjfx.io/[JavaFX], https://github.com/FasterXML/jackson[Jackson], https://github.com/junit-team/junit5[JUnit5]"
      },
      {
        "lineNumber": 35,
        "author": {
          "gitId": "-"
        },
        "content": ""
      },
      {
        "lineNumber": 36,
        "author": {
          "gitId": "-"
        },
        "content": "\u003d\u003d Licence : link:LICENSE[MIT]"
      }
    ],
    "authorContributionMap": {
      "-": 24,
      "cheongliyuan": 12
    }
  },
  {
    "path": "docs/AboutUs.adoc",
    "fileType": "docs",
    "lines": [
      {
        "lineNumber": 1,
        "author": {
          "gitId": "-"
        },
        "content": "\u003d About Us"
      },
      {
        "lineNumber": 2,
        "author": {
          "gitId": "-"
        },
        "content": ":site-section: AboutUs"
      },
      {
        "lineNumber": 3,
        "author": {
          "gitId": "-"
        },
        "content": ":relfileprefix: team/"
      },
      {
        "lineNumber": 4,
        "author": {
          "gitId": "-"
        },
        "content": ":imagesDir: images"
      },
      {
        "lineNumber": 5,
        "author": {
          "gitId": "-"
        },
        "content": ":stylesDir: stylesheets"
      },
      {
        "lineNumber": 6,
        "author": {
          "gitId": "-"
        },
        "content": ""
      },
      {
        "lineNumber": 7,
        "author": {
          "gitId": "MistyRainforest"
        },
        "content": "Module Appeal Management System (MAMS) was developed by team AY19/20S1-CS2103-T11-2 based on AddressBook - Level 3 +"
      },
      {
        "lineNumber": 8,
        "author": {
          "gitId": "-"
        },
        "content": "AddressBook - Level 3 was developed by the https://se-edu.github.io/docs/Team.html[se-edu] team. +"
      },
      {
        "lineNumber": 9,
        "author": {
          "gitId": "-"
        },
        "content": "{empty} +"
      },
      {
        "lineNumber": 10,
        "author": {
          "gitId": "-"
        },
        "content": "We are a team based in the http://www.comp.nus.edu.sg[School of Computing, National University of Singapore]."
      },
      {
        "lineNumber": 11,
        "author": {
          "gitId": "-"
        },
        "content": ""
      },
      {
        "lineNumber": 12,
        "author": {
          "gitId": "-"
        },
        "content": "\u003d\u003d Project Team"
      },
      {
        "lineNumber": 13,
        "author": {
          "gitId": "-"
        },
        "content": ""
      },
      {
        "lineNumber": 14,
        "author": {
          "gitId": "MistyRainforest"
        },
        "content": "\u003d\u003d\u003d Chen Su"
      },
      {
        "lineNumber": 15,
        "author": {
          "gitId": "-"
        },
        "content": "image::damithc.jpg[width\u003d\"150\", align\u003d\"left\"]"
      },
      {
        "lineNumber": 16,
        "author": {
          "gitId": "-"
        },
        "content": "{empty}[http://www.comp.nus.edu.sg/~damithch[homepage]] [https://github.com/damithc[github]] [\u003c\u003cjohndoe#, portfolio\u003e\u003e]"
      },
      {
        "lineNumber": 17,
        "author": {
          "gitId": "-"
        },
        "content": ""
      },
      {
        "lineNumber": 18,
        "author": {
          "gitId": "-"
        },
        "content": "Role: Project Advisor"
      },
      {
        "lineNumber": 19,
        "author": {
          "gitId": "-"
        },
        "content": ""
      },
      {
        "lineNumber": 20,
        "author": {
          "gitId": "-"
        },
        "content": "\u0027\u0027\u0027"
      },
      {
        "lineNumber": 21,
        "author": {
          "gitId": "-"
        },
        "content": ""
      },
      {
        "lineNumber": 22,
        "author": {
          "gitId": "MistyRainforest"
        },
        "content": "\u003d\u003d\u003d Cheong Li Yuan"
      },
      {
        "lineNumber": 23,
        "author": {
          "gitId": "cheongliyuan"
        },
        "content": "image::cheongliyuan.png[width\u003d\"150\", align\u003d\"left\"]"
      },
      {
        "lineNumber": 24,
        "author": {
          "gitId": "-"
        },
        "content": "{empty}[http://github.com/lejolly[github]] [\u003c\u003cjohndoe#, portfolio\u003e\u003e]"
      },
      {
        "lineNumber": 25,
        "author": {
          "gitId": "-"
        },
        "content": ""
      },
      {
        "lineNumber": 26,
        "author": {
          "gitId": "-"
        },
        "content": "Role: Team Lead +"
      },
      {
        "lineNumber": 27,
        "author": {
          "gitId": "-"
        },
        "content": "Responsibilities: UI"
      },
      {
        "lineNumber": 28,
        "author": {
          "gitId": "-"
        },
        "content": ""
      },
      {
        "lineNumber": 29,
        "author": {
          "gitId": "-"
        },
        "content": "\u0027\u0027\u0027"
      },
      {
        "lineNumber": 30,
        "author": {
          "gitId": "-"
        },
        "content": ""
      },
      {
        "lineNumber": 31,
        "author": {
          "gitId": "MistyRainforest"
        },
        "content": "\u003d\u003d\u003d Luk Chi Heng"
      },
      {
        "lineNumber": 32,
        "author": {
          "gitId": "-"
        },
        "content": "image::yijinl.jpg[width\u003d\"150\", align\u003d\"left\"]"
      },
      {
        "lineNumber": 33,
        "author": {
          "gitId": "-"
        },
        "content": "{empty}[http://github.com/yijinl[github]] [\u003c\u003cjohndoe#, portfolio\u003e\u003e]"
      },
      {
        "lineNumber": 34,
        "author": {
          "gitId": "-"
        },
        "content": ""
      },
      {
        "lineNumber": 35,
        "author": {
          "gitId": "-"
        },
        "content": "Role: Developer +"
      },
      {
        "lineNumber": 36,
        "author": {
          "gitId": "-"
        },
        "content": "Responsibilities: Data"
      },
      {
        "lineNumber": 37,
        "author": {
          "gitId": "-"
        },
        "content": ""
      },
      {
        "lineNumber": 38,
        "author": {
          "gitId": "-"
        },
        "content": "\u0027\u0027\u0027"
      },
      {
        "lineNumber": 39,
        "author": {
          "gitId": "-"
        },
        "content": ""
      },
      {
        "lineNumber": 40,
        "author": {
          "gitId": "MistyRainforest"
        },
        "content": "\u003d\u003d\u003d Ng Yong Kuan"
      },
      {
        "lineNumber": 41,
        "author": {
          "gitId": "-"
        },
        "content": "image::m133225.jpg[width\u003d\"150\", align\u003d\"left\"]"
      },
      {
        "lineNumber": 42,
        "author": {
          "gitId": "-"
        },
        "content": "{empty}[http://github.com/m133225[github]] [\u003c\u003cjohndoe#, portfolio\u003e\u003e]"
      },
      {
        "lineNumber": 43,
        "author": {
          "gitId": "-"
        },
        "content": ""
      },
      {
        "lineNumber": 44,
        "author": {
          "gitId": "-"
        },
        "content": "Role: Developer +"
      },
      {
        "lineNumber": 45,
        "author": {
          "gitId": "-"
        },
        "content": "Responsibilities: Dev Ops + Threading"
      },
      {
        "lineNumber": 46,
        "author": {
          "gitId": "-"
        },
        "content": ""
      },
      {
        "lineNumber": 47,
        "author": {
          "gitId": "-"
        },
        "content": "\u0027\u0027\u0027"
      },
      {
        "lineNumber": 48,
        "author": {
          "gitId": "-"
        },
        "content": ""
      },
      {
        "lineNumber": 49,
        "author": {
          "gitId": "MistyRainforest"
        },
        "content": "\u003d\u003d\u003d Tan Wei Adam"
      },
      {
        "lineNumber": 50,
        "author": {
          "gitId": "cheongliyuan"
        },
        "content": "image::MistyRainforest.png[width\u003d\"150\", align\u003d\"left\"]"
      },
      {
        "lineNumber": 51,
        "author": {
          "gitId": "MistyRainforest"
        },
        "content": "{empty}[http://github.com/MistyRainforest[github]] [\u003c\u003cjohndoe#, portfolio\u003e\u003e]"
      },
      {
        "lineNumber": 52,
        "author": {
          "gitId": "-"
        },
        "content": ""
      },
      {
        "lineNumber": 53,
        "author": {
          "gitId": "-"
        },
        "content": "Role: Developer +"
      },
      {
        "lineNumber": 54,
        "author": {
          "gitId": "-"
        },
        "content": "Responsibilities: UI"
      },
      {
        "lineNumber": 55,
        "author": {
          "gitId": "-"
        },
        "content": ""
      },
      {
        "lineNumber": 56,
        "author": {
          "gitId": "-"
        },
        "content": "\u0027\u0027\u0027"
      }
    ],
    "authorContributionMap": {
      "-": 47,
      "cheongliyuan": 2,
      "MistyRainforest": 7
    }
  },
  {
    "path": "docs/ContactUs.adoc",
    "fileType": "docs",
    "lines": [
      {
        "lineNumber": 1,
        "author": {
          "gitId": "-"
        },
        "content": "\u003d Contact Us"
      },
      {
        "lineNumber": 2,
        "author": {
          "gitId": "-"
        },
        "content": ":site-section: ContactUs"
      },
      {
        "lineNumber": 3,
        "author": {
          "gitId": "-"
        },
        "content": ":stylesDir: stylesheets"
      },
      {
        "lineNumber": 4,
        "author": {
          "gitId": "-"
        },
        "content": ""
      },
      {
        "lineNumber": 5,
        "author": {
          "gitId": "MistyRainforest"
        },
        "content": "* *Bug reports, Suggestions* : Post in our https://github.com/AY1920S1-CS2103-T11-2/main/issues[issue tracker] if you noticed bugs or have suggestions on how to improve."
      },
      {
        "lineNumber": 6,
        "author": {
          "gitId": "-"
        },
        "content": "* *Contributing* : We welcome pull requests. Follow the process described https://github.com/oss-generic/process[here]"
      },
      {
        "lineNumber": 7,
        "author": {
          "gitId": "MistyRainforest"
        },
        "content": "* *Email us* : You can also reach us at `e0273854 [at] u.nus.edu`"
      }
    ],
    "authorContributionMap": {
      "-": 5,
      "MistyRainforest": 2
    }
  }
]
