{
  "authorDailyContributionsMap": {
    "SendorasLeft": [],
    "AaronLuk": [
      {
        "insertions": 3,
        "deletions": 3,
        "date": "2019-09-27",
        "commitResults": [
          {
            "hash": "0a4473f567be38159c30a0b049e1648e7b674e51",
            "messageTitle": "Updated UI image for README",
            "messageBody": "",
            "insertions": 2,
            "deletions": 2
          },
          {
            "hash": "30251160ec961272ff35b95acfa01d327631b994",
            "messageTitle": "Update README.adoc",
            "messageBody": "",
            "insertions": 1,
            "deletions": 1
          }
        ]
      }
    ],
    "chensu2436": [],
    "cheongliyuan": [
      {
        "insertions": 51,
        "deletions": 15,
        "date": "2019-09-27",
        "commitResults": [
          {
            "hash": "5a026e2d7a055f2abc09c34f926c2fc092da0e9a",
            "messageTitle": "Update README.adoc Add cheongliyuan.png",
            "messageBody": "",
            "insertions": 14,
            "deletions": 13
          },
          {
            "hash": "18a147344024433f154106b02aba7fcacba02e50",
            "messageTitle": "Update AboutUs.adoc",
            "messageBody": "",
            "insertions": 1,
            "deletions": 1
          },
          {
            "hash": "066f4af5150a118be3da85ac012977038125b399",
            "messageTitle": "Add use case: Add module to a student Add one line to NFR Add 3 lines to User stories",
            "messageBody": "",
            "insertions": 36,
            "deletions": 1
          }
        ]
      }
    ],
    "MistyRainforest": [
      {
        "insertions": 10,
        "deletions": 11,
        "date": "2019-09-26",
        "commitResults": [
          {
            "hash": "44b6bc2b1bb0ef1e8e684a05eedd9e1e925e09a3",
            "messageTitle": "TravisCI setup",
            "messageBody": "",
            "insertions": 0,
            "deletions": 1
          },
          {
            "hash": "c57ba6d17fb9255fda7aa1a97dc7eece857a2016",
            "messageTitle": "Updated ContactUs.adoc",
            "messageBody": "",
            "insertions": 2,
            "deletions": 2
          },
          {
            "hash": "5e3a96081250f4f58c1e8f561c26180b16aeed2e",
            "messageTitle": "Updated AboutUs.adoc",
            "messageBody": "",
            "insertions": 8,
            "deletions": 8
          }
        ]
      }
    ]
  },
  "authorFinalContributionMap": {
    "SendorasLeft": 0,
    "AaronLuk": 2,
    "chensu2436": 0,
    "cheongliyuan": 50,
    "MistyRainforest": 9
  },
  "authorFileTypeContributionMap": {
    "SendorasLeft": {
      "docs": 0,
      "tests": 0,
      "functional": 0
    },
    "AaronLuk": {
      "docs": 2,
      "tests": 0,
      "functional": 0
    },
    "chensu2436": {
      "docs": 0,
      "tests": 0,
      "functional": 0
    },
    "cheongliyuan": {
      "docs": 50,
      "tests": 0,
      "functional": 0
    },
    "MistyRainforest": {
      "docs": 9,
      "tests": 0,
      "functional": 0
    }
  },
  "authorContributionVariance": {
    "SendorasLeft": 0.0,
    "AaronLuk": 1.5619832,
    "chensu2436": 0.0,
    "cheongliyuan": 189.0,
    "MistyRainforest": 19.134296
  },
  "authorDisplayNameMap": {
    "SendorasLeft": "CS2103-T11-2 NG YO ...  KUAN",
    "AaronLuk": "CS2103-T11-2 LUK C ...  HENG",
    "chensu2436": "CS2103-T11-2 CHEN  ... EN SU",
    "cheongliyuan": "CS2103-T11-2 CHEON ...  YUAN",
    "MistyRainforest": "CS2103-T11-2 TAN W ...  ADAM"
  }
}
