{
  "authorDailyContributionsMap": {
    "SendorasLeft": [
      {
        "insertions": 2,
        "deletions": 2,
        "date": "2019-09-19",
        "commitResults": [
          {
            "hash": "77854a4a8107e9664a9293442f47244494648c8f",
            "messageTitle": "Update README.adoc",
            "messageBody": "",
            "insertions": 1,
            "deletions": 1
          },
          {
            "hash": "b66a3cd641dac0bdcd4be6269fb5e9fe30a4888b",
            "messageTitle": "Update README.adoc",
            "messageBody": "",
            "insertions": 1,
            "deletions": 1
          }
        ]
      },
      {
        "insertions": 76,
        "deletions": 2,
        "date": "2019-10-01",
        "commitResults": [
          {
            "hash": "b4e821bcaca7eeaa354da3877747d978cbf647ac",
            "messageTitle": "Updated ContactUs.adoc",
            "messageBody": "",
            "insertions": 76,
            "deletions": 2
          }
        ]
      },
      {
        "insertions": 270,
        "deletions": 73,
        "date": "2019-10-02",
        "commitResults": [
          {
            "hash": "ad1d2d0107ad30cab24672ae08284524e751917d",
            "messageTitle": "Fixed README.adoc image display issue. Updated DeveloperGuide.adoc",
            "messageBody": "",
            "insertions": 265,
            "deletions": 68
          },
          {
            "hash": "6fa0189cac7d3c24bc5d0c05314025ea185f57c7",
            "messageTitle": "Renamed profile images of various team members to proper format",
            "messageBody": "",
            "insertions": 4,
            "deletions": 4
          },
          {
            "hash": "9f18550cc11fa8bef7c4a7a80a1a80ef1b423ab0",
            "messageTitle": "Fixed Travis badge outdated link on README.adoc",
            "messageBody": "",
            "insertions": 1,
            "deletions": 1
          }
        ]
      },
      {
        "insertions": 2006,
        "deletions": 2013,
        "date": "2019-10-04",
        "commitResults": [
          {
            "hash": "b7f6a01733000793236113252573e575b67464e4",
            "messageTitle": "Package renaming. Style not fixed",
            "messageBody": "",
            "insertions": 1360,
            "deletions": 1369
          },
          {
            "hash": "b874ef8d31f190365f836dd24a7d1f9607baa6fd",
            "messageTitle": "Changed all code/code documentation/filepath/relevant variables/GUI elements/filename instances of AddressBook to MAMS",
            "messageBody": "",
            "insertions": 543,
            "deletions": 541
          },
          {
            "hash": "aab3f947e8594c228983b7687a7cee25c0a646f8",
            "messageTitle": "Rename mams.model.person package to mams.model.student",
            "messageBody": "",
            "insertions": 0,
            "deletions": 0
          },
          {
            "hash": "03eae0da08ebdeb861edcb074947fbd38dc5ca0d",
            "messageTitle": "Rename mams.model.person package to mams.model.student",
            "messageBody": "",
            "insertions": 103,
            "deletions": 103
          }
        ]
      },
      {
        "insertions": 1509,
        "deletions": 1466,
        "date": "2019-10-07",
        "commitResults": [
          {
            "hash": "8fc699acb156f9348166d949ede5eaa09ee37a5c",
            "messageTitle": "Refactored all Person usages and its derivatives to Student and Student derivatives",
            "messageBody": "",
            "insertions": 1323,
            "deletions": 1316
          },
          {
            "hash": "731e0f18c07b1665738bfae1e756ffb7e978b0da",
            "messageTitle": "Fixed checkstyle issues",
            "messageBody": "",
            "insertions": 178,
            "deletions": 142
          },
          {
            "hash": "22f648b6ba8894db15751aab2e896fd7fec7c123",
            "messageTitle": "Changed MainWindow title",
            "messageBody": "",
            "insertions": 1,
            "deletions": 1
          },
          {
            "hash": "a20b305070b84ff7a08748359f9e60935a521929",
            "messageTitle": "Update DeveloperGuide.adoc",
            "messageBody": "",
            "insertions": 1,
            "deletions": 1
          },
          {
            "hash": "1957a4737596e0c54617fd96b1bdeb53c275fc47",
            "messageTitle": "Update MainApp.java",
            "messageBody": "",
            "insertions": 1,
            "deletions": 1
          },
          {
            "hash": "558bb4a542a1e3531ce10b96582bd7aec5a5b7c4",
            "messageTitle": "Update MainApp.java",
            "messageBody": "",
            "insertions": 5,
            "deletions": 5
          }
        ]
      }
    ],
    "AaronLuk": [
      {
        "insertions": 3,
        "deletions": 3,
        "date": "2019-09-27",
        "commitResults": [
          {
            "hash": "0a4473f567be38159c30a0b049e1648e7b674e51",
            "messageTitle": "Updated UI image for README",
            "messageBody": "",
            "insertions": 2,
            "deletions": 2
          },
          {
            "hash": "30251160ec961272ff35b95acfa01d327631b994",
            "messageTitle": "Update README.adoc",
            "messageBody": "",
            "insertions": 1,
            "deletions": 1
          }
        ]
      },
      {
        "insertions": 3,
        "deletions": 3,
        "date": "2019-09-28",
        "commitResults": [
          {
            "hash": "a7c7b3d29c061b1a2c092b14533a814e4414c80e",
            "messageTitle": "Update Ui image for readMe",
            "messageBody": "",
            "insertions": 2,
            "deletions": 2
          },
          {
            "hash": "d35b3a50c5c310bd68fa1205c0a5c20e6050aafe",
            "messageTitle": "Update AboutUs.adoc",
            "messageBody": "",
            "insertions": 1,
            "deletions": 1
          }
        ]
      }
    ],
    "chensu2436": [
      {
        "insertions": 7,
        "deletions": 6,
        "date": "2019-09-28",
        "commitResults": [
          {
            "hash": "f855ce37b7c82627316eefdd6828e125039383ee",
            "messageTitle": "Update AboutUs.adoc",
            "messageBody": "",
            "insertions": 7,
            "deletions": 6
          }
        ]
      },
      {
        "insertions": 280,
        "deletions": 106,
        "date": "2019-10-02",
        "commitResults": [
          {
            "hash": "37b7b2897798f3f68d51738c1fc6a412c99a4dc0",
            "messageTitle": "Update UserGuide.adoc",
            "messageBody": "",
            "insertions": 137,
            "deletions": 102
          },
          {
            "hash": "1240d4449aa851b8056096d7494f0982322643f8",
            "messageTitle": "Update Features section",
            "messageBody": "",
            "insertions": 135,
            "deletions": 4
          },
          {
            "hash": "c010f6d9014ba14c0446634485ecc216165eb5e6",
            "messageTitle": "Update UserGuide.adoc",
            "messageBody": "",
            "insertions": 8,
            "deletions": 0
          }
        ]
      },
      {
        "insertions": 2,
        "deletions": 855,
        "date": "2019-10-09",
        "commitResults": [
          {
            "hash": "391635f134d73f43ebb795a601f46d5d5b8dd184",
            "messageTitle": "Remove Add/Delete/Clear command",
            "messageBody": "",
            "insertions": 0,
            "deletions": 275
          },
          {
            "hash": "72b924917f5b8fdc76121fd6a12c909ed0a69e9a",
            "messageTitle": "Remove tests related to Add/Delete/Clear commands.",
            "messageBody": "",
            "insertions": 2,
            "deletions": 543
          },
          {
            "hash": "9abe6b387f5cdde24614a2f7f66444589f881369",
            "messageTitle": "Remove unused import.",
            "messageBody": "",
            "insertions": 0,
            "deletions": 37
          }
        ]
      }
    ],
    "cheongliyuan": [
      {
        "insertions": 51,
        "deletions": 15,
        "date": "2019-09-27",
        "commitResults": [
          {
            "hash": "5a026e2d7a055f2abc09c34f926c2fc092da0e9a",
            "messageTitle": "Update README.adoc Add cheongliyuan.png",
            "messageBody": "",
            "insertions": 14,
            "deletions": 13
          },
          {
            "hash": "18a147344024433f154106b02aba7fcacba02e50",
            "messageTitle": "Update AboutUs.adoc",
            "messageBody": "",
            "insertions": 1,
            "deletions": 1
          },
          {
            "hash": "066f4af5150a118be3da85ac012977038125b399",
            "messageTitle": "Add use case: Add module to a student Add one line to NFR Add 3 lines to User stories",
            "messageBody": "",
            "insertions": 36,
            "deletions": 1
          }
        ]
      },
      {
        "insertions": 1,
        "deletions": 1,
        "date": "2019-09-28",
        "commitResults": [
          {
            "hash": "5617af691cd011fb457d30c602fa4338e9ed4b47",
            "messageTitle": "Test push to my remote repo",
            "messageBody": "",
            "insertions": 1,
            "deletions": 1
          }
        ]
      },
      {
        "insertions": 59,
        "deletions": 3,
        "date": "2019-10-02",
        "commitResults": [
          {
            "hash": "578c7c7a0da319f5cd1ef7a06d0f3c6d812fd3fb",
            "messageTitle": "to my remote repo",
            "messageBody": "",
            "insertions": 2,
            "deletions": 2
          },
          {
            "hash": "d0788bb9dfba1e847bc63e90e2d2f23e073ab263",
            "messageTitle": "Add addmod and removemod to UserGuide.adoc",
            "messageBody": "",
            "insertions": 57,
            "deletions": 1
          }
        ]
      },
      {
        "insertions": 3,
        "deletions": 1,
        "date": "2019-10-03",
        "commitResults": [
          {
            "hash": "927e8ab8bf79926bb75748be250acb48004d5508",
            "messageTitle": "Add acknowledge link for AddressBook-level3 (issue tracker)",
            "messageBody": "",
            "insertions": 3,
            "deletions": 1
          }
        ]
      }
    ],
    "MistyRainforest": [
      {
        "insertions": 10,
        "deletions": 11,
        "date": "2019-09-26",
        "commitResults": [
          {
            "hash": "44b6bc2b1bb0ef1e8e684a05eedd9e1e925e09a3",
            "messageTitle": "TravisCI setup",
            "messageBody": "",
            "insertions": 0,
            "deletions": 1
          },
          {
            "hash": "c57ba6d17fb9255fda7aa1a97dc7eece857a2016",
            "messageTitle": "Updated ContactUs.adoc",
            "messageBody": "",
            "insertions": 2,
            "deletions": 2
          },
          {
            "hash": "5e3a96081250f4f58c1e8f561c26180b16aeed2e",
            "messageTitle": "Updated AboutUs.adoc",
            "messageBody": "",
            "insertions": 8,
            "deletions": 8
          }
        ]
      }
    ]
  },
  "authorFinalContributionMap": {
    "SendorasLeft": 2745,
    "AaronLuk": 0,
    "chensu2436": 260,
    "cheongliyuan": 28,
    "MistyRainforest": 8
  },
  "authorFileTypeContributionMap": {
    "SendorasLeft": {
      "docs": 349,
      "tests": 1474,
      "functional": 920,
      "other": 2
    },
    "AaronLuk": {
      "docs": 0,
      "tests": 0,
      "functional": 0
    },
    "chensu2436": {
      "docs": 258,
      "tests": 2,
      "functional": 0
    },
    "cheongliyuan": {
      "docs": 28,
      "tests": 0,
      "functional": 0
    },
    "MistyRainforest": {
      "docs": 8,
      "tests": 0,
      "functional": 0
    }
  },
  "authorContributionVariance": {
    "SendorasLeft": 691407.9,
    "AaronLuk": 1.9930791,
    "chensu2436": 24623.998,
    "cheongliyuan": 226.23178,
    "MistyRainforest": 12.589105
  },
  "authorDisplayNameMap": {
    "SendorasLeft": "CS2103-T11-2 NG YO ...  KUAN",
    "AaronLuk": "CS2103-T11-2 LUK C ...  HENG",
    "chensu2436": "CS2103-T11-2 CHEN  ... EN SU",
    "cheongliyuan": "CS2103-T11-2 CHEON ...  YUAN",
    "MistyRainforest": "CS2103-T11-2 TAN W ...  ADAM"
  }
}
