{
  "authorDailyContributionsMap": {
    "SendorasLeft": [
      {
        "insertions": 2,
        "deletions": 2,
        "date": "2019-09-19",
        "commitResults": [
          {
            "hash": "77854a4a8107e9664a9293442f47244494648c8f",
            "messageTitle": "Update README.adoc",
            "messageBody": "",
            "insertions": 1,
            "deletions": 1
          },
          {
            "hash": "b66a3cd641dac0bdcd4be6269fb5e9fe30a4888b",
            "messageTitle": "Update README.adoc",
            "messageBody": "",
            "insertions": 1,
            "deletions": 1
          }
        ]
      },
      {
        "insertions": 76,
        "deletions": 2,
        "date": "2019-10-01",
        "commitResults": [
          {
            "hash": "b4e821bcaca7eeaa354da3877747d978cbf647ac",
            "messageTitle": "Updated ContactUs.adoc",
            "messageBody": "",
            "insertions": 76,
            "deletions": 2
          }
        ]
      },
      {
        "insertions": 270,
        "deletions": 73,
        "date": "2019-10-02",
        "commitResults": [
          {
            "hash": "ad1d2d0107ad30cab24672ae08284524e751917d",
            "messageTitle": "Fixed README.adoc image display issue. Updated DeveloperGuide.adoc",
            "messageBody": "",
            "insertions": 265,
            "deletions": 68
          },
          {
            "hash": "6fa0189cac7d3c24bc5d0c05314025ea185f57c7",
            "messageTitle": "Renamed profile images of various team members to proper format",
            "messageBody": "",
            "insertions": 4,
            "deletions": 4
          },
          {
            "hash": "9f18550cc11fa8bef7c4a7a80a1a80ef1b423ab0",
            "messageTitle": "Fixed Travis badge outdated link on README.adoc",
            "messageBody": "",
            "insertions": 1,
            "deletions": 1
          }
        ]
      },
      {
        "insertions": 2006,
        "deletions": 2013,
        "date": "2019-10-04",
        "commitResults": [
          {
            "hash": "b7f6a01733000793236113252573e575b67464e4",
            "messageTitle": "Package renaming. Style not fixed",
            "messageBody": "",
            "insertions": 1360,
            "deletions": 1369
          },
          {
            "hash": "b874ef8d31f190365f836dd24a7d1f9607baa6fd",
            "messageTitle": "Changed all code/code documentation/filepath/relevant variables/GUI elements/filename instances of AddressBook to MAMS",
            "messageBody": "",
            "insertions": 543,
            "deletions": 541
          },
          {
            "hash": "aab3f947e8594c228983b7687a7cee25c0a646f8",
            "messageTitle": "Rename mams.model.person package to mams.model.student",
            "messageBody": "",
            "insertions": 0,
            "deletions": 0
          },
          {
            "hash": "03eae0da08ebdeb861edcb074947fbd38dc5ca0d",
            "messageTitle": "Rename mams.model.person package to mams.model.student",
            "messageBody": "",
            "insertions": 103,
            "deletions": 103
          }
        ]
      },
      {
        "insertions": 1509,
        "deletions": 1466,
        "date": "2019-10-07",
        "commitResults": [
          {
            "hash": "8fc699acb156f9348166d949ede5eaa09ee37a5c",
            "messageTitle": "Refactored all Person usages and its derivatives to Student and Student derivatives",
            "messageBody": "",
            "insertions": 1323,
            "deletions": 1316
          },
          {
            "hash": "731e0f18c07b1665738bfae1e756ffb7e978b0da",
            "messageTitle": "Fixed checkstyle issues",
            "messageBody": "",
            "insertions": 178,
            "deletions": 142
          },
          {
            "hash": "22f648b6ba8894db15751aab2e896fd7fec7c123",
            "messageTitle": "Changed MainWindow title",
            "messageBody": "",
            "insertions": 1,
            "deletions": 1
          },
          {
            "hash": "a20b305070b84ff7a08748359f9e60935a521929",
            "messageTitle": "Update DeveloperGuide.adoc",
            "messageBody": "",
            "insertions": 1,
            "deletions": 1
          },
          {
            "hash": "1957a4737596e0c54617fd96b1bdeb53c275fc47",
            "messageTitle": "Update MainApp.java",
            "messageBody": "",
            "insertions": 1,
            "deletions": 1
          },
          {
            "hash": "558bb4a542a1e3531ce10b96582bd7aec5a5b7c4",
            "messageTitle": "Update MainApp.java",
            "messageBody": "",
            "insertions": 5,
            "deletions": 5
          }
        ]
      },
      {
        "insertions": 202,
        "deletions": 13,
        "date": "2019-10-13",
        "commitResults": [
          {
            "hash": "00d3ac377779ce28ccb39a1faefe32b5e1037cd6",
            "messageTitle": "Minimal working version of 3-way split pane. Added GUI elements for modules. Awaiting Appeal implementation",
            "messageBody": "",
            "insertions": 202,
            "deletions": 13
          }
        ]
      },
      {
        "insertions": 343,
        "deletions": 40,
        "date": "2019-10-14",
        "commitResults": [
          {
            "hash": "07887d9ab0089d674a887b48c7c8ebbde9082cd4",
            "messageTitle": "Added minimal support for displaying appeal. Fix some documentation errors. Fix some variable naming. Fixed integration of appeal into MAMS.",
            "messageBody": "",
            "insertions": 343,
            "deletions": 40
          }
        ]
      },
      {
        "insertions": 24,
        "deletions": 9,
        "date": "2019-10-15",
        "commitResults": [
          {
            "hash": "20b0ca5121efa582798403c2c336bf056b21798b",
            "messageTitle": "Theme overhaul. Student card theme is semi-complete",
            "messageBody": "",
            "insertions": 24,
            "deletions": 9
          }
        ]
      },
      {
        "insertions": 75,
        "deletions": 46,
        "date": "2019-10-16",
        "commitResults": [
          {
            "hash": "9acc650fcbb5ba31e26abe02caf4ac743bcdc546",
            "messageTitle": "Finished integrating AppealCard into initial GUI theme rework.",
            "messageBody": "",
            "insertions": 49,
            "deletions": 20
          },
          {
            "hash": "9d960fcf9dd0c6c513945f1a77d803b66c21da8b",
            "messageTitle": "Removed lurking traces of references to Address Book",
            "messageBody": "",
            "insertions": 26,
            "deletions": 26
          }
        ]
      }
    ],
    "AaronLuk": [
      {
        "insertions": 3,
        "deletions": 3,
        "date": "2019-09-27",
        "commitResults": [
          {
            "hash": "0a4473f567be38159c30a0b049e1648e7b674e51",
            "messageTitle": "Updated UI image for README",
            "messageBody": "",
            "insertions": 2,
            "deletions": 2
          },
          {
            "hash": "30251160ec961272ff35b95acfa01d327631b994",
            "messageTitle": "Update README.adoc",
            "messageBody": "",
            "insertions": 1,
            "deletions": 1
          }
        ]
      },
      {
        "insertions": 3,
        "deletions": 3,
        "date": "2019-09-28",
        "commitResults": [
          {
            "hash": "a7c7b3d29c061b1a2c092b14533a814e4414c80e",
            "messageTitle": "Update Ui image for readMe",
            "messageBody": "",
            "insertions": 2,
            "deletions": 2
          },
          {
            "hash": "d35b3a50c5c310bd68fa1205c0a5c20e6050aafe",
            "messageTitle": "Update AboutUs.adoc",
            "messageBody": "",
            "insertions": 1,
            "deletions": 1
          }
        ]
      },
      {
        "insertions": 212,
        "deletions": 1,
        "date": "2019-10-02",
        "commitResults": [
          {
            "hash": "f361d41f38ad92b9033e59a2d8d59cc1e68d0378",
            "messageTitle": "Change photo in AboutUs",
            "messageBody": "",
            "insertions": 185,
            "deletions": 1
          },
          {
            "hash": "44dd70ee5cd9087b2be3f19fc391cbcbf09ec9af",
            "messageTitle": "Add approve and reject appeal",
            "messageBody": "",
            "insertions": 27,
            "deletions": 0
          }
        ]
      },
      {
        "insertions": 371,
        "deletions": 8,
        "date": "2019-10-09",
        "commitResults": [
          {
            "hash": "3fcf7de1021fe6446ceb1fd1273e6e66451b2ca7",
            "messageTitle": "Add Appeal class and Unique Appeal list",
            "messageBody": "",
            "insertions": 371,
            "deletions": 8
          }
        ]
      },
      {
        "insertions": 202,
        "deletions": 134,
        "date": "2019-10-10",
        "commitResults": [
          {
            "hash": "45e941f0ac1be163b80c8a8ff2ddea7102019be6",
            "messageTitle": "minor edits",
            "messageBody": "",
            "insertions": 1,
            "deletions": 6
          },
          {
            "hash": "127b88b58412e5a552b7051320f8430cb15d287f",
            "messageTitle": "Fix travis issues",
            "messageBody": "",
            "insertions": 2,
            "deletions": 2
          },
          {
            "hash": "b2e3323aa90f5e7384b87d0b8868b2cb1e5978e0",
            "messageTitle": "Fix checkstyle",
            "messageBody": "",
            "insertions": 127,
            "deletions": 103
          },
          {
            "hash": "81cb13468d9c88da50929e899e0bd2723b281e98",
            "messageTitle": "Fix checkstyle",
            "messageBody": "",
            "insertions": 51,
            "deletions": 21
          },
          {
            "hash": "67e6644e09403cb700261769f3b8c854fa78ce97",
            "messageTitle": "Fix checkstyle",
            "messageBody": "",
            "insertions": 21,
            "deletions": 2
          }
        ]
      },
      {
        "insertions": 46,
        "deletions": 201,
        "date": "2019-10-13",
        "commitResults": [
          {
            "hash": "6eb31c3eba4c16b68385597df368ad2e53076c55",
            "messageTitle": "Remove bin files",
            "messageBody": "",
            "insertions": 0,
            "deletions": 185
          },
          {
            "hash": "839e58b037fa23f43051e4555b11ffa93bbaf951",
            "messageTitle": "Fixed problem with Userguide.adoc",
            "messageBody": "",
            "insertions": 45,
            "deletions": 16
          },
          {
            "hash": "495772c0a25d1e901c195d65101338139b03c26f",
            "messageTitle": "add space at the end of files",
            "messageBody": "",
            "insertions": 1,
            "deletions": 0
          }
        ]
      },
      {
        "insertions": 305,
        "deletions": 96,
        "date": "2019-10-14",
        "commitResults": [
          {
            "hash": "49d3950de98e8a13277c530792c0f2095802eeab",
            "messageTitle": "Add JsonAdaptedAppeal",
            "messageBody": "",
            "insertions": 204,
            "deletions": 5
          },
          {
            "hash": "e290cc79b553d27a7b20a1616ea4b9655c2f2289",
            "messageTitle": "Fix checkstyle",
            "messageBody": "",
            "insertions": 46,
            "deletions": 34
          },
          {
            "hash": "a2577dfd0984375e3ac628d09255e8b4f1b9da3f",
            "messageTitle": "Checkstyle",
            "messageBody": "",
            "insertions": 18,
            "deletions": 17
          },
          {
            "hash": "fda76847345d5da78c845fe8a38cc9ae450e01a3",
            "messageTitle": "Checkstyle",
            "messageBody": "",
            "insertions": 16,
            "deletions": 21
          },
          {
            "hash": "70ffac35d574f78942f5e3731f5c1a57fa1c3327",
            "messageTitle": "Checkstyle",
            "messageBody": "",
            "insertions": 16,
            "deletions": 14
          },
          {
            "hash": "c821d11018a5c02c6e505cba398d94d3201f78b6",
            "messageTitle": "Change appeal fields in json",
            "messageBody": "",
            "insertions": 5,
            "deletions": 5
          }
        ]
      },
      {
        "insertions": 310,
        "deletions": 33,
        "date": "2019-10-15",
        "commitResults": [
          {
            "hash": "581a28ce13ba614fbb35f9fbfbf9f790ff71bbec",
            "messageTitle": "Test Json loader",
            "messageBody": "",
            "insertions": 47,
            "deletions": 28
          },
          {
            "hash": "5485e5f434fb93320cd0d3183c4ba540071b985a",
            "messageTitle": "Add AppealTest and UniqueAppealListTest",
            "messageBody": "",
            "insertions": 263,
            "deletions": 5
          }
        ]
      },
      {
        "insertions": 124,
        "deletions": 98,
        "date": "2019-10-16",
        "commitResults": [
          {
            "hash": "522a90e4f0c94ed50e93e29f1649372004f96ee7",
            "messageTitle": "Minor edits",
            "messageBody": "",
            "insertions": 0,
            "deletions": 4
          },
          {
            "hash": "0835630a66e27a7d21a87eaa56ae7dc7fd5c4dc4",
            "messageTitle": "Add appeal loader",
            "messageBody": "",
            "insertions": 39,
            "deletions": 29
          },
          {
            "hash": "bd3e0c16cfcb26715535233318569e9fbc955c15",
            "messageTitle": "Fix checkstye",
            "messageBody": "",
            "insertions": 4,
            "deletions": 7
          },
          {
            "hash": "c99641396c167b17e6dfbe079fbcdb4a31993f3e",
            "messageTitle": "cs",
            "messageBody": "",
            "insertions": 0,
            "deletions": 1
          },
          {
            "hash": "cfb5a2c5fed64e66a91de2b214044c112f6e645a",
            "messageTitle": "travis",
            "messageBody": "",
            "insertions": 41,
            "deletions": 14
          },
          {
            "hash": "0b9728565e72e542c3e575af2129ed908f9ed917",
            "messageTitle": "Travis",
            "messageBody": "",
            "insertions": 4,
            "deletions": 7
          },
          {
            "hash": "693e3d8639e7016b6d70f755b6d494a879ee2fa6",
            "messageTitle": "Travis",
            "messageBody": "",
            "insertions": 3,
            "deletions": 3
          },
          {
            "hash": "b47e35e0d29e3c5b8ad4bfd95257518b45c909da",
            "messageTitle": "What do you want from me",
            "messageBody": "",
            "insertions": 3,
            "deletions": 3
          },
          {
            "hash": "9eadb2d7515ab0cc282e8a3bbb006096f99b1704",
            "messageTitle": "What do you want from me",
            "messageBody": "",
            "insertions": 26,
            "deletions": 26
          },
          {
            "hash": "47491fbc760e3e0bbcce26967ef15f83a10b63a3",
            "messageTitle": "What do you want from me",
            "messageBody": "",
            "insertions": 2,
            "deletions": 2
          },
          {
            "hash": "44e20840c6917dc9a4753f3f6ba491f173e5bf8d",
            "messageTitle": "What do you want from me",
            "messageBody": "",
            "insertions": 1,
            "deletions": 1
          },
          {
            "hash": "c0a154c474cea2a86cac2224d92b5156dbce03a8",
            "messageTitle": "fix test",
            "messageBody": "",
            "insertions": 1,
            "deletions": 1
          }
        ]
      }
    ],
    "chensu2436": [
      {
        "insertions": 7,
        "deletions": 6,
        "date": "2019-09-28",
        "commitResults": [
          {
            "hash": "f855ce37b7c82627316eefdd6828e125039383ee",
            "messageTitle": "Update AboutUs.adoc",
            "messageBody": "",
            "insertions": 7,
            "deletions": 6
          }
        ]
      },
      {
        "insertions": 280,
        "deletions": 106,
        "date": "2019-10-02",
        "commitResults": [
          {
            "hash": "37b7b2897798f3f68d51738c1fc6a412c99a4dc0",
            "messageTitle": "Update UserGuide.adoc",
            "messageBody": "",
            "insertions": 137,
            "deletions": 102
          },
          {
            "hash": "1240d4449aa851b8056096d7494f0982322643f8",
            "messageTitle": "Update Features section",
            "messageBody": "",
            "insertions": 135,
            "deletions": 4
          },
          {
            "hash": "c010f6d9014ba14c0446634485ecc216165eb5e6",
            "messageTitle": "Update UserGuide.adoc",
            "messageBody": "",
            "insertions": 8,
            "deletions": 0
          }
        ]
      },
      {
        "insertions": 2,
        "deletions": 855,
        "date": "2019-10-09",
        "commitResults": [
          {
            "hash": "391635f134d73f43ebb795a601f46d5d5b8dd184",
            "messageTitle": "Remove Add/Delete/Clear command",
            "messageBody": "",
            "insertions": 0,
            "deletions": 275
          },
          {
            "hash": "72b924917f5b8fdc76121fd6a12c909ed0a69e9a",
            "messageTitle": "Remove tests related to Add/Delete/Clear commands.",
            "messageBody": "",
            "insertions": 2,
            "deletions": 543
          },
          {
            "hash": "9abe6b387f5cdde24614a2f7f66444589f881369",
            "messageTitle": "Remove unused import.",
            "messageBody": "",
            "insertions": 0,
            "deletions": 37
          }
        ]
      },
      {
        "insertions": 164,
        "deletions": 23,
        "date": "2019-10-13",
        "commitResults": [
          {
            "hash": "ce8f219bc1f0c398e031c77a8fcfcc1fb3d73275",
            "messageTitle": "Implement clash command for two module codes.",
            "messageBody": "",
            "insertions": 135,
            "deletions": 12
          },
          {
            "hash": "de100de27402aa442a520caeb842a2c930b875d8",
            "messageTitle": "Edit import",
            "messageBody": "",
            "insertions": 7,
            "deletions": 1
          },
          {
            "hash": "5db922df29c97d787ad422dbca4f6763bb880857",
            "messageTitle": "Fix checkstyle",
            "messageBody": "",
            "insertions": 22,
            "deletions": 10
          }
        ]
      }
    ],
    "cheongliyuan": [
      {
        "insertions": 51,
        "deletions": 15,
        "date": "2019-09-27",
        "commitResults": [
          {
            "hash": "5a026e2d7a055f2abc09c34f926c2fc092da0e9a",
            "messageTitle": "Update README.adoc Add cheongliyuan.png",
            "messageBody": "",
            "insertions": 14,
            "deletions": 13
          },
          {
            "hash": "18a147344024433f154106b02aba7fcacba02e50",
            "messageTitle": "Update AboutUs.adoc",
            "messageBody": "",
            "insertions": 1,
            "deletions": 1
          },
          {
            "hash": "066f4af5150a118be3da85ac012977038125b399",
            "messageTitle": "Add use case: Add module to a student Add one line to NFR Add 3 lines to User stories",
            "messageBody": "",
            "insertions": 36,
            "deletions": 1
          }
        ]
      },
      {
        "insertions": 1,
        "deletions": 1,
        "date": "2019-09-28",
        "commitResults": [
          {
            "hash": "5617af691cd011fb457d30c602fa4338e9ed4b47",
            "messageTitle": "Test push to my remote repo",
            "messageBody": "",
            "insertions": 1,
            "deletions": 1
          }
        ]
      },
      {
        "insertions": 59,
        "deletions": 3,
        "date": "2019-10-02",
        "commitResults": [
          {
            "hash": "578c7c7a0da319f5cd1ef7a06d0f3c6d812fd3fb",
            "messageTitle": "to my remote repo",
            "messageBody": "",
            "insertions": 2,
            "deletions": 2
          },
          {
            "hash": "d0788bb9dfba1e847bc63e90e2d2f23e073ab263",
            "messageTitle": "Add addmod and removemod to UserGuide.adoc",
            "messageBody": "",
            "insertions": 57,
            "deletions": 1
          }
        ]
      },
      {
        "insertions": 3,
        "deletions": 1,
        "date": "2019-10-03",
        "commitResults": [
          {
            "hash": "927e8ab8bf79926bb75748be250acb48004d5508",
            "messageTitle": "Add acknowledge link for AddressBook-level3 (issue tracker)",
            "messageBody": "",
            "insertions": 3,
            "deletions": 1
          }
        ]
      },
      {
        "insertions": 244,
        "deletions": 39,
        "date": "2019-10-08",
        "commitResults": [
          {
            "hash": "719e0deb87f57fc5f19814722dc79181efd9c335",
            "messageTitle": "Add module class(not done) Add WeekDay enum Add ModuleTimeSlots.png for reference(legend)",
            "messageBody": "",
            "insertions": 166,
            "deletions": 1
          },
          {
            "hash": "2b388ad664beec040d41981121996eb97532646b",
            "messageTitle": "Rename moduleTimeslot.png to follow naming convention Remove unused Weekdays enum Finish up Module.java (w/o student field)",
            "messageBody": "",
            "insertions": 78,
            "deletions": 38
          }
        ]
      },
      {
        "insertions": 416,
        "deletions": 26,
        "date": "2019-10-10",
        "commitResults": [
          {
            "hash": "b605ceb00e23d4d263b2c4ac682b8d6bb3b05b1b",
            "messageTitle": "Add JsonAdaptedModule.java Add DuplicateModuleException.java Add UniqueModuleList.java Change sessionId field to int",
            "messageBody": "",
            "insertions": 242,
            "deletions": 6
          },
          {
            "hash": "92b63fa8dbc91e64e651bd479148dda56ba5463f",
            "messageTitle": "Fix checkstyle errors",
            "messageBody": "",
            "insertions": 32,
            "deletions": 20
          },
          {
            "hash": "4a29f720c96df86b0b81fabfd47e0f3ae178a5d1",
            "messageTitle": "Add AddModCommand(not done) Committing to start git pull",
            "messageBody": "",
            "insertions": 142,
            "deletions": 0
          }
        ]
      },
      {
        "insertions": 716,
        "deletions": 297,
        "date": "2019-10-11",
        "commitResults": [
          {
            "hash": "079ae721fa8906c070d5eb8732018dfd165f59ed",
            "messageTitle": "Format module.java",
            "messageBody": "",
            "insertions": 0,
            "deletions": 5
          },
          {
            "hash": "883b6ef03105e0634374ab80768bb0314479ed9a",
            "messageTitle": "spacing",
            "messageBody": "",
            "insertions": 1,
            "deletions": 3
          },
          {
            "hash": "e084214d012e8061605585e25d002f7da9c0ece9",
            "messageTitle": "Change types of fields in Module.java Change types of fields in module.json to strings. Change .gitignore to allow commiting of json files(for sharing purposes)",
            "messageBody": "",
            "insertions": 49,
            "deletions": 37
          },
          {
            "hash": "6e7cc039ed4a51120446dc1411d2f7708918d967",
            "messageTitle": "Update Module class",
            "messageBody": "",
            "insertions": 10,
            "deletions": 212
          },
          {
            "hash": "4017da05eff959a1cb575f78a973e08d7985c7ab",
            "messageTitle": "Commit to backup",
            "messageBody": "",
            "insertions": 453,
            "deletions": 7
          },
          {
            "hash": "5f1414f3f4b4ce99880638d16047656492f1af32",
            "messageTitle": "Add stuff to get ready for addmodcommand. Waiting for refactoring of Tags to Modules",
            "messageBody": "",
            "insertions": 77,
            "deletions": 24
          },
          {
            "hash": "570994fb870a5a568f886a5218de26e65e9cd268",
            "messageTitle": "Change Module last field to Tag type(for students)(should be kept as strings) Todo: tests",
            "messageBody": "",
            "insertions": 126,
            "deletions": 9
          }
        ]
      },
      {
        "insertions": 21,
        "deletions": 9,
        "date": "2019-10-14",
        "commitResults": [
          {
            "hash": "f58b8f8f05ff334d491aa9457126e1752fd4352b",
            "messageTitle": "Add quota field to module.json Add function to load json module file in toModeltype()",
            "messageBody": "",
            "insertions": 21,
            "deletions": 9
          }
        ]
      },
      {
        "insertions": 204,
        "deletions": 103,
        "date": "2019-10-15",
        "commitResults": [
          {
            "hash": "28833d5e89987092112af5e62e0ddcbebccb6b45",
            "messageTitle": "Refactor Module\u0027s sessionId field to moduleName Add quota field to Module Fix timeSlotsToString. should display correctly now. Todo: add lecturer field to module, add tests for equality",
            "messageBody": "",
            "insertions": 114,
            "deletions": 65
          },
          {
            "hash": "31b9a76ed74ba83a8a21c5945d51556f51afa9e2",
            "messageTitle": "Add 10 real modules to json data Add moduleName and lecturerName to be displayed in UI Todo: tests, titles of data in UI",
            "messageBody": "",
            "insertions": 90,
            "deletions": 11
          },
          {
            "hash": "49dff6978eb453e756b0a0d005d05a1b3601d198",
            "messageTitle": "Delete test",
            "messageBody": "",
            "insertions": 0,
            "deletions": 27
          }
        ]
      },
      {
        "insertions": 290,
        "deletions": 29,
        "date": "2019-10-16",
        "commitResults": [
          {
            "hash": "636f698d35208badc73d457aa4192b14e71193fd",
            "messageTitle": "Remove the \u00271\u0027 infront of json files Update validation regex for module description and lecturer name",
            "messageBody": "",
            "insertions": 9,
            "deletions": 8
          },
          {
            "hash": "864b921b029ab2662b29529588a827926ac9338c",
            "messageTitle": "Pesky comma!",
            "messageBody": "",
            "insertions": 4,
            "deletions": 4
          },
          {
            "hash": "2f5faea6741b12f2e1fc886071db3b67a4de3d47",
            "messageTitle": "Add back JsonSerializableMamsTest.java",
            "messageBody": "",
            "insertions": 75,
            "deletions": 1
          },
          {
            "hash": "ab160a2e9512733490a389d82a2c565debcf30ac",
            "messageTitle": "Reorder imports for dear Travis",
            "messageBody": "",
            "insertions": 37,
            "deletions": 10
          },
          {
            "hash": "dd4aaa69902cf685b8e6990f63768610f8920ac1",
            "messageTitle": "Comment out JsonSerializableMamsTest cause i dunno how to fix it Add ModuleTest to test isValid statements Add some stuff and todo add more stuff for equality tests why is there is much to write",
            "messageBody": "",
            "insertions": 165,
            "deletions": 6
          }
        ]
      }
    ],
    "MistyRainforest": [
      {
        "insertions": 10,
        "deletions": 11,
        "date": "2019-09-26",
        "commitResults": [
          {
            "hash": "44b6bc2b1bb0ef1e8e684a05eedd9e1e925e09a3",
            "messageTitle": "TravisCI setup",
            "messageBody": "",
            "insertions": 0,
            "deletions": 1
          },
          {
            "hash": "c57ba6d17fb9255fda7aa1a97dc7eece857a2016",
            "messageTitle": "Updated ContactUs.adoc",
            "messageBody": "",
            "insertions": 2,
            "deletions": 2
          },
          {
            "hash": "5e3a96081250f4f58c1e8f561c26180b16aeed2e",
            "messageTitle": "Updated AboutUs.adoc",
            "messageBody": "",
            "insertions": 8,
            "deletions": 8
          }
        ]
      },
      {
        "insertions": 532,
        "deletions": 579,
        "date": "2019-10-10",
        "commitResults": [
          {
            "hash": "8a7d01798178799af13e424af15a0b32d6910d54",
            "messageTitle": "CheckStyle",
            "messageBody": "",
            "insertions": 201,
            "deletions": 223
          },
          {
            "hash": "0b545764cda493b552f3589e31f988a3d04aa0bb",
            "messageTitle": "CheckStyle",
            "messageBody": "",
            "insertions": 27,
            "deletions": 6
          },
          {
            "hash": "a24bc5d75b125127f3c0bf143dfa1792bf74b780",
            "messageTitle": "Removed one newline character for Checkstyle",
            "messageBody": "",
            "insertions": 0,
            "deletions": 1
          },
          {
            "hash": "f12aabecd0717c1fee632cf56e29e6b6dabb4d63",
            "messageTitle": "CheckStyle",
            "messageBody": "",
            "insertions": 20,
            "deletions": 11
          },
          {
            "hash": "47c0d062b819ff4e2769829d93af90743660b095",
            "messageTitle": "Update CommandTestUtil.java",
            "messageBody": "",
            "insertions": 0,
            "deletions": 1
          },
          {
            "hash": "b52b8d6d7da07183ca4cb63c6045d9b6e74b0d91",
            "messageTitle": "Update JsonSerializableMamsTest.java",
            "messageBody": "",
            "insertions": 0,
            "deletions": 9
          },
          {
            "hash": "5c34b8311f1430e83d0f21100a458281f326c605",
            "messageTitle": "Update JsonSerializableMamsTest.java",
            "messageBody": "",
            "insertions": 0,
            "deletions": 3
          },
          {
            "hash": "1a43fe0327f18dbb3c0b172ff7f553b05a70e2fc",
            "messageTitle": "Update JsonSerializableMamsTest.java",
            "messageBody": "",
            "insertions": 0,
            "deletions": 1
          },
          {
            "hash": "fae46e90339263d976a888729aa9569e4beb682c",
            "messageTitle": "Added Modular Credits",
            "messageBody": "",
            "insertions": 261,
            "deletions": 264
          },
          {
            "hash": "37c7f08b22be4b3004206a2e880507bb5cc67809",
            "messageTitle": "MC Checkstyle",
            "messageBody": "",
            "insertions": 5,
            "deletions": 4
          },
          {
            "hash": "d76af8087709e72dfc313ed8d1308fd59c8e9538",
            "messageTitle": "Update EditCommandParser.java",
            "messageBody": "",
            "insertions": 2,
            "deletions": 2
          },
          {
            "hash": "fe653886fdf8b8b83f648f5240cdadf77f6ba5ef",
            "messageTitle": "CzechStyle",
            "messageBody": "",
            "insertions": 4,
            "deletions": 3
          },
          {
            "hash": "9f9d7cf90e0200d98987c46a3b2b07d5a2df8587",
            "messageTitle": "Changed some tests",
            "messageBody": "",
            "insertions": 3,
            "deletions": 36
          },
          {
            "hash": "6a4ef8db78a700ec1f492f0b586d5cb1e7076c4f",
            "messageTitle": "Removed Trailing Whitespace",
            "messageBody": "",
            "insertions": 4,
            "deletions": 4
          },
          {
            "hash": "d859de85bd1b2dbb185b7cac90e2ec3a102c8245",
            "messageTitle": "Checkstyle",
            "messageBody": "",
            "insertions": 2,
            "deletions": 3
          },
          {
            "hash": "a8ef169dc2fa33d1516c2b5313c5209de45d73f9",
            "messageTitle": "Update StudentTest.java",
            "messageBody": "",
            "insertions": 2,
            "deletions": 1
          },
          {
            "hash": "9fa6050d91ef4bb128fe0d841a1536f6406d0ffc",
            "messageTitle": "Fixed Test",
            "messageBody": "",
            "insertions": 1,
            "deletions": 6
          },
          {
            "hash": "2867a4cb0bac0404ddc3b77c37d711f44c46ff59",
            "messageTitle": "Update StudentTest.java",
            "messageBody": "",
            "insertions": 0,
            "deletions": 1
          }
        ]
      },
      {
        "insertions": 329,
        "deletions": 1859,
        "date": "2019-10-15",
        "commitResults": [
          {
            "hash": "2e1dd1999a4e5215d240bea1944aa7322da7c9a6",
            "messageTitle": "PrevMod field + wrap text for student card",
            "messageBody": "",
            "insertions": 285,
            "deletions": 307
          },
          {
            "hash": "ef364dee4070d7d64d8e69d4cc234b66bc9d835a",
            "messageTitle": "Added get methods for appeals and modules in student class",
            "messageBody": "",
            "insertions": 28,
            "deletions": 0
          },
          {
            "hash": "a8d12a060fb6bc03da77f4e58289152a07f4cbef",
            "messageTitle": "Checkstyle",
            "messageBody": "",
            "insertions": 6,
            "deletions": 6
          },
          {
            "hash": "116c43af8b9584bd20e5c7c7a26bc759f9aa31a5",
            "messageTitle": "Checkstyle",
            "messageBody": "",
            "insertions": 3,
            "deletions": 2
          },
          {
            "hash": "67c5abc5b624ca52fb3e16e49cd363a29f1b3b35",
            "messageTitle": "Checkstyle",
            "messageBody": "",
            "insertions": 7,
            "deletions": 4
          },
          {
            "hash": "2ab10274e1dff0b2ca8261609590603564c2dc29",
            "messageTitle": "Removed irrelevant tests",
            "messageBody": "",
            "insertions": 0,
            "deletions": 1033
          },
          {
            "hash": "f98ae8bf781a6d0d8c0f70c9a1d2e379e2258881",
            "messageTitle": "Removed irrelevant tests",
            "messageBody": "",
            "insertions": 0,
            "deletions": 507
          }
        ]
      }
    ]
  },
  "authorFinalContributionMap": {
    "SendorasLeft": 2187,
    "AaronLuk": 935,
    "chensu2436": 397,
    "cheongliyuan": 1395,
    "MistyRainforest": 613
  },
  "authorFileTypeContributionMap": {
    "SendorasLeft": {
      "docs": 347,
      "tests": 385,
      "functional": 1453,
      "other": 2
    },
    "AaronLuk": {
      "docs": 2,
      "tests": 274,
      "functional": 659
    },
    "chensu2436": {
      "docs": 244,
      "tests": 2,
      "functional": 151
    },
    "cheongliyuan": {
      "docs": 40,
      "tests": 259,
      "functional": 1096
    },
    "MistyRainforest": {
      "docs": 18,
      "tests": 265,
      "functional": 329,
      "other": 1
    }
  },
  "authorContributionVariance": {
    "SendorasLeft": 578218.56,
    "AaronLuk": 14089.323,
    "chensu2436": 21165.766,
    "cheongliyuan": 32948.27,
    "MistyRainforest": 140323.58
  },
  "authorDisplayNameMap": {
    "SendorasLeft": "CS2103-T11-2 NG YO ...  KUAN",
    "AaronLuk": "CS2103-T11-2 LUK C ...  HENG",
    "chensu2436": "CS2103-T11-2 CHEN  ... EN SU",
    "cheongliyuan": "CS2103-T11-2 CHEON ...  YUAN",
    "MistyRainforest": "CS2103-T11-2 TAN W ...  ADAM"
  }
}
