{
  "authorDailyContributionsMap": {
    "SendorasLeft": [
      {
        "insertions": 2,
        "deletions": 2,
        "date": "2019-09-19",
        "commitResults": [
          {
            "hash": "77854a4a8107e9664a9293442f47244494648c8f",
            "messageTitle": "Update README.adoc",
            "messageBody": "",
            "insertions": 1,
            "deletions": 1
          },
          {
            "hash": "b66a3cd641dac0bdcd4be6269fb5e9fe30a4888b",
            "messageTitle": "Update README.adoc",
            "messageBody": "",
            "insertions": 1,
            "deletions": 1
          }
        ]
      },
      {
        "insertions": 76,
        "deletions": 2,
        "date": "2019-10-01",
        "commitResults": [
          {
            "hash": "b4e821bcaca7eeaa354da3877747d978cbf647ac",
            "messageTitle": "Updated ContactUs.adoc",
            "messageBody": "",
            "insertions": 76,
            "deletions": 2
          }
        ]
      },
      {
        "insertions": 270,
        "deletions": 73,
        "date": "2019-10-02",
        "commitResults": [
          {
            "hash": "ad1d2d0107ad30cab24672ae08284524e751917d",
            "messageTitle": "Fixed README.adoc image display issue. Updated DeveloperGuide.adoc",
            "messageBody": "",
            "insertions": 265,
            "deletions": 68
          },
          {
            "hash": "6fa0189cac7d3c24bc5d0c05314025ea185f57c7",
            "messageTitle": "Renamed profile images of various team members to proper format",
            "messageBody": "",
            "insertions": 4,
            "deletions": 4
          },
          {
            "hash": "9f18550cc11fa8bef7c4a7a80a1a80ef1b423ab0",
            "messageTitle": "Fixed Travis badge outdated link on README.adoc",
            "messageBody": "",
            "insertions": 1,
            "deletions": 1
          }
        ]
      },
      {
        "insertions": 2007,
        "deletions": 2014,
        "date": "2019-10-04",
        "commitResults": [
          {
            "hash": "b7f6a01733000793236113252573e575b67464e4",
            "messageTitle": "Package renaming. Style not fixed",
            "messageBody": "",
            "insertions": 1360,
            "deletions": 1369
          },
          {
            "hash": "b874ef8d31f190365f836dd24a7d1f9607baa6fd",
            "messageTitle": "Changed all code/code documentation/filepath/relevant variables/GUI elements/filename instances of AddressBook to MAMS",
            "messageBody": "",
            "insertions": 544,
            "deletions": 542
          },
          {
            "hash": "aab3f947e8594c228983b7687a7cee25c0a646f8",
            "messageTitle": "Rename mams.model.person package to mams.model.student",
            "messageBody": "",
            "insertions": 0,
            "deletions": 0
          },
          {
            "hash": "03eae0da08ebdeb861edcb074947fbd38dc5ca0d",
            "messageTitle": "Rename mams.model.person package to mams.model.student",
            "messageBody": "",
            "insertions": 103,
            "deletions": 103
          }
        ]
      },
      {
        "insertions": 1510,
        "deletions": 1467,
        "date": "2019-10-07",
        "commitResults": [
          {
            "hash": "8fc699acb156f9348166d949ede5eaa09ee37a5c",
            "messageTitle": "Refactored all Person usages and its derivatives to Student and Student derivatives",
            "messageBody": "",
            "insertions": 1324,
            "deletions": 1317
          },
          {
            "hash": "731e0f18c07b1665738bfae1e756ffb7e978b0da",
            "messageTitle": "Fixed checkstyle issues",
            "messageBody": "",
            "insertions": 178,
            "deletions": 142
          },
          {
            "hash": "22f648b6ba8894db15751aab2e896fd7fec7c123",
            "messageTitle": "Changed MainWindow title",
            "messageBody": "",
            "insertions": 1,
            "deletions": 1
          },
          {
            "hash": "a20b305070b84ff7a08748359f9e60935a521929",
            "messageTitle": "Update DeveloperGuide.adoc",
            "messageBody": "",
            "insertions": 1,
            "deletions": 1
          },
          {
            "hash": "1957a4737596e0c54617fd96b1bdeb53c275fc47",
            "messageTitle": "Update MainApp.java",
            "messageBody": "",
            "insertions": 1,
            "deletions": 1
          },
          {
            "hash": "558bb4a542a1e3531ce10b96582bd7aec5a5b7c4",
            "messageTitle": "Update MainApp.java",
            "messageBody": "",
            "insertions": 5,
            "deletions": 5
          }
        ]
      },
      {
        "insertions": 202,
        "deletions": 13,
        "date": "2019-10-13",
        "commitResults": [
          {
            "hash": "00d3ac377779ce28ccb39a1faefe32b5e1037cd6",
            "messageTitle": "Minimal working version of 3-way split pane. Added GUI elements for modules. Awaiting Appeal implementation",
            "messageBody": "",
            "insertions": 202,
            "deletions": 13
          }
        ]
      },
      {
        "insertions": 343,
        "deletions": 40,
        "date": "2019-10-14",
        "commitResults": [
          {
            "hash": "07887d9ab0089d674a887b48c7c8ebbde9082cd4",
            "messageTitle": "Added minimal support for displaying appeal. Fix some documentation errors. Fix some variable naming. Fixed integration of appeal into MAMS.",
            "messageBody": "",
            "insertions": 343,
            "deletions": 40
          }
        ]
      },
      {
        "insertions": 92,
        "deletions": 49,
        "date": "2019-10-15",
        "commitResults": [
          {
            "hash": "20b0ca5121efa582798403c2c336bf056b21798b",
            "messageTitle": "Theme overhaul. Student card theme is semi-complete",
            "messageBody": "",
            "insertions": 92,
            "deletions": 49
          }
        ]
      },
      {
        "insertions": 90,
        "deletions": 48,
        "date": "2019-10-16",
        "commitResults": [
          {
            "hash": "9acc650fcbb5ba31e26abe02caf4ac743bcdc546",
            "messageTitle": "Finished integrating AppealCard into initial GUI theme rework.",
            "messageBody": "",
            "insertions": 64,
            "deletions": 22
          },
          {
            "hash": "9d960fcf9dd0c6c513945f1a77d803b66c21da8b",
            "messageTitle": "Removed lurking traces of references to Address Book",
            "messageBody": "",
            "insertions": 26,
            "deletions": 26
          }
        ]
      },
      {
        "insertions": 438,
        "deletions": 12,
        "date": "2019-10-21",
        "commitResults": [
          {
            "hash": "36177cac1bc3bcf8394882e873086f39ed2a4ba3",
            "messageTitle": "Initial ListCommand and ViewCommand implementation",
            "messageBody": "",
            "insertions": 183,
            "deletions": 6
          },
          {
            "hash": "452c0d5058fa312808cbca1dcc4c9036a857e9ac",
            "messageTitle": "Adapted history function to MAMS. Use up and down arrow keys to navigate command history in a terminal-style fashion",
            "messageBody": "",
            "insertions": 255,
            "deletions": 6
          }
        ]
      },
      {
        "insertions": 591,
        "deletions": 165,
        "date": "2019-10-22",
        "commitResults": [
          {
            "hash": "b8dd2074521022f19a35896cd7eccd18ad0c5a56",
            "messageTitle": "Initial implementation of list and view command for multiple lists",
            "messageBody": "",
            "insertions": 208,
            "deletions": 18
          },
          {
            "hash": "772bed1ad007a3415b6abd63b0a052c0c2a8a5d8",
            "messageTitle": "Changed certain prefixes.",
            "messageBody": "",
            "insertions": 75,
            "deletions": 77
          },
          {
            "hash": "b76c3975a20ae054efbd0d587397178949908351",
            "messageTitle": "added tests for history",
            "messageBody": "",
            "insertions": 293,
            "deletions": 0
          },
          {
            "hash": "5d399cc2b1d912819e25a982d645d372a828b553",
            "messageTitle": "Fixed conflict issues",
            "messageBody": "",
            "insertions": 1,
            "deletions": 4
          },
          {
            "hash": "eafc0f483ce147161d97ebd2edf5447513e7d844",
            "messageTitle": "Delete SameModulePredicate.java",
            "messageBody": "",
            "insertions": 0,
            "deletions": 26
          },
          {
            "hash": "5a004cd2423951de9097c66292f299f7c23abffc",
            "messageTitle": "Delete SameStudentPredicate.java",
            "messageBody": "",
            "insertions": 0,
            "deletions": 26
          },
          {
            "hash": "5641cf0e8b63136244020f4593a0a648005a7806",
            "messageTitle": "Resolve more conflict issues",
            "messageBody": "",
            "insertions": 8,
            "deletions": 8
          },
          {
            "hash": "a31c360e30c3d67d564df9bfdff108cc2714b625",
            "messageTitle": "Fixed display issues",
            "messageBody": "",
            "insertions": 6,
            "deletions": 6
          }
        ]
      }
    ],
    "AaronLuk": [
      {
        "insertions": 3,
        "deletions": 3,
        "date": "2019-09-27",
        "commitResults": [
          {
            "hash": "0a4473f567be38159c30a0b049e1648e7b674e51",
            "messageTitle": "Updated UI image for README",
            "messageBody": "",
            "insertions": 2,
            "deletions": 2
          },
          {
            "hash": "30251160ec961272ff35b95acfa01d327631b994",
            "messageTitle": "Update README.adoc",
            "messageBody": "",
            "insertions": 1,
            "deletions": 1
          }
        ]
      },
      {
        "insertions": 3,
        "deletions": 3,
        "date": "2019-09-28",
        "commitResults": [
          {
            "hash": "a7c7b3d29c061b1a2c092b14533a814e4414c80e",
            "messageTitle": "Update Ui image for readMe",
            "messageBody": "",
            "insertions": 2,
            "deletions": 2
          },
          {
            "hash": "d35b3a50c5c310bd68fa1205c0a5c20e6050aafe",
            "messageTitle": "Update AboutUs.adoc",
            "messageBody": "",
            "insertions": 1,
            "deletions": 1
          }
        ]
      },
      {
        "insertions": 584,
        "deletions": 1,
        "date": "2019-10-02",
        "commitResults": [
          {
            "hash": "f361d41f38ad92b9033e59a2d8d59cc1e68d0378",
            "messageTitle": "Change photo in AboutUs",
            "messageBody": "",
            "insertions": 557,
            "deletions": 1
          },
          {
            "hash": "44dd70ee5cd9087b2be3f19fc391cbcbf09ec9af",
            "messageTitle": "Add approve and reject appeal",
            "messageBody": "",
            "insertions": 27,
            "deletions": 0
          }
        ]
      },
      {
        "insertions": 371,
        "deletions": 8,
        "date": "2019-10-09",
        "commitResults": [
          {
            "hash": "3fcf7de1021fe6446ceb1fd1273e6e66451b2ca7",
            "messageTitle": "Add Appeal class and Unique Appeal list",
            "messageBody": "",
            "insertions": 371,
            "deletions": 8
          }
        ]
      },
      {
        "insertions": 202,
        "deletions": 134,
        "date": "2019-10-10",
        "commitResults": [
          {
            "hash": "45e941f0ac1be163b80c8a8ff2ddea7102019be6",
            "messageTitle": "minor edits",
            "messageBody": "",
            "insertions": 1,
            "deletions": 6
          },
          {
            "hash": "127b88b58412e5a552b7051320f8430cb15d287f",
            "messageTitle": "Fix travis issues",
            "messageBody": "",
            "insertions": 2,
            "deletions": 2
          },
          {
            "hash": "b2e3323aa90f5e7384b87d0b8868b2cb1e5978e0",
            "messageTitle": "Fix checkstyle",
            "messageBody": "",
            "insertions": 127,
            "deletions": 103
          },
          {
            "hash": "81cb13468d9c88da50929e899e0bd2723b281e98",
            "messageTitle": "Fix checkstyle",
            "messageBody": "",
            "insertions": 51,
            "deletions": 21
          },
          {
            "hash": "67e6644e09403cb700261769f3b8c854fa78ce97",
            "messageTitle": "Fix checkstyle",
            "messageBody": "",
            "insertions": 21,
            "deletions": 2
          }
        ]
      },
      {
        "insertions": 46,
        "deletions": 573,
        "date": "2019-10-13",
        "commitResults": [
          {
            "hash": "6eb31c3eba4c16b68385597df368ad2e53076c55",
            "messageTitle": "Remove bin files",
            "messageBody": "",
            "insertions": 0,
            "deletions": 557
          },
          {
            "hash": "839e58b037fa23f43051e4555b11ffa93bbaf951",
            "messageTitle": "Fixed problem with Userguide.adoc",
            "messageBody": "",
            "insertions": 45,
            "deletions": 16
          },
          {
            "hash": "495772c0a25d1e901c195d65101338139b03c26f",
            "messageTitle": "add space at the end of files",
            "messageBody": "",
            "insertions": 1,
            "deletions": 0
          }
        ]
      },
      {
        "insertions": 305,
        "deletions": 96,
        "date": "2019-10-14",
        "commitResults": [
          {
            "hash": "49d3950de98e8a13277c530792c0f2095802eeab",
            "messageTitle": "Add JsonAdaptedAppeal",
            "messageBody": "",
            "insertions": 204,
            "deletions": 5
          },
          {
            "hash": "e290cc79b553d27a7b20a1616ea4b9655c2f2289",
            "messageTitle": "Fix checkstyle",
            "messageBody": "",
            "insertions": 46,
            "deletions": 34
          },
          {
            "hash": "a2577dfd0984375e3ac628d09255e8b4f1b9da3f",
            "messageTitle": "Checkstyle",
            "messageBody": "",
            "insertions": 18,
            "deletions": 17
          },
          {
            "hash": "fda76847345d5da78c845fe8a38cc9ae450e01a3",
            "messageTitle": "Checkstyle",
            "messageBody": "",
            "insertions": 16,
            "deletions": 21
          },
          {
            "hash": "70ffac35d574f78942f5e3731f5c1a57fa1c3327",
            "messageTitle": "Checkstyle",
            "messageBody": "",
            "insertions": 16,
            "deletions": 14
          },
          {
            "hash": "c821d11018a5c02c6e505cba398d94d3201f78b6",
            "messageTitle": "Change appeal fields in json",
            "messageBody": "",
            "insertions": 5,
            "deletions": 5
          }
        ]
      },
      {
        "insertions": 310,
        "deletions": 33,
        "date": "2019-10-15",
        "commitResults": [
          {
            "hash": "581a28ce13ba614fbb35f9fbfbf9f790ff71bbec",
            "messageTitle": "Test Json loader",
            "messageBody": "",
            "insertions": 47,
            "deletions": 28
          },
          {
            "hash": "5485e5f434fb93320cd0d3183c4ba540071b985a",
            "messageTitle": "Add AppealTest and UniqueAppealListTest",
            "messageBody": "",
            "insertions": 263,
            "deletions": 5
          }
        ]
      },
      {
        "insertions": 466,
        "deletions": 162,
        "date": "2019-10-16",
        "commitResults": [
          {
            "hash": "522a90e4f0c94ed50e93e29f1649372004f96ee7",
            "messageTitle": "Minor edits",
            "messageBody": "",
            "insertions": 0,
            "deletions": 4
          },
          {
            "hash": "0835630a66e27a7d21a87eaa56ae7dc7fd5c4dc4",
            "messageTitle": "Add appeal loader",
            "messageBody": "",
            "insertions": 39,
            "deletions": 29
          },
          {
            "hash": "bd3e0c16cfcb26715535233318569e9fbc955c15",
            "messageTitle": "Fix checkstye",
            "messageBody": "",
            "insertions": 4,
            "deletions": 7
          },
          {
            "hash": "c99641396c167b17e6dfbe079fbcdb4a31993f3e",
            "messageTitle": "cs",
            "messageBody": "",
            "insertions": 0,
            "deletions": 1
          },
          {
            "hash": "cfb5a2c5fed64e66a91de2b214044c112f6e645a",
            "messageTitle": "travis",
            "messageBody": "",
            "insertions": 41,
            "deletions": 14
          },
          {
            "hash": "0b9728565e72e542c3e575af2129ed908f9ed917",
            "messageTitle": "Travis",
            "messageBody": "",
            "insertions": 4,
            "deletions": 7
          },
          {
            "hash": "693e3d8639e7016b6d70f755b6d494a879ee2fa6",
            "messageTitle": "Travis",
            "messageBody": "",
            "insertions": 3,
            "deletions": 3
          },
          {
            "hash": "b47e35e0d29e3c5b8ad4bfd95257518b45c909da",
            "messageTitle": "What do you want from me",
            "messageBody": "",
            "insertions": 3,
            "deletions": 3
          },
          {
            "hash": "9eadb2d7515ab0cc282e8a3bbb006096f99b1704",
            "messageTitle": "What do you want from me",
            "messageBody": "",
            "insertions": 26,
            "deletions": 26
          },
          {
            "hash": "47491fbc760e3e0bbcce26967ef15f83a10b63a3",
            "messageTitle": "What do you want from me",
            "messageBody": "",
            "insertions": 2,
            "deletions": 2
          },
          {
            "hash": "44e20840c6917dc9a4753f3f6ba491f173e5bf8d",
            "messageTitle": "What do you want from me",
            "messageBody": "",
            "insertions": 1,
            "deletions": 1
          },
          {
            "hash": "c0a154c474cea2a86cac2224d92b5156dbce03a8",
            "messageTitle": "fix test",
            "messageBody": "",
            "insertions": 1,
            "deletions": 1
          },
          {
            "hash": "5b5b349371e9edf5dab00ecfe8760dd5f1c51fdc",
            "messageTitle": "Fix Appeal loader",
            "messageBody": "",
            "insertions": 1,
            "deletions": 0
          },
          {
            "hash": "ff257e2d19c4616efb5bd6b2a4d8d802f99da8fd",
            "messageTitle": "Initial approve command",
            "messageBody": "",
            "insertions": 169,
            "deletions": 8
          },
          {
            "hash": "c24147d34e5f329eec9300dce842df84bd20390d",
            "messageTitle": "Working approve command",
            "messageBody": "",
            "insertions": 7,
            "deletions": 33
          },
          {
            "hash": "897426989ba66fab485b03392b4d93b3a0666185",
            "messageTitle": "travs",
            "messageBody": "",
            "insertions": 1,
            "deletions": 1
          },
          {
            "hash": "13aabf5e88ee0e92f9c14fdedab9071f6d788469",
            "messageTitle": "new line for traivs",
            "messageBody": "",
            "insertions": 6,
            "deletions": 4
          },
          {
            "hash": "f0e5b6f15d27f7bde6e3ea8f655d9d22bbc1705e",
            "messageTitle": "new line for traivs",
            "messageBody": "",
            "insertions": 0,
            "deletions": 2
          },
          {
            "hash": "429409d12d6220e4f850f96282674b4b9492a2ed",
            "messageTitle": "reaaragnef imports",
            "messageBody": "",
            "insertions": 3,
            "deletions": 2
          },
          {
            "hash": "dae3e11c70e93883c9d81d5dcc21bb7c43e7bd7c",
            "messageTitle": "reaaragnef imports",
            "messageBody": "",
            "insertions": 3,
            "deletions": 1
          },
          {
            "hash": "4a039530661cda2cc7d4df37343bede200072525",
            "messageTitle": "Add reject command",
            "messageBody": "",
            "insertions": 141,
            "deletions": 10
          },
          {
            "hash": "728b4f3bf1ec68dd37f0ab48df2230560b559c89",
            "messageTitle": "new line for trav",
            "messageBody": "",
            "insertions": 2,
            "deletions": 2
          },
          {
            "hash": "fd4d7660c96be3479ff9c3015f9d88dc459478f4",
            "messageTitle": "fixed impoarts",
            "messageBody": "",
            "insertions": 9,
            "deletions": 1
          }
        ]
      },
      {
        "insertions": 7,
        "deletions": 0,
        "date": "2019-10-20",
        "commitResults": [
          {
            "hash": "ae55bfc8637edd21bf50d757ce4098439b72b3f1",
            "messageTitle": "Add resolveCommand abstract class",
            "messageBody": "",
            "insertions": 7,
            "deletions": 0
          }
        ]
      },
      {
        "insertions": 418,
        "deletions": 167,
        "date": "2019-10-21",
        "commitResults": [
          {
            "hash": "398a91ac06e48c8e90fdba3218eb684b77ef97ed",
            "messageTitle": "polymorphise approve and reject commands",
            "messageBody": "",
            "insertions": 34,
            "deletions": 44
          },
          {
            "hash": "85cdcf83d6b169f46129eaeb8d8500f24fc21aa4",
            "messageTitle": "Add mass resolve commands",
            "messageBody": "",
            "insertions": 265,
            "deletions": 38
          },
          {
            "hash": "62407d1ef455c03260b9344feefc464e1775b899",
            "messageTitle": "Fix checkstyle",
            "messageBody": "",
            "insertions": 69,
            "deletions": 40
          },
          {
            "hash": "6a4b329cb7fdac71efd1f4f6dc34a012b099ed63",
            "messageTitle": "Fix checkstyle",
            "messageBody": "",
            "insertions": 8,
            "deletions": 8
          },
          {
            "hash": "31518f017936a988268632cb555adbf02625c042",
            "messageTitle": "Fix checkstyle",
            "messageBody": "",
            "insertions": 16,
            "deletions": 15
          },
          {
            "hash": "2e119a0179dab12640ee52e409389b3fa76c324b",
            "messageTitle": "Fix checkstyle",
            "messageBody": "",
            "insertions": 11,
            "deletions": 9
          },
          {
            "hash": "2dc9f903cc6c1e53bfa479fd6d52660e088c2569",
            "messageTitle": "Fix checkstyle",
            "messageBody": "",
            "insertions": 6,
            "deletions": 7
          },
          {
            "hash": "9c8252aeab1ccb0c852838678ad840bad8dcb2fa",
            "messageTitle": "Fix checkstyle",
            "messageBody": "",
            "insertions": 1,
            "deletions": 2
          },
          {
            "hash": "544adee2285d17fc134c8f2df83894e39ab58640",
            "messageTitle": "Prevent duplicate IDs in mass resolve command",
            "messageBody": "",
            "insertions": 6,
            "deletions": 2
          },
          {
            "hash": "c19ba58e495aab395a9fc315718ca3b2c2bf31d6",
            "messageTitle": "Fix checkstyle",
            "messageBody": "",
            "insertions": 2,
            "deletions": 2
          }
        ]
      },
      {
        "insertions": 24,
        "deletions": 10,
        "date": "2019-10-22",
        "commitResults": [
          {
            "hash": "36958b26bb4829deaa1742d435525b97a2bcc4ba",
            "messageTitle": "Add getter for modules related to appeal",
            "messageBody": "",
            "insertions": 15,
            "deletions": 0
          },
          {
            "hash": "6218d4a8a67a913f7f94493b30a3646c4b946401",
            "messageTitle": "Changed getter return type to List",
            "messageBody": "",
            "insertions": 7,
            "deletions": 8
          },
          {
            "hash": "abe0a0e6a39d269ade6091ac8d45ce575a05a146",
            "messageTitle": "Correct indentation",
            "messageBody": "",
            "insertions": 2,
            "deletions": 2
          }
        ]
      }
    ],
    "chensu2436": [
      {
        "insertions": 7,
        "deletions": 6,
        "date": "2019-09-28",
        "commitResults": [
          {
            "hash": "f855ce37b7c82627316eefdd6828e125039383ee",
            "messageTitle": "Update AboutUs.adoc",
            "messageBody": "",
            "insertions": 7,
            "deletions": 6
          }
        ]
      },
      {
        "insertions": 280,
        "deletions": 106,
        "date": "2019-10-02",
        "commitResults": [
          {
            "hash": "37b7b2897798f3f68d51738c1fc6a412c99a4dc0",
            "messageTitle": "Update UserGuide.adoc",
            "messageBody": "",
            "insertions": 137,
            "deletions": 102
          },
          {
            "hash": "1240d4449aa851b8056096d7494f0982322643f8",
            "messageTitle": "Update Features section",
            "messageBody": "",
            "insertions": 135,
            "deletions": 4
          },
          {
            "hash": "c010f6d9014ba14c0446634485ecc216165eb5e6",
            "messageTitle": "Update UserGuide.adoc",
            "messageBody": "",
            "insertions": 8,
            "deletions": 0
          }
        ]
      },
      {
        "insertions": 2,
        "deletions": 855,
        "date": "2019-10-09",
        "commitResults": [
          {
            "hash": "391635f134d73f43ebb795a601f46d5d5b8dd184",
            "messageTitle": "Remove Add/Delete/Clear command",
            "messageBody": "",
            "insertions": 0,
            "deletions": 275
          },
          {
            "hash": "72b924917f5b8fdc76121fd6a12c909ed0a69e9a",
            "messageTitle": "Remove tests related to Add/Delete/Clear commands.",
            "messageBody": "",
            "insertions": 2,
            "deletions": 543
          },
          {
            "hash": "9abe6b387f5cdde24614a2f7f66444589f881369",
            "messageTitle": "Remove unused import.",
            "messageBody": "",
            "insertions": 0,
            "deletions": 37
          }
        ]
      },
      {
        "insertions": 164,
        "deletions": 23,
        "date": "2019-10-13",
        "commitResults": [
          {
            "hash": "ce8f219bc1f0c398e031c77a8fcfcc1fb3d73275",
            "messageTitle": "Implement clash command for two module codes.",
            "messageBody": "",
            "insertions": 135,
            "deletions": 12
          },
          {
            "hash": "de100de27402aa442a520caeb842a2c930b875d8",
            "messageTitle": "Edit import",
            "messageBody": "",
            "insertions": 7,
            "deletions": 1
          },
          {
            "hash": "5db922df29c97d787ad422dbca4f6763bb880857",
            "messageTitle": "Fix checkstyle",
            "messageBody": "",
            "insertions": 22,
            "deletions": 10
          }
        ]
      },
      {
        "insertions": 491,
        "deletions": 161,
        "date": "2019-10-16",
        "commitResults": [
          {
            "hash": "ac8aac2ef15c73c49e70b2e99347c2b3f1dc1dad",
            "messageTitle": "Add new comments for todo",
            "messageBody": "",
            "insertions": 2,
            "deletions": 0
          },
          {
            "hash": "5d700a69b2c8ced78d7c5498e669394be66ac2eb",
            "messageTitle": "Add abstract ClashCommand Class; Modify ClashModCommand class; modified getTimeSlotsToString() method in Module class",
            "messageBody": "",
            "insertions": 117,
            "deletions": 92
          },
          {
            "hash": "c9250baafd387a2e046667df87cfc09e5c875625",
            "messageTitle": "Modify ClashCommandParser class; Add ClashStudentCommand class.",
            "messageBody": "",
            "insertions": 143,
            "deletions": 5
          },
          {
            "hash": "00d4a718094eb7a552ef9f3f3a2f6ec3475d9d85",
            "messageTitle": "Add ClashAppealCommand class",
            "messageBody": "",
            "insertions": 50,
            "deletions": 0
          },
          {
            "hash": "5c3b5b561f3843d7e6767acdae7fe97e85d6d8a9",
            "messageTitle": "Fix checkstyle",
            "messageBody": "",
            "insertions": 36,
            "deletions": 24
          },
          {
            "hash": "436d66c6a56140393fa8be4d149f5e4e625f93f4",
            "messageTitle": "Implement ClashAppealCommand",
            "messageBody": "",
            "insertions": 91,
            "deletions": 23
          },
          {
            "hash": "2c6d459ab38836af39d2a6f4964985cc8378cb28",
            "messageTitle": "Fix asciidoc format",
            "messageBody": "",
            "insertions": 5,
            "deletions": 8
          },
          {
            "hash": "daaa29ad6ce64e10e537cfa5443b79bfad684d96",
            "messageTitle": "Improve exception handling.",
            "messageBody": "",
            "insertions": 47,
            "deletions": 9
          }
        ]
      },
      {
        "insertions": 203,
        "deletions": 82,
        "date": "2019-10-17",
        "commitResults": [
          {
            "hash": "a5e37e0e556962f50dbbbbcc4909c0a46b6e8631",
            "messageTitle": "Initial implementation of find command in student list and module list",
            "messageBody": "",
            "insertions": 141,
            "deletions": 21
          },
          {
            "hash": "3ddbf8180acb98994bcc58efd839cdd9e393679c",
            "messageTitle": "Remove PREFIX_SESSIONID; change PREFIX_MATRICID to PREFIX_STUDENT",
            "messageBody": "",
            "insertions": 25,
            "deletions": 28
          },
          {
            "hash": "36a11cdfa7c01fdc0d82b91b3fbb1ae2cb4b3169",
            "messageTitle": "fix checkstyle",
            "messageBody": "",
            "insertions": 26,
            "deletions": 21
          },
          {
            "hash": "73ab1e33e15fd86c0ff657111a0a3187f0d2dbcc",
            "messageTitle": "fix tests",
            "messageBody": "",
            "insertions": 10,
            "deletions": 7
          },
          {
            "hash": "f8911d1761842ea2208753d96401772534ded13d",
            "messageTitle": "fix tests",
            "messageBody": "",
            "insertions": 1,
            "deletions": 5
          }
        ]
      },
      {
        "insertions": 107,
        "deletions": 88,
        "date": "2019-10-20",
        "commitResults": [
          {
            "hash": "833e3fcccf587941529e3007c6fa20b3425530cc",
            "messageTitle": "Combine find command (able to search by student name, module code, module name, module description, appeal type, module to add)",
            "messageBody": "",
            "insertions": 107,
            "deletions": 88
          }
        ]
      },
      {
        "insertions": 89,
        "deletions": 47,
        "date": "2019-10-22",
        "commitResults": [
          {
            "hash": "9d342fab8761e96eceb1ce42160375e5e3504c4e",
            "messageTitle": "Support find keywords in the three lists",
            "messageBody": "",
            "insertions": 87,
            "deletions": 46
          },
          {
            "hash": "7ea5704e22a4c523a65db34e6d468c36b051d6ff",
            "messageTitle": "find appeal by appealID",
            "messageBody": "",
            "insertions": 2,
            "deletions": 1
          }
        ]
      }
    ],
    "cheongliyuan": [
      {
        "insertions": 51,
        "deletions": 15,
        "date": "2019-09-27",
        "commitResults": [
          {
            "hash": "5a026e2d7a055f2abc09c34f926c2fc092da0e9a",
            "messageTitle": "Update README.adoc Add cheongliyuan.png",
            "messageBody": "",
            "insertions": 14,
            "deletions": 13
          },
          {
            "hash": "18a147344024433f154106b02aba7fcacba02e50",
            "messageTitle": "Update AboutUs.adoc",
            "messageBody": "",
            "insertions": 1,
            "deletions": 1
          },
          {
            "hash": "066f4af5150a118be3da85ac012977038125b399",
            "messageTitle": "Add use case: Add module to a student Add one line to NFR Add 3 lines to User stories",
            "messageBody": "",
            "insertions": 36,
            "deletions": 1
          }
        ]
      },
      {
        "insertions": 1,
        "deletions": 1,
        "date": "2019-09-28",
        "commitResults": [
          {
            "hash": "5617af691cd011fb457d30c602fa4338e9ed4b47",
            "messageTitle": "Test push to my remote repo",
            "messageBody": "",
            "insertions": 1,
            "deletions": 1
          }
        ]
      },
      {
        "insertions": 59,
        "deletions": 3,
        "date": "2019-10-02",
        "commitResults": [
          {
            "hash": "578c7c7a0da319f5cd1ef7a06d0f3c6d812fd3fb",
            "messageTitle": "to my remote repo",
            "messageBody": "",
            "insertions": 2,
            "deletions": 2
          },
          {
            "hash": "d0788bb9dfba1e847bc63e90e2d2f23e073ab263",
            "messageTitle": "Add addmod and removemod to UserGuide.adoc",
            "messageBody": "",
            "insertions": 57,
            "deletions": 1
          }
        ]
      },
      {
        "insertions": 3,
        "deletions": 1,
        "date": "2019-10-03",
        "commitResults": [
          {
            "hash": "927e8ab8bf79926bb75748be250acb48004d5508",
            "messageTitle": "Add acknowledge link for AddressBook-level3 (issue tracker)",
            "messageBody": "",
            "insertions": 3,
            "deletions": 1
          }
        ]
      },
      {
        "insertions": 244,
        "deletions": 39,
        "date": "2019-10-08",
        "commitResults": [
          {
            "hash": "719e0deb87f57fc5f19814722dc79181efd9c335",
            "messageTitle": "Add module class(not done) Add WeekDay enum Add ModuleTimeSlots.png for reference(legend)",
            "messageBody": "",
            "insertions": 166,
            "deletions": 1
          },
          {
            "hash": "2b388ad664beec040d41981121996eb97532646b",
            "messageTitle": "Rename moduleTimeslot.png to follow naming convention Remove unused Weekdays enum Finish up Module.java (w/o student field)",
            "messageBody": "",
            "insertions": 78,
            "deletions": 38
          }
        ]
      },
      {
        "insertions": 416,
        "deletions": 26,
        "date": "2019-10-10",
        "commitResults": [
          {
            "hash": "b605ceb00e23d4d263b2c4ac682b8d6bb3b05b1b",
            "messageTitle": "Add JsonAdaptedModule.java Add DuplicateModuleException.java Add UniqueModuleList.java Change sessionId field to int",
            "messageBody": "",
            "insertions": 242,
            "deletions": 6
          },
          {
            "hash": "92b63fa8dbc91e64e651bd479148dda56ba5463f",
            "messageTitle": "Fix checkstyle errors",
            "messageBody": "",
            "insertions": 32,
            "deletions": 20
          },
          {
            "hash": "4a29f720c96df86b0b81fabfd47e0f3ae178a5d1",
            "messageTitle": "Add AddModCommand(not done) Committing to start git pull",
            "messageBody": "",
            "insertions": 142,
            "deletions": 0
          }
        ]
      },
      {
        "insertions": 716,
        "deletions": 297,
        "date": "2019-10-11",
        "commitResults": [
          {
            "hash": "079ae721fa8906c070d5eb8732018dfd165f59ed",
            "messageTitle": "Format module.java",
            "messageBody": "",
            "insertions": 0,
            "deletions": 5
          },
          {
            "hash": "883b6ef03105e0634374ab80768bb0314479ed9a",
            "messageTitle": "spacing",
            "messageBody": "",
            "insertions": 1,
            "deletions": 3
          },
          {
            "hash": "e084214d012e8061605585e25d002f7da9c0ece9",
            "messageTitle": "Change types of fields in Module.java Change types of fields in module.json to strings. Change .gitignore to allow commiting of json files(for sharing purposes)",
            "messageBody": "",
            "insertions": 49,
            "deletions": 37
          },
          {
            "hash": "6e7cc039ed4a51120446dc1411d2f7708918d967",
            "messageTitle": "Update Module class",
            "messageBody": "",
            "insertions": 10,
            "deletions": 212
          },
          {
            "hash": "4017da05eff959a1cb575f78a973e08d7985c7ab",
            "messageTitle": "Commit to backup",
            "messageBody": "",
            "insertions": 453,
            "deletions": 7
          },
          {
            "hash": "5f1414f3f4b4ce99880638d16047656492f1af32",
            "messageTitle": "Add stuff to get ready for addmodcommand. Waiting for refactoring of Tags to Modules",
            "messageBody": "",
            "insertions": 77,
            "deletions": 24
          },
          {
            "hash": "570994fb870a5a568f886a5218de26e65e9cd268",
            "messageTitle": "Change Module last field to Tag type(for students)(should be kept as strings) Todo: tests",
            "messageBody": "",
            "insertions": 126,
            "deletions": 9
          }
        ]
      },
      {
        "insertions": 21,
        "deletions": 9,
        "date": "2019-10-14",
        "commitResults": [
          {
            "hash": "f58b8f8f05ff334d491aa9457126e1752fd4352b",
            "messageTitle": "Add quota field to module.json Add function to load json module file in toModeltype()",
            "messageBody": "",
            "insertions": 21,
            "deletions": 9
          }
        ]
      },
      {
        "insertions": 204,
        "deletions": 103,
        "date": "2019-10-15",
        "commitResults": [
          {
            "hash": "28833d5e89987092112af5e62e0ddcbebccb6b45",
            "messageTitle": "Refactor Module\u0027s sessionId field to moduleName Add quota field to Module Fix timeSlotsToString. should display correctly now. Todo: add lecturer field to module, add tests for equality",
            "messageBody": "",
            "insertions": 114,
            "deletions": 65
          },
          {
            "hash": "31b9a76ed74ba83a8a21c5945d51556f51afa9e2",
            "messageTitle": "Add 10 real modules to json data Add moduleName and lecturerName to be displayed in UI Todo: tests, titles of data in UI",
            "messageBody": "",
            "insertions": 90,
            "deletions": 11
          },
          {
            "hash": "49dff6978eb453e756b0a0d005d05a1b3601d198",
            "messageTitle": "Delete test",
            "messageBody": "",
            "insertions": 0,
            "deletions": 27
          }
        ]
      },
      {
        "insertions": 290,
        "deletions": 29,
        "date": "2019-10-16",
        "commitResults": [
          {
            "hash": "636f698d35208badc73d457aa4192b14e71193fd",
            "messageTitle": "Remove the \u00271\u0027 infront of json files Update validation regex for module description and lecturer name",
            "messageBody": "",
            "insertions": 9,
            "deletions": 8
          },
          {
            "hash": "864b921b029ab2662b29529588a827926ac9338c",
            "messageTitle": "Pesky comma!",
            "messageBody": "",
            "insertions": 4,
            "deletions": 4
          },
          {
            "hash": "2f5faea6741b12f2e1fc886071db3b67a4de3d47",
            "messageTitle": "Add back JsonSerializableMamsTest.java",
            "messageBody": "",
            "insertions": 75,
            "deletions": 1
          },
          {
            "hash": "ab160a2e9512733490a389d82a2c565debcf30ac",
            "messageTitle": "Reorder imports for dear Travis",
            "messageBody": "",
            "insertions": 37,
            "deletions": 10
          },
          {
            "hash": "dd4aaa69902cf685b8e6990f63768610f8920ac1",
            "messageTitle": "Comment out JsonSerializableMamsTest cause i dunno how to fix it Add ModuleTest to test isValid statements Add some stuff and todo add more stuff for equality tests why is there is much to write",
            "messageBody": "",
            "insertions": 165,
            "deletions": 6
          }
        ]
      },
      {
        "insertions": 341,
        "deletions": 226,
        "date": "2019-10-18",
        "commitResults": [
          {
            "hash": "d484d1ad3325e69abcf86f2a0e9ea60b5ca72456",
            "messageTitle": "Add UI function \"addmod\", by indexing(addmod INDEX m/...) or matric id (addmod s/A014... m/...) Add ModCommand abstact class for AddModCommand and RemoveModCommand(todo), as a dumping ground for messages Add AddModCommand and AddModCommandParser Update isValidTimeSlot() to check for invalid time slots that fall on the last hour of the day. (2100 hrs) Update some javadocs",
            "messageBody": "",
            "insertions": 134,
            "deletions": 219
          },
          {
            "hash": "86f980ce982dc7d67d3c561ddc0a23c01e82d05f",
            "messageTitle": "mams.json loses the newline everytimes its altered. Add RemoveModCommand and its parser",
            "messageBody": "",
            "insertions": 207,
            "deletions": 7
          }
        ]
      },
      {
        "insertions": 174,
        "deletions": 131,
        "date": "2019-10-22",
        "commitResults": [
          {
            "hash": "1844d3d04a3b962be7e06c0e6ae4c72e52547970",
            "messageTitle": "Some tests",
            "messageBody": "",
            "insertions": 18,
            "deletions": 4
          },
          {
            "hash": "806065cfea21a572e1ea9e123459ce6cc539e688",
            "messageTitle": "change naming of prefix module",
            "messageBody": "",
            "insertions": 30,
            "deletions": 30
          },
          {
            "hash": "15b13a2fd0453cf5e60d4384a14689961a91e4b0",
            "messageTitle": "fix mistake",
            "messageBody": "",
            "insertions": 2,
            "deletions": 2
          },
          {
            "hash": "91aba896f7cef7e7d830b8c970983091a0f83eb3",
            "messageTitle": "Modify Addmod and removemod commands to use index prefix",
            "messageBody": "",
            "insertions": 124,
            "deletions": 91
          },
          {
            "hash": "0c3765c31db87104f2f3e43cfa9d8a5782af7a42",
            "messageTitle": "fix checkstyle",
            "messageBody": "",
            "insertions": 0,
            "deletions": 4
          }
        ]
      }
    ],
    "MistyRainforest": [
      {
        "insertions": 10,
        "deletions": 11,
        "date": "2019-09-26",
        "commitResults": [
          {
            "hash": "44b6bc2b1bb0ef1e8e684a05eedd9e1e925e09a3",
            "messageTitle": "TravisCI setup",
            "messageBody": "",
            "insertions": 0,
            "deletions": 1
          },
          {
            "hash": "c57ba6d17fb9255fda7aa1a97dc7eece857a2016",
            "messageTitle": "Updated ContactUs.adoc",
            "messageBody": "",
            "insertions": 2,
            "deletions": 2
          },
          {
            "hash": "5e3a96081250f4f58c1e8f561c26180b16aeed2e",
            "messageTitle": "Updated AboutUs.adoc",
            "messageBody": "",
            "insertions": 8,
            "deletions": 8
          }
        ]
      },
      {
        "insertions": 537,
        "deletions": 584,
        "date": "2019-10-10",
        "commitResults": [
          {
            "hash": "8a7d01798178799af13e424af15a0b32d6910d54",
            "messageTitle": "CheckStyle",
            "messageBody": "",
            "insertions": 201,
            "deletions": 223
          },
          {
            "hash": "0b545764cda493b552f3589e31f988a3d04aa0bb",
            "messageTitle": "CheckStyle",
            "messageBody": "",
            "insertions": 27,
            "deletions": 6
          },
          {
            "hash": "a24bc5d75b125127f3c0bf143dfa1792bf74b780",
            "messageTitle": "Removed one newline character for Checkstyle",
            "messageBody": "",
            "insertions": 0,
            "deletions": 1
          },
          {
            "hash": "f12aabecd0717c1fee632cf56e29e6b6dabb4d63",
            "messageTitle": "CheckStyle",
            "messageBody": "",
            "insertions": 20,
            "deletions": 11
          },
          {
            "hash": "47c0d062b819ff4e2769829d93af90743660b095",
            "messageTitle": "Update CommandTestUtil.java",
            "messageBody": "",
            "insertions": 0,
            "deletions": 1
          },
          {
            "hash": "b52b8d6d7da07183ca4cb63c6045d9b6e74b0d91",
            "messageTitle": "Update JsonSerializableMamsTest.java",
            "messageBody": "",
            "insertions": 0,
            "deletions": 9
          },
          {
            "hash": "5c34b8311f1430e83d0f21100a458281f326c605",
            "messageTitle": "Update JsonSerializableMamsTest.java",
            "messageBody": "",
            "insertions": 0,
            "deletions": 3
          },
          {
            "hash": "1a43fe0327f18dbb3c0b172ff7f553b05a70e2fc",
            "messageTitle": "Update JsonSerializableMamsTest.java",
            "messageBody": "",
            "insertions": 0,
            "deletions": 1
          },
          {
            "hash": "fae46e90339263d976a888729aa9569e4beb682c",
            "messageTitle": "Added Modular Credits",
            "messageBody": "",
            "insertions": 266,
            "deletions": 269
          },
          {
            "hash": "37c7f08b22be4b3004206a2e880507bb5cc67809",
            "messageTitle": "MC Checkstyle",
            "messageBody": "",
            "insertions": 5,
            "deletions": 4
          },
          {
            "hash": "d76af8087709e72dfc313ed8d1308fd59c8e9538",
            "messageTitle": "Update EditCommandParser.java",
            "messageBody": "",
            "insertions": 2,
            "deletions": 2
          },
          {
            "hash": "fe653886fdf8b8b83f648f5240cdadf77f6ba5ef",
            "messageTitle": "CzechStyle",
            "messageBody": "",
            "insertions": 4,
            "deletions": 3
          },
          {
            "hash": "9f9d7cf90e0200d98987c46a3b2b07d5a2df8587",
            "messageTitle": "Changed some tests",
            "messageBody": "",
            "insertions": 3,
            "deletions": 36
          },
          {
            "hash": "6a4ef8db78a700ec1f492f0b586d5cb1e7076c4f",
            "messageTitle": "Removed Trailing Whitespace",
            "messageBody": "",
            "insertions": 4,
            "deletions": 4
          },
          {
            "hash": "d859de85bd1b2dbb185b7cac90e2ec3a102c8245",
            "messageTitle": "Checkstyle",
            "messageBody": "",
            "insertions": 2,
            "deletions": 3
          },
          {
            "hash": "a8ef169dc2fa33d1516c2b5313c5209de45d73f9",
            "messageTitle": "Update StudentTest.java",
            "messageBody": "",
            "insertions": 2,
            "deletions": 1
          },
          {
            "hash": "9fa6050d91ef4bb128fe0d841a1536f6406d0ffc",
            "messageTitle": "Fixed Test",
            "messageBody": "",
            "insertions": 1,
            "deletions": 6
          },
          {
            "hash": "2867a4cb0bac0404ddc3b77c37d711f44c46ff59",
            "messageTitle": "Update StudentTest.java",
            "messageBody": "",
            "insertions": 0,
            "deletions": 1
          }
        ]
      },
      {
        "insertions": 334,
        "deletions": 1864,
        "date": "2019-10-15",
        "commitResults": [
          {
            "hash": "2e1dd1999a4e5215d240bea1944aa7322da7c9a6",
            "messageTitle": "PrevMod field + wrap text for student card",
            "messageBody": "",
            "insertions": 290,
            "deletions": 312
          },
          {
            "hash": "ef364dee4070d7d64d8e69d4cc234b66bc9d835a",
            "messageTitle": "Added get methods for appeals and modules in student class",
            "messageBody": "",
            "insertions": 28,
            "deletions": 0
          },
          {
            "hash": "a8d12a060fb6bc03da77f4e58289152a07f4cbef",
            "messageTitle": "Checkstyle",
            "messageBody": "",
            "insertions": 6,
            "deletions": 6
          },
          {
            "hash": "116c43af8b9584bd20e5c7c7a26bc759f9aa31a5",
            "messageTitle": "Checkstyle",
            "messageBody": "",
            "insertions": 3,
            "deletions": 2
          },
          {
            "hash": "67c5abc5b624ca52fb3e16e49cd363a29f1b3b35",
            "messageTitle": "Checkstyle",
            "messageBody": "",
            "insertions": 7,
            "deletions": 4
          },
          {
            "hash": "2ab10274e1dff0b2ca8261609590603564c2dc29",
            "messageTitle": "Removed irrelevant tests",
            "messageBody": "",
            "insertions": 0,
            "deletions": 1033
          },
          {
            "hash": "f98ae8bf781a6d0d8c0f70c9a1d2e379e2258881",
            "messageTitle": "Removed irrelevant tests",
            "messageBody": "",
            "insertions": 0,
            "deletions": 507
          }
        ]
      },
      {
        "insertions": 217,
        "deletions": 4,
        "date": "2019-10-20",
        "commitResults": [
          {
            "hash": "b9482c5bd59fd57467969822c5e744f97b8ad36d",
            "messageTitle": "Student setcredits command",
            "messageBody": "",
            "insertions": 209,
            "deletions": 0
          },
          {
            "hash": "036aa5399056f94ce78fd3fdc70abec906a249e9",
            "messageTitle": "CheckStyle",
            "messageBody": "",
            "insertions": 8,
            "deletions": 4
          }
        ]
      }
    ]
  },
  "authorFinalContributionMap": {
    "SendorasLeft": 3167,
    "AaronLuk": 1493,
    "chensu2436": 939,
    "cheongliyuan": 1569,
    "MistyRainforest": 807
  },
  "authorFileTypeContributionMap": {
    "SendorasLeft": {
      "docs": 339,
      "tests": 701,
      "functional": 2123,
      "other": 4
    },
    "AaronLuk": {
      "docs": 2,
      "tests": 273,
      "functional": 1218
    },
    "chensu2436": {
      "docs": 249,
      "tests": 12,
      "functional": 678
    },
    "cheongliyuan": {
      "docs": 40,
      "tests": 271,
      "functional": 1258
    },
    "MistyRainforest": {
      "docs": 18,
      "tests": 259,
      "functional": 519,
      "other": 11
    }
  },
  "authorContributionVariance": {
    "SendorasLeft": 515701.28,
    "AaronLuk": 35527.902,
    "chensu2436": 28192.771,
    "cheongliyuan": 35644.863,
    "MistyRainforest": 124836.7
  },
  "authorDisplayNameMap": {
    "SendorasLeft": "CS2103-T11-2 NG YO ...  KUAN",
    "AaronLuk": "CS2103-T11-2 LUK C ...  HENG",
    "chensu2436": "CS2103-T11-2 CHEN  ... EN SU",
    "cheongliyuan": "CS2103-T11-2 CHEON ...  YUAN",
    "MistyRainforest": "CS2103-T11-2 TAN W ...  ADAM"
  }
}
