{
  "authorDailyContributionsMap": {
    "linyutinglyt": [
      {
        "insertions": 2,
        "deletions": 2,
        "date": "2019-09-29",
        "commitResults": [
          {
            "hash": "0846251f3248723e6fbe524c72a2b7b8e23c6b93",
            "messageTitle": "update ContactUs.adoc",
            "messageBody": "",
            "insertions": 2,
            "deletions": 2
          }
        ]
      },
      {
        "insertions": 1,
        "deletions": 232,
        "date": "2019-09-30",
        "commitResults": [
          {
            "hash": "1422b2e69bb1ba794588169f5c98f3ebdf45ecbe",
            "messageTitle": "resolve merge conflict",
            "messageBody": "",
            "insertions": 0,
            "deletions": 135
          },
          {
            "hash": "652c7a09039e934b510b96b9fb3a2fbed48dbff7",
            "messageTitle": "resolve error",
            "messageBody": "",
            "insertions": 1,
            "deletions": 0
          },
          {
            "hash": "91df6b6040603294bb5f8c58d08d15894a8f4ee9",
            "messageTitle": "Fix wronge merge",
            "messageBody": "",
            "insertions": 0,
            "deletions": 97
          }
        ]
      }
    ],
    "hoholyin": [
      {
        "insertions": 232,
        "deletions": 19,
        "date": "2019-09-18",
        "commitResults": [
          {
            "hash": "ec80f1aa25cfe23571bf99902285918d1f7c5770",
            "messageTitle": "add remark command",
            "messageBody": "",
            "insertions": 230,
            "deletions": 17
          },
          {
            "hash": "04f46c6e5d2d82be971960d071a8a6f0d02996cd",
            "messageTitle": "Travis fixes",
            "messageBody": "",
            "insertions": 2,
            "deletions": 2
          }
        ]
      },
      {
        "insertions": 52,
        "deletions": 20,
        "date": "2019-09-19",
        "commitResults": [
          {
            "hash": "e78b65416dee5066510a519afeb17a6e5f0c0545",
            "messageTitle": "Travis fix",
            "messageBody": "",
            "insertions": 34,
            "deletions": 9
          },
          {
            "hash": "5c09e06d21da871857e8592364e580b4136f0826",
            "messageTitle": "updated JSONAdaptedPersonTest",
            "messageBody": "",
            "insertions": 12,
            "deletions": 9
          },
          {
            "hash": "4c7461d31d0782aeec3b256a454f5539010c96fd",
            "messageTitle": "Test fixes",
            "messageBody": "",
            "insertions": 6,
            "deletions": 2
          }
        ]
      },
      {
        "insertions": 49,
        "deletions": 21,
        "date": "2019-09-20",
        "commitResults": [
          {
            "hash": "c5ef9ffe97188315980ea7588600bf155c3ae11f",
            "messageTitle": "Modify test to include remark",
            "messageBody": "",
            "insertions": 49,
            "deletions": 20
          },
          {
            "hash": "00c676b2e927575e1171eee6a78b7d13b905420d",
            "messageTitle": "remove unused import",
            "messageBody": "",
            "insertions": 0,
            "deletions": 1
          }
        ]
      },
      {
        "insertions": 2430,
        "deletions": 3142,
        "date": "2019-09-23",
        "commitResults": [
          {
            "hash": "f066285704b740ab1ad51e8560e3357bf9476ceb",
            "messageTitle": "Refactor Person into Books",
            "messageBody": "",
            "insertions": 2430,
            "deletions": 3142
          }
        ]
      },
      {
        "insertions": 530,
        "deletions": 504,
        "date": "2019-09-24",
        "commitResults": [
          {
            "hash": "9a82812842de724ecc06011f99a5aae14f871a94",
            "messageTitle": "Change catalogue to catalog and ammend .xml files",
            "messageBody": "",
            "insertions": 322,
            "deletions": 322
          },
          {
            "hash": "a2fa34554f77106255af84ef43bdb0334d5bf00d",
            "messageTitle": "Revert .adoc",
            "messageBody": "",
            "insertions": 53,
            "deletions": 53
          },
          {
            "hash": "474d66c10ba003347257af2053ed53192871eceb",
            "messageTitle": "Revert .adoc",
            "messageBody": "",
            "insertions": 3,
            "deletions": 3
          },
          {
            "hash": "efd1cf40f064fe9d5c397ec0710586189701774e",
            "messageTitle": "Write up AboutUs.adoc",
            "messageBody": "",
            "insertions": 26,
            "deletions": 27
          },
          {
            "hash": "f209626ed971c90770593db32bc85cbf222ad094",
            "messageTitle": "Test and checkstyle fixes",
            "messageBody": "",
            "insertions": 108,
            "deletions": 82
          },
          {
            "hash": "3ba7a201597946dc2dbbd017672d01f30410f40d",
            "messageTitle": "Fixed checkstyle main",
            "messageBody": "",
            "insertions": 18,
            "deletions": 17
          }
        ]
      },
      {
        "insertions": 611,
        "deletions": 356,
        "date": "2019-09-28",
        "commitResults": [
          {
            "hash": "ceb855e43af1b5fb26267ca4b50aa2f277c58ca3",
            "messageTitle": "Add serial number generator",
            "messageBody": "",
            "insertions": 249,
            "deletions": 156
          },
          {
            "hash": "bb7202955280803cb0e1a45f795945a8fa78fd17",
            "messageTitle": "Manual merge Serial Number Generator",
            "messageBody": "",
            "insertions": 328,
            "deletions": 169
          },
          {
            "hash": "48d29594ec0ade7529824a49c9435fa721b68fc3",
            "messageTitle": "fix checkstyleTest",
            "messageBody": "",
            "insertions": 0,
            "deletions": 1
          },
          {
            "hash": "7e0229038310f161bd2f42d096e474d30c5c0120",
            "messageTitle": "fixes",
            "messageBody": "",
            "insertions": 4,
            "deletions": 1
          },
          {
            "hash": "e7a5d99933f1ba92d4ab2d22dbd346dd32d1c701",
            "messageTitle": "Removed method to populate loans and borrowers",
            "messageBody": "",
            "insertions": 17,
            "deletions": 20
          },
          {
            "hash": "8f7aae5895be8ecdc799ebb5f2be06a2be6d4232",
            "messageTitle": "edit UG to make serial number consistent with valid serial number",
            "messageBody": "",
            "insertions": 13,
            "deletions": 9
          }
        ]
      },
      {
        "insertions": 266,
        "deletions": 147,
        "date": "2019-09-29",
        "commitResults": [
          {
            "hash": "486071c6f4064d6a8a8fc7c15549b8b807e33568",
            "messageTitle": "Add Book and Edit Book feature, tests updated",
            "messageBody": "",
            "insertions": 266,
            "deletions": 147
          }
        ]
      },
      {
        "insertions": 44,
        "deletions": 41,
        "date": "2019-09-30",
        "commitResults": [
          {
            "hash": "e8167a3bed040fa7e61e8c9e1cdd193d06106475",
            "messageTitle": "Change Serial Number to prefix B followed by 5digits",
            "messageBody": "",
            "insertions": 44,
            "deletions": 41
          }
        ]
      }
    ],
    "seeziyang": [
      {
        "insertions": 78,
        "deletions": 22,
        "date": "2019-09-26",
        "commitResults": [
          {
            "hash": "6fabc4daae9108ca8b8fdbe733a61380c7336cb5",
            "messageTitle": "Update product scope",
            "messageBody": "",
            "insertions": 3,
            "deletions": 2
          },
          {
            "hash": "a5352f62a22912b3943ebd4739876fb3c300001f",
            "messageTitle": "Update NFR and use cases",
            "messageBody": "",
            "insertions": 10,
            "deletions": 8
          },
          {
            "hash": "bceece7e5dcc7e896d64943124b7bbb83207ab89",
            "messageTitle": "Update user stories",
            "messageBody": "",
            "insertions": 63,
            "deletions": 10
          },
          {
            "hash": "85e3497a8723c20be0bd62ba423d026e788fc24a",
            "messageTitle": "Minor spelling and grammar fixes",
            "messageBody": "",
            "insertions": 2,
            "deletions": 2
          }
        ]
      },
      {
        "insertions": 320,
        "deletions": 142,
        "date": "2019-09-28",
        "commitResults": [
          {
            "hash": "67715fb43f896348670b0d1a32f5c3c3ee16459a",
            "messageTitle": "Add DateUtil class",
            "messageBody": "",
            "insertions": 17,
            "deletions": 0
          },
          {
            "hash": "614ab9935e0b2cadd2e2daa900804b963cee5f61",
            "messageTitle": "Update the link to the \u0027build status\u0027 badge to our repo\u0027s",
            "messageBody": "",
            "insertions": 1,
            "deletions": 1
          },
          {
            "hash": "1c7fc79c352ede4ba34020a9c4c7b247f4e15bc2",
            "messageTitle": "Add helper methods to DateUtil",
            "messageBody": "",
            "insertions": 34,
            "deletions": 1
          },
          {
            "hash": "612ed874ec0a3d61fa500024b2415cb552345432",
            "messageTitle": "Add DateUtilTest",
            "messageBody": "",
            "insertions": 45,
            "deletions": 0
          },
          {
            "hash": "f0adfcf21bb167baacd77c218dc5f16dd0acb2a9",
            "messageTitle": "Add Loan class",
            "messageBody": "",
            "insertions": 53,
            "deletions": 6
          },
          {
            "hash": "7b3d7ae2741c2d9d62c64fb6e3020c185e425af9",
            "messageTitle": "Change JsonAdaptedLoan",
            "messageBody": "",
            "insertions": 165,
            "deletions": 130
          },
          {
            "hash": "0e601ce3d5d94a1fb0c2b09cde7ec7b90356f8c0",
            "messageTitle": "Fix checkstyle",
            "messageBody": "",
            "insertions": 4,
            "deletions": 3
          },
          {
            "hash": "428e8832c2594f90f37108603098ef0f3571290a",
            "messageTitle": "Change date message constraints in JsonAdaptedLoan",
            "messageBody": "",
            "insertions": 1,
            "deletions": 1
          }
        ]
      }
    ],
    "Cronyxx": [],
    "shiyao821": [
      {
        "insertions": 1,
        "deletions": 1,
        "date": "2019-09-13",
        "commitResults": [
          {
            "hash": "dc9183d2d7dab3a5cec8af5cf9d5bd8115c9c2ef",
            "messageTitle": "setup: removed codacy badge from README.adoc",
            "messageBody": "",
            "insertions": 1,
            "deletions": 1
          }
        ]
      },
      {
        "insertions": 1250,
        "deletions": 230,
        "date": "2019-09-23",
        "commitResults": [
          {
            "hash": "1bac9028918822a814f6d3d6db0e4d3cbe67d2ff",
            "messageTitle": "feat: add Loan and subclasses in Model \u0026 Storage package",
            "messageBody": "",
            "insertions": 208,
            "deletions": 3
          },
          {
            "hash": "995c7abbe9b2027921326f6ba972dffeffe99159",
            "messageTitle": "feat:",
            "messageBody": "",
            "insertions": 181,
            "deletions": 13
          },
          {
            "hash": "96173bb9da14025f56769ad6348e1a917467152a",
            "messageTitle": "feat: update LoanRecords storage package",
            "messageBody": "",
            "insertions": 81,
            "deletions": 16
          },
          {
            "hash": "72aaa4ad8c7587a94343b7fe02ab2372cc27b8ab",
            "messageTitle": "chore: update variable name",
            "messageBody": "",
            "insertions": 1,
            "deletions": 1
          },
          {
            "hash": "978804759efcbd8bbd7e04b501d702d199c10f40",
            "messageTitle": "fix: update for build success",
            "messageBody": "",
            "insertions": 56,
            "deletions": 18
          },
          {
            "hash": "8351cac5f86a44b1393bc6708dd477454d43d929",
            "messageTitle": "feat: add Catalogue and CataolgueStorage",
            "messageBody": "",
            "insertions": 306,
            "deletions": 0
          },
          {
            "hash": "d2c5cb47f7aa01e136146d23dbbfdfb35fbfb242",
            "messageTitle": "feat: add Catalogue and CataolgueStorage",
            "messageBody": "",
            "insertions": 417,
            "deletions": 179
          }
        ]
      },
      {
        "insertions": 486,
        "deletions": 11,
        "date": "2019-09-24",
        "commitResults": [
          {
            "hash": "edbd8116d118d66fb0940dadcd73c1b131bbab0c",
            "messageTitle": "feat: add BorrowerRecords and BorrowerRecordsStorage",
            "messageBody": "",
            "insertions": 486,
            "deletions": 11
          }
        ]
      },
      {
        "insertions": 335,
        "deletions": 923,
        "date": "2019-09-27",
        "commitResults": [
          {
            "hash": "1faa3071f625cd0f19ce016d6ad055e11c1a5687",
            "messageTitle": "refactor: Catalogue to Catalog",
            "messageBody": "",
            "insertions": 170,
            "deletions": 179
          },
          {
            "hash": "a77a4a7e5534bce830719aa24d9d8f1bf3d4c45d",
            "messageTitle": "refactor: prep for sync",
            "messageBody": "",
            "insertions": 9,
            "deletions": 200
          },
          {
            "hash": "42748e420500e520ef29153e46fb126080b170e3",
            "messageTitle": "refactor: fix checkstyleMain",
            "messageBody": "",
            "insertions": 156,
            "deletions": 544
          }
        ]
      },
      {
        "insertions": 371,
        "deletions": 963,
        "date": "2019-09-28",
        "commitResults": [
          {
            "hash": "e5194ffae9d2b05d5ceff1da691988efd7394b2a",
            "messageTitle": "fix: Tests",
            "messageBody": "",
            "insertions": 166,
            "deletions": 57
          },
          {
            "hash": "4703875048707a20fe1b7ba5b8e0d1593e254407",
            "messageTitle": "fix: update UserGuide.adoc",
            "messageBody": "",
            "insertions": 190,
            "deletions": 891
          },
          {
            "hash": "1d86d07dbbdcee4083b4f444ac9e41c47ff3d04b",
            "messageTitle": "fix: checkstyle EOF newline",
            "messageBody": "",
            "insertions": 1,
            "deletions": 1
          },
          {
            "hash": "bee73b4b1d32784f88501894860a60b46c2400be",
            "messageTitle": "fix: update UserGuide.adoc - b/BOOK_TITLE to t/TITLE",
            "messageBody": "",
            "insertions": 14,
            "deletions": 14
          }
        ]
      },
      {
        "insertions": 85,
        "deletions": 44,
        "date": "2019-09-30",
        "commitResults": [
          {
            "hash": "d01770d01c277510887b5d937a055cf31e5f2840",
            "messageTitle": "fix: UserGuide.adoc - more commands + v2.0 markers",
            "messageBody": "",
            "insertions": 85,
            "deletions": 44
          }
        ]
      }
    ]
  },
  "authorFinalContributionMap": {
    "linyutinglyt": 2,
    "hoholyin": 2523,
    "seeziyang": 369,
    "Cronyxx": 0,
    "shiyao821": 1477
  },
  "authorFileTypeContributionMap": {
    "linyutinglyt": {
      "docs": 2,
      "tests": 0,
      "functional": 0
    },
    "hoholyin": {
      "docs": 46,
      "tests": 1753,
      "functional": 724
    },
    "seeziyang": {
      "docs": 76,
      "tests": 52,
      "functional": 241
    },
    "Cronyxx": {
      "docs": 0,
      "tests": 0,
      "functional": 0
    },
    "shiyao821": {
      "docs": 227,
      "tests": 129,
      "functional": 1121
    }
  },
  "authorContributionVariance": {
    "linyutinglyt": 2082.3296,
    "hoholyin": 1217469.2,
    "seeziyang": 8432.409,
    "Cronyxx": 0.0,
    "shiyao821": 197302.95
  },
  "authorDisplayNameMap": {
    "linyutinglyt": "CS2103T-F13-1 LIN Y ... UTING",
    "hoholyin": "CS2103T-F13-1 HO HO ... L YIN",
    "seeziyang": "CS2103T-F13-1 SEE Z ...  YANG",
    "Cronyxx": "CS2103T-F13-1 YEO T ...  TONG",
    "shiyao821": "CS2103T-F13-1 WANG  ... HIYAO"
  }
}
