{
  "authorDailyContributionsMap": {
    "atharvjoshi": [
      {
        "insertions": 35,
        "deletions": 23,
        "date": "2019-10-01",
        "commitResults": [
          {
            "hash": "168a3ab21483aefb56d3e8926b8ac2798fb2e9b1",
            "messageTitle": "Add report filling and submitting features to UG.",
            "messageBody": "- Edit the Introduction and Quick Start sections by replacing AB3-related information with IMS-related information. \r\n- Leave unchanged the features of AB3 which will be removed in a subsequent commit.",
            "insertions": 26,
            "deletions": 9
          },
          {
            "hash": "b4d2d93d79b7edc7103bec3bbfb3083b87d929cf",
            "messageTitle": "Remove trailing whitespace from UG.",
            "messageBody": "",
            "insertions": 6,
            "deletions": 11
          },
          {
            "hash": "0c685d1ff951c9fb8e1a950d7d97dc7d234df3ba",
            "messageTitle": "Remove trailing whitespace in lines 59, 60, 68",
            "messageBody": "",
            "insertions": 3,
            "deletions": 3
          }
        ]
      }
    ],
    "hellopanda128": [
      {
        "insertions": 65,
        "deletions": 56,
        "date": "2019-10-02",
        "commitResults": [
          {
            "hash": "ae630faf7ec83e3caaf9e2a9f1bca5bcb6cf039d",
            "messageTitle": "update README with more descriptions of the product and target users",
            "messageBody": "",
            "insertions": 11,
            "deletions": 6
          },
          {
            "hash": "217014e0a4fe0f5b582290ddb787cc1193548b6e",
            "messageTitle": "Revert \"update README with more descriptions of the product and target users\"",
            "messageBody": "This reverts commit ae630faf7ec83e3caaf9e2a9f1bca5bcb6cf039d.\n",
            "insertions": 6,
            "deletions": 11
          },
          {
            "hash": "fefbbdbc13eab7baea95c52f56c41201a4e7b4b5",
            "messageTitle": "update README",
            "messageBody": "",
            "insertions": 10,
            "deletions": 3
          },
          {
            "hash": "73c1246df0de2a8c533fad884a4c64569f3367d2",
            "messageTitle": "Readme format test",
            "messageBody": "",
            "insertions": 10,
            "deletions": 10
          },
          {
            "hash": "57deb13f6552e40f3ca469ef2da837bdc70a31b8",
            "messageTitle": "Revert \"Readme format test\"",
            "messageBody": "This reverts commit 73c1246df0de2a8c533fad884a4c64569f3367d2.\n",
            "insertions": 10,
            "deletions": 10
          },
          {
            "hash": "0955016d5b55e8515b7861bbb5c741a0c0c9fbf9",
            "messageTitle": "test",
            "messageBody": "",
            "insertions": 5,
            "deletions": 4
          },
          {
            "hash": "d289bec3913293add3142d3f08b9fa2687170887",
            "messageTitle": "Revert \"test\"",
            "messageBody": "This reverts commit 0955016d5b55e8515b7861bbb5c741a0c0c9fbf9.\n",
            "insertions": 4,
            "deletions": 5
          },
          {
            "hash": "03eb392449b33e15da29e259cc75fae15d67c625",
            "messageTitle": "Format README",
            "messageBody": "",
            "insertions": 6,
            "deletions": 3
          },
          {
            "hash": "9ac1519db1b46f472ad090b471149391c7e96148",
            "messageTitle": "Update README.adoc",
            "messageBody": "",
            "insertions": 1,
            "deletions": 1
          },
          {
            "hash": "7d31dab965aa09163dc7f3d5a8d2b329f5b84a67",
            "messageTitle": "Update README.adoc",
            "messageBody": "",
            "insertions": 0,
            "deletions": 1
          },
          {
            "hash": "8230233e7a6504a0603edc5c1f3271a973f20283",
            "messageTitle": "Update README.adoc",
            "messageBody": "",
            "insertions": 1,
            "deletions": 1
          },
          {
            "hash": "232bc73d9df4c998a999eec96e4023921fdf993c",
            "messageTitle": "Update README.adoc",
            "messageBody": "",
            "insertions": 1,
            "deletions": 1
          }
        ]
      }
    ],
    "madanalogy": [
      {
        "insertions": 371,
        "deletions": 48,
        "date": "2019-10-01",
        "commitResults": [
          {
            "hash": "be5bb955cdc819f611233e0391ef3df089903bf4",
            "messageTitle": "About-Us",
            "messageBody": "",
            "insertions": 315,
            "deletions": 27
          },
          {
            "hash": "23a92c465e429539b968f7831749ec8acf69c546",
            "messageTitle": "Added User Stories and Edited Website Heading",
            "messageBody": "",
            "insertions": 56,
            "deletions": 21
          }
        ]
      },
      {
        "insertions": 82,
        "deletions": 22,
        "date": "2019-10-02",
        "commitResults": [
          {
            "hash": "1dba5394421bcc8999e8a381d17583df41e25c38",
            "messageTitle": "Added Use Cases \u0026 NFRs",
            "messageBody": "",
            "insertions": 68,
            "deletions": 16
          },
          {
            "hash": "ea07e8af99a8e0fd258497736abb21d73a2e9bfd",
            "messageTitle": "Edited User Guide to reflect Features",
            "messageBody": "",
            "insertions": 14,
            "deletions": 6
          }
        ]
      },
      {
        "insertions": 1,
        "deletions": 1,
        "date": "2019-10-03",
        "commitResults": [
          {
            "hash": "aa1f5ef5b4bfaf0eb0e104f0d1885772ae174d57",
            "messageTitle": "Update UserGuide.adoc",
            "messageBody": "",
            "insertions": 1,
            "deletions": 1
          }
        ]
      }
    ],
    "Yoshi275": [
      {
        "insertions": 7,
        "deletions": 6,
        "date": "2019-10-02",
        "commitResults": [
          {
            "hash": "89bec271d1734c445c8b536e66d0730dc04b0212",
            "messageTitle": "Update README.adoc to add Netlify status badge",
            "messageBody": "",
            "insertions": 1,
            "deletions": 0
          },
          {
            "hash": "cf07b077e65d680d9dd99d594b05904d18300a35",
            "messageTitle": "Update Contact Us, Navbar Github Link",
            "messageBody": "",
            "insertions": 4,
            "deletions": 3
          },
          {
            "hash": "316a1f73945795e25f5578787a73a29c6bd8e569",
            "messageTitle": "Remove buggy Netlify badge",
            "messageBody": "",
            "insertions": 0,
            "deletions": 1
          },
          {
            "hash": "a875b5c6edcc6d50a141341b4a99abdee8689338",
            "messageTitle": "Change GitHub link",
            "messageBody": "",
            "insertions": 1,
            "deletions": 1
          },
          {
            "hash": "cbaec6b9b951d3c07dcb80b7067180983a323453",
            "messageTitle": "Change to correct Github link in documentation NavBar",
            "messageBody": "",
            "insertions": 1,
            "deletions": 1
          }
        ]
      }
    ],
    "tirameshu": [
      {
        "insertions": 68,
        "deletions": 24,
        "date": "2019-10-02",
        "commitResults": [
          {
            "hash": "7563fef77c0fc9f03e41a5eac4ecb9a6af6db0ae",
            "messageTitle": "updating readme",
            "messageBody": "",
            "insertions": 3,
            "deletions": 4
          },
          {
            "hash": "89f28e3cd1a87a51e9e71fb741cc8d77af67d312",
            "messageTitle": "updated badges, description from user guide, and acknowledgements",
            "messageBody": "",
            "insertions": 10,
            "deletions": 8
          },
          {
            "hash": "2da108bd9dcc12acb5a4d745b20186f9f469140a",
            "messageTitle": "adding vehicle dispatchment, modified formatting",
            "messageBody": "",
            "insertions": 55,
            "deletions": 12
          }
        ]
      }
    ]
  },
  "authorFinalContributionMap": {
    "atharvjoshi": 10,
    "hellopanda128": 15,
    "madanalogy": 164,
    "Yoshi275": 4,
    "tirameshu": 64
  },
  "authorFileTypeContributionMap": {
    "atharvjoshi": {
      "docs": 10,
      "tests": 0,
      "functional": 0
    },
    "hellopanda128": {
      "docs": 15,
      "tests": 0,
      "functional": 0
    },
    "madanalogy": {
      "docs": 162,
      "tests": 0,
      "functional": 0,
      "other": 2
    },
    "Yoshi275": {
      "docs": 4,
      "tests": 0,
      "functional": 0
    },
    "tirameshu": {
      "docs": 64,
      "tests": 0,
      "functional": 0
    }
  },
  "authorContributionVariance": {
    "atharvjoshi": 115.852036,
    "hellopanda128": 504.2181,
    "madanalogy": 6304.902,
    "Yoshi275": 5.8201528,
    "tirameshu": 291.4898
  },
  "authorDisplayNameMap": {
    "atharvjoshi": "CS2103-T11-1 JOSHI ... ABHAY",
    "hellopanda128": "CS2103-T11-1 LIN M ... EI AN",
    "madanalogy": "CS2103-T11-1 MUHAM ... AJJAJ",
    "Yoshi275": "CS2103-T11-1 NG QI ... HERYL",
    "tirameshu": "CS2103-T11-1 WANG  ... INMAN"
  }
}
