{
  "authorDailyContributionsMap": {
    "atharvjoshi": [
      {
        "insertions": 35,
        "deletions": 23,
        "date": "2019-10-01",
        "commitResults": [
          {
            "hash": "168a3ab21483aefb56d3e8926b8ac2798fb2e9b1",
            "messageTitle": "Add report filling and submitting features to UG.",
            "messageBody": "- Edit the Introduction and Quick Start sections by replacing AB3-related information with IMS-related information. \r\n- Leave unchanged the features of AB3 which will be removed in a subsequent commit.",
            "insertions": 26,
            "deletions": 9
          },
          {
            "hash": "b4d2d93d79b7edc7103bec3bbfb3083b87d929cf",
            "messageTitle": "Remove trailing whitespace from UG.",
            "messageBody": "",
            "insertions": 6,
            "deletions": 11
          },
          {
            "hash": "0c685d1ff951c9fb8e1a950d7d97dc7d234df3ba",
            "messageTitle": "Remove trailing whitespace in lines 59, 60, 68",
            "messageBody": "",
            "insertions": 3,
            "deletions": 3
          }
        ]
      },
      {
        "insertions": 0,
        "deletions": 467,
        "date": "2019-10-06",
        "commitResults": [
          {
            "hash": "c340ffce1660d031721cc95b67757b79655ac452",
            "messageTitle": "Revert \"Created vehicle model\"",
            "messageBody": "",
            "insertions": 0,
            "deletions": 467
          }
        ]
      },
      {
        "insertions": 519,
        "deletions": 52,
        "date": "2019-10-08",
        "commitResults": [
          {
            "hash": "624bf7c03a3150ff3caa07ed9c837958ba371d3e",
            "messageTitle": "Add JavaFX support for Vehicle Model.",
            "messageBody": "- Create VehicleCard and VehicleListPanel and relevant fxml files.\n- Change GUI layout by splitting panes in main window.\n- Refine Vehicle model by adding Availability class as attribute.\n",
            "insertions": 356,
            "deletions": 23
          },
          {
            "hash": "9a4b27993ba018b3119affd2cc0f23b0908501b4",
            "messageTitle": "Display sample Vehicle List on app GUI.",
            "messageBody": "",
            "insertions": 147,
            "deletions": 16
          },
          {
            "hash": "402b72eafb8c21c93337f3fd96bf44fb9b14602d",
            "messageTitle": "Update tests to include Vehicle.",
            "messageBody": "",
            "insertions": 15,
            "deletions": 12
          },
          {
            "hash": "9cb09dbea6f951179c25e3e004ca860a79b189dc",
            "messageTitle": "Fix no-newline-EOF checkstyle error.",
            "messageBody": "",
            "insertions": 1,
            "deletions": 1
          }
        ]
      },
      {
        "insertions": 261,
        "deletions": 15,
        "date": "2019-10-16",
        "commitResults": [
          {
            "hash": "24345bcfc5a159ec934a03751d9dfb8a931c849f",
            "messageTitle": "Add Fill command logic.",
            "messageBody": "Fill command generates new incidents. Operator needs to input caller number. Operator will be prompted for incident description and location. Operator, incidentDateTime, and incidentId details will be autofilled.\n",
            "insertions": 182,
            "deletions": 4
          },
          {
            "hash": "8bb863526ad0c0e8992b68367a64c8f1f4a024d7",
            "messageTitle": "Amend fill command logic.",
            "messageBody": "Fill command fields now include location and description fields, on top of the callerNumber. The incident is now successfully added to the list of incidents in the IMS.\n",
            "insertions": 79,
            "deletions": 11
          }
        ]
      },
      {
        "insertions": 95,
        "deletions": 86,
        "date": "2019-10-22",
        "commitResults": [
          {
            "hash": "7c0090fceefb11bd327d3dc23fe3af9baffe170b",
            "messageTitle": "Add three \u0027Status\u0027 states to incidents - draft, complete, final.",
            "messageBody": "",
            "insertions": 83,
            "deletions": 74
          },
          {
            "hash": "8aeba58773b9cc646d8188672b01685316cb0905",
            "messageTitle": "Fix code quality issues.",
            "messageBody": "Issues fixed by removing unused imports.\n",
            "insertions": 0,
            "deletions": 6
          },
          {
            "hash": "9c0a5981d51cb52c8a081e1fe77173712789db99",
            "messageTitle": "Fix code quality issues pertaining to unused variables.",
            "messageBody": "",
            "insertions": 10,
            "deletions": 4
          },
          {
            "hash": "a136eaf6e584b2cc73e835e85b237b34f8672b59",
            "messageTitle": "Fix build issues.",
            "messageBody": "",
            "insertions": 2,
            "deletions": 2
          }
        ]
      }
    ],
    "hellopanda128": [
      {
        "insertions": 65,
        "deletions": 56,
        "date": "2019-10-02",
        "commitResults": [
          {
            "hash": "ae630faf7ec83e3caaf9e2a9f1bca5bcb6cf039d",
            "messageTitle": "update README with more descriptions of the product and target users",
            "messageBody": "",
            "insertions": 11,
            "deletions": 6
          },
          {
            "hash": "217014e0a4fe0f5b582290ddb787cc1193548b6e",
            "messageTitle": "Revert \"update README with more descriptions of the product and target users\"",
            "messageBody": "This reverts commit ae630faf7ec83e3caaf9e2a9f1bca5bcb6cf039d.\n",
            "insertions": 6,
            "deletions": 11
          },
          {
            "hash": "fefbbdbc13eab7baea95c52f56c41201a4e7b4b5",
            "messageTitle": "update README",
            "messageBody": "",
            "insertions": 10,
            "deletions": 3
          },
          {
            "hash": "73c1246df0de2a8c533fad884a4c64569f3367d2",
            "messageTitle": "Readme format test",
            "messageBody": "",
            "insertions": 10,
            "deletions": 10
          },
          {
            "hash": "57deb13f6552e40f3ca469ef2da837bdc70a31b8",
            "messageTitle": "Revert \"Readme format test\"",
            "messageBody": "This reverts commit 73c1246df0de2a8c533fad884a4c64569f3367d2.\n",
            "insertions": 10,
            "deletions": 10
          },
          {
            "hash": "0955016d5b55e8515b7861bbb5c741a0c0c9fbf9",
            "messageTitle": "test",
            "messageBody": "",
            "insertions": 5,
            "deletions": 4
          },
          {
            "hash": "d289bec3913293add3142d3f08b9fa2687170887",
            "messageTitle": "Revert \"test\"",
            "messageBody": "This reverts commit 0955016d5b55e8515b7861bbb5c741a0c0c9fbf9.\n",
            "insertions": 4,
            "deletions": 5
          },
          {
            "hash": "03eb392449b33e15da29e259cc75fae15d67c625",
            "messageTitle": "Format README",
            "messageBody": "",
            "insertions": 6,
            "deletions": 3
          },
          {
            "hash": "9ac1519db1b46f472ad090b471149391c7e96148",
            "messageTitle": "Update README.adoc",
            "messageBody": "",
            "insertions": 1,
            "deletions": 1
          },
          {
            "hash": "7d31dab965aa09163dc7f3d5a8d2b329f5b84a67",
            "messageTitle": "Update README.adoc",
            "messageBody": "",
            "insertions": 0,
            "deletions": 1
          },
          {
            "hash": "8230233e7a6504a0603edc5c1f3271a973f20283",
            "messageTitle": "Update README.adoc",
            "messageBody": "",
            "insertions": 1,
            "deletions": 1
          },
          {
            "hash": "232bc73d9df4c998a999eec96e4023921fdf993c",
            "messageTitle": "Update README.adoc",
            "messageBody": "",
            "insertions": 1,
            "deletions": 1
          }
        ]
      },
      {
        "insertions": 79,
        "deletions": 0,
        "date": "2019-10-10",
        "commitResults": [
          {
            "hash": "02cc0f7374d758b41741d3c9bd164c8c4372ed70",
            "messageTitle": "Create Incident model skeleton",
            "messageBody": "",
            "insertions": 79,
            "deletions": 0
          }
        ]
      },
      {
        "insertions": 105,
        "deletions": 28,
        "date": "2019-10-11",
        "commitResults": [
          {
            "hash": "e60f0f41ddd5e182743000637af3483bffe20d19",
            "messageTitle": "Update incident model",
            "messageBody": "",
            "insertions": 75,
            "deletions": 5
          },
          {
            "hash": "5ed64a405ec25080e1587cd80eea5c46f00281b0",
            "messageTitle": "edit incident model to resolve CI checks",
            "messageBody": "",
            "insertions": 3,
            "deletions": 3
          },
          {
            "hash": "f52d691545adb5908b544eb52b36264923080f43",
            "messageTitle": "resolve CI errors",
            "messageBody": "",
            "insertions": 20,
            "deletions": 13
          },
          {
            "hash": "1fcc8acb1dda837a9e16249b9d2e01e0c5f9ccef",
            "messageTitle": "checkstyle",
            "messageBody": "",
            "insertions": 7,
            "deletions": 7
          },
          {
            "hash": "9537e1aac0cedc9c1868648a50f6bdb268bb3dc5",
            "messageTitle": "Rename IncidentID.java to IncidentId.java",
            "messageBody": "",
            "insertions": 0,
            "deletions": 0
          }
        ]
      },
      {
        "insertions": 12,
        "deletions": 14,
        "date": "2019-10-12",
        "commitResults": [
          {
            "hash": "08598a2553e2b048382610095ae5a55a375dd6c9",
            "messageTitle": "Change according to pull request review",
            "messageBody": "",
            "insertions": 12,
            "deletions": 13
          },
          {
            "hash": "c6dffc16a6e332e4118fdfd040249533c58ddb53",
            "messageTitle": "checkstyle",
            "messageBody": "",
            "insertions": 0,
            "deletions": 1
          }
        ]
      },
      {
        "insertions": 2,
        "deletions": 2,
        "date": "2019-10-14",
        "commitResults": [
          {
            "hash": "63f56a951e43d6980f4c1137ba9ce2dd143df248",
            "messageTitle": "fixed wrong incident id",
            "messageBody": "",
            "insertions": 2,
            "deletions": 2
          }
        ]
      },
      {
        "insertions": 535,
        "deletions": 84,
        "date": "2019-10-16",
        "commitResults": [
          {
            "hash": "950e327af874451efa6e41b95418b69cb6b16480",
            "messageTitle": "Change EditCommand to edit incidents instead of persons",
            "messageBody": "",
            "insertions": 535,
            "deletions": 84
          }
        ]
      },
      {
        "insertions": 78,
        "deletions": 107,
        "date": "2019-10-17",
        "commitResults": [
          {
            "hash": "2f5b1b727ff7dcbd167f8e75a63b9d2f6a7aa246",
            "messageTitle": "Update ParserUtil.java",
            "messageBody": "",
            "insertions": 0,
            "deletions": 1
          },
          {
            "hash": "2a0cd392754393c8b32817ca8e9db33e31b3384b",
            "messageTitle": "Update CliSyntax.java",
            "messageBody": "",
            "insertions": 0,
            "deletions": 1
          },
          {
            "hash": "5726a191f79b538ee55467600378e1f245e6a1b0",
            "messageTitle": "Update EditCommand.java",
            "messageBody": "",
            "insertions": 3,
            "deletions": 2
          },
          {
            "hash": "8bb14894e7b07d9945866ea7cbb3ff47cf4b4145",
            "messageTitle": "Update EditCommandParser.java",
            "messageBody": "",
            "insertions": 4,
            "deletions": 4
          },
          {
            "hash": "02ee340c73a1bb5f926939a09908c3e2fdeaaea6",
            "messageTitle": "Update IncidentUtil.java",
            "messageBody": "",
            "insertions": 2,
            "deletions": 2
          },
          {
            "hash": "79377967f6be50211a4a33c880d666b570e69a96",
            "messageTitle": "Update Model.java",
            "messageBody": "",
            "insertions": 0,
            "deletions": 1
          },
          {
            "hash": "549b2a882688b048dc69e89db7843259be0e1942",
            "messageTitle": "Update Model.java",
            "messageBody": "",
            "insertions": 0,
            "deletions": 5
          },
          {
            "hash": "dee09307705999770b30e3b6b5774b8f6d5af338",
            "messageTitle": "Update ParserUtil.java",
            "messageBody": "",
            "insertions": 1,
            "deletions": 45
          },
          {
            "hash": "d69e0feca3e3d3432dd57c9a5837f89038b50612",
            "messageTitle": "Update ModelManager.java",
            "messageBody": "",
            "insertions": 7,
            "deletions": 12
          },
          {
            "hash": "0773d51afd47ecbeece0fd91c1cc726e2c7ff64a",
            "messageTitle": "Update EditCommandParser.java",
            "messageBody": "",
            "insertions": 1,
            "deletions": 1
          },
          {
            "hash": "eef9949b5a00998381c1d17a2d12fd1b4c1acdc0",
            "messageTitle": "Update CliSyntax.java",
            "messageBody": "",
            "insertions": 0,
            "deletions": 1
          },
          {
            "hash": "2003d7cad49e77e5548b83877dd76e6a9c6e1196",
            "messageTitle": "Update ParserUtil.java",
            "messageBody": "",
            "insertions": 1,
            "deletions": 1
          },
          {
            "hash": "84812566b17ad67e236cf977196a5028711843a2",
            "messageTitle": "Update EditCommandParser.java",
            "messageBody": "",
            "insertions": 1,
            "deletions": 1
          },
          {
            "hash": "82ee0c81e59f399fee75597cdc40474cd7f1c014",
            "messageTitle": "Update AddCommandTest.java",
            "messageBody": "",
            "insertions": 0,
            "deletions": 2
          },
          {
            "hash": "f5fefff67a388c14afc387cf5826104d964f3b7a",
            "messageTitle": "Update ModelManager.java",
            "messageBody": "",
            "insertions": 0,
            "deletions": 1
          },
          {
            "hash": "cd865317cd3dc1234b06aceb885f51bdca62a097",
            "messageTitle": "remove duplicates",
            "messageBody": "",
            "insertions": 2,
            "deletions": 13
          },
          {
            "hash": "bc98421aea6f5bd7896e8b333af1150330cc69c8",
            "messageTitle": "resolve errors",
            "messageBody": "",
            "insertions": 56,
            "deletions": 14
          }
        ]
      }
    ],
    "madanalogy": [
      {
        "insertions": 371,
        "deletions": 48,
        "date": "2019-10-01",
        "commitResults": [
          {
            "hash": "be5bb955cdc819f611233e0391ef3df089903bf4",
            "messageTitle": "About-Us",
            "messageBody": "",
            "insertions": 315,
            "deletions": 27
          },
          {
            "hash": "23a92c465e429539b968f7831749ec8acf69c546",
            "messageTitle": "Added User Stories and Edited Website Heading",
            "messageBody": "",
            "insertions": 56,
            "deletions": 21
          }
        ]
      },
      {
        "insertions": 82,
        "deletions": 22,
        "date": "2019-10-02",
        "commitResults": [
          {
            "hash": "1dba5394421bcc8999e8a381d17583df41e25c38",
            "messageTitle": "Added Use Cases \u0026 NFRs",
            "messageBody": "",
            "insertions": 68,
            "deletions": 16
          },
          {
            "hash": "ea07e8af99a8e0fd258497736abb21d73a2e9bfd",
            "messageTitle": "Edited User Guide to reflect Features",
            "messageBody": "",
            "insertions": 14,
            "deletions": 6
          }
        ]
      },
      {
        "insertions": 1,
        "deletions": 1,
        "date": "2019-10-03",
        "commitResults": [
          {
            "hash": "aa1f5ef5b4bfaf0eb0e104f0d1885772ae174d57",
            "messageTitle": "Update UserGuide.adoc",
            "messageBody": "",
            "insertions": 1,
            "deletions": 1
          }
        ]
      },
      {
        "insertions": 14,
        "deletions": 11,
        "date": "2019-10-05",
        "commitResults": [
          {
            "hash": "f4883cd05dc61b824b3631b32196150ee0c632cd",
            "messageTitle": "Updated UG",
            "messageBody": "",
            "insertions": 14,
            "deletions": 11
          }
        ]
      },
      {
        "insertions": 59,
        "deletions": 332,
        "date": "2019-10-07",
        "commitResults": [
          {
            "hash": "d9a1325e0ec94045c437d1fff66d7b40a10c14fe",
            "messageTitle": "Removed Address from Person Model",
            "messageBody": "",
            "insertions": 59,
            "deletions": 332
          }
        ]
      },
      {
        "insertions": 17,
        "deletions": 13,
        "date": "2019-10-08",
        "commitResults": [
          {
            "hash": "d91b73b7a27a89b24cd691be2c50579045f847de",
            "messageTitle": "Removed Address from GUI",
            "messageBody": "",
            "insertions": 0,
            "deletions": 3
          },
          {
            "hash": "7fa0b8bb6d0d1f10cef94de1079b2e3822388cda",
            "messageTitle": "Updated AboutUs with new Responsibilities",
            "messageBody": "",
            "insertions": 15,
            "deletions": 8
          },
          {
            "hash": "504fa289ee5d61b035dd2fa86ad38a149360afa8",
            "messageTitle": "Rename Yoshi to yoshi",
            "messageBody": "",
            "insertions": 2,
            "deletions": 2
          }
        ]
      },
      {
        "insertions": 552,
        "deletions": 149,
        "date": "2019-10-10",
        "commitResults": [
          {
            "hash": "cdf435784132104fcb5f1defd1953b42c4b642ff",
            "messageTitle": "Added Username \u0026 Password to Person Model",
            "messageBody": "",
            "insertions": 246,
            "deletions": 30
          },
          {
            "hash": "522a49cb3d78cbd8c7482cbe85ddd78af3082a25",
            "messageTitle": "Morph Complete, Application Executable",
            "messageBody": "",
            "insertions": 178,
            "deletions": 60
          },
          {
            "hash": "8e61fb3407187d9bc14c45eec592f2df1a5ac146",
            "messageTitle": "Morph Complete, Tests Updated",
            "messageBody": "",
            "insertions": 128,
            "deletions": 59
          }
        ]
      },
      {
        "insertions": 122,
        "deletions": 21,
        "date": "2019-10-11",
        "commitResults": [
          {
            "hash": "cd5255bf138017bba30858bba387c30b5191e2a6",
            "messageTitle": "Fixed Typical-Entities Test",
            "messageBody": "",
            "insertions": 110,
            "deletions": 9
          },
          {
            "hash": "ed0857c45e3f802fde2b495a1facff39df27813f",
            "messageTitle": "Fixed Checkstyle Errors",
            "messageBody": "",
            "insertions": 12,
            "deletions": 12
          }
        ]
      },
      {
        "insertions": 396,
        "deletions": 78,
        "date": "2019-10-12",
        "commitResults": [
          {
            "hash": "b4c7220bffde3323e397cf15338a194c63413ace",
            "messageTitle": "Added Parser tests to ParserUtil",
            "messageBody": "",
            "insertions": 53,
            "deletions": 3
          },
          {
            "hash": "5b5d2bf5c1a28122ff8c53d93787979195ee1322",
            "messageTitle": "Removed Password Display in Person.toString()",
            "messageBody": "",
            "insertions": 0,
            "deletions": 2
          },
          {
            "hash": "669601fc6a651fa397c341e8d457d053f244ca09",
            "messageTitle": "Added Username \u0026 Password to Tests",
            "messageBody": "",
            "insertions": 35,
            "deletions": 41
          },
          {
            "hash": "97987c33ab405a9993b59c4f63d43d2ac5f381c5",
            "messageTitle": "Completed Edits to Tests",
            "messageBody": "",
            "insertions": 20,
            "deletions": 19
          },
          {
            "hash": "325a6a7219ddfc61075fc0ecb70c4117e6029501",
            "messageTitle": "Fixed Checkstyle Errors",
            "messageBody": "",
            "insertions": 55,
            "deletions": 4
          },
          {
            "hash": "37d2a4af5785c49b737f0c7a97f6367411a2afb0",
            "messageTitle": "Basic Implementation of Login",
            "messageBody": "",
            "insertions": 128,
            "deletions": 0
          },
          {
            "hash": "6a2ade583696e0fb0748b92c63c570df011f1c79",
            "messageTitle": "Updated UserGuide URL in UI",
            "messageBody": "",
            "insertions": 1,
            "deletions": 1
          },
          {
            "hash": "9021a264b46f8b4f8136fa0fdd966edf4d946169",
            "messageTitle": "Minor Edit to NameContainsKeywordPredicateTest",
            "messageBody": "",
            "insertions": 3,
            "deletions": 3
          },
          {
            "hash": "91514acdf4d087bdac2c9514b277c9eb762e74b0",
            "messageTitle": "Added Support for Dashes \u0026 Dots to Tags",
            "messageBody": "",
            "insertions": 8,
            "deletions": 4
          },
          {
            "hash": "3807e6c520c84554baf3a2696a5171c3e7bb2f26",
            "messageTitle": "Completed Session Feature",
            "messageBody": "",
            "insertions": 62,
            "deletions": 0
          },
          {
            "hash": "e7245394ae22ba404a29fad1c8dfba8538250dc2",
            "messageTitle": "Added Logic for Login GUI Swap",
            "messageBody": "",
            "insertions": 31,
            "deletions": 1
          }
        ]
      },
      {
        "insertions": 30,
        "deletions": 15,
        "date": "2019-10-13",
        "commitResults": [
          {
            "hash": "07b464fbf6608f65c64d6e6911167ee41e2f2f67",
            "messageTitle": "Implemented Login GUI Effect",
            "messageBody": "",
            "insertions": 28,
            "deletions": 14
          },
          {
            "hash": "51ee83cea7662e2d584870ac802cce56fc345696",
            "messageTitle": "Removed TODO for handLogin method",
            "messageBody": "",
            "insertions": 0,
            "deletions": 1
          },
          {
            "hash": "098f43dd348c7f70d1f9d5465b8d524923ba2eac",
            "messageTitle": "Fixed Empty Person Display when Invalid Login",
            "messageBody": "",
            "insertions": 2,
            "deletions": 0
          }
        ]
      },
      {
        "insertions": 51,
        "deletions": 12,
        "date": "2019-10-14",
        "commitResults": [
          {
            "hash": "73de0a3daab068707ef84861ff16614a89f190be",
            "messageTitle": "Added Session Details to Status Bar",
            "messageBody": "",
            "insertions": 48,
            "deletions": 7
          },
          {
            "hash": "beb16772889464f6008b086747ba12a5289cba1d",
            "messageTitle": "Added Coveralls \u0026 Codacy Badges",
            "messageBody": "",
            "insertions": 2,
            "deletions": 4
          },
          {
            "hash": "6d479e001a03d3e3cf97adb253bd30ca6e025767",
            "messageTitle": "Fixed Badge Display",
            "messageBody": "",
            "insertions": 1,
            "deletions": 1
          }
        ]
      },
      {
        "insertions": 6,
        "deletions": 8,
        "date": "2019-10-15",
        "commitResults": [
          {
            "hash": "b7e14a57c7ce701f59f68367821eea2c6cd713f3",
            "messageTitle": "Improved Status Bar UI",
            "messageBody": "",
            "insertions": 6,
            "deletions": 8
          }
        ]
      },
      {
        "insertions": 1039,
        "deletions": 138,
        "date": "2019-10-18",
        "commitResults": [
          {
            "hash": "2687a8d7e5b7eea56c336771a0caa615d2e61446",
            "messageTitle": "Implemented Update Command",
            "messageBody": "",
            "insertions": 841,
            "deletions": 118
          },
          {
            "hash": "bf379162ba635288d206e126869a96c60f9a9eb8",
            "messageTitle": "Added Logout and Swap Commands",
            "messageBody": "",
            "insertions": 193,
            "deletions": 16
          },
          {
            "hash": "18dc4aa4a3212a71237fff33a76aedf854f6b35f",
            "messageTitle": "Edited Guard Command Feedback",
            "messageBody": "",
            "insertions": 5,
            "deletions": 4
          }
        ]
      },
      {
        "insertions": 53,
        "deletions": 31,
        "date": "2019-10-19",
        "commitResults": [
          {
            "hash": "5fdd97932683380c4114d097ac3e064b35630236",
            "messageTitle": "Fixed empty list login bug and session APIs",
            "messageBody": "",
            "insertions": 51,
            "deletions": 28
          },
          {
            "hash": "5f96711b2b16cf8110454000d97e22b128aa8232",
            "messageTitle": "Update build.gradle",
            "messageBody": "",
            "insertions": 2,
            "deletions": 3
          }
        ]
      },
      {
        "insertions": 27,
        "deletions": 20,
        "date": "2019-10-22",
        "commitResults": [
          {
            "hash": "84e8a6f68977f3184ee365ead845294186599bad",
            "messageTitle": "Fixed JsonSerializableTest for Typical Entities",
            "messageBody": "",
            "insertions": 27,
            "deletions": 20
          }
        ]
      }
    ],
    "Yoshi275": [
      {
        "insertions": 7,
        "deletions": 6,
        "date": "2019-10-02",
        "commitResults": [
          {
            "hash": "89bec271d1734c445c8b536e66d0730dc04b0212",
            "messageTitle": "Update README.adoc to add Netlify status badge",
            "messageBody": "",
            "insertions": 1,
            "deletions": 0
          },
          {
            "hash": "cf07b077e65d680d9dd99d594b05904d18300a35",
            "messageTitle": "Update Contact Us, Navbar Github Link",
            "messageBody": "",
            "insertions": 4,
            "deletions": 3
          },
          {
            "hash": "316a1f73945795e25f5578787a73a29c6bd8e569",
            "messageTitle": "Remove buggy Netlify badge",
            "messageBody": "",
            "insertions": 0,
            "deletions": 1
          },
          {
            "hash": "a875b5c6edcc6d50a141341b4a99abdee8689338",
            "messageTitle": "Change GitHub link",
            "messageBody": "",
            "insertions": 1,
            "deletions": 1
          },
          {
            "hash": "cbaec6b9b951d3c07dcb80b7067180983a323453",
            "messageTitle": "Change to correct Github link in documentation NavBar",
            "messageBody": "",
            "insertions": 1,
            "deletions": 1
          }
        ]
      },
      {
        "insertions": 927,
        "deletions": 144,
        "date": "2019-10-12",
        "commitResults": [
          {
            "hash": "4925c2bd5032a5e97f08f492c2668b943ce3e5ac",
            "messageTitle": "Try to link Incident model to GUI",
            "messageBody": "",
            "insertions": 640,
            "deletions": 3
          },
          {
            "hash": "688895ff6f52b1cb1e96f43053397813b99b3456",
            "messageTitle": "Add CallerNumber and IncidentDateTime abstractions",
            "messageBody": "",
            "insertions": 174,
            "deletions": 42
          },
          {
            "hash": "2ec52c93c8c8bc2b9961c15a0d58a638e6fae542",
            "messageTitle": "Fix display of Incident in GUI",
            "messageBody": "",
            "insertions": 13,
            "deletions": 19
          },
          {
            "hash": "2abec0c2f3920916220af17978b2935e6e3f37a0",
            "messageTitle": "Add titles to panels",
            "messageBody": "",
            "insertions": 28,
            "deletions": 2
          },
          {
            "hash": "ae209ec105dbc73df6d6b146d35ad48fc3d9acae",
            "messageTitle": "Fix checkstyle issues",
            "messageBody": "",
            "insertions": 56,
            "deletions": 75
          },
          {
            "hash": "448f07a61f96db9f031658739d0fab1e1027e60d",
            "messageTitle": "Fix compileTestJava errors",
            "messageBody": "",
            "insertions": 13,
            "deletions": 0
          },
          {
            "hash": "afe9b4ccbf403478534aa6fbcba9ed4dd9e20485",
            "messageTitle": "Fix test failures",
            "messageBody": "",
            "insertions": 3,
            "deletions": 3
          }
        ]
      },
      {
        "insertions": 14,
        "deletions": 53,
        "date": "2019-10-13",
        "commitResults": [
          {
            "hash": "cd90373a6367d57a9eec52e7ea6b03d7a73bea2e",
            "messageTitle": "Refactor CallerNumber",
            "messageBody": "",
            "insertions": 14,
            "deletions": 53
          }
        ]
      },
      {
        "insertions": 482,
        "deletions": 160,
        "date": "2019-10-16",
        "commitResults": [
          {
            "hash": "393ec564a3345e78068a674afa2197f7ca555bb9",
            "messageTitle": "Create basic FindCommand skeleton",
            "messageBody": "",
            "insertions": 127,
            "deletions": 12
          },
          {
            "hash": "90e3523c869f2ed2520f8eef2150b60694a9cb88",
            "messageTitle": "Create ListIncidentCommand Command class",
            "messageBody": "",
            "insertions": 32,
            "deletions": 2
          },
          {
            "hash": "ba1b89a84a7d847f0646face5a92c1c08941a757",
            "messageTitle": "Rename SearchCommand to SearchIncidentCommand",
            "messageBody": "",
            "insertions": 24,
            "deletions": 18
          },
          {
            "hash": "d58f411812c4c6acae66df85b71f46b5106d1ed3",
            "messageTitle": "Fix keyword tag for SearchIncidentsCommand",
            "messageBody": "",
            "insertions": 130,
            "deletions": 22
          },
          {
            "hash": "79f43d7de3f389cd4f0a9a5bb525f818f81a25d0",
            "messageTitle": "Remove testing message prints",
            "messageBody": "",
            "insertions": 5,
            "deletions": 4
          },
          {
            "hash": "ae30727728bc150ea30359ec7533c6117c80ebb5",
            "messageTitle": "Fix bugs to pass tests and checkstyle requirements",
            "messageBody": "",
            "insertions": 21,
            "deletions": 16
          },
          {
            "hash": "1abc9cf8fad93bf77487d4197eb1f543980f4e32",
            "messageTitle": "Add ListIncidentCommandTest",
            "messageBody": "",
            "insertions": 99,
            "deletions": 55
          },
          {
            "hash": "b5b756cb17ec24daa76c8f0dcb655dc145091fca",
            "messageTitle": "Remove unused private field",
            "messageBody": "",
            "insertions": 1,
            "deletions": 5
          },
          {
            "hash": "8b30e62d8851d8e512246da4bfbdd72a3e958974",
            "messageTitle": "Fix travisbot checkstyle issues",
            "messageBody": "",
            "insertions": 1,
            "deletions": 1
          },
          {
            "hash": "4d2d3fe46c35b3160a9cdcfeb7553b4bf12ba7b6",
            "messageTitle": "Fix more checkstyle issues",
            "messageBody": "",
            "insertions": 1,
            "deletions": 2
          },
          {
            "hash": "61bd86a4aa8f8b0f4a4e0a7d2aa672767c8ec324",
            "messageTitle": "Suppress JsonSerializableAddressBookTest test",
            "messageBody": "",
            "insertions": 27,
            "deletions": 11
          },
          {
            "hash": "ca80fb1b004fa7ca2d96587e25fa2b0fe04ada3b",
            "messageTitle": "Fix checkstyle issues",
            "messageBody": "",
            "insertions": 14,
            "deletions": 12
          }
        ]
      },
      {
        "insertions": 258,
        "deletions": 55,
        "date": "2019-10-21",
        "commitResults": [
          {
            "hash": "02b4cb167154e3dcd1b06f994432d8205badda68",
            "messageTitle": "Add Incident Operator Flag",
            "messageBody": "",
            "insertions": 50,
            "deletions": 7
          },
          {
            "hash": "79fb07f36da80355e4ecae67162f94fbfa594d88",
            "messageTitle": "Update search error for operator flag",
            "messageBody": "",
            "insertions": 4,
            "deletions": 4
          },
          {
            "hash": "33943f329765630e12b43f14628f217cf9fff0bc",
            "messageTitle": "Update incident search test case",
            "messageBody": "",
            "insertions": 1,
            "deletions": 1
          },
          {
            "hash": "094591f6ebffb113c2e234cd80335f7b43c2caab",
            "messageTitle": "Update incident search parser variables",
            "messageBody": "",
            "insertions": 17,
            "deletions": 15
          },
          {
            "hash": "72dbfb6e3d11efdcaa8c34d314a75ae611dbc20f",
            "messageTitle": "Fix checkstyle errors",
            "messageBody": "",
            "insertions": 11,
            "deletions": 3
          },
          {
            "hash": "ecbfb20ec3f131e9ad80c58664087b2fb3a5312a",
            "messageTitle": "Add testing for SearchIncidentsCommandParser",
            "messageBody": "",
            "insertions": 42,
            "deletions": 7
          },
          {
            "hash": "1885d0d2383c2df51d7eb882d83c4858f28c265c",
            "messageTitle": "Fix checkstyle and testing errors",
            "messageBody": "",
            "insertions": 0,
            "deletions": 2
          },
          {
            "hash": "87363a6abffd3b475595ca7a3a455aaea46bbdee",
            "messageTitle": "Add design headers to developer guide",
            "messageBody": "",
            "insertions": 27,
            "deletions": 0
          },
          {
            "hash": "eb997da4c0cab45a8c65d32026eae4c5b20dea93",
            "messageTitle": "Add implementation headers to developer guide",
            "messageBody": "",
            "insertions": 90,
            "deletions": 0
          },
          {
            "hash": "ab5bad74dcc4567e6675e8636b4ea5a192902e8a",
            "messageTitle": "Change position of model headers",
            "messageBody": "",
            "insertions": 16,
            "deletions": 16
          }
        ]
      }
    ],
    "tirameshu": [
      {
        "insertions": 68,
        "deletions": 24,
        "date": "2019-10-02",
        "commitResults": [
          {
            "hash": "7563fef77c0fc9f03e41a5eac4ecb9a6af6db0ae",
            "messageTitle": "updating readme",
            "messageBody": "",
            "insertions": 3,
            "deletions": 4
          },
          {
            "hash": "89f28e3cd1a87a51e9e71fb741cc8d77af67d312",
            "messageTitle": "updated badges, description from user guide, and acknowledgements",
            "messageBody": "",
            "insertions": 10,
            "deletions": 8
          },
          {
            "hash": "2da108bd9dcc12acb5a4d745b20186f9f469140a",
            "messageTitle": "adding vehicle dispatchment, modified formatting",
            "messageBody": "",
            "insertions": 55,
            "deletions": 12
          }
        ]
      },
      {
        "insertions": 924,
        "deletions": 71,
        "date": "2019-10-03",
        "commitResults": [
          {
            "hash": "c9b938fa45dc2b6f67312b66eb8b39474782daf4",
            "messageTitle": "skeleton for vehicles class, its relevant entities and exceptions",
            "messageBody": "",
            "insertions": 467,
            "deletions": 0
          },
          {
            "hash": "340d509fe648135848d5bad7fb807da223227e72",
            "messageTitle": "skeleton for vehicle, including relevant entities, but not including relevant commnads",
            "messageBody": "",
            "insertions": 457,
            "deletions": 71
          }
        ]
      },
      {
        "insertions": 479,
        "deletions": 11,
        "date": "2019-10-06",
        "commitResults": [
          {
            "hash": "56dee49846dd5bb2808d06f048dfd4d06dae49d2",
            "messageTitle": "adding vehicle back",
            "messageBody": "",
            "insertions": 469,
            "deletions": 0
          },
          {
            "hash": "b0d709417efef2741eac76eb8e107bbf543c7835",
            "messageTitle": "resolving checkstyle",
            "messageBody": "",
            "insertions": 10,
            "deletions": 11
          }
        ]
      },
      {
        "insertions": 15,
        "deletions": 26,
        "date": "2019-10-08",
        "commitResults": [
          {
            "hash": "744e3124005781e5c0e663332c478a44fcc92df0",
            "messageTitle": "changing district to be addressed by number",
            "messageBody": "",
            "insertions": 7,
            "deletions": 18
          },
          {
            "hash": "4bd1b61653f1022b1c30d9ae300c28627026520f",
            "messageTitle": "resolving dependencies",
            "messageBody": "",
            "insertions": 4,
            "deletions": 4
          },
          {
            "hash": "4cb09aa9574385ed99ad504cc1a9144ae071938b",
            "messageTitle": "resolving district as int",
            "messageBody": "",
            "insertions": 4,
            "deletions": 4
          }
        ]
      },
      {
        "insertions": 16,
        "deletions": 13,
        "date": "2019-10-10",
        "commitResults": [
          {
            "hash": "e1f918b5a8a3b8f8923e5d8e95340e51c5eedfa7",
            "messageTitle": "updating magic numbers",
            "messageBody": "",
            "insertions": 4,
            "deletions": 1
          },
          {
            "hash": "1e89811e32e79466a7445d5ce6e96d2b8e347e74",
            "messageTitle": "build successgit add -A",
            "messageBody": "",
            "insertions": 12,
            "deletions": 12
          }
        ]
      },
      {
        "insertions": 53,
        "deletions": 17,
        "date": "2019-10-16",
        "commitResults": [
          {
            "hash": "e81cd73adc88b292173e40c38c93a4ae53a1233b",
            "messageTitle": "adding submit command",
            "messageBody": "",
            "insertions": 45,
            "deletions": 10
          },
          {
            "hash": "886417f25e8dddc333e66990f25f4ce1c97071a1",
            "messageTitle": "updating with addIncident method",
            "messageBody": "",
            "insertions": 1,
            "deletions": 1
          },
          {
            "hash": "e0c0483b0caf4a829de0600dae22f164ef3ea881",
            "messageTitle": "resolving checkstyle",
            "messageBody": "",
            "insertions": 3,
            "deletions": 3
          },
          {
            "hash": "870718723948ed67c55d10f1f0d42b27d0507284",
            "messageTitle": "checkstyle",
            "messageBody": "",
            "insertions": 4,
            "deletions": 2
          },
          {
            "hash": "0571d77c95625329d5f93f97d53af5aceeee26ed",
            "messageTitle": "removing newline before import",
            "messageBody": "",
            "insertions": 0,
            "deletions": 1
          }
        ]
      },
      {
        "insertions": 283,
        "deletions": 16,
        "date": "2019-10-17",
        "commitResults": [
          {
            "hash": "c5c20b1a99d1f9ca098fb28a164cac0ff8f6b771",
            "messageTitle": "adding usage message",
            "messageBody": "",
            "insertions": 3,
            "deletions": 3
          },
          {
            "hash": "9b1376eda459551067b9328cee80b2fd763ba654",
            "messageTitle": "removing parser first",
            "messageBody": "",
            "insertions": 13,
            "deletions": 8
          },
          {
            "hash": "4149f33481e1b120ec46eb1486dac1c4ac1c1e11",
            "messageTitle": "adding new command and its relevant prefixes, parser and vehicle dispatchment. Also added part of search vehicle command",
            "messageBody": "",
            "insertions": 267,
            "deletions": 5
          }
        ]
      },
      {
        "insertions": 17,
        "deletions": 15,
        "date": "2019-10-21",
        "commitResults": [
          {
            "hash": "3e763339fe14d99e9f4659fc9a5adff9089e4174",
            "messageTitle": "pulling from login data",
            "messageBody": "",
            "insertions": 17,
            "deletions": 15
          }
        ]
      },
      {
        "insertions": 1,
        "deletions": 2,
        "date": "2019-10-22",
        "commitResults": [
          {
            "hash": "da8ef0debb1152c12c2620b079776a1273314d64",
            "messageTitle": "pulled updates, create incidents in newCommand",
            "messageBody": "",
            "insertions": 1,
            "deletions": 1
          },
          {
            "hash": "475a52173c1763fef48660e88324c10c952d0934",
            "messageTitle": "removing unused import",
            "messageBody": "",
            "insertions": 0,
            "deletions": 1
          }
        ]
      }
    ]
  },
  "authorFinalContributionMap": {
    "atharvjoshi": 730,
    "hellopanda128": 660,
    "madanalogy": 2168,
    "Yoshi275": 1307,
    "tirameshu": 815
  },
  "authorFileTypeContributionMap": {
    "atharvjoshi": {
      "docs": 10,
      "tests": 28,
      "functional": 692
    },
    "hellopanda128": {
      "docs": 15,
      "tests": 234,
      "functional": 411
    },
    "madanalogy": {
      "docs": 178,
      "tests": 903,
      "functional": 1084,
      "other": 3
    },
    "Yoshi275": {
      "docs": 121,
      "tests": 165,
      "functional": 1021
    },
    "tirameshu": {
      "docs": 59,
      "tests": 0,
      "functional": 756
    }
  },
  "authorContributionVariance": {
    "atharvjoshi": 12874.808,
    "hellopanda128": 9099.42,
    "madanalogy": 46464.29,
    "Yoshi275": 33350.316,
    "tirameshu": 26530.691
  },
  "authorDisplayNameMap": {
    "atharvjoshi": "CS2103-T11-1 JOSHI ... ABHAY",
    "hellopanda128": "CS2103-T11-1 LIN M ... EI AN",
    "madanalogy": "CS2103-T11-1 MUHAM ... AJJAJ",
    "Yoshi275": "CS2103-T11-1 NG QI ... HERYL",
    "tirameshu": "CS2103-T11-1 WANG  ... INMAN"
  }
}
