{
  "authorDailyContributionsMap": {
    "atharvjoshi": [],
    "hellopanda128": [],
    "madanalogy": [],
    "Yoshi275": [],
    "tirameshu": []
  },
  "authorFinalContributionMap": {
    "atharvjoshi": 0,
    "hellopanda128": 0,
    "madanalogy": 0,
    "Yoshi275": 0,
    "tirameshu": 0
  },
  "authorFileTypeContributionMap": {
    "atharvjoshi": {
      "java": 0,
      "adoc": 0,
      "fxml": 0,
      "sh": 0,
      "bat": 0,
      "gradle": 0,
      "txt": 0
    },
    "hellopanda128": {
      "java": 0,
      "adoc": 0,
      "fxml": 0,
      "sh": 0,
      "bat": 0,
      "gradle": 0,
      "txt": 0
    },
    "madanalogy": {
      "java": 0,
      "adoc": 0,
      "fxml": 0,
      "sh": 0,
      "bat": 0,
      "gradle": 0,
      "txt": 0
    },
    "Yoshi275": {
      "java": 0,
      "adoc": 0,
      "fxml": 0,
      "sh": 0,
      "bat": 0,
      "gradle": 0,
      "txt": 0
    },
    "tirameshu": {
      "java": 0,
      "adoc": 0,
      "fxml": 0,
      "sh": 0,
      "bat": 0,
      "gradle": 0,
      "txt": 0
    }
  },
  "authorContributionVariance": {
    "atharvjoshi": 0.0,
    "hellopanda128": 0.0,
    "madanalogy": 0.0,
    "Yoshi275": 0.0,
    "tirameshu": 0.0
  },
  "authorDisplayNameMap": {
    "atharvjoshi": "CS2103-T11-1 JOSHI ... ABHAY",
    "hellopanda128": "CS2103-T11-1 LIN M ... EI AN",
    "madanalogy": "CS2103-T11-1 MUHAM ... AJJAJ",
    "Yoshi275": "CS2103-T11-1 NG QI ... HERYL",
    "tirameshu": "CS2103-T11-1 WANG  ... INMAN"
  }
}
