{
  "authorDailyContributionsMap": {
    "Parcly-Taxel": [
      {
        "insertions": 1,
        "deletions": 2,
        "date": "2019-09-11",
        "commitResults": [
          {
            "hash": "3acae359cc364c8ad7fd16b80f937a2743a180f2",
            "messageTitle": "Update Travis link",
            "messageBody": "",
            "insertions": 1,
            "deletions": 1
          },
          {
            "hash": "5985bde28b911bacb084e423d361cf432650a70b",
            "messageTitle": "Remove Codacy badge",
            "messageBody": "",
            "insertions": 0,
            "deletions": 1
          }
        ]
      },
      {
        "insertions": 5,
        "deletions": 8,
        "date": "2019-09-21",
        "commitResults": [
          {
            "hash": "bc82351af3d48521bf0012cd229b40b2619c00aa",
            "messageTitle": "Remove educational messages in the readme",
            "messageBody": "",
            "insertions": 5,
            "deletions": 8
          }
        ]
      },
      {
        "insertions": 59,
        "deletions": 384,
        "date": "2019-09-29",
        "commitResults": [
          {
            "hash": "7e6401794dbe2c04e06d7a59e719120d7d170c5a",
            "messageTitle": "Update project website for real",
            "messageBody": "",
            "insertions": 24,
            "deletions": 31
          },
          {
            "hash": "346a462261bfaf9abac045fe10048c80bf03aeb1",
            "messageTitle": "Remove more of the default branding",
            "messageBody": "",
            "insertions": 2,
            "deletions": 2
          },
          {
            "hash": "d5e7594f9b013c5a8b92c48995eb14753a3b56bc",
            "messageTitle": "Write some manner of an introduction",
            "messageBody": "",
            "insertions": 23,
            "deletions": 20
          },
          {
            "hash": "bff30fa4b932eb10bfb419599b0bda61fad368be",
            "messageTitle": "Remove more of the default cruft",
            "messageBody": "",
            "insertions": 2,
            "deletions": 218
          },
          {
            "hash": "6aeb17a5ec608b3312aa51bc55c840167e778986",
            "messageTitle": "Remove AppVeyor; Travis only will be used",
            "messageBody": "",
            "insertions": 8,
            "deletions": 113
          }
        ]
      },
      {
        "insertions": 8,
        "deletions": 13,
        "date": "2019-09-30",
        "commitResults": [
          {
            "hash": "55f2cb183e3f9cf6f3c61275caaf7e3fb89234c9",
            "messageTitle": "色は匂へど 散りぬるを 我が世誰ぞ 常ならむ",
            "messageBody": "",
            "insertions": 6,
            "deletions": 8
          },
          {
            "hash": "b0dba97e486e309cbf9a5ef6a0bca06daf799a76",
            "messageTitle": "有為の奥山 今日越えて 浅き夢見じ 酔ひもせず",
            "messageBody": "",
            "insertions": 1,
            "deletions": 4
          },
          {
            "hash": "105092b6dac5453b65397c77be2020f9c7dd16a1",
            "messageTitle": "The Iroha, by Kukai",
            "messageBody": "",
            "insertions": 1,
            "deletions": 1
          }
        ]
      },
      {
        "insertions": 111,
        "deletions": 232,
        "date": "2019-10-02",
        "commitResults": [
          {
            "hash": "40fa2b37f57199537ea68bbd481cd7a998a3a20a",
            "messageTitle": "Transport commands from draft to actual user guide",
            "messageBody": "",
            "insertions": 35,
            "deletions": 181
          },
          {
            "hash": "b0f5f97c6daa41a732791fb77dd00eab87452cad",
            "messageTitle": "Update user stories",
            "messageBody": "",
            "insertions": 10,
            "deletions": 10
          },
          {
            "hash": "5bc242fb52530ba2fcf5c054170aabc1da820617",
            "messageTitle": "On second thought, bullet the list",
            "messageBody": "",
            "insertions": 5,
            "deletions": 1
          },
          {
            "hash": "4830a4b7159a3b119b60c68298cbb00f236b7e58",
            "messageTitle": "Fill in remaining fields of the developer guide",
            "messageBody": "",
            "insertions": 43,
            "deletions": 28
          },
          {
            "hash": "d2a4ea408489b98569d98bb09d95bc47cf9cbe0a",
            "messageTitle": "Patch in product scope and value proposition",
            "messageBody": "",
            "insertions": 5,
            "deletions": 3
          },
          {
            "hash": "d6e3b6fc05d2d61559e4cacd85ee056a04319265",
            "messageTitle": "Polish up user and developer guide after hackathon",
            "messageBody": "",
            "insertions": 13,
            "deletions": 9
          }
        ]
      },
      {
        "insertions": 15,
        "deletions": 39,
        "date": "2019-10-03",
        "commitResults": [
          {
            "hash": "d3abee434209fa51612045f60757508562ccd6b5",
            "messageTitle": "Last user and developer guide polishing for 1.1",
            "messageBody": "",
            "insertions": 15,
            "deletions": 39
          }
        ]
      },
      {
        "insertions": 2,
        "deletions": 0,
        "date": "2019-10-07",
        "commitResults": [
          {
            "hash": "741a89c86727ac4529e8c42dde281ecff10f787a",
            "messageTitle": "Add additional furtive feature",
            "messageBody": "",
            "insertions": 2,
            "deletions": 0
          }
        ]
      }
    ],
    "shuiyao-sg": [
      {
        "insertions": 27,
        "deletions": 24,
        "date": "2019-10-01",
        "commitResults": [
          {
            "hash": "55d8d360df7dcb40f1b6e53b979b225036e3a526",
            "messageTitle": "Replace information in AboutUs.adoc with our project team information",
            "messageBody": "",
            "insertions": 27,
            "deletions": 24
          }
        ]
      },
      {
        "insertions": 152,
        "deletions": 106,
        "date": "2019-10-02",
        "commitResults": [
          {
            "hash": "6931f812ab9f6d55ed2ff74ca0c862a78c53fa5f",
            "messageTitle": "Add revision task features to UserGuide.adoc",
            "messageBody": "",
            "insertions": 30,
            "deletions": 94
          },
          {
            "hash": "cbdbca4606c51f7a807a5b27ed9f54b29f0b3d18",
            "messageTitle": "Modify DeveloperGuide.adoc",
            "messageBody": "",
            "insertions": 3,
            "deletions": 3
          },
          {
            "hash": "5dbd050cad2f5e4feb190f416ccc9a7376abe6a0",
            "messageTitle": "Add User Stories regarding revision and reminder",
            "messageBody": "",
            "insertions": 29,
            "deletions": 0
          },
          {
            "hash": "0efef7f7158f30d776e2002323e55a7ccd08ffb0",
            "messageTitle": "Delete redundant lines",
            "messageBody": "",
            "insertions": 0,
            "deletions": 9
          },
          {
            "hash": "0e92ab190f2e714543a891bf5fea55ad69dfb406",
            "messageTitle": "Add use cases for revision feature",
            "messageBody": "",
            "insertions": 90,
            "deletions": 0
          }
        ]
      },
      {
        "insertions": 71,
        "deletions": 59,
        "date": "2019-10-03",
        "commitResults": [
          {
            "hash": "0465e60e9e06db5e97dbba25b6aadaf0929826f0",
            "messageTitle": "Delete Command Summary in UserGuide.adoc",
            "messageBody": "",
            "insertions": 0,
            "deletions": 14
          },
          {
            "hash": "04a7d7555448df616b1198514039dcddf7baee40",
            "messageTitle": "Add more v2.0 features",
            "messageBody": "",
            "insertions": 10,
            "deletions": 0
          },
          {
            "hash": "1efe733596e26b2186cb443058ef51ca07cb818b",
            "messageTitle": "Fix style inconsistency in Developer Guide Use Cases",
            "messageBody": "",
            "insertions": 61,
            "deletions": 45
          }
        ]
      }
    ],
    "Auxinnn": [
      {
        "insertions": 120,
        "deletions": 2,
        "date": "2019-10-02",
        "commitResults": [
          {
            "hash": "336ffd0e3f89fc9e94167b0b200de2d035e003de",
            "messageTitle": "Update the test mode feature in UG",
            "messageBody": "",
            "insertions": 42,
            "deletions": 2
          },
          {
            "hash": "ee6641a5c31df67f581da0f8ec4351eecab1b166",
            "messageTitle": "Update user stories and use cases in DG",
            "messageBody": "",
            "insertions": 78,
            "deletions": 0
          }
        ]
      }
    ],
    "irene-lly": [
      {
        "insertions": 100,
        "deletions": 180,
        "date": "2019-10-02",
        "commitResults": [
          {
            "hash": "7eef73f3ee20474521a6536c300870f65fb25b80",
            "messageTitle": "Modify userguide for statistics feature",
            "messageBody": "",
            "insertions": 44,
            "deletions": 104
          },
          {
            "hash": "82172a3a80ba21a3a03864f03349aa34076ed22d",
            "messageTitle": "Modify user stories",
            "messageBody": "",
            "insertions": 10,
            "deletions": 0
          },
          {
            "hash": "e726d29ca4a5bd75c18cd17df0cbced868a69fd2",
            "messageTitle": "Remove John profile",
            "messageBody": "",
            "insertions": 0,
            "deletions": 72
          },
          {
            "hash": "20ada70ce04b1eddc23267f0d462bb4918bc2bd5",
            "messageTitle": "Modify use cases",
            "messageBody": "",
            "insertions": 46,
            "deletions": 4
          }
        ]
      }
    ],
    "ShirleyWangxt": [
      {
        "insertions": 136,
        "deletions": 73,
        "date": "2019-10-02",
        "commitResults": [
          {
            "hash": "9ad42822b18f7619af7e439183028021155fedbf",
            "messageTitle": "Modify User guide",
            "messageBody": "",
            "insertions": 45,
            "deletions": 73
          },
          {
            "hash": "0504623a1f16cc2c4e3053b309f86695e29d4de3",
            "messageTitle": "Modify user stories on difficulty feature in developer guide",
            "messageBody": "",
            "insertions": 14,
            "deletions": 0
          },
          {
            "hash": "0ef0f7a02c4d1cee647e2a0a54a7367e2d3a7fe4",
            "messageTitle": "Modify use cases for difficulty in developer guide.",
            "messageBody": "",
            "insertions": 77,
            "deletions": 0
          }
        ]
      }
    ]
  },
  "authorFinalContributionMap": {
    "Parcly-Taxel": 195,
    "shuiyao-sg": 166,
    "Auxinnn": 105,
    "irene-lly": 71,
    "ShirleyWangxt": 97
  },
  "authorFileTypeContributionMap": {
    "Parcly-Taxel": {
      "docs": 193,
      "tests": 0,
      "functional": 0,
      "other": 2
    },
    "shuiyao-sg": {
      "docs": 166,
      "tests": 0,
      "functional": 0
    },
    "Auxinnn": {
      "docs": 105,
      "tests": 0,
      "functional": 0
    },
    "irene-lly": {
      "docs": 71,
      "tests": 0,
      "functional": 0
    },
    "ShirleyWangxt": {
      "docs": 97,
      "tests": 0,
      "functional": 0
    }
  },
  "authorContributionVariance": {
    "Parcly-Taxel": 9165.374,
    "shuiyao-sg": 2501.327,
    "Auxinnn": 450.58984,
    "irene-lly": 2373.4375,
    "ShirleyWangxt": 1322.3739
  },
  "authorDisplayNameMap": {
    "Parcly-Taxel": "CS2103T-F11-4 JEREM ... IERUI",
    "shuiyao-sg": "CS2103T-F11-4 SHUI  ... I YAO",
    "Auxinnn": "CS2103T-F11-4 ZHANG ... NGJUN",
    "irene-lly": "CS2103T-F11-4 LEE L ... IRENE",
    "ShirleyWangxt": "CS2103T-F11-4 WANG  ... ETING"
  }
}
