{
  "authorDailyContributionsMap": {
    "Parcly-Taxel": [
      {
        "insertions": 1,
        "deletions": 2,
        "date": "2019-09-11",
        "commitResults": [
          {
            "hash": "3acae359cc364c8ad7fd16b80f937a2743a180f2",
            "messageTitle": "Update Travis link",
            "messageBody": "",
            "insertions": 1,
            "deletions": 1
          },
          {
            "hash": "5985bde28b911bacb084e423d361cf432650a70b",
            "messageTitle": "Remove Codacy badge",
            "messageBody": "",
            "insertions": 0,
            "deletions": 1
          }
        ]
      },
      {
        "insertions": 5,
        "deletions": 8,
        "date": "2019-09-21",
        "commitResults": [
          {
            "hash": "bc82351af3d48521bf0012cd229b40b2619c00aa",
            "messageTitle": "Remove educational messages in the readme",
            "messageBody": "",
            "insertions": 5,
            "deletions": 8
          }
        ]
      },
      {
        "insertions": 59,
        "deletions": 384,
        "date": "2019-09-29",
        "commitResults": [
          {
            "hash": "7e6401794dbe2c04e06d7a59e719120d7d170c5a",
            "messageTitle": "Update project website for real",
            "messageBody": "",
            "insertions": 24,
            "deletions": 31
          },
          {
            "hash": "346a462261bfaf9abac045fe10048c80bf03aeb1",
            "messageTitle": "Remove more of the default branding",
            "messageBody": "",
            "insertions": 2,
            "deletions": 2
          },
          {
            "hash": "d5e7594f9b013c5a8b92c48995eb14753a3b56bc",
            "messageTitle": "Write some manner of an introduction",
            "messageBody": "",
            "insertions": 23,
            "deletions": 20
          },
          {
            "hash": "bff30fa4b932eb10bfb419599b0bda61fad368be",
            "messageTitle": "Remove more of the default cruft",
            "messageBody": "",
            "insertions": 2,
            "deletions": 218
          },
          {
            "hash": "6aeb17a5ec608b3312aa51bc55c840167e778986",
            "messageTitle": "Remove AppVeyor; Travis only will be used",
            "messageBody": "",
            "insertions": 8,
            "deletions": 113
          }
        ]
      },
      {
        "insertions": 8,
        "deletions": 13,
        "date": "2019-09-30",
        "commitResults": [
          {
            "hash": "55f2cb183e3f9cf6f3c61275caaf7e3fb89234c9",
            "messageTitle": "色は匂へど 散りぬるを 我が世誰ぞ 常ならむ",
            "messageBody": "",
            "insertions": 6,
            "deletions": 8
          },
          {
            "hash": "b0dba97e486e309cbf9a5ef6a0bca06daf799a76",
            "messageTitle": "有為の奥山 今日越えて 浅き夢見じ 酔ひもせず",
            "messageBody": "",
            "insertions": 1,
            "deletions": 4
          },
          {
            "hash": "105092b6dac5453b65397c77be2020f9c7dd16a1",
            "messageTitle": "The Iroha, by Kukai",
            "messageBody": "",
            "insertions": 1,
            "deletions": 1
          }
        ]
      },
      {
        "insertions": 111,
        "deletions": 232,
        "date": "2019-10-02",
        "commitResults": [
          {
            "hash": "40fa2b37f57199537ea68bbd481cd7a998a3a20a",
            "messageTitle": "Transport commands from draft to actual user guide",
            "messageBody": "",
            "insertions": 35,
            "deletions": 181
          },
          {
            "hash": "b0f5f97c6daa41a732791fb77dd00eab87452cad",
            "messageTitle": "Update user stories",
            "messageBody": "",
            "insertions": 10,
            "deletions": 10
          },
          {
            "hash": "5bc242fb52530ba2fcf5c054170aabc1da820617",
            "messageTitle": "On second thought, bullet the list",
            "messageBody": "",
            "insertions": 5,
            "deletions": 1
          },
          {
            "hash": "4830a4b7159a3b119b60c68298cbb00f236b7e58",
            "messageTitle": "Fill in remaining fields of the developer guide",
            "messageBody": "",
            "insertions": 43,
            "deletions": 28
          },
          {
            "hash": "d2a4ea408489b98569d98bb09d95bc47cf9cbe0a",
            "messageTitle": "Patch in product scope and value proposition",
            "messageBody": "",
            "insertions": 5,
            "deletions": 3
          },
          {
            "hash": "d6e3b6fc05d2d61559e4cacd85ee056a04319265",
            "messageTitle": "Polish up user and developer guide after hackathon",
            "messageBody": "",
            "insertions": 13,
            "deletions": 9
          }
        ]
      },
      {
        "insertions": 15,
        "deletions": 39,
        "date": "2019-10-03",
        "commitResults": [
          {
            "hash": "d3abee434209fa51612045f60757508562ccd6b5",
            "messageTitle": "Last user and developer guide polishing for 1.1",
            "messageBody": "",
            "insertions": 15,
            "deletions": 39
          }
        ]
      },
      {
        "insertions": 2,
        "deletions": 0,
        "date": "2019-10-07",
        "commitResults": [
          {
            "hash": "741a89c86727ac4529e8c42dde281ecff10f787a",
            "messageTitle": "Add additional furtive feature",
            "messageBody": "",
            "insertions": 2,
            "deletions": 0
          }
        ]
      },
      {
        "insertions": 941,
        "deletions": 2129,
        "date": "2019-10-08",
        "commitResults": [
          {
            "hash": "3b264740c0f30b9494cb65a0e4ae2393dc7df732",
            "messageTitle": "Introduce lecture note fields",
            "messageBody": "",
            "insertions": 941,
            "deletions": 2129
          }
        ]
      },
      {
        "insertions": 999,
        "deletions": 1442,
        "date": "2019-10-09",
        "commitResults": [
          {
            "hash": "e511ba3314e76b8a98fc9cc7e32dc84c361971ee",
            "messageTitle": "EditPersonDescriptor -\u003e EditNoteDescriptor, etc.",
            "messageBody": "",
            "insertions": 142,
            "deletions": 159
          },
          {
            "hash": "e74febbd0cba24e182f0763f7548a93c95c04908",
            "messageTitle": "Remove (most) Model and ModelManager uses of persons",
            "messageBody": "",
            "insertions": 129,
            "deletions": 147
          },
          {
            "hash": "863fa6b65c8d49ca670ea1a4976fb76a1179d4bc",
            "messageTitle": "JsonAdaptedPerson -\u003e JsonAdaptedNote, etc.",
            "messageBody": "",
            "insertions": 112,
            "deletions": 123
          },
          {
            "hash": "8aac7a3bff0e011aea8f62b78153e63ccc484c9a",
            "messageTitle": "Lowercase persons removed, except for packages and imports",
            "messageBody": "",
            "insertions": 39,
            "deletions": 40
          },
          {
            "hash": "599e7d80c391ec633ef9c0f1225acc79f2bc9c9b",
            "messageTitle": "Rename Person class to Note",
            "messageBody": "",
            "insertions": 243,
            "deletions": 245
          },
          {
            "hash": "f5244c397b098c95d905b9eb96fbdc104a14b7b3",
            "messageTitle": "A note that they all pertain to notes...!",
            "messageBody": "",
            "insertions": 236,
            "deletions": 234
          },
          {
            "hash": "7ad6c4659fa8e734c6c81e9825028d4b8ccc0bee",
            "messageTitle": "Rename person package to note",
            "messageBody": "",
            "insertions": 98,
            "deletions": 98
          },
          {
            "hash": "66ac6c227757cc371c8c7423948725e96274ae84",
            "messageTitle": "Remove tutorials (?)",
            "messageBody": "",
            "insertions": 0,
            "deletions": 396
          }
        ]
      },
      {
        "insertions": 80,
        "deletions": 0,
        "date": "2019-10-14",
        "commitResults": [
          {
            "hash": "5f198364826e77c9cb832e95c80865a89543db39",
            "messageTitle": "Reintroduce project portfolio pages, but customised",
            "messageBody": "",
            "insertions": 80,
            "deletions": 0
          }
        ]
      },
      {
        "insertions": 81,
        "deletions": 158,
        "date": "2019-10-15",
        "commitResults": [
          {
            "hash": "da0be7a2d824e632555d0d76d22d12995cc11b04",
            "messageTitle": "Fix extra parenthesis",
            "messageBody": "",
            "insertions": 1,
            "deletions": 1
          },
          {
            "hash": "6412d69eaa4949b5fbb67230a6c4d731925256ca",
            "messageTitle": "Fix trailing whitespace",
            "messageBody": "",
            "insertions": 6,
            "deletions": 6
          },
          {
            "hash": "539f0420ce0fa3ed9f0bddd7d345130d36df1eb8",
            "messageTitle": "Remove Coveralls and further develop the project portfolio",
            "messageBody": "",
            "insertions": 71,
            "deletions": 148
          },
          {
            "hash": "65369b0c50050d666a2de32542ed13c3e3a4a34b",
            "messageTitle": "Correctly link portfolio",
            "messageBody": "",
            "insertions": 3,
            "deletions": 3
          }
        ]
      },
      {
        "insertions": 3,
        "deletions": 3,
        "date": "2019-10-16",
        "commitResults": [
          {
            "hash": "691c325a21fa88b60812e80644333cee4db11088",
            "messageTitle": "Don\u0027t truncate lecture note title and content",
            "messageBody": "",
            "insertions": 3,
            "deletions": 3
          }
        ]
      },
      {
        "insertions": 15,
        "deletions": 34,
        "date": "2019-10-17",
        "commitResults": [
          {
            "hash": "59a306b0d61232d055e83e226c67e626273dd5f3",
            "messageTitle": "Show Kuzka\u0027s mother to the original developers",
            "messageBody": "",
            "insertions": 0,
            "deletions": 20
          },
          {
            "hash": "a0ef9f0b415b759759a6d49256018f8e46ec6c91",
            "messageTitle": "List all lecture notes, clear all lecture notes",
            "messageBody": "",
            "insertions": 15,
            "deletions": 14
          }
        ]
      },
      {
        "insertions": 33,
        "deletions": 62,
        "date": "2019-10-18",
        "commitResults": [
          {
            "hash": "489d09e1b5d38cc07789a9fe73b56d709208f402",
            "messageTitle": "Remove address book branding from logs and docs",
            "messageBody": "",
            "insertions": 33,
            "deletions": 62
          }
        ]
      },
      {
        "insertions": 932,
        "deletions": 1237,
        "date": "2019-10-20",
        "commitResults": [
          {
            "hash": "a5f35125b93ec8c32d09d1551aef97f609dc886d",
            "messageTitle": "Refactor developer guide",
            "messageBody": "",
            "insertions": 113,
            "deletions": 221
          },
          {
            "hash": "164884c624f50a82e3ae3a9f95b7c840782b5c41",
            "messageTitle": "Change AddressBook to AppData and Person to Note everywhere",
            "messageBody": "",
            "insertions": 819,
            "deletions": 1016
          }
        ]
      },
      {
        "insertions": 58,
        "deletions": 36,
        "date": "2019-10-22",
        "commitResults": [
          {
            "hash": "b43d1733e154bae4fb35c349dd80ae30164f2e4f",
            "messageTitle": "Package note-related commands",
            "messageBody": "",
            "insertions": 58,
            "deletions": 36
          }
        ]
      },
      {
        "insertions": 344,
        "deletions": 146,
        "date": "2019-10-23",
        "commitResults": [
          {
            "hash": "8bc4fae445a3c18957504079261b90a4b4cd1763",
            "messageTitle": "Implement images in lecture notes",
            "messageBody": "",
            "insertions": 252,
            "deletions": 56
          },
          {
            "hash": "919d68ad122a8e9c73803b11ce32e8ab77092f2a",
            "messageTitle": "Delete AB3 diagrams and images",
            "messageBody": "",
            "insertions": 1,
            "deletions": 21
          },
          {
            "hash": "4a62cab8cf976b1177d9b1c082279bcc55fd4cec",
            "messageTitle": "Add image support to the portfolio",
            "messageBody": "",
            "insertions": 3,
            "deletions": 0
          },
          {
            "hash": "b04df86fad9efa06a0422cfee74d31ec4a7a18ec",
            "messageTitle": "Replace icon for NUStudy",
            "messageBody": "Also shrink one of the CommandResult constructors\n",
            "insertions": 61,
            "deletions": 55
          },
          {
            "hash": "c65c8d94ca86f671839590035285a90044d7093e",
            "messageTitle": "Purge redundant icons",
            "messageBody": "",
            "insertions": 2,
            "deletions": 6
          },
          {
            "hash": "3e26b34c2a550038c4e6fcac9b4bc884f6d8955a",
            "messageTitle": "Properly implement lecture note clearing",
            "messageBody": "",
            "insertions": 25,
            "deletions": 8
          }
        ]
      }
    ],
    "shuiyao-sg": [
      {
        "insertions": 27,
        "deletions": 24,
        "date": "2019-10-01",
        "commitResults": [
          {
            "hash": "55d8d360df7dcb40f1b6e53b979b225036e3a526",
            "messageTitle": "Replace information in AboutUs.adoc with our project team information",
            "messageBody": "",
            "insertions": 27,
            "deletions": 24
          }
        ]
      },
      {
        "insertions": 152,
        "deletions": 106,
        "date": "2019-10-02",
        "commitResults": [
          {
            "hash": "6931f812ab9f6d55ed2ff74ca0c862a78c53fa5f",
            "messageTitle": "Add revision task features to UserGuide.adoc",
            "messageBody": "",
            "insertions": 30,
            "deletions": 94
          },
          {
            "hash": "cbdbca4606c51f7a807a5b27ed9f54b29f0b3d18",
            "messageTitle": "Modify DeveloperGuide.adoc",
            "messageBody": "",
            "insertions": 3,
            "deletions": 3
          },
          {
            "hash": "5dbd050cad2f5e4feb190f416ccc9a7376abe6a0",
            "messageTitle": "Add User Stories regarding revision and reminder",
            "messageBody": "",
            "insertions": 29,
            "deletions": 0
          },
          {
            "hash": "0efef7f7158f30d776e2002323e55a7ccd08ffb0",
            "messageTitle": "Delete redundant lines",
            "messageBody": "",
            "insertions": 0,
            "deletions": 9
          },
          {
            "hash": "0e92ab190f2e714543a891bf5fea55ad69dfb406",
            "messageTitle": "Add use cases for revision feature",
            "messageBody": "",
            "insertions": 90,
            "deletions": 0
          }
        ]
      },
      {
        "insertions": 71,
        "deletions": 59,
        "date": "2019-10-03",
        "commitResults": [
          {
            "hash": "0465e60e9e06db5e97dbba25b6aadaf0929826f0",
            "messageTitle": "Delete Command Summary in UserGuide.adoc",
            "messageBody": "",
            "insertions": 0,
            "deletions": 14
          },
          {
            "hash": "04a7d7555448df616b1198514039dcddf7baee40",
            "messageTitle": "Add more v2.0 features",
            "messageBody": "",
            "insertions": 10,
            "deletions": 0
          },
          {
            "hash": "1efe733596e26b2186cb443058ef51ca07cb818b",
            "messageTitle": "Fix style inconsistency in Developer Guide Use Cases",
            "messageBody": "",
            "insertions": 61,
            "deletions": 45
          }
        ]
      },
      {
        "insertions": 217,
        "deletions": 54,
        "date": "2019-10-10",
        "commitResults": [
          {
            "hash": "9d708fef5b01a026973653bf17f45256bb32f18c",
            "messageTitle": "Add Task.java, TaskForNote.java, TaskForQuestion.java",
            "messageBody": "",
            "insertions": 120,
            "deletions": 0
          },
          {
            "hash": "897bc190ce0753db53b9096bcd8992f27aaff60a",
            "messageTitle": "Add TaskTest.java, TaskForNoteTest.java, TaskForQuestionTest.java",
            "messageBody": "",
            "insertions": 38,
            "deletions": 2
          },
          {
            "hash": "087b161e6ed70af58fa9f24d1b4869312b88154c",
            "messageTitle": "Fix checkstyle",
            "messageBody": "",
            "insertions": 55,
            "deletions": 17
          },
          {
            "hash": "cc80a00e12568a4275ee46104c05035bc57c7862",
            "messageTitle": "Delete TaskForQuestion.java and relevant tests",
            "messageBody": "",
            "insertions": 4,
            "deletions": 35
          }
        ]
      },
      {
        "insertions": 755,
        "deletions": 103,
        "date": "2019-10-14",
        "commitResults": [
          {
            "hash": "7f7732c38eedb1a3588f328337459f5d42d01982",
            "messageTitle": "Implement TaskList. Modify related methods in ModelManager and AddressBook. Add TaskNotFoundException.java",
            "messageBody": "",
            "insertions": 218,
            "deletions": 0
          },
          {
            "hash": "fdeea9bc1203bd93bda4f577eae9a821536c4e81",
            "messageTitle": "Add accessors for filteredTaskList in ModelManager",
            "messageBody": "",
            "insertions": 58,
            "deletions": 1
          },
          {
            "hash": "907ef04d08d711ffbf63106f61767e65a1e13869",
            "messageTitle": "Add one more Vbox in MainWindow for display of task list",
            "messageBody": "",
            "insertions": 194,
            "deletions": 9
          },
          {
            "hash": "66e1dff9fe5d9a05a6529f8981454eba0905af5a",
            "messageTitle": "Implement storage for revision tasks",
            "messageBody": "",
            "insertions": 138,
            "deletions": 11
          },
          {
            "hash": "1423da3e97155e0d0b7beee583670376538bd6b2",
            "messageTitle": "Fix test case errors and checkStyle errors",
            "messageBody": "",
            "insertions": 147,
            "deletions": 82
          }
        ]
      },
      {
        "insertions": 143,
        "deletions": 3,
        "date": "2019-10-15",
        "commitResults": [
          {
            "hash": "472d6ee8176bf752245a0ee6aaa7b675bd25b790",
            "messageTitle": "Implement Done command for task",
            "messageBody": "",
            "insertions": 143,
            "deletions": 3
          }
        ]
      },
      {
        "insertions": 174,
        "deletions": 24,
        "date": "2019-10-16",
        "commitResults": [
          {
            "hash": "c369a66706996620a81c0a7b785f83314938450e",
            "messageTitle": "Modify UserGuide task feature commands according to actual implementation",
            "messageBody": "",
            "insertions": 18,
            "deletions": 19
          },
          {
            "hash": "a822d574c3e2e2e8f0463013947bf06a246fec1b",
            "messageTitle": "Implement delete command for task",
            "messageBody": "",
            "insertions": 90,
            "deletions": 0
          },
          {
            "hash": "a54c76764585a8b8d1cac0ef3a450abf31d70cbd",
            "messageTitle": "Implement clear command for tasks",
            "messageBody": "",
            "insertions": 47,
            "deletions": 0
          },
          {
            "hash": "020f0a042236199c86861bedb1cc981c248bb2b1",
            "messageTitle": "random commit",
            "messageBody": "",
            "insertions": 13,
            "deletions": 1
          },
          {
            "hash": "3b36c584cbb77ab4680fec9691c0de348f9e94eb",
            "messageTitle": "Fix bug where done task status icon change is not reflected in GUI",
            "messageBody": "",
            "insertions": 5,
            "deletions": 3
          },
          {
            "hash": "f0c3af7b1a997673e9fd6c7c151ea82efac5b51a",
            "messageTitle": "Add new line to EOF of PortfolioShuiYao.adoc",
            "messageBody": "",
            "insertions": 1,
            "deletions": 1
          }
        ]
      },
      {
        "insertions": 236,
        "deletions": 10,
        "date": "2019-10-22",
        "commitResults": [
          {
            "hash": "409e433270f8a872484cd26fb0a1e8d0ea9ba0c8",
            "messageTitle": "Draww Sequence Diagram for adding task",
            "messageBody": "",
            "insertions": 90,
            "deletions": 0
          },
          {
            "hash": "dea36b803cfc20863916cac18afc0fc793c7d5fa",
            "messageTitle": "Update DG",
            "messageBody": "",
            "insertions": 8,
            "deletions": 5
          },
          {
            "hash": "b73e2a1bee1f16a930cda8af8a35f1aa3a302307",
            "messageTitle": "Integrate AddTaskForNotes sequence diagram to DG",
            "messageBody": "",
            "insertions": 10,
            "deletions": 3
          },
          {
            "hash": "83c7e66b40dbb3c9469f720dcbd91e3c790820b6",
            "messageTitle": "Add class diagram for Task",
            "messageBody": "",
            "insertions": 110,
            "deletions": 0
          },
          {
            "hash": "011e3db4cc419935029dff10fd26dc2e37e76425",
            "messageTitle": "Update DG: Add task feature",
            "messageBody": "",
            "insertions": 16,
            "deletions": 0
          },
          {
            "hash": "194187e62bf41218b40b3a30678011c9e9ce7eff",
            "messageTitle": "Fix style",
            "messageBody": "",
            "insertions": 2,
            "deletions": 2
          }
        ]
      },
      {
        "insertions": 391,
        "deletions": 210,
        "date": "2019-10-23",
        "commitResults": [
          {
            "hash": "5bdf51723278991cd144dd50dab13b1353b0b091",
            "messageTitle": "Implement adding task for question. Refractor adding task for note",
            "messageBody": "",
            "insertions": 391,
            "deletions": 210
          }
        ]
      }
    ],
    "Auxinnn": [
      {
        "insertions": 120,
        "deletions": 2,
        "date": "2019-10-02",
        "commitResults": [
          {
            "hash": "336ffd0e3f89fc9e94167b0b200de2d035e003de",
            "messageTitle": "Update the test mode feature in UG",
            "messageBody": "",
            "insertions": 42,
            "deletions": 2
          },
          {
            "hash": "ee6641a5c31df67f581da0f8ec4351eecab1b166",
            "messageTitle": "Update user stories and use cases in DG",
            "messageBody": "",
            "insertions": 78,
            "deletions": 0
          }
        ]
      },
      {
        "insertions": 269,
        "deletions": 18,
        "date": "2019-10-10",
        "commitResults": [
          {
            "hash": "e61f589e706afa946580a03459a7f9992391df28",
            "messageTitle": "Basic implementation of QuizModeCommand",
            "messageBody": "",
            "insertions": 203,
            "deletions": 0
          },
          {
            "hash": "2b4f299cf41523a51b7c0256f8546b18c76ed589",
            "messageTitle": "Minor bug fixed",
            "messageBody": "",
            "insertions": 2,
            "deletions": 1
          },
          {
            "hash": "6d938af697acbba936fce726e70768f1faf9bde9",
            "messageTitle": "Fix check style problems",
            "messageBody": "",
            "insertions": 64,
            "deletions": 17
          }
        ]
      },
      {
        "insertions": 194,
        "deletions": 0,
        "date": "2019-10-12",
        "commitResults": [
          {
            "hash": "089f466e25422e9645e269d23f6ebfc3be0127a6",
            "messageTitle": "Basic structure of question model, to be implemented further",
            "messageBody": "",
            "insertions": 194,
            "deletions": 0
          }
        ]
      },
      {
        "insertions": 367,
        "deletions": 35,
        "date": "2019-10-13",
        "commitResults": [
          {
            "hash": "46916dd8874f5a6e54ec9d013576deb92679b122",
            "messageTitle": "More implementations on the quiz mode command",
            "messageBody": "",
            "insertions": 95,
            "deletions": 8
          },
          {
            "hash": "3d50da9b9e118e32acb4573a83c97b39db1b9dea",
            "messageTitle": "Fix checkstyle",
            "messageBody": "",
            "insertions": 4,
            "deletions": 4
          },
          {
            "hash": "a018808a28be8d1c298c9b18dc489b7e956c50e6",
            "messageTitle": "Implement quiz feature to support input from users and update quit command",
            "messageBody": "",
            "insertions": 217,
            "deletions": 13
          },
          {
            "hash": "a664cd07296a109e57e0d288a7bd6b48eac3cfe3",
            "messageTitle": "Fix checkstyle",
            "messageBody": "",
            "insertions": 34,
            "deletions": 4
          },
          {
            "hash": "db408e4a25d8095cd6b4b5edbac03164d89d2c9c",
            "messageTitle": "Fix checkstyle",
            "messageBody": "",
            "insertions": 4,
            "deletions": 5
          },
          {
            "hash": "130bd189a5750f2a0efa11f858f42dea51507eac",
            "messageTitle": "Fix order of static variable definition",
            "messageBody": "",
            "insertions": 1,
            "deletions": 1
          },
          {
            "hash": "d7d3f622f51fcb9fd4716f1decd3d1036451679f",
            "messageTitle": "Implement test cases",
            "messageBody": "",
            "insertions": 12,
            "deletions": 0
          }
        ]
      },
      {
        "insertions": 54,
        "deletions": 1,
        "date": "2019-10-14",
        "commitResults": [
          {
            "hash": "593592f9c79836832434510fb26aa80725244271",
            "messageTitle": "Update on show an answer of the quiz question",
            "messageBody": "",
            "insertions": 54,
            "deletions": 1
          }
        ]
      },
      {
        "insertions": 88,
        "deletions": 31,
        "date": "2019-10-15",
        "commitResults": [
          {
            "hash": "a5e9ed6a532c02c7a3a227c26aa1d8cc91105652",
            "messageTitle": "Updates on implementation of showing an answer in quiz.",
            "messageBody": "",
            "insertions": 19,
            "deletions": 6
          },
          {
            "hash": "4bd7d0bffc48de8ab8a51b7e126826a4652e2e6d",
            "messageTitle": "Fix checkstyle",
            "messageBody": "",
            "insertions": 0,
            "deletions": 1
          },
          {
            "hash": "f982f5969e322a0524a894ed02706f2b716801e5",
            "messageTitle": "Implement test case",
            "messageBody": "",
            "insertions": 5,
            "deletions": 0
          },
          {
            "hash": "02944fb4c028499710ca7203268a05c5503f37d0",
            "messageTitle": "Update quiz mode to store questions",
            "messageBody": "",
            "insertions": 64,
            "deletions": 24
          }
        ]
      },
      {
        "insertions": 612,
        "deletions": 99,
        "date": "2019-10-16",
        "commitResults": [
          {
            "hash": "77b16dcdd1a13b025ffc4519afba7031d12c088c",
            "messageTitle": "Add an Ui part for quiz and some methods for quiz question list",
            "messageBody": "",
            "insertions": 194,
            "deletions": 29
          },
          {
            "hash": "5c8d940cd8479c906978937bfc66418bde4d49fe",
            "messageTitle": "Further implementation on Ui and fix some problems for check answer in quiz",
            "messageBody": "",
            "insertions": 73,
            "deletions": 17
          },
          {
            "hash": "f817c7ff26d243cd1f9a525017ff120fc9328985",
            "messageTitle": "Fix checkstyle",
            "messageBody": "",
            "insertions": 10,
            "deletions": 6
          },
          {
            "hash": "8da72198cb5cc4d7eb54de500bb0bc1f24f9a729",
            "messageTitle": "Add test cases",
            "messageBody": "",
            "insertions": 28,
            "deletions": 12
          },
          {
            "hash": "a390d50f39d8a4e3407e849867c7a8203877f2b6",
            "messageTitle": "Fix checkstyle",
            "messageBody": "",
            "insertions": 2,
            "deletions": 1
          },
          {
            "hash": "0f34e3a901081dd5e9e566e20291122d5a3a8f6a",
            "messageTitle": "Fix minor bugs",
            "messageBody": "",
            "insertions": 6,
            "deletions": 3
          },
          {
            "hash": "f460a7105f95179a6911d11bd5c31492a0fa455f",
            "messageTitle": "Update User Guide for quiz part",
            "messageBody": "",
            "insertions": 10,
            "deletions": 6
          },
          {
            "hash": "fb3918418f544e05cc4bb43d1eb780e2c1543658",
            "messageTitle": "Fix checkstyle",
            "messageBody": "",
            "insertions": 0,
            "deletions": 3
          },
          {
            "hash": "b91ccbe3610e15d3ca4e9e367197b50d0ed9e52a",
            "messageTitle": "Fix checkstyle",
            "messageBody": "",
            "insertions": 3,
            "deletions": 3
          },
          {
            "hash": "6e2c5e96431eb82949ff812303135df54db8c7a2",
            "messageTitle": "Implement on main structure of quiz result",
            "messageBody": "",
            "insertions": 163,
            "deletions": 4
          },
          {
            "hash": "97d37bbed45ad6c3e0c3d10cb7020df86f93e865",
            "messageTitle": "Update the storage part of quiz result",
            "messageBody": "",
            "insertions": 107,
            "deletions": 1
          },
          {
            "hash": "35644d16276f4501d21b574770edeee4fcf9f81f",
            "messageTitle": "Allow quiz to randomly select questions from question list",
            "messageBody": "",
            "insertions": 16,
            "deletions": 14
          }
        ]
      },
      {
        "insertions": 198,
        "deletions": 50,
        "date": "2019-10-17",
        "commitResults": [
          {
            "hash": "a7d74ae584e46463ca9f61e5b31ef6b59ec65117",
            "messageTitle": "Fix checkstyle",
            "messageBody": "",
            "insertions": 13,
            "deletions": 5
          },
          {
            "hash": "3ea4a3ee8652c16902c50fdd6541bfd869433a58",
            "messageTitle": "Add test cases",
            "messageBody": "",
            "insertions": 91,
            "deletions": 3
          },
          {
            "hash": "0f591b1b8c09272cd106c2f8d5f614d48e9dca90",
            "messageTitle": "Fix checkstyle",
            "messageBody": "",
            "insertions": 3,
            "deletions": 3
          },
          {
            "hash": "c1e1522e630d8cb6f4c25e1449f3ce8d10a80197",
            "messageTitle": "Fix minor bugs",
            "messageBody": "",
            "insertions": 9,
            "deletions": 2
          },
          {
            "hash": "b427fa2af12417ed1101e123cf26e2894c5d545a",
            "messageTitle": "Fix minor bugs",
            "messageBody": "",
            "insertions": 1,
            "deletions": 1
          },
          {
            "hash": "b326d5ba4438b9b0c29848e67ac04b68a31b0aca",
            "messageTitle": "Fix some bugs and deal with exception during quiz",
            "messageBody": "",
            "insertions": 77,
            "deletions": 35
          },
          {
            "hash": "456ee946a6f9a246431211643a48e752aee5c01f",
            "messageTitle": "Fix checkstyle",
            "messageBody": "",
            "insertions": 4,
            "deletions": 1
          }
        ]
      },
      {
        "insertions": 248,
        "deletions": 83,
        "date": "2019-10-22",
        "commitResults": [
          {
            "hash": "075a4a0f91905785a853182c30a4acd60f79bfd9",
            "messageTitle": "Update develop guide",
            "messageBody": "",
            "insertions": 65,
            "deletions": 0
          },
          {
            "hash": "697af2a795578459db33fa8d0b22839b1a396020",
            "messageTitle": "Update sequence and activity diagram for quiz",
            "messageBody": "",
            "insertions": 83,
            "deletions": 0
          },
          {
            "hash": "1177572f0b3d436f75de62175338051e1b43aabf",
            "messageTitle": "Update png for diagrams",
            "messageBody": "",
            "insertions": 5,
            "deletions": 1
          },
          {
            "hash": "54d3aca7314f2705855e5b85335dc45628b582b9",
            "messageTitle": "Add newline",
            "messageBody": "",
            "insertions": 2,
            "deletions": 2
          },
          {
            "hash": "5ed8063c45abe2d8caadde78b6d3a371cf6fb0d7",
            "messageTitle": "Allow Question and Quiz using same panel",
            "messageBody": "",
            "insertions": 93,
            "deletions": 80
          }
        ]
      },
      {
        "insertions": 11,
        "deletions": 2,
        "date": "2019-10-23",
        "commitResults": [
          {
            "hash": "f47ff63a894a4f527f165b3eeb85d3bdb45217e7",
            "messageTitle": "Minor modification",
            "messageBody": "",
            "insertions": 11,
            "deletions": 2
          }
        ]
      }
    ],
    "irene-lly": [
      {
        "insertions": 100,
        "deletions": 180,
        "date": "2019-10-02",
        "commitResults": [
          {
            "hash": "7eef73f3ee20474521a6536c300870f65fb25b80",
            "messageTitle": "Modify userguide for statistics feature",
            "messageBody": "",
            "insertions": 44,
            "deletions": 104
          },
          {
            "hash": "82172a3a80ba21a3a03864f03349aa34076ed22d",
            "messageTitle": "Modify user stories",
            "messageBody": "",
            "insertions": 10,
            "deletions": 0
          },
          {
            "hash": "e726d29ca4a5bd75c18cd17df0cbced868a69fd2",
            "messageTitle": "Remove John profile",
            "messageBody": "",
            "insertions": 0,
            "deletions": 72
          },
          {
            "hash": "20ada70ce04b1eddc23267f0d462bb4918bc2bd5",
            "messageTitle": "Modify use cases",
            "messageBody": "",
            "insertions": 46,
            "deletions": 4
          }
        ]
      },
      {
        "insertions": 469,
        "deletions": 37,
        "date": "2019-10-14",
        "commitResults": [
          {
            "hash": "b72b4cd3452e30f1f58fe082bdfc7dd43a5cbfcc",
            "messageTitle": "Implement a skeleton of statistics features",
            "messageBody": "",
            "insertions": 405,
            "deletions": 21
          },
          {
            "hash": "a4653a7ea21c56247f059e206216f84c8ce2a88c",
            "messageTitle": "Update javadocs for statistics commands",
            "messageBody": "",
            "insertions": 61,
            "deletions": 5
          },
          {
            "hash": "947f4de4ab19cf1f25f9ff430c6a606c0473eb9e",
            "messageTitle": "Edit user guide for statistics section",
            "messageBody": "",
            "insertions": 3,
            "deletions": 11
          }
        ]
      },
      {
        "insertions": 61,
        "deletions": 18,
        "date": "2019-10-15",
        "commitResults": [
          {
            "hash": "4d29a50af84d394f7bb8950fd158e4a5cf174ac4",
            "messageTitle": "Add in a stub for statistics",
            "messageBody": "",
            "insertions": 39,
            "deletions": 10
          },
          {
            "hash": "f84a7cef5603cb0fd078a6518c194cbd10d0ea8d",
            "messageTitle": "Add javadoc for StatisticsStub",
            "messageBody": "",
            "insertions": 4,
            "deletions": 1
          },
          {
            "hash": "3c1c7a66458e38876d028211001807644e42e5eb",
            "messageTitle": "Fix checkstyle errors",
            "messageBody": "",
            "insertions": 18,
            "deletions": 7
          }
        ]
      },
      {
        "insertions": 80,
        "deletions": 35,
        "date": "2019-10-16",
        "commitResults": [
          {
            "hash": "72a8f4f876ac1f9ce0aef6d724873584137d73af",
            "messageTitle": "Edit Ui for statistics feature",
            "messageBody": "",
            "insertions": 56,
            "deletions": 25
          },
          {
            "hash": "d2f887a9888f30ff523554c46afb89277c172037",
            "messageTitle": "Enable scrolling in stats feature",
            "messageBody": "",
            "insertions": 24,
            "deletions": 10
          }
        ]
      },
      {
        "insertions": 696,
        "deletions": 210,
        "date": "2019-10-17",
        "commitResults": [
          {
            "hash": "25f51fe8cc03d5c698f10c114647d28d3b23d897",
            "messageTitle": "Read quiz results from storage",
            "messageBody": "",
            "insertions": 399,
            "deletions": 54
          },
          {
            "hash": "a298557cfddaa28173eef915e34ed4cafc1d96c0",
            "messageTitle": "Add basic Ui for questions command",
            "messageBody": "",
            "insertions": 252,
            "deletions": 101
          },
          {
            "hash": "ae071a64cfefd3e2accb80a233e89ffe96d3abff",
            "messageTitle": "Fix checkstyle errors",
            "messageBody": "",
            "insertions": 45,
            "deletions": 55
          }
        ]
      },
      {
        "insertions": 153,
        "deletions": 0,
        "date": "2019-10-22",
        "commitResults": [
          {
            "hash": "b86d462cacdd01c7492d4f0bc3dfc3bd79248efa",
            "messageTitle": "Update developer guide with Statistics implementation",
            "messageBody": "",
            "insertions": 150,
            "deletions": 0
          },
          {
            "hash": "e4d7b5a9c68e1dfa1dde18827728ffdc7eca7cc9",
            "messageTitle": "Show images in Statistics portion of developer guide",
            "messageBody": "",
            "insertions": 3,
            "deletions": 0
          }
        ]
      }
    ],
    "ShirleyWangxt": [
      {
        "insertions": 136,
        "deletions": 73,
        "date": "2019-10-02",
        "commitResults": [
          {
            "hash": "9ad42822b18f7619af7e439183028021155fedbf",
            "messageTitle": "Modify User guide",
            "messageBody": "",
            "insertions": 45,
            "deletions": 73
          },
          {
            "hash": "0504623a1f16cc2c4e3053b309f86695e29d4de3",
            "messageTitle": "Modify user stories on difficulty feature in developer guide",
            "messageBody": "",
            "insertions": 14,
            "deletions": 0
          },
          {
            "hash": "0ef0f7a02c4d1cee647e2a0a54a7367e2d3a7fe4",
            "messageTitle": "Modify use cases for difficulty in developer guide.",
            "messageBody": "",
            "insertions": 77,
            "deletions": 0
          }
        ]
      },
      {
        "insertions": 595,
        "deletions": 94,
        "date": "2019-10-15",
        "commitResults": [
          {
            "hash": "f3c5d2f12afc99e2fbf64065f0925db66bee8c7d",
            "messageTitle": "Add addq logic and modify relevant models",
            "messageBody": "",
            "insertions": 586,
            "deletions": 87
          },
          {
            "hash": "c2b861f802a112c84625dc8d06e93138d9c16f5e",
            "messageTitle": "Edit questionBody variable naming and header",
            "messageBody": "",
            "insertions": 5,
            "deletions": 5
          },
          {
            "hash": "b51b56d5459614dac0a56562580ec18e6e3078c8",
            "messageTitle": "Remove questionBody in docs files",
            "messageBody": "",
            "insertions": 3,
            "deletions": 1
          },
          {
            "hash": "f0629e01645f1d9128009f4a758e211aedaeba5c",
            "messageTitle": "Remove questionBody from NoteListCard",
            "messageBody": "",
            "insertions": 1,
            "deletions": 1
          }
        ]
      },
      {
        "insertions": 392,
        "deletions": 16,
        "date": "2019-10-16",
        "commitResults": [
          {
            "hash": "29da9f03141bcdae0477376f71bebb83561b691e",
            "messageTitle": "Implement storage and ui for question with errors",
            "messageBody": "",
            "insertions": 371,
            "deletions": 16
          },
          {
            "hash": "6a84247ac0bd9130d9abe557ff0d5cefd9c2c33d",
            "messageTitle": "Fix question equality check",
            "messageBody": "",
            "insertions": 21,
            "deletions": 0
          }
        ]
      },
      {
        "insertions": 132,
        "deletions": 6,
        "date": "2019-10-17",
        "commitResults": [
          {
            "hash": "8b1ce87319aea8dfcb5c995752ad1602059d597c",
            "messageTitle": "Implement listq and deleteq features for question",
            "messageBody": "",
            "insertions": 132,
            "deletions": 6
          }
        ]
      },
      {
        "insertions": 150,
        "deletions": 2,
        "date": "2019-10-22",
        "commitResults": [
          {
            "hash": "101ed0ed7e31a16f448dc8d94e2e54e4146f0a36",
            "messageTitle": "Update Developer Guide on Question feature",
            "messageBody": "",
            "insertions": 147,
            "deletions": 0
          },
          {
            "hash": "482000fc1ed4fa1fad8804ce12d98fc2f403be78",
            "messageTitle": "Update activity diagram and model description",
            "messageBody": "",
            "insertions": 3,
            "deletions": 2
          }
        ]
      }
    ]
  },
  "authorFinalContributionMap": {
    "Parcly-Taxel": 2928,
    "shuiyao-sg": 1841,
    "Auxinnn": 1572,
    "irene-lly": 1158,
    "ShirleyWangxt": 1263
  },
  "authorFileTypeContributionMap": {
    "Parcly-Taxel": {
      "docs": 389,
      "tests": 1308,
      "functional": 1118,
      "other": 113
    },
    "shuiyao-sg": {
      "docs": 212,
      "tests": 118,
      "functional": 1320,
      "other": 191
    },
    "Auxinnn": {
      "docs": 163,
      "tests": 137,
      "functional": 1189,
      "other": 83
    },
    "irene-lly": {
      "docs": 111,
      "tests": 37,
      "functional": 906,
      "other": 104
    },
    "ShirleyWangxt": {
      "docs": 146,
      "tests": 130,
      "functional": 903,
      "other": 84
    }
  },
  "authorContributionVariance": {
    "Parcly-Taxel": 391760.38,
    "shuiyao-sg": 25402.541,
    "Auxinnn": 17960.29,
    "irene-lly": 23156.92,
    "ShirleyWangxt": 14040.5625
  },
  "authorDisplayNameMap": {
    "Parcly-Taxel": "CS2103T-F11-4 JEREM ... IERUI",
    "shuiyao-sg": "CS2103T-F11-4 SHUI  ... I YAO",
    "Auxinnn": "CS2103T-F11-4 ZHANG ... NGJUN",
    "irene-lly": "CS2103T-F11-4 LEE L ... IRENE",
    "ShirleyWangxt": "CS2103T-F11-4 WANG  ... ETING"
  }
}
