[
  {
    "path": "build.gradle",
    "fileType": "gradle",
    "lines": [
      {
        "lineNumber": 1,
        "author": {
          "gitId": "-"
        },
        "content": "// Gradle Configuration File"
      },
      {
        "lineNumber": 2,
        "author": {
          "gitId": "-"
        },
        "content": "// For more details take a look at the Java Quickstart chapter in the Gradle"
      },
      {
        "lineNumber": 3,
        "author": {
          "gitId": "-"
        },
        "content": "// user guide available at http://gradle.org/docs/5.2.1/userguide/tutorial_java_projects.html"
      },
      {
        "lineNumber": 4,
        "author": {
          "gitId": "-"
        },
        "content": ""
      },
      {
        "lineNumber": 5,
        "author": {
          "gitId": "-"
        },
        "content": "import org.gradle.api.tasks.testing.logging.TestLogEvent"
      },
      {
        "lineNumber": 6,
        "author": {
          "gitId": "-"
        },
        "content": ""
      },
      {
        "lineNumber": 7,
        "author": {
          "gitId": "-"
        },
        "content": "plugins {"
      },
      {
        "lineNumber": 8,
        "author": {
          "gitId": "-"
        },
        "content": "    id \u0027java\u0027"
      },
      {
        "lineNumber": 9,
        "author": {
          "gitId": "-"
        },
        "content": "    id \u0027jacoco\u0027"
      },
      {
        "lineNumber": 10,
        "author": {
          "gitId": "-"
        },
        "content": "    id \u0027checkstyle\u0027"
      },
      {
        "lineNumber": 11,
        "author": {
          "gitId": "-"
        },
        "content": "    id \u0027com.github.kt3k.coveralls\u0027 version \u00272.4.0\u0027"
      },
      {
        "lineNumber": 12,
        "author": {
          "gitId": "-"
        },
        "content": "    id \u0027com.github.johnrengelman.shadow\u0027 version \u00274.0.4\u0027"
      },
      {
        "lineNumber": 13,
        "author": {
          "gitId": "-"
        },
        "content": "    id \u0027org.asciidoctor.convert\u0027 version \u00271.5.6\u0027"
      },
      {
        "lineNumber": 14,
        "author": {
          "gitId": "-"
        },
        "content": "    id \u0027application\u0027"
      },
      {
        "lineNumber": 15,
        "author": {
          "gitId": "-"
        },
        "content": "}"
      },
      {
        "lineNumber": 16,
        "author": {
          "gitId": "-"
        },
        "content": ""
      },
      {
        "lineNumber": 17,
        "author": {
          "gitId": "-"
        },
        "content": "// Specifies the entry point of the application"
      },
      {
        "lineNumber": 18,
        "author": {
          "gitId": "-"
        },
        "content": "mainClassName \u003d \u0027seedu.address.Main\u0027"
      },
      {
        "lineNumber": 19,
        "author": {
          "gitId": "-"
        },
        "content": ""
      },
      {
        "lineNumber": 20,
        "author": {
          "gitId": "-"
        },
        "content": "sourceCompatibility \u003d JavaVersion.VERSION_11"
      },
      {
        "lineNumber": 21,
        "author": {
          "gitId": "-"
        },
        "content": "targetCompatibility \u003d JavaVersion.VERSION_11"
      },
      {
        "lineNumber": 22,
        "author": {
          "gitId": "-"
        },
        "content": ""
      },
      {
        "lineNumber": 23,
        "author": {
          "gitId": "-"
        },
        "content": "repositories {"
      },
      {
        "lineNumber": 24,
        "author": {
          "gitId": "-"
        },
        "content": "    mavenCentral()"
      },
      {
        "lineNumber": 25,
        "author": {
          "gitId": "-"
        },
        "content": "    maven { url \u0027https://oss.sonatype.org/content/repositories/snapshots/\u0027 }"
      },
      {
        "lineNumber": 26,
        "author": {
          "gitId": "-"
        },
        "content": "}"
      },
      {
        "lineNumber": 27,
        "author": {
          "gitId": "-"
        },
        "content": ""
      },
      {
        "lineNumber": 28,
        "author": {
          "gitId": "-"
        },
        "content": "checkstyle {"
      },
      {
        "lineNumber": 29,
        "author": {
          "gitId": "-"
        },
        "content": "    toolVersion \u003d \u00278.1\u0027"
      },
      {
        "lineNumber": 30,
        "author": {
          "gitId": "-"
        },
        "content": "}"
      },
      {
        "lineNumber": 31,
        "author": {
          "gitId": "-"
        },
        "content": ""
      },
      {
        "lineNumber": 32,
        "author": {
          "gitId": "-"
        },
        "content": "jacocoTestReport {"
      },
      {
        "lineNumber": 33,
        "author": {
          "gitId": "-"
        },
        "content": "    reports {"
      },
      {
        "lineNumber": 34,
        "author": {
          "gitId": "-"
        },
        "content": "        xml.enabled false"
      },
      {
        "lineNumber": 35,
        "author": {
          "gitId": "-"
        },
        "content": "        csv.enabled false"
      },
      {
        "lineNumber": 36,
        "author": {
          "gitId": "-"
        },
        "content": "        html.destination file(\"${buildDir}/jacocoHtml\")"
      },
      {
        "lineNumber": 37,
        "author": {
          "gitId": "-"
        },
        "content": "    }"
      },
      {
        "lineNumber": 38,
        "author": {
          "gitId": "-"
        },
        "content": "}"
      },
      {
        "lineNumber": 39,
        "author": {
          "gitId": "-"
        },
        "content": ""
      },
      {
        "lineNumber": 40,
        "author": {
          "gitId": "-"
        },
        "content": "test {"
      },
      {
        "lineNumber": 41,
        "author": {
          "gitId": "-"
        },
        "content": "    useJUnitPlatform()"
      },
      {
        "lineNumber": 42,
        "author": {
          "gitId": "-"
        },
        "content": "}"
      },
      {
        "lineNumber": 43,
        "author": {
          "gitId": "-"
        },
        "content": ""
      },
      {
        "lineNumber": 44,
        "author": {
          "gitId": "-"
        },
        "content": "dependencies {"
      },
      {
        "lineNumber": 45,
        "author": {
          "gitId": "-"
        },
        "content": "    String jUnitVersion \u003d \u00275.4.0\u0027"
      },
      {
        "lineNumber": 46,
        "author": {
          "gitId": "-"
        },
        "content": "    String javaFxVersion \u003d \u002711\u0027"
      },
      {
        "lineNumber": 47,
        "author": {
          "gitId": "-"
        },
        "content": ""
      },
      {
        "lineNumber": 48,
        "author": {
          "gitId": "-"
        },
        "content": "    implementation group: \u0027org.openjfx\u0027, name: \u0027javafx-base\u0027, version: javaFxVersion, classifier: \u0027win\u0027"
      },
      {
        "lineNumber": 49,
        "author": {
          "gitId": "-"
        },
        "content": "    implementation group: \u0027org.openjfx\u0027, name: \u0027javafx-base\u0027, version: javaFxVersion, classifier: \u0027mac\u0027"
      },
      {
        "lineNumber": 50,
        "author": {
          "gitId": "-"
        },
        "content": "    implementation group: \u0027org.openjfx\u0027, name: \u0027javafx-base\u0027, version: javaFxVersion, classifier: \u0027linux\u0027"
      },
      {
        "lineNumber": 51,
        "author": {
          "gitId": "-"
        },
        "content": "    implementation group: \u0027org.openjfx\u0027, name: \u0027javafx-controls\u0027, version: javaFxVersion, classifier: \u0027win\u0027"
      },
      {
        "lineNumber": 52,
        "author": {
          "gitId": "-"
        },
        "content": "    implementation group: \u0027org.openjfx\u0027, name: \u0027javafx-controls\u0027, version: javaFxVersion, classifier: \u0027mac\u0027"
      },
      {
        "lineNumber": 53,
        "author": {
          "gitId": "-"
        },
        "content": "    implementation group: \u0027org.openjfx\u0027, name: \u0027javafx-controls\u0027, version: javaFxVersion, classifier: \u0027linux\u0027"
      },
      {
        "lineNumber": 54,
        "author": {
          "gitId": "-"
        },
        "content": "    implementation group: \u0027org.openjfx\u0027, name: \u0027javafx-fxml\u0027, version: javaFxVersion, classifier: \u0027win\u0027"
      },
      {
        "lineNumber": 55,
        "author": {
          "gitId": "-"
        },
        "content": "    implementation group: \u0027org.openjfx\u0027, name: \u0027javafx-fxml\u0027, version: javaFxVersion, classifier: \u0027mac\u0027"
      },
      {
        "lineNumber": 56,
        "author": {
          "gitId": "-"
        },
        "content": "    implementation group: \u0027org.openjfx\u0027, name: \u0027javafx-fxml\u0027, version: javaFxVersion, classifier: \u0027linux\u0027"
      },
      {
        "lineNumber": 57,
        "author": {
          "gitId": "-"
        },
        "content": "    implementation group: \u0027org.openjfx\u0027, name: \u0027javafx-graphics\u0027, version: javaFxVersion, classifier: \u0027win\u0027"
      },
      {
        "lineNumber": 58,
        "author": {
          "gitId": "-"
        },
        "content": "    implementation group: \u0027org.openjfx\u0027, name: \u0027javafx-graphics\u0027, version: javaFxVersion, classifier: \u0027mac\u0027"
      },
      {
        "lineNumber": 59,
        "author": {
          "gitId": "-"
        },
        "content": "    implementation group: \u0027org.openjfx\u0027, name: \u0027javafx-graphics\u0027, version: javaFxVersion, classifier: \u0027linux\u0027"
      },
      {
        "lineNumber": 60,
        "author": {
          "gitId": "-"
        },
        "content": ""
      },
      {
        "lineNumber": 61,
        "author": {
          "gitId": "-"
        },
        "content": "    implementation group: \u0027com.fasterxml.jackson.core\u0027, name: \u0027jackson-databind\u0027, version: \u00272.7.0\u0027"
      },
      {
        "lineNumber": 62,
        "author": {
          "gitId": "-"
        },
        "content": "    implementation group: \u0027com.fasterxml.jackson.datatype\u0027, name: \u0027jackson-datatype-jsr310\u0027, version: \u00272.7.4\u0027"
      },
      {
        "lineNumber": 63,
        "author": {
          "gitId": "-"
        },
        "content": ""
      },
      {
        "lineNumber": 64,
        "author": {
          "gitId": "-"
        },
        "content": "    testImplementation group: \u0027org.junit.jupiter\u0027, name: \u0027junit-jupiter-api\u0027, version: jUnitVersion"
      },
      {
        "lineNumber": 65,
        "author": {
          "gitId": "-"
        },
        "content": ""
      },
      {
        "lineNumber": 66,
        "author": {
          "gitId": "-"
        },
        "content": "    testRuntimeOnly group: \u0027org.junit.jupiter\u0027, name: \u0027junit-jupiter-engine\u0027, version: jUnitVersion"
      },
      {
        "lineNumber": 67,
        "author": {
          "gitId": "-"
        },
        "content": "}"
      },
      {
        "lineNumber": 68,
        "author": {
          "gitId": "-"
        },
        "content": ""
      },
      {
        "lineNumber": 69,
        "author": {
          "gitId": "-"
        },
        "content": "shadowJar {"
      },
      {
        "lineNumber": 70,
        "author": {
          "gitId": "-"
        },
        "content": "    archiveName \u003d \u0027addressbook.jar\u0027"
      },
      {
        "lineNumber": 71,
        "author": {
          "gitId": "-"
        },
        "content": ""
      },
      {
        "lineNumber": 72,
        "author": {
          "gitId": "-"
        },
        "content": "    destinationDir \u003d file(\"${buildDir}/jar/\")"
      },
      {
        "lineNumber": 73,
        "author": {
          "gitId": "-"
        },
        "content": "}"
      },
      {
        "lineNumber": 74,
        "author": {
          "gitId": "-"
        },
        "content": ""
      },
      {
        "lineNumber": 75,
        "author": {
          "gitId": "-"
        },
        "content": "task coverage(type: JacocoReport) {"
      },
      {
        "lineNumber": 76,
        "author": {
          "gitId": "-"
        },
        "content": "    sourceDirectories.from files(sourceSets.main.allSource.srcDirs)"
      },
      {
        "lineNumber": 77,
        "author": {
          "gitId": "-"
        },
        "content": "    classDirectories.from files(sourceSets.main.output)"
      },
      {
        "lineNumber": 78,
        "author": {
          "gitId": "-"
        },
        "content": "    executionData.from files(jacocoTestReport.executionData)"
      },
      {
        "lineNumber": 79,
        "author": {
          "gitId": "-"
        },
        "content": "    afterEvaluate {"
      },
      {
        "lineNumber": 80,
        "author": {
          "gitId": "-"
        },
        "content": "        classDirectories.from files(classDirectories.files.collect {"
      },
      {
        "lineNumber": 81,
        "author": {
          "gitId": "-"
        },
        "content": "            fileTree(dir: it, exclude: [\u0027**/*.jar\u0027])"
      },
      {
        "lineNumber": 82,
        "author": {
          "gitId": "-"
        },
        "content": "        })"
      },
      {
        "lineNumber": 83,
        "author": {
          "gitId": "-"
        },
        "content": "    }"
      },
      {
        "lineNumber": 84,
        "author": {
          "gitId": "-"
        },
        "content": "    reports {"
      },
      {
        "lineNumber": 85,
        "author": {
          "gitId": "-"
        },
        "content": "        html.enabled \u003d true"
      },
      {
        "lineNumber": 86,
        "author": {
          "gitId": "-"
        },
        "content": "        xml.enabled \u003d true"
      },
      {
        "lineNumber": 87,
        "author": {
          "gitId": "-"
        },
        "content": "    }"
      },
      {
        "lineNumber": 88,
        "author": {
          "gitId": "-"
        },
        "content": "}"
      },
      {
        "lineNumber": 89,
        "author": {
          "gitId": "-"
        },
        "content": ""
      },
      {
        "lineNumber": 90,
        "author": {
          "gitId": "-"
        },
        "content": "coveralls {"
      },
      {
        "lineNumber": 91,
        "author": {
          "gitId": "-"
        },
        "content": "    sourceDirs \u003d sourceSets.main.allSource.srcDirs.absolutePath"
      },
      {
        "lineNumber": 92,
        "author": {
          "gitId": "-"
        },
        "content": "    jacocoReportPath \u003d \"${buildDir}/reports/jacoco/coverage/coverage.xml\""
      },
      {
        "lineNumber": 93,
        "author": {
          "gitId": "-"
        },
        "content": "}"
      },
      {
        "lineNumber": 94,
        "author": {
          "gitId": "-"
        },
        "content": ""
      },
      {
        "lineNumber": 95,
        "author": {
          "gitId": "-"
        },
        "content": "tasks.coveralls {"
      },
      {
        "lineNumber": 96,
        "author": {
          "gitId": "-"
        },
        "content": "    dependsOn coverage"
      },
      {
        "lineNumber": 97,
        "author": {
          "gitId": "-"
        },
        "content": "    onlyIf { System.env.\u0027CI\u0027 }"
      },
      {
        "lineNumber": 98,
        "author": {
          "gitId": "-"
        },
        "content": "}"
      },
      {
        "lineNumber": 99,
        "author": {
          "gitId": "-"
        },
        "content": ""
      },
      {
        "lineNumber": 100,
        "author": {
          "gitId": "-"
        },
        "content": "test {"
      },
      {
        "lineNumber": 101,
        "author": {
          "gitId": "-"
        },
        "content": "    testLogging {"
      },
      {
        "lineNumber": 102,
        "author": {
          "gitId": "-"
        },
        "content": "        events TestLogEvent.FAILED, TestLogEvent.SKIPPED"
      },
      {
        "lineNumber": 103,
        "author": {
          "gitId": "-"
        },
        "content": ""
      },
      {
        "lineNumber": 104,
        "author": {
          "gitId": "-"
        },
        "content": "        // Prints the currently running test\u0027s name in the CI\u0027s build log,"
      },
      {
        "lineNumber": 105,
        "author": {
          "gitId": "-"
        },
        "content": "        // so that we can check if tests are being silently skipped or"
      },
      {
        "lineNumber": 106,
        "author": {
          "gitId": "-"
        },
        "content": "        // stalling the build."
      },
      {
        "lineNumber": 107,
        "author": {
          "gitId": "-"
        },
        "content": "        if (System.env.\u0027CI\u0027) {"
      },
      {
        "lineNumber": 108,
        "author": {
          "gitId": "-"
        },
        "content": "            events \u003c\u003c TestLogEvent.STARTED"
      },
      {
        "lineNumber": 109,
        "author": {
          "gitId": "-"
        },
        "content": "        }"
      },
      {
        "lineNumber": 110,
        "author": {
          "gitId": "-"
        },
        "content": "    }"
      },
      {
        "lineNumber": 111,
        "author": {
          "gitId": "-"
        },
        "content": ""
      },
      {
        "lineNumber": 112,
        "author": {
          "gitId": "-"
        },
        "content": "    jacoco {"
      },
      {
        "lineNumber": 113,
        "author": {
          "gitId": "-"
        },
        "content": "        destinationFile \u003d new File(\"${buildDir}/jacoco/test.exec\")"
      },
      {
        "lineNumber": 114,
        "author": {
          "gitId": "-"
        },
        "content": "    }"
      },
      {
        "lineNumber": 115,
        "author": {
          "gitId": "-"
        },
        "content": "}"
      },
      {
        "lineNumber": 116,
        "author": {
          "gitId": "-"
        },
        "content": ""
      },
      {
        "lineNumber": 117,
        "author": {
          "gitId": "-"
        },
        "content": "asciidoctor {"
      },
      {
        "lineNumber": 118,
        "author": {
          "gitId": "-"
        },
        "content": "    backends \u0027html5\u0027"
      },
      {
        "lineNumber": 119,
        "author": {
          "gitId": "-"
        },
        "content": "    sourceDir \u0027docs\u0027"
      },
      {
        "lineNumber": 120,
        "author": {
          "gitId": "-"
        },
        "content": "    outputDir \"${buildDir}/docs\""
      },
      {
        "lineNumber": 121,
        "author": {
          "gitId": "-"
        },
        "content": ""
      },
      {
        "lineNumber": 122,
        "author": {
          "gitId": "-"
        },
        "content": "    options \u003d ["
      },
      {
        "lineNumber": 123,
        "author": {
          "gitId": "-"
        },
        "content": "        template_dirs: [file(\"${sourceDir}/templates\")],"
      },
      {
        "lineNumber": 124,
        "author": {
          "gitId": "-"
        },
        "content": "    ]"
      },
      {
        "lineNumber": 125,
        "author": {
          "gitId": "-"
        },
        "content": ""
      },
      {
        "lineNumber": 126,
        "author": {
          "gitId": "-"
        },
        "content": "    attributes \u003d ["
      },
      {
        "lineNumber": 127,
        "author": {
          "gitId": "-"
        },
        "content": "        linkcss: true,"
      },
      {
        "lineNumber": 128,
        "author": {
          "gitId": "-"
        },
        "content": "        stylesheet: \u0027gh-pages.css\u0027,"
      },
      {
        "lineNumber": 129,
        "author": {
          "gitId": "-"
        },
        "content": "        \u0027source-highlighter\u0027: \u0027coderay\u0027,"
      },
      {
        "lineNumber": 130,
        "author": {
          "gitId": "-"
        },
        "content": "        icons: \u0027font\u0027,"
      },
      {
        "lineNumber": 131,
        "author": {
          "gitId": "-"
        },
        "content": "        experimental: true,"
      },
      {
        "lineNumber": 132,
        "author": {
          "gitId": "-"
        },
        "content": "        sectlinks: true,"
      },
      {
        "lineNumber": 133,
        "author": {
          "gitId": "-"
        },
        "content": "        idprefix: \u0027\u0027,  // for compatibility with GitHub preview"
      },
      {
        "lineNumber": 134,
        "author": {
          "gitId": "-"
        },
        "content": "        idseparator: \u0027-\u0027,"
      },
      {
        "lineNumber": 135,
        "author": {
          "gitId": "-"
        },
        "content": "        \u0027site-root\u0027: \"${sourceDir}\",  // must be the same as sourceDir, do not modify"
      },
      {
        "lineNumber": 136,
        "author": {
          "gitId": "charliechoong"
        },
        "content": "        \u0027site-name\u0027: \u0027DeliveryMANs\u0027,"
      },
      {
        "lineNumber": 137,
        "author": {
          "gitId": "-"
        },
        "content": "        \u0027site-githuburl\u0027: \u0027https://github.com/se-edu/addressbook-level3\u0027,"
      },
      {
        "lineNumber": 138,
        "author": {
          "gitId": "-"
        },
        "content": "        \u0027site-seedu\u0027: true,  // delete this line if your project is not a fork (not a SE-EDU project)"
      },
      {
        "lineNumber": 139,
        "author": {
          "gitId": "-"
        },
        "content": "    ]"
      },
      {
        "lineNumber": 140,
        "author": {
          "gitId": "-"
        },
        "content": ""
      },
      {
        "lineNumber": 141,
        "author": {
          "gitId": "-"
        },
        "content": "    options[\u0027template_dirs\u0027].each {"
      },
      {
        "lineNumber": 142,
        "author": {
          "gitId": "-"
        },
        "content": "        inputs.files fileTree(it)"
      },
      {
        "lineNumber": 143,
        "author": {
          "gitId": "-"
        },
        "content": "    }"
      },
      {
        "lineNumber": 144,
        "author": {
          "gitId": "-"
        },
        "content": "}"
      },
      {
        "lineNumber": 145,
        "author": {
          "gitId": "-"
        },
        "content": ""
      },
      {
        "lineNumber": 146,
        "author": {
          "gitId": "-"
        },
        "content": "// Copies stylesheets into the directory containing generated HTML files as"
      },
      {
        "lineNumber": 147,
        "author": {
          "gitId": "-"
        },
        "content": "// Asciidoctor does not copy linked CSS files to the output directory when rendering."
      },
      {
        "lineNumber": 148,
        "author": {
          "gitId": "-"
        },
        "content": "// This is needed for linked stylesheets and embedded stylesheets which import other files."
      },
      {
        "lineNumber": 149,
        "author": {
          "gitId": "-"
        },
        "content": "task copyStylesheets(type: Copy) {"
      },
      {
        "lineNumber": 150,
        "author": {
          "gitId": "-"
        },
        "content": "    from \"${asciidoctor.sourceDir}/stylesheets\""
      },
      {
        "lineNumber": 151,
        "author": {
          "gitId": "-"
        },
        "content": "    into \"${asciidoctor.outputDir}/html5/stylesheets\""
      },
      {
        "lineNumber": 152,
        "author": {
          "gitId": "-"
        },
        "content": "}"
      },
      {
        "lineNumber": 153,
        "author": {
          "gitId": "-"
        },
        "content": "asciidoctor.dependsOn copyStylesheets"
      },
      {
        "lineNumber": 154,
        "author": {
          "gitId": "-"
        },
        "content": ""
      },
      {
        "lineNumber": 155,
        "author": {
          "gitId": "-"
        },
        "content": "defaultTasks \u0027clean\u0027, \u0027test\u0027, \u0027coverage\u0027, \u0027asciidoctor\u0027"
      }
    ],
    "authorContributionMap": {
      "-": 154,
      "charliechoong": 1
    }
  }
]
