{
  "authorDailyContributionsMap": {
    "etlow": [],
    "ryantay232": [
      {
        "insertions": 29,
        "deletions": 10,
        "date": "2019-09-23",
        "commitResults": [
          {
            "hash": "9f8c8d08bbb17d4e42e79aa161a93024d4ab6b81",
            "messageTitle": "Updated README.adoc for DeliveryMANS.",
            "messageBody": "",
            "insertions": 28,
            "deletions": 4
          },
          {
            "hash": "dc18e9e510c9f9842a24096a8d6579a9a287baea",
            "messageTitle": "Updated README.adoc travis badge and removed other badges.",
            "messageBody": "",
            "insertions": 1,
            "deletions": 6
          }
        ]
      },
      {
        "insertions": 308,
        "deletions": 131,
        "date": "2019-09-25",
        "commitResults": [
          {
            "hash": "6d91f902986d02c9f76e4bf375bf7262d1519392",
            "messageTitle": "Update UserGuide.adoc",
            "messageBody": "",
            "insertions": 308,
            "deletions": 131
          }
        ]
      }
    ],
    "MackyMaguire": [],
    "SoilingRogue": [
      {
        "insertions": 108,
        "deletions": 8,
        "date": "2019-09-16",
        "commitResults": [
          {
            "hash": "b614dbb216c2c798a8cc87218f07f86c5b166b45",
            "messageTitle": "Incomplete implementation of universal switch commands",
            "messageBody": "",
            "insertions": 108,
            "deletions": 8
          }
        ]
      },
      {
        "insertions": 451,
        "deletions": 353,
        "date": "2019-09-23",
        "commitResults": [
          {
            "hash": "92592d7817fde6eec2c593634f82b050de81a451",
            "messageTitle": "Tutorials 1 \u0026 2",
            "messageBody": "",
            "insertions": 62,
            "deletions": 288
          },
          {
            "hash": "390f84438c60785000394e4f334466e060cf82ae",
            "messageTitle": "Tutorial 3 - Adding a new Command",
            "messageBody": "",
            "insertions": 389,
            "deletions": 65
          }
        ]
      },
      {
        "insertions": 5,
        "deletions": 0,
        "date": "2019-09-24",
        "commitResults": [
          {
            "hash": "867049f906b5f770555d06ba2c63f58672472e17",
            "messageTitle": "Initial commit for creating universal parser",
            "messageBody": "",
            "insertions": 5,
            "deletions": 0
          }
        ]
      },
      {
        "insertions": 1207,
        "deletions": 294,
        "date": "2019-09-25",
        "commitResults": [
          {
            "hash": "db851352dcd0ed230d35f6ced0a04ed07dfa20e6",
            "messageTitle": "Increments on context parsers and commands, as well as refactored some files",
            "messageBody": "",
            "insertions": 1190,
            "deletions": 285
          },
          {
            "hash": "bfe9b8375c9c328a6bded76c4645b9adc4f540a7",
            "messageTitle": "Update DeveloperGuide.adoc",
            "messageBody": "",
            "insertions": 14,
            "deletions": 8
          },
          {
            "hash": "d48a7bd02d34d6783265769cf8b25b9dce3f9490",
            "messageTitle": "Update DeveloperGuide.adoc",
            "messageBody": "",
            "insertions": 3,
            "deletions": 1
          }
        ]
      }
    ],
    "charliechoong": [
      {
        "insertions": 1,
        "deletions": 2,
        "date": "2019-09-18",
        "commitResults": [
          {
            "hash": "2ba593fa28baf2336fcaaf423a8a517195a88bb9",
            "messageTitle": "Remove Codacy badge",
            "messageBody": "",
            "insertions": 1,
            "deletions": 2
          }
        ]
      },
      {
        "insertions": 34,
        "deletions": 24,
        "date": "2019-09-22",
        "commitResults": [
          {
            "hash": "689db8a69f5bc1ad494e1d5fc25d54ada1819dff",
            "messageTitle": "Edit AboutUs and ContactUs adocs",
            "messageBody": "",
            "insertions": 22,
            "deletions": 21
          },
          {
            "hash": "19e632dd3cb1f5a0b77f16072a10c4dd34f23428",
            "messageTitle": "Edit AboutUs and ContactUs adocs",
            "messageBody": "",
            "insertions": 11,
            "deletions": 2
          },
          {
            "hash": "b0979076707cec14488959c586ff2463d436d6f4",
            "messageTitle": "Edit AboutUs and ContactUs adocs",
            "messageBody": "",
            "insertions": 1,
            "deletions": 1
          }
        ]
      },
      {
        "insertions": 2681,
        "deletions": 2679,
        "date": "2019-09-28",
        "commitResults": [
          {
            "hash": "219b9108b7522a57bd24c1c23f2601567df25bba",
            "messageTitle": "Sync local repo with upstream repo",
            "messageBody": "",
            "insertions": 679,
            "deletions": 1992
          },
          {
            "hash": "ec5c57702663018b1561484557b37d4a628ba298",
            "messageTitle": "Revert \"Sync local repo with upstream repo\"",
            "messageBody": "This reverts commit 219b9108b7522a57bd24c1c23f2601567df25bba.\n",
            "insertions": 1992,
            "deletions": 679
          },
          {
            "hash": "28720a60b1ea51953fa39c85a6acf272cc01d1ec",
            "messageTitle": "Add repoURL for Developer and User guides",
            "messageBody": "",
            "insertions": 5,
            "deletions": 3
          },
          {
            "hash": "3d3c6c59bfa56743b8dc9eb80423a27f1354282e",
            "messageTitle": "Correct checkstyle errors",
            "messageBody": "",
            "insertions": 5,
            "deletions": 5
          }
        ]
      }
    ]
  },
  "authorFinalContributionMap": {
    "etlow": 0,
    "ryantay232": 29,
    "MackyMaguire": 0,
    "SoilingRogue": 1258,
    "charliechoong": 686
  },
  "authorFileTypeContributionMap": {
    "etlow": {
      "docs": 0,
      "tests": 0,
      "functional": 0
    },
    "ryantay232": {
      "docs": 29,
      "tests": 0,
      "functional": 0
    },
    "MackyMaguire": {
      "docs": 0,
      "tests": 0,
      "functional": 0
    },
    "SoilingRogue": {
      "docs": 2,
      "tests": 102,
      "functional": 1154
    },
    "charliechoong": {
      "docs": 360,
      "tests": 125,
      "functional": 200,
      "other": 1
    }
  },
  "authorContributionVariance": {
    "etlow": 0.0,
    "ryantay232": 8013.3887,
    "MackyMaguire": 0.0,
    "SoilingRogue": 115522.086,
    "charliechoong": 1193707.2
  },
  "authorDisplayNameMap": {
    "etlow": "CS2103T-T12-2 LOW E ... E TER",
    "ryantay232": "CS2103T-T12-2 RYAN  ...  JIAN",
    "MackyMaguire": "CS2103T-T12-2 ZHOU  ... IANYU",
    "SoilingRogue": "CS2103T-T12-2 YUAN  ... ANLEY",
    "charliechoong": "CS2103T-T12-2 CHOON ... N YAO"
  }
}
