{
  "authorDailyContributionsMap": {
    "etlow": [
      {
        "insertions": 310,
        "deletions": 0,
        "date": "2019-10-02",
        "commitResults": [
          {
            "hash": "8584787bee24e37502d3aee93e2638c01d84b7ee",
            "messageTitle": "Implement undo command",
            "messageBody": "",
            "insertions": 310,
            "deletions": 0
          }
        ]
      },
      {
        "insertions": 2,
        "deletions": 1,
        "date": "2019-10-03",
        "commitResults": [
          {
            "hash": "251f4a79d8673f84eb41314c150599a1bfe32a69",
            "messageTitle": "Update about us image",
            "messageBody": "",
            "insertions": 2,
            "deletions": 1
          }
        ]
      },
      {
        "insertions": 117,
        "deletions": 124,
        "date": "2019-10-13",
        "commitResults": [
          {
            "hash": "17ae138979cf34f1b03dc67551568c9a28e4bfe2",
            "messageTitle": "Rearrange imports to fix checkstyle",
            "messageBody": "",
            "insertions": 83,
            "deletions": 88
          },
          {
            "hash": "260ef7ae13acc4ed459ac5b1e39e9ed11f73b9a9",
            "messageTitle": "Use UniversalParser to parse commands",
            "messageBody": "",
            "insertions": 34,
            "deletions": 36
          }
        ]
      },
      {
        "insertions": 57,
        "deletions": 0,
        "date": "2019-10-14",
        "commitResults": [
          {
            "hash": "f7359e48d6b51c6c777d685df765be296c3995df",
            "messageTitle": "Add basic location classes",
            "messageBody": "",
            "insertions": 57,
            "deletions": 0
          }
        ]
      },
      {
        "insertions": 504,
        "deletions": 110,
        "date": "2019-10-16",
        "commitResults": [
          {
            "hash": "67fc7b8184a83c4292b3bce48592538901531d60",
            "messageTitle": "Move undo classes out of original package",
            "messageBody": "",
            "insertions": 449,
            "deletions": 100
          },
          {
            "hash": "0bf9433baccb272c37742f98a2a163eeaedc0004",
            "messageTitle": "Adapt undo to new model",
            "messageBody": "",
            "insertions": 50,
            "deletions": 10
          },
          {
            "hash": "c00c15e4533ba77d163abf2e7489a5848c215ba4",
            "messageTitle": "Make location return name for toString",
            "messageBody": "",
            "insertions": 5,
            "deletions": 0
          }
        ]
      }
    ],
    "ryantay232": [
      {
        "insertions": 29,
        "deletions": 10,
        "date": "2019-09-23",
        "commitResults": [
          {
            "hash": "9f8c8d08bbb17d4e42e79aa161a93024d4ab6b81",
            "messageTitle": "Updated README.adoc for DeliveryMANS.",
            "messageBody": "",
            "insertions": 28,
            "deletions": 4
          },
          {
            "hash": "dc18e9e510c9f9842a24096a8d6579a9a287baea",
            "messageTitle": "Updated README.adoc travis badge and removed other badges.",
            "messageBody": "",
            "insertions": 1,
            "deletions": 6
          }
        ]
      },
      {
        "insertions": 308,
        "deletions": 131,
        "date": "2019-09-25",
        "commitResults": [
          {
            "hash": "6d91f902986d02c9f76e4bf375bf7262d1519392",
            "messageTitle": "Update UserGuide.adoc",
            "messageBody": "",
            "insertions": 308,
            "deletions": 131
          }
        ]
      },
      {
        "insertions": 586,
        "deletions": 114,
        "date": "2019-10-02",
        "commitResults": [
          {
            "hash": "849ee0ed69e7a6a8b4d8be6b892505cf1cc48671",
            "messageTitle": "Basic Customer implementation.",
            "messageBody": "",
            "insertions": 335,
            "deletions": 0
          },
          {
            "hash": "b2e6409e9b112512beb776a19b0356edcf490c6c",
            "messageTitle": "Added Food.java.",
            "messageBody": "",
            "insertions": 68,
            "deletions": 0
          },
          {
            "hash": "093baef725814c01ee78b383e3555f731daf387e",
            "messageTitle": "AddCommand for Customer. (not working yet)",
            "messageBody": "",
            "insertions": 74,
            "deletions": 1
          },
          {
            "hash": "7e12c3e0d395f4750065cfca67d06d6bcfd439e5",
            "messageTitle": "Added photo of self.",
            "messageBody": "",
            "insertions": 1,
            "deletions": 1
          },
          {
            "hash": "9a96e97118cfd41017973abce3a90f3d6ad9e7dc",
            "messageTitle": "Fixing checkstyle errors.",
            "messageBody": "",
            "insertions": 10,
            "deletions": 6
          },
          {
            "hash": "8e66d82c6b4c8a5bc84044a687c0ed885f00abc0",
            "messageTitle": "Fixing checkstyletest errors due to removal of address.",
            "messageBody": "",
            "insertions": 28,
            "deletions": 34
          },
          {
            "hash": "fc5243f223752a1700d0638898021f775fabde22",
            "messageTitle": "Fixing checkstyletest errors due to removal of address part 2.",
            "messageBody": "",
            "insertions": 54,
            "deletions": 58
          },
          {
            "hash": "4199bdb75852590111079968c321d3edaa5c82e0",
            "messageTitle": "Fixing checkstyletest errors due to removal of address part 3.",
            "messageBody": "",
            "insertions": 8,
            "deletions": 8
          },
          {
            "hash": "5527f7124eb4ab15f40e06137dd9dc8272642b36",
            "messageTitle": "Fixing checkstyletest errors due to removal of address part 4.",
            "messageBody": "",
            "insertions": 4,
            "deletions": 2
          },
          {
            "hash": "2c0b76ac9163a29fc08479bf8ebad95c77124b03",
            "messageTitle": "Fixing checkstyletest errors due to removal of address part 5.",
            "messageBody": "",
            "insertions": 4,
            "deletions": 4
          }
        ]
      },
      {
        "insertions": 4813,
        "deletions": 78,
        "date": "2019-10-03",
        "commitResults": [
          {
            "hash": "8cade46effe9bdc7822e83e05285312c787d552a",
            "messageTitle": "Update README.adoc",
            "messageBody": "",
            "insertions": 1,
            "deletions": 0
          },
          {
            "hash": "842f4572e88c689b00f475eab93a1d290619e295",
            "messageTitle": "Fixing test classes to accomodate removal of address.",
            "messageBody": "",
            "insertions": 40,
            "deletions": 52
          },
          {
            "hash": "53e515a1f40a8f37ae6603614437f164b6e5ed01",
            "messageTitle": "Fixing checkstyletest.",
            "messageBody": "",
            "insertions": 14,
            "deletions": 15
          },
          {
            "hash": "c4b411c9e60e646531d533a4f52665e4aeaf4e84",
            "messageTitle": "Fixing checkstyle test errors.",
            "messageBody": "",
            "insertions": 2,
            "deletions": 0
          },
          {
            "hash": "98c4250bc6506decc591987c8848ce6560a1d50e",
            "messageTitle": "Revert \"Remove all tests and clear checkstyle errors\"",
            "messageBody": "",
            "insertions": 4756,
            "deletions": 11
          }
        ]
      },
      {
        "insertions": 356,
        "deletions": 228,
        "date": "2019-10-09",
        "commitResults": [
          {
            "hash": "e83040ec2c7e1c962b49995459a46116b2836240",
            "messageTitle": "Small fix.",
            "messageBody": "",
            "insertions": 1,
            "deletions": 1
          },
          {
            "hash": "53d1450bc946538441f7fce1196fa6398b613bb3",
            "messageTitle": "AddCommand and AddCommandParser done. Edit Model and AddressBook to accept Customer class.",
            "messageBody": "",
            "insertions": 355,
            "deletions": 227
          }
        ]
      },
      {
        "insertions": 390,
        "deletions": 87,
        "date": "2019-10-13",
        "commitResults": [
          {
            "hash": "0983837e2e5d794d6ea76565fbd73a1ee6f6aad9",
            "messageTitle": "Add CustomerDatabase.",
            "messageBody": "",
            "insertions": 145,
            "deletions": 35
          },
          {
            "hash": "205863ca515eb48d1409e594fde0bcbfd1dee0b5",
            "messageTitle": "EditCommand done.",
            "messageBody": "",
            "insertions": 199,
            "deletions": 36
          },
          {
            "hash": "816349928f05541a88105b3f37e73e60f2d8aa8a",
            "messageTitle": "Edit ModelManager and MainApp to accept CustomerDatabase. Small checkstyle fixes.",
            "messageBody": "",
            "insertions": 46,
            "deletions": 16
          }
        ]
      },
      {
        "insertions": 314,
        "deletions": 72,
        "date": "2019-10-14",
        "commitResults": [
          {
            "hash": "c26942677bd4443c152f728ea7fc97373f7603bd",
            "messageTitle": "ListCommand done. Implemented Context to ModelManager.",
            "messageBody": "",
            "insertions": 70,
            "deletions": 14
          },
          {
            "hash": "9360330a5e538d154e3f04cc1f6480ab7606dcea",
            "messageTitle": "Add CustomerCard and CustomerListPanel for Ui.",
            "messageBody": "",
            "insertions": 156,
            "deletions": 0
          },
          {
            "hash": "e24bd2a26e178a146061a37dfd795bd8cebcd5d2",
            "messageTitle": "Implement basic ListPanel switching.",
            "messageBody": "",
            "insertions": 50,
            "deletions": 25
          },
          {
            "hash": "01126534d923472f12a9e7f70282b74188e5058c",
            "messageTitle": "Fix checkStyleMain errors.",
            "messageBody": "",
            "insertions": 13,
            "deletions": 11
          },
          {
            "hash": "775b321d533b405910bc09aaf45b53b8fa8144b9",
            "messageTitle": "Abstracted changeList method from part of executeCommand method in MainWindow.",
            "messageBody": "",
            "insertions": 25,
            "deletions": 22
          }
        ]
      },
      {
        "insertions": 54,
        "deletions": 8,
        "date": "2019-10-15",
        "commitResults": [
          {
            "hash": "479a52b39387cb9a6aac7e27589db6db7493a791",
            "messageTitle": "Change changeList to changeContext",
            "messageBody": "",
            "insertions": 2,
            "deletions": 2
          },
          {
            "hash": "cde1601884a0504fa4e3f65a5edfb75bd824597a",
            "messageTitle": "Add DeleteCommand to Customer.",
            "messageBody": "",
            "insertions": 52,
            "deletions": 6
          }
        ]
      },
      {
        "insertions": 442,
        "deletions": 19,
        "date": "2019-10-16",
        "commitResults": [
          {
            "hash": "f65ffb42dbaeff45d6bf2bdf40a05d29f564bfe9",
            "messageTitle": "Implement storage for Customers.",
            "messageBody": "",
            "insertions": 440,
            "deletions": 17
          },
          {
            "hash": "0c0c88cbb4dec26b8fde9292e86e45e95c8325ac",
            "messageTitle": "Remove personList from Ui.",
            "messageBody": "",
            "insertions": 2,
            "deletions": 2
          }
        ]
      }
    ],
    "MackyMaguire": [
      {
        "insertions": 503,
        "deletions": 13,
        "date": "2019-10-09",
        "commitResults": [
          {
            "hash": "9bacf139ead0998710de2901e3d5e847d66344b2",
            "messageTitle": "Added Restaurant-side classes",
            "messageBody": "",
            "insertions": 227,
            "deletions": 1
          },
          {
            "hash": "b07be57d1a800d2109a1fc8ecbff210007d28dd9",
            "messageTitle": "Added Restaurant-side classes",
            "messageBody": "",
            "insertions": 1,
            "deletions": 2
          },
          {
            "hash": "8cb6c0c5592ed98a3709adbff0d11be633349b67",
            "messageTitle": "Added JavaDoc for Restaurant-side classes",
            "messageBody": "",
            "insertions": 26,
            "deletions": 6
          },
          {
            "hash": "70dd6202316eafd2f41e0582f5fa18844358daa4",
            "messageTitle": "Fixed Checkstyle error",
            "messageBody": "",
            "insertions": 1,
            "deletions": 1
          },
          {
            "hash": "db9e3b7ac009524fe16d2d855dd67efd427ad7b4",
            "messageTitle": "Fixed Checkstyle error",
            "messageBody": "",
            "insertions": 1,
            "deletions": 1
          },
          {
            "hash": "7b02a09d567eef8fde3a88adbf13dc2ea598d426",
            "messageTitle": "Added Restaurant-side classes (#38)",
            "messageBody": "* Added Restaurant-side classes\r\n\r\n* Added Restaurant-side classes\r\n\r\n* Added JavaDoc for Restaurant-side classes\r\n\r\n* Fixed Checkstyle error\r\n\r\n* Fixed Checkstyle error\r\n",
            "insertions": 246,
            "deletions": 1
          },
          {
            "hash": "995ec9cce47d952c58d2ab3b891ed915614805c7",
            "messageTitle": "Added photo in AboutUs.adoc",
            "messageBody": "",
            "insertions": 1,
            "deletions": 1
          }
        ]
      },
      {
        "insertions": 708,
        "deletions": 88,
        "date": "2019-10-11",
        "commitResults": [
          {
            "hash": "355ce8bb4250f8dac2f195ffd4876241fe1082b2",
            "messageTitle": "Added RestaurantDatabase",
            "messageBody": "",
            "insertions": 673,
            "deletions": 7
          },
          {
            "hash": "855753ee79f46330a466cd8cd432879d0d4104ed",
            "messageTitle": "Fixed checkstyle error",
            "messageBody": "",
            "insertions": 1,
            "deletions": 1
          },
          {
            "hash": "706a6f25d19a534820fee4e8e1fe429cd5a3f69e",
            "messageTitle": "Fixed checkstyle errors",
            "messageBody": "",
            "insertions": 28,
            "deletions": 21
          },
          {
            "hash": "8678ebf8a2b702f0e55a07269f5e7faee65adddf",
            "messageTitle": "Fixed checkstyle errors",
            "messageBody": "",
            "insertions": 3,
            "deletions": 2
          },
          {
            "hash": "a02630e8f29d307bcfe39efd38ad7e891c58bb4f",
            "messageTitle": "Fixed checkstyle errors",
            "messageBody": "",
            "insertions": 1,
            "deletions": 28
          },
          {
            "hash": "0671541d462ff7da93ee2655cd846bb5abaaf7d1",
            "messageTitle": "Fixed checkstyle errors",
            "messageBody": "",
            "insertions": 2,
            "deletions": 29
          }
        ]
      },
      {
        "insertions": 911,
        "deletions": 493,
        "date": "2019-10-13",
        "commitResults": [
          {
            "hash": "41eb93a647b675118f7ba575dc1e6af42e56eb5d",
            "messageTitle": "Removed seedu/address package",
            "messageBody": "",
            "insertions": 911,
            "deletions": 493
          }
        ]
      },
      {
        "insertions": 1120,
        "deletions": 185,
        "date": "2019-10-15",
        "commitResults": [
          {
            "hash": "03a92884036aff1b87e441b56d3c646edf296b10",
            "messageTitle": "Added Restaurant methods in Model",
            "messageBody": "",
            "insertions": 257,
            "deletions": 42
          },
          {
            "hash": "2484c701bc3842fe2ddd93e8e9d16692b5c2b17a",
            "messageTitle": "Implemented Add command and parser for Restaurants",
            "messageBody": "",
            "insertions": 107,
            "deletions": 26
          },
          {
            "hash": "ba093c28a783724dbacf99f15afe74d9e0e972b3",
            "messageTitle": "Added Sample Restaurants",
            "messageBody": "",
            "insertions": 43,
            "deletions": 23
          },
          {
            "hash": "e87aeb4db4d025b34ca8589d32f78e7639faccc7",
            "messageTitle": "Implemented Storage for Restaurant and RestaurantDatabase",
            "messageBody": "",
            "insertions": 416,
            "deletions": 18
          },
          {
            "hash": "50568de9f8fcc32489bfbcb0edcb48fcab1cfd50",
            "messageTitle": "Edited Ui to show Restaurants",
            "messageBody": "",
            "insertions": 214,
            "deletions": 8
          },
          {
            "hash": "83c2e320ff2e2851a31eb256646749de297b0e30",
            "messageTitle": "Fixed checkstyle errors",
            "messageBody": "",
            "insertions": 0,
            "deletions": 4
          },
          {
            "hash": "5c95d0aa2793087b07e0f8fabd4dee2f4fcc11b5",
            "messageTitle": "Fixed checkstyle errors",
            "messageBody": "",
            "insertions": 70,
            "deletions": 51
          },
          {
            "hash": "15ecc0d652a269b01d49674d7dc612256c29ec34",
            "messageTitle": "Fixed checkstyle errors",
            "messageBody": "",
            "insertions": 13,
            "deletions": 13
          }
        ]
      }
    ],
    "SoilingRogue": [
      {
        "insertions": 108,
        "deletions": 8,
        "date": "2019-09-16",
        "commitResults": [
          {
            "hash": "b614dbb216c2c798a8cc87218f07f86c5b166b45",
            "messageTitle": "Incomplete implementation of universal switch commands",
            "messageBody": "",
            "insertions": 108,
            "deletions": 8
          }
        ]
      },
      {
        "insertions": 451,
        "deletions": 353,
        "date": "2019-09-23",
        "commitResults": [
          {
            "hash": "92592d7817fde6eec2c593634f82b050de81a451",
            "messageTitle": "Tutorials 1 \u0026 2",
            "messageBody": "",
            "insertions": 62,
            "deletions": 288
          },
          {
            "hash": "390f84438c60785000394e4f334466e060cf82ae",
            "messageTitle": "Tutorial 3 - Adding a new Command",
            "messageBody": "",
            "insertions": 389,
            "deletions": 65
          }
        ]
      },
      {
        "insertions": 5,
        "deletions": 0,
        "date": "2019-09-24",
        "commitResults": [
          {
            "hash": "867049f906b5f770555d06ba2c63f58672472e17",
            "messageTitle": "Initial commit for creating universal parser",
            "messageBody": "",
            "insertions": 5,
            "deletions": 0
          }
        ]
      },
      {
        "insertions": 1207,
        "deletions": 294,
        "date": "2019-09-25",
        "commitResults": [
          {
            "hash": "db851352dcd0ed230d35f6ced0a04ed07dfa20e6",
            "messageTitle": "Increments on context parsers and commands, as well as refactored some files",
            "messageBody": "",
            "insertions": 1190,
            "deletions": 285
          },
          {
            "hash": "bfe9b8375c9c328a6bded76c4645b9adc4f540a7",
            "messageTitle": "Update DeveloperGuide.adoc",
            "messageBody": "",
            "insertions": 14,
            "deletions": 8
          },
          {
            "hash": "d48a7bd02d34d6783265769cf8b25b9dce3f9490",
            "messageTitle": "Update DeveloperGuide.adoc",
            "messageBody": "",
            "insertions": 3,
            "deletions": 1
          }
        ]
      },
      {
        "insertions": 1,
        "deletions": 1,
        "date": "2019-10-03",
        "commitResults": [
          {
            "hash": "e32d9fd8ec608c561cc796e04ffd986dc3e76c53",
            "messageTitle": "Update AboutUs.adoc",
            "messageBody": "",
            "insertions": 1,
            "deletions": 1
          }
        ]
      },
      {
        "insertions": 101,
        "deletions": 1,
        "date": "2019-10-04",
        "commitResults": [
          {
            "hash": "55dd68309859deb08776603da5b6c9aca026b9be",
            "messageTitle": "v1.2 increments",
            "messageBody": "",
            "insertions": 101,
            "deletions": 1
          }
        ]
      },
      {
        "insertions": 10,
        "deletions": 1,
        "date": "2019-10-11",
        "commitResults": [
          {
            "hash": "f0fcfe2bcf05876dc61846c79b8d39f6a4b68394",
            "messageTitle": "Modified UniversalParser to switch between context",
            "messageBody": "",
            "insertions": 10,
            "deletions": 1
          }
        ]
      },
      {
        "insertions": 86,
        "deletions": 16,
        "date": "2019-10-12",
        "commitResults": [
          {
            "hash": "b83b8dc307ad55c6b82a3d304233ff6e62c82d87",
            "messageTitle": "Resolved duplicated Order class",
            "messageBody": "",
            "insertions": 86,
            "deletions": 16
          }
        ]
      },
      {
        "insertions": 1076,
        "deletions": 156,
        "date": "2019-10-14",
        "commitResults": [
          {
            "hash": "93d0daed2bce43d9d7c5a6e87c4aa68a2443939c",
            "messageTitle": "Modified logic and model for orders",
            "messageBody": "",
            "insertions": 16,
            "deletions": 0
          },
          {
            "hash": "e64ba5c308d4e277ecd06a1fc23fa02f3d12a856",
            "messageTitle": "Modified logic and model for orders 2",
            "messageBody": "",
            "insertions": 283,
            "deletions": 4
          },
          {
            "hash": "ee3c310d602f46120c28cd56f430eeab99ba3645",
            "messageTitle": "Modified code for logic parsing and storage of orders",
            "messageBody": "",
            "insertions": 652,
            "deletions": 66
          },
          {
            "hash": "36eb8c603c8c89cc55c38898d742736628905b6b",
            "messageTitle": "Fixed CheckStyle errors",
            "messageBody": "",
            "insertions": 31,
            "deletions": 44
          },
          {
            "hash": "b66501f6cc4f733d718a1ca56a56f75ce871365f",
            "messageTitle": "Fixed CheckStyle errors part 2",
            "messageBody": "",
            "insertions": 21,
            "deletions": 33
          },
          {
            "hash": "207103a69571e5b6baf12436c81734c17c61efbd",
            "messageTitle": "Added working but unoptimized implementation of adding order command in customer context",
            "messageBody": "",
            "insertions": 67,
            "deletions": 7
          },
          {
            "hash": "22de5aa92164ad85fcb8a038a54fe40f84473687",
            "messageTitle": "Fixed CheckStyle errors",
            "messageBody": "",
            "insertions": 5,
            "deletions": 1
          },
          {
            "hash": "a6b074db619114348f545c59b38e80f3c54953cd",
            "messageTitle": "Fixed CheckStyle errors part 2",
            "messageBody": "",
            "insertions": 1,
            "deletions": 1
          }
        ]
      },
      {
        "insertions": 534,
        "deletions": 138,
        "date": "2019-10-16",
        "commitResults": [
          {
            "hash": "93dfe2149023b6134aca6d738bb16535502c8dcb",
            "messageTitle": "Added delete and edit order commands and parser",
            "messageBody": "",
            "insertions": 524,
            "deletions": 93
          },
          {
            "hash": "9bd7e42fc404d57a4a18ac922602d41584c15640",
            "messageTitle": "Fixed CheckStyle errors",
            "messageBody": "",
            "insertions": 1,
            "deletions": 1
          },
          {
            "hash": "efb5b54686f4d55fb2b4a57b88a520c3e7975095",
            "messageTitle": "Fixed CheckStyle errors part 2",
            "messageBody": "",
            "insertions": 7,
            "deletions": 41
          },
          {
            "hash": "354de19b0f37d89967097af2429d2e034c506cab",
            "messageTitle": "Fixed CheckStyle errors part 3",
            "messageBody": "",
            "insertions": 0,
            "deletions": 1
          },
          {
            "hash": "71c15e8d11c3fbac2e637a60ee5772e25ed541c9",
            "messageTitle": "Fixed CheckStyle errors part 4",
            "messageBody": "",
            "insertions": 2,
            "deletions": 2
          }
        ]
      }
    ],
    "charliechoong": [
      {
        "insertions": 1,
        "deletions": 2,
        "date": "2019-09-18",
        "commitResults": [
          {
            "hash": "2ba593fa28baf2336fcaaf423a8a517195a88bb9",
            "messageTitle": "Remove Codacy badge",
            "messageBody": "",
            "insertions": 1,
            "deletions": 2
          }
        ]
      },
      {
        "insertions": 34,
        "deletions": 24,
        "date": "2019-09-22",
        "commitResults": [
          {
            "hash": "689db8a69f5bc1ad494e1d5fc25d54ada1819dff",
            "messageTitle": "Edit AboutUs and ContactUs adocs",
            "messageBody": "",
            "insertions": 22,
            "deletions": 21
          },
          {
            "hash": "19e632dd3cb1f5a0b77f16072a10c4dd34f23428",
            "messageTitle": "Edit AboutUs and ContactUs adocs",
            "messageBody": "",
            "insertions": 11,
            "deletions": 2
          },
          {
            "hash": "b0979076707cec14488959c586ff2463d436d6f4",
            "messageTitle": "Edit AboutUs and ContactUs adocs",
            "messageBody": "",
            "insertions": 1,
            "deletions": 1
          }
        ]
      },
      {
        "insertions": 2915,
        "deletions": 2906,
        "date": "2019-09-28",
        "commitResults": [
          {
            "hash": "219b9108b7522a57bd24c1c23f2601567df25bba",
            "messageTitle": "Sync local repo with upstream repo",
            "messageBody": "",
            "insertions": 679,
            "deletions": 1992
          },
          {
            "hash": "ec5c57702663018b1561484557b37d4a628ba298",
            "messageTitle": "Revert \"Sync local repo with upstream repo\"",
            "messageBody": "This reverts commit 219b9108b7522a57bd24c1c23f2601567df25bba.\n",
            "insertions": 1992,
            "deletions": 679
          },
          {
            "hash": "28720a60b1ea51953fa39c85a6acf272cc01d1ec",
            "messageTitle": "Add repoURL for Developer and User guides",
            "messageBody": "",
            "insertions": 5,
            "deletions": 3
          },
          {
            "hash": "3d3c6c59bfa56743b8dc9eb80423a27f1354282e",
            "messageTitle": "Correct checkstyle errors",
            "messageBody": "",
            "insertions": 5,
            "deletions": 5
          },
          {
            "hash": "6af8a8a41363274240313b594cb011d7d89ad5ac",
            "messageTitle": "Correct most of existing checkstyle errors",
            "messageBody": "",
            "insertions": 133,
            "deletions": 128
          },
          {
            "hash": "359f4ad14d30dfa5371299ef668615d9c7cee28c",
            "messageTitle": "Correct most of existing checkstyle errors",
            "messageBody": "",
            "insertions": 53,
            "deletions": 53
          },
          {
            "hash": "0bce92885e49e0355d336a87e4a72779dcef9ec3",
            "messageTitle": "Correct most of existing checkstyle errors",
            "messageBody": "",
            "insertions": 16,
            "deletions": 13
          },
          {
            "hash": "8c4da320a1837ea83fc55d00382ffe6a48747ce4",
            "messageTitle": "Correct all checkstyle errors except Javadoc comments",
            "messageBody": "",
            "insertions": 24,
            "deletions": 25
          },
          {
            "hash": "6277784881c450b402f86bf3abb18e9c553e1d9b",
            "messageTitle": "Correct all checkstyle errors except Javadoc comments",
            "messageBody": "",
            "insertions": 8,
            "deletions": 8
          }
        ]
      },
      {
        "insertions": 96,
        "deletions": 41,
        "date": "2019-09-29",
        "commitResults": [
          {
            "hash": "97b473ec721955fdd2e2bd7299538a02e1a96d1f",
            "messageTitle": "Correct all checkstyle errors except Javadoc comments",
            "messageBody": "",
            "insertions": 4,
            "deletions": 6
          },
          {
            "hash": "5261b61c97f2dfb3bc75a2b86e251bae80515a71",
            "messageTitle": "Add dummy Javadoc comments",
            "messageBody": "",
            "insertions": 57,
            "deletions": 0
          },
          {
            "hash": "3f3d6d6b7ec52520d4bce5ae4e7966bafd9c2eb3",
            "messageTitle": "Edit dummy Javadocs comments",
            "messageBody": "",
            "insertions": 35,
            "deletions": 35
          }
        ]
      },
      {
        "insertions": 1,
        "deletions": 1,
        "date": "2019-10-02",
        "commitResults": [
          {
            "hash": "9ddf0e413563fac267598b0a69d228aa598c8c5b",
            "messageTitle": "Edit minor changes to AboutUs",
            "messageBody": "",
            "insertions": 1,
            "deletions": 1
          }
        ]
      },
      {
        "insertions": 10,
        "deletions": 4755,
        "date": "2019-10-03",
        "commitResults": [
          {
            "hash": "579ef8be20081d89017da7a15c528255550ea2fd",
            "messageTitle": "Remove all Tests",
            "messageBody": "",
            "insertions": 0,
            "deletions": 4748
          },
          {
            "hash": "6296b27bc77b1496a1ee62991ec768e8e3e744e4",
            "messageTitle": "Remove all Tests and clear Checkstyle errors",
            "messageBody": "",
            "insertions": 10,
            "deletions": 7
          }
        ]
      },
      {
        "insertions": 13,
        "deletions": 14,
        "date": "2019-10-04",
        "commitResults": [
          {
            "hash": "e13750cc6f64d5ef42b46608685ec8af1a199dc3",
            "messageTitle": "Update responsibilities in AboutUs.adoc",
            "messageBody": "",
            "insertions": 10,
            "deletions": 11
          },
          {
            "hash": "5ae89ec864896776e07bcaa195df2f0d04ba1efc",
            "messageTitle": "Update AboutUs.adoc",
            "messageBody": "",
            "insertions": 3,
            "deletions": 3
          }
        ]
      },
      {
        "insertions": 9,
        "deletions": 3,
        "date": "2019-10-05",
        "commitResults": [
          {
            "hash": "b0036e7ab94ebd81d93e95441535eb2afd9828c6",
            "messageTitle": "Add message output for successful deliveryman commands",
            "messageBody": "",
            "insertions": 9,
            "deletions": 3
          }
        ]
      },
      {
        "insertions": 92,
        "deletions": 0,
        "date": "2019-10-09",
        "commitResults": [
          {
            "hash": "d06ef40beffed94ab38c501a0f1f06729bd476d9",
            "messageTitle": "Create Deliveryman and DeliveryHistory classes",
            "messageBody": "",
            "insertions": 63,
            "deletions": 0
          },
          {
            "hash": "576da9bec8be69937d34596ba6d2a8fa7c55a989",
            "messageTitle": "Create Status and DeliveryManager classes for delivery side.",
            "messageBody": "",
            "insertions": 29,
            "deletions": 0
          }
        ]
      },
      {
        "insertions": 241,
        "deletions": 4770,
        "date": "2019-10-12",
        "commitResults": [
          {
            "hash": "bd6d0b490d5422165fc59fca53e6caaa4f5572e7",
            "messageTitle": "Readd Phone class",
            "messageBody": "",
            "insertions": 42,
            "deletions": 0
          },
          {
            "hash": "6732be339e7c2a90f9a1f698c8dd3a4ea452b367",
            "messageTitle": "Re-add Phone class and add more Deliveryman classes",
            "messageBody": "",
            "insertions": 132,
            "deletions": 0
          },
          {
            "hash": "7508bf2cfc9df154ddfd7ecf0397ac6166e89eed",
            "messageTitle": "Clear Travis errors.",
            "messageBody": "",
            "insertions": 66,
            "deletions": 38
          },
          {
            "hash": "5c9d442b51fe00564f086abcbf42cfbd5399db13",
            "messageTitle": "Remove 2 tests due to changes in Model imports for \"address\" folder",
            "messageBody": "",
            "insertions": 1,
            "deletions": 196
          },
          {
            "hash": "9d2d1c0d9bc81f5ba2aa4ed09461a6d6572b5c30",
            "messageTitle": "Delete all Command tests",
            "messageBody": "",
            "insertions": 0,
            "deletions": 895
          },
          {
            "hash": "6cb53f2ab5536a0b37e334939af330c9815bd97e",
            "messageTitle": "Remove all tests",
            "messageBody": "",
            "insertions": 0,
            "deletions": 3641
          }
        ]
      },
      {
        "insertions": 1,
        "deletions": 3,
        "date": "2019-10-13",
        "commitResults": [
          {
            "hash": "9a341faf69c7d717eade813b51d6e7ff06de9e32",
            "messageTitle": "Edit minor changes",
            "messageBody": "",
            "insertions": 1,
            "deletions": 3
          }
        ]
      },
      {
        "insertions": 204,
        "deletions": 18,
        "date": "2019-10-15",
        "commitResults": [
          {
            "hash": "0e3bd576ef52de4f4473ae50b3bbf41f027ea3d7",
            "messageTitle": "Implement Deliverymen database.",
            "messageBody": "",
            "insertions": 111,
            "deletions": 8
          },
          {
            "hash": "0a334c8626993ed8f7e1db8e3e4c91cf758a93d7",
            "messageTitle": "Implement deliverymen database.",
            "messageBody": "",
            "insertions": 52,
            "deletions": 0
          },
          {
            "hash": "c28a36694690ff73ca2b96e0f776c6e9a564bc6c",
            "messageTitle": "Edit deliveryman classes.",
            "messageBody": "",
            "insertions": 41,
            "deletions": 10
          }
        ]
      },
      {
        "insertions": 776,
        "deletions": 90,
        "date": "2019-10-16",
        "commitResults": [
          {
            "hash": "758fd0e00c10eaef283f8f339cb887e890efe79a",
            "messageTitle": "Add DeliverymanStatusList class to append statuses to UniqueDeliverymanList",
            "messageBody": "",
            "insertions": 39,
            "deletions": 1
          },
          {
            "hash": "0ecf02076ea7e3ab66edf1d4af5a4a433a62fe24",
            "messageTitle": "Add more deliverymen methods into database and respective classes",
            "messageBody": "",
            "insertions": 49,
            "deletions": 5
          },
          {
            "hash": "572a31e6e3bc531b403522a567871eb2cf1c6129",
            "messageTitle": "Implement storage for deliverymen and add sample data",
            "messageBody": "",
            "insertions": 127,
            "deletions": 3
          },
          {
            "hash": "66f423f2029a8ef4c13758d3baaae47ced342f2d",
            "messageTitle": "Fix storage errors",
            "messageBody": "",
            "insertions": 107,
            "deletions": 6
          },
          {
            "hash": "1da35a81dba67144247663a333d5480d7bb9c097",
            "messageTitle": "Fix checkstyle errors",
            "messageBody": "",
            "insertions": 12,
            "deletions": 6
          },
          {
            "hash": "df7474d969d7c1b566cfe8b37597d2a8a1f22c10",
            "messageTitle": "Edit minor changes",
            "messageBody": "",
            "insertions": 156,
            "deletions": 18
          },
          {
            "hash": "48df7fc91a31476b479a9601edd32ecd4ac36a4a",
            "messageTitle": "Clear checkstyle errors",
            "messageBody": "",
            "insertions": 5,
            "deletions": 16
          },
          {
            "hash": "3780f7d32208c9539b65c582239a0768d206e0a3",
            "messageTitle": "Edit FXML and related files to display deliverymen info on GUI",
            "messageBody": "",
            "insertions": 278,
            "deletions": 30
          },
          {
            "hash": "4a476a52ce751897dfb9ed17e3c170a116bb5bf7",
            "messageTitle": "Clear checktyle errors",
            "messageBody": "",
            "insertions": 3,
            "deletions": 3
          },
          {
            "hash": "05024a0721ceecb7d36257fe643f0abb8bfe58e1",
            "messageTitle": "Fix merge conflicts",
            "messageBody": "",
            "insertions": 0,
            "deletions": 2
          }
        ]
      },
      {
        "insertions": 62,
        "deletions": 9,
        "date": "2019-10-17",
        "commitResults": [
          {
            "hash": "a57e170c6e7dfa990ffc9696c4c4dc0793e44797",
            "messageTitle": "Implement add command for deliverymen",
            "messageBody": "",
            "insertions": 62,
            "deletions": 9
          }
        ]
      },
      {
        "insertions": 469,
        "deletions": 107,
        "date": "2019-10-18",
        "commitResults": [
          {
            "hash": "0a898beb1dfa9236b52286ff149a01b94627d7a7",
            "messageTitle": "Implement delete command for deliverymen",
            "messageBody": "",
            "insertions": 163,
            "deletions": 2
          },
          {
            "hash": "e0324b75273c755e5798c3556e65b5b19c9c200f",
            "messageTitle": "Clear checkstyle errors",
            "messageBody": "",
            "insertions": 3,
            "deletions": 6
          },
          {
            "hash": "ba109071c98c86f395ddcfaf91622bbe2074dfc5",
            "messageTitle": "Implement Edit command for deliverymen",
            "messageBody": "",
            "insertions": 153,
            "deletions": 31
          },
          {
            "hash": "0a532e1c3f94d4118c1070d94963e3233e5a527e",
            "messageTitle": "Implement tags for deliverymen",
            "messageBody": "",
            "insertions": 104,
            "deletions": 25
          },
          {
            "hash": "6b722c4f7ad8d7ce330b4ea3ce45912fd3cb08da",
            "messageTitle": "Correct checkstyle errors",
            "messageBody": "",
            "insertions": 2,
            "deletions": 3
          },
          {
            "hash": "c5e76fd17ff7758af60cf48880e257f36302b778",
            "messageTitle": "Edit variable names",
            "messageBody": "",
            "insertions": 39,
            "deletions": 35
          },
          {
            "hash": "999197d3a57a1f1b9288740c244eecdf53999dcb",
            "messageTitle": "Resolve bugs related to tags",
            "messageBody": "",
            "insertions": 5,
            "deletions": 5
          }
        ]
      }
    ]
  },
  "authorFinalContributionMap": {
    "etlow": 533,
    "ryantay232": 1594,
    "MackyMaguire": 2423,
    "SoilingRogue": 1464,
    "charliechoong": 3015
  },
  "authorFileTypeContributionMap": {
    "etlow": {
      "docs": 2,
      "tests": 147,
      "functional": 383,
      "other": 1
    },
    "ryantay232": {
      "docs": 31,
      "tests": 0,
      "functional": 1563
    },
    "MackyMaguire": {
      "docs": 1,
      "tests": 0,
      "functional": 2422
    },
    "SoilingRogue": {
      "docs": 3,
      "tests": 0,
      "functional": 1461
    },
    "charliechoong": {
      "docs": 360,
      "tests": 0,
      "functional": 2654,
      "other": 1
    }
  },
  "authorContributionVariance": {
    "etlow": 11617.133,
    "ryantay232": 559003.56,
    "MackyMaguire": 97630.305,
    "SoilingRogue": 102846.97,
    "charliechoong": 1758332.2
  },
  "authorDisplayNameMap": {
    "etlow": "CS2103T-T12-2 LOW E ... E TER",
    "ryantay232": "CS2103T-T12-2 RYAN  ...  JIAN",
    "MackyMaguire": "CS2103T-T12-2 ZHOU  ... IANYU",
    "SoilingRogue": "CS2103T-T12-2 YUAN  ... ANLEY",
    "charliechoong": "CS2103T-T12-2 CHOON ... N YAO"
  }
}
