{
  "authorDailyContributionsMap": {
    "marqueurs404": [
      {
        "insertions": 2,
        "deletions": 2,
        "date": "2019-09-18",
        "commitResults": [
          {
            "hash": "6d4e5b502e6b5b8e281fb80a09dfa81a23a74a28",
            "messageTitle": "Update README.adoc",
            "messageBody": "Remove codacy badge and update travis-ci badge",
            "insertions": 2,
            "deletions": 2
          }
        ]
      },
      {
        "insertions": 1,
        "deletions": 1,
        "date": "2019-09-20",
        "commitResults": [
          {
            "hash": "92dee82f8262707d9abfcbce78ac561d87907a64",
            "messageTitle": "Update README.adoc",
            "messageBody": "Fix Travis badge url",
            "insertions": 1,
            "deletions": 1
          }
        ]
      },
      {
        "insertions": 43,
        "deletions": 3,
        "date": "2019-09-21",
        "commitResults": [
          {
            "hash": "049c9d34e602d9b74d83636ac5ac33324408ffb4",
            "messageTitle": "add travis telegram bot",
            "messageBody": "",
            "insertions": 39,
            "deletions": 0
          },
          {
            "hash": "1f8504ff4e59da54666391059460200d76cfee41",
            "messageTitle": "fix EOF",
            "messageBody": "",
            "insertions": 2,
            "deletions": 2
          },
          {
            "hash": "872b934527c1237e870ade122abd512e2f40e3a2",
            "messageTitle": "More CI stuff (#48)",
            "messageBody": "* Add author to travis telegram notification",
            "insertions": 2,
            "deletions": 1
          }
        ]
      },
      {
        "insertions": 69,
        "deletions": 15,
        "date": "2019-10-02",
        "commitResults": [
          {
            "hash": "9faff07c1020158d49a58e32a27e3ab27f60bcc6",
            "messageTitle": "update DG (#72)",
            "messageBody": "",
            "insertions": 69,
            "deletions": 15
          }
        ]
      },
      {
        "insertions": 3697,
        "deletions": 984,
        "date": "2019-10-09",
        "commitResults": [
          {
            "hash": "69454e281f54ebd817e2138d874a62b89458f7ff",
            "messageTitle": "Rename NusmodCommand to ShowNusModCommand *  Add POJOs corresponding to NUSMods Json data * Add NusModsApiParser to parse Json data from NusModsApi to POJOs * Fix ShowNusModCommand * Add NusModsData class to group NUSMods-related data for use in ModelManager * Add ApiCache skeleton to support api caching in future * Add AppSettings and for UserPrefs * Add NUSModShareLink model for future use",
            "messageBody": "",
            "insertions": 1836,
            "deletions": 368
          },
          {
            "hash": "478cee5a8bb9e44c39fe8635906e7d9e7688ea4e",
            "messageTitle": "Improve code quality",
            "messageBody": "",
            "insertions": 26,
            "deletions": 57
          },
          {
            "hash": "18edbfdd8b5b7e253860fef3b9da110f64821ffa",
            "messageTitle": "Rename NusModApi/NusModApiParser to NusModsApi/NusModsApiParser",
            "messageBody": "",
            "insertions": 15,
            "deletions": 185
          },
          {
            "hash": "03b1c17a514f3aedca43a13c41a9224a48c3b127",
            "messageTitle": "Fix ShowNusMod feature and many module-related adjustments (#84)",
            "messageBody": "* Rename NusmodCommand to ShowNusModCommand\r\n*  Add POJOs corresponding to NUSMods Json data\r\n* Add NusModApiParser to parse Json data from NusModApi to POJOs\r\n* Fix ShowNusModCommand\r\n* Add NusModsData class to group NUSMods-related data for use in ModelManager\r\n* Add ApiCache skeleton to support api caching in future\r\n* Add AppSettings and for UserPrefs\r\n* Add NUSModShareLink model for future use\r\n* Improve code quality\r\n* Rename NusModApi/NusModApiParser to NusModsApi/NusModsApiParser\r\n",
            "insertions": 1820,
            "deletions": 374
          }
        ]
      },
      {
        "insertions": 53,
        "deletions": 22,
        "date": "2019-10-14",
        "commitResults": [
          {
            "hash": "4c9ce89267cf48bfa87039789f360fd0c7833bc4",
            "messageTitle": "Apply \u0027Law of Demeter\u0027 for getting UserPref\u0027s AcadYear and SemesterNo",
            "messageBody": "",
            "insertions": 34,
            "deletions": 4
          },
          {
            "hash": "db87b9bd56ba999d62a92223ff2cc226848d21ae",
            "messageTitle": "Modify nusmodsapi to throw exception vs return null",
            "messageBody": "",
            "insertions": 19,
            "deletions": 18
          }
        ]
      },
      {
        "insertions": 788,
        "deletions": 129,
        "date": "2019-10-15",
        "commitResults": [
          {
            "hash": "e56752f0253f3c2a7df38301bad78b477de59133",
            "messageTitle": "Modify nusmodapi to return optional vs throw exception",
            "messageBody": "",
            "insertions": 14,
            "deletions": 7
          },
          {
            "hash": "46e2beca7124bdf1dcf174d959522473edd640e2",
            "messageTitle": "Modify nusmodapi to return optional vs throw exception",
            "messageBody": "",
            "insertions": 24,
            "deletions": 23
          },
          {
            "hash": "8a14532521a2bdf40dd1449c721cc325f2ba724e",
            "messageTitle": "Add SimpleJsonUtil to avoid mixing simpleJson and Jackson usage together",
            "messageBody": "",
            "insertions": 133,
            "deletions": 58
          },
          {
            "hash": "708aacaa2ec115c478f3624d3cbd6322799d9814",
            "messageTitle": "Fix typo",
            "messageBody": "",
            "insertions": 1,
            "deletions": 1
          },
          {
            "hash": "b82599944989938464dd941bfc0f593673ef021c",
            "messageTitle": "Implement addnusmods command",
            "messageBody": "",
            "insertions": 315,
            "deletions": 27
          },
          {
            "hash": "5f248b931f1c4c4c8f2b4731d3a7c50ef5c5fc3a",
            "messageTitle": "Implement addmod command",
            "messageBody": "",
            "insertions": 289,
            "deletions": 4
          },
          {
            "hash": "e469406e7423869f2bd3fe5cd8aa711f117173a3",
            "messageTitle": "Fix checkstyle",
            "messageBody": "",
            "insertions": 8,
            "deletions": 5
          },
          {
            "hash": "b9f4116d2c291e236679f762428e319f446065fb",
            "messageTitle": "fix ProcessVenues.getVenuesJsonArray",
            "messageBody": "",
            "insertions": 3,
            "deletions": 3
          },
          {
            "hash": "ddbc545d59628cb707cb5406c7c84e25561f0680",
            "messageTitle": "trigger checks",
            "messageBody": "",
            "insertions": 1,
            "deletions": 1
          }
        ]
      },
      {
        "insertions": 325,
        "deletions": 319,
        "date": "2019-10-16",
        "commitResults": [
          {
            "hash": "0e1a461f77c6784468b98270a5232ceba674eca1",
            "messageTitle": "Implement caching (#105)",
            "messageBody": "",
            "insertions": 325,
            "deletions": 319
          }
        ]
      }
    ],
    "klementtan": [
      {
        "insertions": 18,
        "deletions": 2,
        "date": "2019-09-23",
        "commitResults": [
          {
            "hash": "d02311f7d9eacc4788673bac7f5a6302d2542265",
            "messageTitle": "Update README.adoc",
            "messageBody": "",
            "insertions": 17,
            "deletions": 1
          },
          {
            "hash": "a293f35c3a40fa07e4e4180ecfb5e17048935c2b",
            "messageTitle": "Update README.adoc",
            "messageBody": "",
            "insertions": 1,
            "deletions": 1
          }
        ]
      },
      {
        "insertions": 310,
        "deletions": 7,
        "date": "2019-09-26",
        "commitResults": [
          {
            "hash": "0225e74f4bf427869652ca3632a2cd117458636d",
            "messageTitle": "Add Location class",
            "messageBody": "",
            "insertions": 29,
            "deletions": 0
          },
          {
            "hash": "db0fc85cddfe6b5f7e30ab796047ee45bdcac50c",
            "messageTitle": "Complete test case for location obj and create locationEdge obj",
            "messageBody": "",
            "insertions": 64,
            "deletions": 0
          },
          {
            "hash": "58da1eb356be3648a736d78ac7e274d47ba36e04",
            "messageTitle": "Add LocationEdge Test, LocationVertex, LocationVertexTest",
            "messageBody": "",
            "insertions": 158,
            "deletions": 3
          },
          {
            "hash": "56c9efb7e3de28253b5a9ce5993529a6dffa374d",
            "messageTitle": "Finished module",
            "messageBody": "",
            "insertions": 59,
            "deletions": 4
          }
        ]
      },
      {
        "insertions": 0,
        "deletions": 303,
        "date": "2019-09-27",
        "commitResults": [
          {
            "hash": "780619c758e2ab7b929a650f6b7284d0e3d38a2f",
            "messageTitle": "Revert \"Gmaps\"",
            "messageBody": "",
            "insertions": 0,
            "deletions": 303
          }
        ]
      },
      {
        "insertions": 305,
        "deletions": 3,
        "date": "2019-09-30",
        "commitResults": [
          {
            "hash": "1db22ebc03e78204f31772d6518e4c15721d3749",
            "messageTitle": "Gmaps",
            "messageBody": "",
            "insertions": 303,
            "deletions": 0
          },
          {
            "hash": "09346b3d3463021c4578d17ef26bbbdfcc6b82ed",
            "messageTitle": "Resolve travis",
            "messageBody": "",
            "insertions": 2,
            "deletions": 3
          }
        ]
      },
      {
        "insertions": 141,
        "deletions": 23,
        "date": "2019-10-01",
        "commitResults": [
          {
            "hash": "ce6792fb74380bed2beac96eaa75bd4d8d7f9318",
            "messageTitle": "Update README.adoc",
            "messageBody": "",
            "insertions": 3,
            "deletions": 0
          },
          {
            "hash": "867401812916685fbe787566b8808437a7178643",
            "messageTitle": "Make changes to ug and readme",
            "messageBody": "",
            "insertions": 134,
            "deletions": 14
          },
          {
            "hash": "eeb1f1cd86d4286aa62a4f2f36ff1b045efe660e",
            "messageTitle": "Resolve checkstyle",
            "messageBody": "",
            "insertions": 1,
            "deletions": 1
          },
          {
            "hash": "760196eaef8c8a26851995b5185a5c787e2b16df",
            "messageTitle": "Resovle ascii doc",
            "messageBody": "",
            "insertions": 0,
            "deletions": 5
          },
          {
            "hash": "fc8dc91af06bad0651f91c3d1d42907a987ddccf",
            "messageTitle": "Resolve ascii doc 2",
            "messageBody": "",
            "insertions": 1,
            "deletions": 1
          },
          {
            "hash": "c8306d5c03d1687fe09e1f7ef10e6d3a2c8c9201",
            "messageTitle": "Resolve travis",
            "messageBody": "",
            "insertions": 2,
            "deletions": 2
          }
        ]
      },
      {
        "insertions": 1,
        "deletions": 5,
        "date": "2019-10-04",
        "commitResults": [
          {
            "hash": "92e1b68733bccfab2c3efda311fff1b9b026cefb",
            "messageTitle": "Add codacy",
            "messageBody": "",
            "insertions": 1,
            "deletions": 5
          }
        ]
      },
      {
        "insertions": 476,
        "deletions": 135,
        "date": "2019-10-06",
        "commitResults": [
          {
            "hash": "20dd5dbf2b950a694787890910ff0f85759dd0a0",
            "messageTitle": "Add GmapsApi Class and GmapsProcessingJson Class",
            "messageBody": "",
            "insertions": 143,
            "deletions": 0
          },
          {
            "hash": "04435b485a4135ddd87a51c5cfb4b144685f1d70",
            "messageTitle": "Resolve the venues api bug",
            "messageBody": "",
            "insertions": 22,
            "deletions": 4
          },
          {
            "hash": "678d1b35aeb9779ec85f659362a37f8350343e52",
            "messageTitle": "Resolve check style",
            "messageBody": "",
            "insertions": 126,
            "deletions": 1
          },
          {
            "hash": "22a138ff085e91b15c53c196752131a1167074c2",
            "messageTitle": "Resolve checkstyle 2",
            "messageBody": "",
            "insertions": 127,
            "deletions": 126
          },
          {
            "hash": "2b5100ee37bde65772258389e4e841979476a512",
            "messageTitle": "Add location array list utils",
            "messageBody": "",
            "insertions": 58,
            "deletions": 4
          }
        ]
      },
      {
        "insertions": 3,
        "deletions": 2,
        "date": "2019-10-07",
        "commitResults": [
          {
            "hash": "506ba488503d6b49505c6a31685bf9c97bad388f",
            "messageTitle": "Resolve Typo",
            "messageBody": "",
            "insertions": 1,
            "deletions": 1
          },
          {
            "hash": "b8454fe2360829f12b144c4176c6cd71d60b6ef3",
            "messageTitle": "Resolve styling",
            "messageBody": "",
            "insertions": 2,
            "deletions": 1
          }
        ]
      },
      {
        "insertions": 309,
        "deletions": 249,
        "date": "2019-10-08",
        "commitResults": [
          {
            "hash": "45541855c4af79aa11989aa389d1acf93aee95b7",
            "messageTitle": "Complete Get Venues",
            "messageBody": "",
            "insertions": 229,
            "deletions": 238
          },
          {
            "hash": "58eb07a12eb9c7abdc999eb60fb36d2ab4080ca1",
            "messageTitle": "Working not optimised building of matrix",
            "messageBody": "",
            "insertions": 80,
            "deletions": 11
          }
        ]
      },
      {
        "insertions": 557,
        "deletions": 455,
        "date": "2019-10-09",
        "commitResults": [
          {
            "hash": "e72ad06968cfb7ceb6bfec012d4294c0736f5d44",
            "messageTitle": "Update README.adoc",
            "messageBody": "",
            "insertions": 1,
            "deletions": 16
          },
          {
            "hash": "e80c5003256b908318a313ab4296104d7079cbfa",
            "messageTitle": "Update README.adoc",
            "messageBody": "",
            "insertions": 1,
            "deletions": 1
          },
          {
            "hash": "e681fadbd3d2296b0c5f18bc51913d8961adc9a8",
            "messageTitle": "Finish MVP and checkstyle",
            "messageBody": "",
            "insertions": 436,
            "deletions": 187
          },
          {
            "hash": "c495044f72717fc7c38a36781a9776392190bb50",
            "messageTitle": "Remove API key",
            "messageBody": "",
            "insertions": 1,
            "deletions": 1
          },
          {
            "hash": "2a5b5df42ca193f2d647e3e19e1c23df89bfe4b6",
            "messageTitle": "Remove legacy tests",
            "messageBody": "",
            "insertions": 2,
            "deletions": 248
          },
          {
            "hash": "53b15986a4f1eb29bae15844742f882fb52e98ab",
            "messageTitle": "Add test case for Location Object and GmapsJsonUtils",
            "messageBody": "",
            "insertions": 91,
            "deletions": 2
          },
          {
            "hash": "76a125e21176051cae520f57247b7d1687eae8b3",
            "messageTitle": "Resolve checkstyle",
            "messageBody": "",
            "insertions": 1,
            "deletions": 0
          },
          {
            "hash": "5cc3379f260e6041b37cd1f863c560344b60d904",
            "messageTitle": "Update ug",
            "messageBody": "",
            "insertions": 24,
            "deletions": 0
          }
        ]
      },
      {
        "insertions": 493,
        "deletions": 82,
        "date": "2019-10-14",
        "commitResults": [
          {
            "hash": "e52bb2070699877ab1d2090f3bb6ad39ddc54477",
            "messageTitle": "Add test case for LocationArrayListUtils",
            "messageBody": "",
            "insertions": 49,
            "deletions": 4
          },
          {
            "hash": "76eb9db05fa68584a1e683d7dd1f044162df850f",
            "messageTitle": "Add sanitize location method",
            "messageBody": "",
            "insertions": 152,
            "deletions": 40
          },
          {
            "hash": "874504501885b99d984ac433b609a97f1601c7e0",
            "messageTitle": "Add test case for SanitzieLocation",
            "messageBody": "",
            "insertions": 126,
            "deletions": 14
          },
          {
            "hash": "5ee0969c22159d67093d4543a386c168424f10c6",
            "messageTitle": "Test case for process venues",
            "messageBody": "",
            "insertions": 54,
            "deletions": 20
          },
          {
            "hash": "6076b3e29edf60ff43f60de06e1c32e057b9c3d1",
            "messageTitle": "Added LocationGraphTest",
            "messageBody": "",
            "insertions": 112,
            "deletions": 4
          }
        ]
      },
      {
        "insertions": 425,
        "deletions": 233,
        "date": "2019-10-15",
        "commitResults": [
          {
            "hash": "12607b3202685686837a032f7224b9f47bace0fe",
            "messageTitle": "Clean up the codes",
            "messageBody": "",
            "insertions": 118,
            "deletions": 44
          },
          {
            "hash": "717fd4027268479c585e10fb2eb3a2c3578529a8",
            "messageTitle": "Remove API KEY",
            "messageBody": "",
            "insertions": 1,
            "deletions": 1
          },
          {
            "hash": "972ee5a9c46a545eca5f5c7d24d416e2603502f9",
            "messageTitle": "Resolve test case",
            "messageBody": "",
            "insertions": 0,
            "deletions": 12
          },
          {
            "hash": "94a3e12a9b05096bfc36b20fe70346791c871de5",
            "messageTitle": "Resolve check style",
            "messageBody": "",
            "insertions": 0,
            "deletions": 2
          },
          {
            "hash": "235bbb9b8d4097218b3bcafd2d5aac1eab7faaba",
            "messageTitle": "add test case",
            "messageBody": "",
            "insertions": 14,
            "deletions": 0
          },
          {
            "hash": "93f2013de6a3b527f5334eb417124cf760251bd3",
            "messageTitle": "Resolve test",
            "messageBody": "",
            "insertions": 0,
            "deletions": 44
          },
          {
            "hash": "85c7e5f211dc68862203272094a6dae756624b02",
            "messageTitle": "Resolve test case",
            "messageBody": "",
            "insertions": 0,
            "deletions": 2
          },
          {
            "hash": "3d265deeaf3b99ee44af07f8a6fd30a30bed12ac",
            "messageTitle": "Add class and method getClosestLocation",
            "messageBody": "",
            "insertions": 202,
            "deletions": 71
          },
          {
            "hash": "d4d32cce4effb2080e4f4fe4a1759cf914cd6d24",
            "messageTitle": "Integrate with ModelManager",
            "messageBody": "",
            "insertions": 87,
            "deletions": 56
          },
          {
            "hash": "f78b15639c91dcecd8d11966cf49228ac781ebe5",
            "messageTitle": "Integrate with command suggestion",
            "messageBody": "",
            "insertions": 3,
            "deletions": 1
          }
        ]
      },
      {
        "insertions": 104,
        "deletions": 100,
        "date": "2019-10-16",
        "commitResults": [
          {
            "hash": "4e8b41c9b1ab011df97053d3f7894e4c8b0dd935",
            "messageTitle": "Resolve checkstyle",
            "messageBody": "",
            "insertions": 12,
            "deletions": 11
          },
          {
            "hash": "80da64683bd7a0f93d58018d82f161afae60ae9a",
            "messageTitle": "Resolve travis",
            "messageBody": "",
            "insertions": 4,
            "deletions": 4
          },
          {
            "hash": "641c78ef60b54304e7feb0dfcf1a7257d8b4a315",
            "messageTitle": "Resolve checkstyle",
            "messageBody": "",
            "insertions": 1,
            "deletions": 2
          },
          {
            "hash": "0ee6623bc3e36efb2db4793885436defc6f920e0",
            "messageTitle": "Resolve test",
            "messageBody": "",
            "insertions": 1,
            "deletions": 7
          },
          {
            "hash": "49532d31c328195817ad1168a0b8255d24193566",
            "messageTitle": "Resolve test:",
            "messageBody": "",
            "insertions": 3,
            "deletions": 0
          },
          {
            "hash": "809968c076d99d746fb3058374dc04838aade46c",
            "messageTitle": "Resolve test case",
            "messageBody": "",
            "insertions": 3,
            "deletions": 1
          },
          {
            "hash": "ee362d132400a17c5b31d96938ff875006629693",
            "messageTitle": "Resolve checkstyle",
            "messageBody": "",
            "insertions": 1,
            "deletions": 1
          },
          {
            "hash": "3d281aac135772ca072373d9f1b682a1f7381ff5",
            "messageTitle": "Resolve test case",
            "messageBody": "",
            "insertions": 15,
            "deletions": 5
          },
          {
            "hash": "719a05721a96c0f1db012932ea20af63b43658e3",
            "messageTitle": "Travis debugger",
            "messageBody": "",
            "insertions": 13,
            "deletions": 9
          },
          {
            "hash": "5271c2b06da4d6bce5a4bc161b98a08a0f7d6c83",
            "messageTitle": "Resolve test",
            "messageBody": "",
            "insertions": 8,
            "deletions": 9
          },
          {
            "hash": "096cda114320135cf8b706933fbe5f9bbedb8377",
            "messageTitle": "Resolve test try catch solution",
            "messageBody": "",
            "insertions": 6,
            "deletions": 5
          },
          {
            "hash": "af5576ea059780320de4ba58a5f1ae487cc4b2e8",
            "messageTitle": "Resolve test all issues",
            "messageBody": "",
            "insertions": 23,
            "deletions": 21
          },
          {
            "hash": "42e499d5d661c50091eb58fcc5bc807722d7c507",
            "messageTitle": "Resolve test all issues2",
            "messageBody": "",
            "insertions": 14,
            "deletions": 22
          },
          {
            "hash": "bf68cb69edea399a315986d0c276dd85dde01045",
            "messageTitle": "Resolve test all issues3",
            "messageBody": "",
            "insertions": 0,
            "deletions": 3
          }
        ]
      },
      {
        "insertions": 12,
        "deletions": 0,
        "date": "2019-10-18",
        "commitResults": [
          {
            "hash": "b90e8686ff73fcd2ac891f20160f3a7fc72b85fe",
            "messageTitle": "Update README.adoc",
            "messageBody": "",
            "insertions": 11,
            "deletions": 0
          },
          {
            "hash": "ff4abdfc75c23fe563059f08b6d3fc3de4d22a26",
            "messageTitle": "Update README.adoc",
            "messageBody": "",
            "insertions": 1,
            "deletions": 0
          }
        ]
      },
      {
        "insertions": 535,
        "deletions": 221,
        "date": "2019-10-21",
        "commitResults": [
          {
            "hash": "a9093328617d06e77cebe1937f1992d971b0355f",
            "messageTitle": "Add CacheApiQuery",
            "messageBody": "",
            "insertions": 218,
            "deletions": 21
          },
          {
            "hash": "a3a5de5e62b47230eae25a13f8b9ca8a085adcdc",
            "messageTitle": "Add test case",
            "messageBody": "",
            "insertions": 43,
            "deletions": 3
          },
          {
            "hash": "5fef774c1580b9c83b7f27b91978903896da41a7",
            "messageTitle": "Resolve check style",
            "messageBody": "",
            "insertions": 15,
            "deletions": 10
          },
          {
            "hash": "175d853da461e21d475cdce9beb647d8d7cea1d0",
            "messageTitle": "Change to full caching and clean code",
            "messageBody": "",
            "insertions": 259,
            "deletions": 187
          }
        ]
      },
      {
        "insertions": 281,
        "deletions": 229,
        "date": "2019-10-22",
        "commitResults": [
          {
            "hash": "ba0d1b45eb819514a0d319469537e1a7d35f7405",
            "messageTitle": "Add all test case for gmaps and cleanup code",
            "messageBody": "",
            "insertions": 185,
            "deletions": 215
          },
          {
            "hash": "327922d1c1af97db04c6f4ec5ddf297c812ca357",
            "messageTitle": "Remove API key",
            "messageBody": "",
            "insertions": 1,
            "deletions": 1
          },
          {
            "hash": "51f17f74a5e2061b67736d6f7c74667ab633bd3d",
            "messageTitle": "Resolve test case",
            "messageBody": "",
            "insertions": 1,
            "deletions": 8
          },
          {
            "hash": "28d3782ff1c666f156dfadd4b1e8fee4be0fbbb0",
            "messageTitle": "Add additional test case and checkstyle",
            "messageBody": "",
            "insertions": 38,
            "deletions": 0
          },
          {
            "hash": "304a1f78ad04671060bbfedc0c9768b76390f513",
            "messageTitle": "Resolve flaky test",
            "messageBody": "",
            "insertions": 56,
            "deletions": 4
          },
          {
            "hash": "8e0cf1a99f49eb860db6e250ecea9c504e87658c",
            "messageTitle": "Resolve checkstyle",
            "messageBody": "",
            "insertions": 0,
            "deletions": 1
          }
        ]
      }
    ],
    "Alvinnyk": [
      {
        "insertions": 1502,
        "deletions": 94,
        "date": "2019-09-19",
        "commitResults": [
          {
            "hash": "6682e20143d5db97fe5d2fac134acd912b301432",
            "messageTitle": "Added a basic websocket with NUSMOD API and a new command nusmod",
            "messageBody": "",
            "insertions": 125,
            "deletions": 9
          },
          {
            "hash": "7833c11ce126c1a0f84c5739a28cb4ca4f0aba88",
            "messageTitle": "modified websocket to use https connection instead",
            "messageBody": "",
            "insertions": 33,
            "deletions": 9
          },
          {
            "hash": "054b7b68c6748984713ebd75064c3fda3c98c0ce",
            "messageTitle": "Abstracted methods in api parser",
            "messageBody": "",
            "insertions": 48,
            "deletions": 29
          },
          {
            "hash": "917b8d0ae484bf49090cd445700f97b0fc7691cd",
            "messageTitle": "implemented NUSmod API websocket",
            "messageBody": "",
            "insertions": 130,
            "deletions": 37
          },
          {
            "hash": "e8ea2d3af3c003020a355ba6aa3d4bcdeacaa438",
            "messageTitle": "Added a basic Module Model",
            "messageBody": "",
            "insertions": 1166,
            "deletions": 10
          }
        ]
      },
      {
        "insertions": 239,
        "deletions": 140,
        "date": "2019-09-21",
        "commitResults": [
          {
            "hash": "864b5d5fe4af1016d54cafafd5a8ac46b892f884",
            "messageTitle": "Abstracted API connector",
            "messageBody": "",
            "insertions": 239,
            "deletions": 140
          }
        ]
      },
      {
        "insertions": 29,
        "deletions": 13,
        "date": "2019-09-22",
        "commitResults": [
          {
            "hash": "209a9687ca8cf6186a701f77c072495f699e6c4e",
            "messageTitle": "used log statements instead of system.out",
            "messageBody": "",
            "insertions": 29,
            "deletions": 13
          }
        ]
      },
      {
        "insertions": 180,
        "deletions": 1018,
        "date": "2019-09-23",
        "commitResults": [
          {
            "hash": "cf4e7631ef296b8b3ff53844386bee261d2cd204",
            "messageTitle": "Fixed checkstyle issues",
            "messageBody": "",
            "insertions": 180,
            "deletions": 1018
          }
        ]
      },
      {
        "insertions": 2192,
        "deletions": 963,
        "date": "2019-09-24",
        "commitResults": [
          {
            "hash": "5baa309ad31a5344d285d5d14b8f7513792e4008",
            "messageTitle": "Added group, person and mappings model, implemented add commands",
            "messageBody": "",
            "insertions": 883,
            "deletions": 77
          },
          {
            "hash": "38d8be6308384ced96a50a6908a915b7a39a007d",
            "messageTitle": "Added delete and find commands",
            "messageBody": "",
            "insertions": 304,
            "deletions": 25
          },
          {
            "hash": "d2d12e0b79fbc9847975fb72081cbef6f26df59c",
            "messageTitle": "Added find commands",
            "messageBody": "",
            "insertions": 135,
            "deletions": 20
          },
          {
            "hash": "3162fec79a5704d9e132af36d5b742b994b4190a",
            "messageTitle": "Deleted some commands",
            "messageBody": "",
            "insertions": 0,
            "deletions": 294
          },
          {
            "hash": "7d02d4057c27e459e6a92260cbfccba79adb9186",
            "messageTitle": "Fixed checkstyle issues",
            "messageBody": "",
            "insertions": 717,
            "deletions": 536
          },
          {
            "hash": "3e88c70a0f96a337f2ea64b49907de71d16da711",
            "messageTitle": "Added storage methods to be implemented",
            "messageBody": "",
            "insertions": 151,
            "deletions": 9
          },
          {
            "hash": "aa569b58c59df82dde81bc0c5a5b8a8d50370f4d",
            "messageTitle": "fixed small checkstyle issues",
            "messageBody": "",
            "insertions": 2,
            "deletions": 2
          }
        ]
      },
      {
        "insertions": 1053,
        "deletions": 630,
        "date": "2019-09-25",
        "commitResults": [
          {
            "hash": "65c428697c7f57dba6c05ea07aecb7c5b00669ab",
            "messageTitle": "Abstracted group and person creation to ModelManager only",
            "messageBody": "",
            "insertions": 434,
            "deletions": 289
          },
          {
            "hash": "33f5758d10e31cdcf660011da85659d1951aab8b",
            "messageTitle": "Refactored Model Manager",
            "messageBody": "",
            "insertions": 127,
            "deletions": 69
          },
          {
            "hash": "b8c847d4b3fa3ed0c2b2ef8491d9be0ae74bdca7",
            "messageTitle": "Added Edit commands",
            "messageBody": "",
            "insertions": 492,
            "deletions": 272
          }
        ]
      },
      {
        "insertions": 1499,
        "deletions": 722,
        "date": "2019-09-26",
        "commitResults": [
          {
            "hash": "e0c960bfdbaafeeb7bb91d6bfe4daa1ab5ad37b8",
            "messageTitle": "Added date time functionality for events",
            "messageBody": "",
            "insertions": 73,
            "deletions": 11
          },
          {
            "hash": "92e5576a3486c441e335d066d7c50d8a08936d6d",
            "messageTitle": "Deleted checks",
            "messageBody": "",
            "insertions": 127,
            "deletions": 392
          },
          {
            "hash": "49df96a72f4f06820c8e5606fa99e751d650ea96",
            "messageTitle": "Added tests for Model",
            "messageBody": "",
            "insertions": 1038,
            "deletions": 153
          },
          {
            "hash": "ddf10f7a774430e3a22f370b71fd6a5a4e765a0e",
            "messageTitle": "Fixed checkstyle issues",
            "messageBody": "",
            "insertions": 261,
            "deletions": 166
          }
        ]
      },
      {
        "insertions": 2450,
        "deletions": 1569,
        "date": "2019-09-27",
        "commitResults": [
          {
            "hash": "50eb838201d7e5f1ff5ab978ec908ae5440177db",
            "messageTitle": "Implemented Model tests",
            "messageBody": "",
            "insertions": 984,
            "deletions": 380
          },
          {
            "hash": "d9b99a0b0221d8a2f98711ee926d61c1ab069e39",
            "messageTitle": "Added Command tests",
            "messageBody": "",
            "insertions": 645,
            "deletions": 538
          },
          {
            "hash": "107da34583bbf6f9482867decfd6adf095e3402b",
            "messageTitle": "Implemeted Parser Tests",
            "messageBody": "",
            "insertions": 604,
            "deletions": 334
          },
          {
            "hash": "4d154a6855e4267009445c99b4ae143d70edf92b",
            "messageTitle": "Fixed checkstyle issues",
            "messageBody": "",
            "insertions": 217,
            "deletions": 253
          },
          {
            "hash": "f5607e2ba707c576bb0fd9c83b0466a6b6edc406",
            "messageTitle": "Removed clear command",
            "messageBody": "",
            "insertions": 0,
            "deletions": 28
          },
          {
            "hash": "9646cf1fec52f02e3c7b23669b9532ecdb739d6d",
            "messageTitle": "fixed small bugs",
            "messageBody": "",
            "insertions": 0,
            "deletions": 4
          },
          {
            "hash": "0561cba3410d3c1162f383b75d6ab3743f343d43",
            "messageTitle": "Fixed more small bugs",
            "messageBody": "",
            "insertions": 0,
            "deletions": 32
          }
        ]
      },
      {
        "insertions": 916,
        "deletions": 144,
        "date": "2019-10-02",
        "commitResults": [
          {
            "hash": "ceb418169770cf288cb0ca5af0a39a1d1a84b800",
            "messageTitle": "Implemented Storage",
            "messageBody": "",
            "insertions": 894,
            "deletions": 141
          },
          {
            "hash": "f8a8a390da1dabcf14a58834403606f30b8b690c",
            "messageTitle": "Updated Logic interface",
            "messageBody": "",
            "insertions": 19,
            "deletions": 0
          },
          {
            "hash": "ad31cdf042ada19e1e274960b0e0443533efb1a4",
            "messageTitle": "Update ContactUs.adoc",
            "messageBody": "",
            "insertions": 2,
            "deletions": 2
          },
          {
            "hash": "c7b51ce4ba3c019a171097a2bce26a97da026858",
            "messageTitle": "Update ContactUs.adoc",
            "messageBody": "",
            "insertions": 1,
            "deletions": 1
          }
        ]
      },
      {
        "insertions": 299,
        "deletions": 0,
        "date": "2019-10-06",
        "commitResults": [
          {
            "hash": "f64296214c52e641b21db7f7d5002507ebd860a1",
            "messageTitle": "Implemented WeekSchedule class for finding free time among a group",
            "messageBody": "",
            "insertions": 299,
            "deletions": 0
          }
        ]
      },
      {
        "insertions": 781,
        "deletions": 193,
        "date": "2019-10-07",
        "commitResults": [
          {
            "hash": "a977380c441744d0f08ff7d7c7f8a2cc91993dfc",
            "messageTitle": "Implemented ui model for display",
            "messageBody": "",
            "insertions": 464,
            "deletions": 36
          },
          {
            "hash": "7f6ce9a6026c7e46b02b8480b1ddd37af7321581",
            "messageTitle": "fixed checkstyle issues",
            "messageBody": "",
            "insertions": 144,
            "deletions": 106
          },
          {
            "hash": "6d96ca190cae1c2add014b55d7e283d1daa9ac44",
            "messageTitle": "implemented autocomplete suggestors",
            "messageBody": "",
            "insertions": 173,
            "deletions": 51
          }
        ]
      },
      {
        "insertions": 88,
        "deletions": 100,
        "date": "2019-10-09",
        "commitResults": [
          {
            "hash": "b0d1318cb78cd8e7df61410d34012148aca72994",
            "messageTitle": "Update UserGuide.adoc",
            "messageBody": "",
            "insertions": 88,
            "deletions": 100
          }
        ]
      },
      {
        "insertions": 689,
        "deletions": 138,
        "date": "2019-10-15",
        "commitResults": [
          {
            "hash": "d1030c0e2440ae56c1a4ae32b1d2683437626e6b",
            "messageTitle": "Changed addevent command to check for clashes in timetable",
            "messageBody": "",
            "insertions": 101,
            "deletions": 29
          },
          {
            "hash": "b308aae8cf7ea830559ec6a26383edf201153e3e",
            "messageTitle": "Added a role field to mappings model",
            "messageBody": "",
            "insertions": 162,
            "deletions": 20
          },
          {
            "hash": "3af86595f6072c1d49075230a508b7134dd6a8d7",
            "messageTitle": "Added description field to Group model and integrated to UI",
            "messageBody": "",
            "insertions": 130,
            "deletions": 13
          },
          {
            "hash": "602f33531ee106f88c016fb4046ca8f0ea419d25",
            "messageTitle": "Implemented logic to find free time",
            "messageBody": "",
            "insertions": 152,
            "deletions": 0
          },
          {
            "hash": "c80e42bfcff5662c9017e60dec1a8df7a8786f0c",
            "messageTitle": "Fixed checkstyle issues",
            "messageBody": "",
            "insertions": 144,
            "deletions": 76
          }
        ]
      },
      {
        "insertions": 6,
        "deletions": 3,
        "date": "2019-10-16",
        "commitResults": [
          {
            "hash": "f36be5a4d02df317160e3c17d364503780f8f7ff",
            "messageTitle": "Implemented sorting in display model and other bug fixes",
            "messageBody": "",
            "insertions": 6,
            "deletions": 3
          }
        ]
      }
    ],
    "YiJiee": [
      {
        "insertions": 212,
        "deletions": 19,
        "date": "2019-09-25",
        "commitResults": [
          {
            "hash": "855ac3c299d16ce33aecc10e66fd54ec45b75570",
            "messageTitle": "Basic layout done",
            "messageBody": "",
            "insertions": 91,
            "deletions": 0
          },
          {
            "hash": "0bc67ee1ee410f1e957c3801455acdb7863e9e28",
            "messageTitle": "Schedule-view for individual v1.1",
            "messageBody": "",
            "insertions": 98,
            "deletions": 7
          },
          {
            "hash": "df52097e081a3fea935ea74c790e474e3ff7a5ff",
            "messageTitle": "Scheduleview for individual fix-2",
            "messageBody": "",
            "insertions": 23,
            "deletions": 12
          }
        ]
      },
      {
        "insertions": 152,
        "deletions": 41,
        "date": "2019-09-26",
        "commitResults": [
          {
            "hash": "2314853689107034d6e82461a678a9577833c23f",
            "messageTitle": "Group-schedule visualisation completed",
            "messageBody": "",
            "insertions": 152,
            "deletions": 41
          }
        ]
      },
      {
        "insertions": 379,
        "deletions": 86,
        "date": "2019-09-27",
        "commitResults": [
          {
            "hash": "5f4acbc7d6d19de7e75924ec3a088fc290e070f7",
            "messageTitle": "Added to mainwindow",
            "messageBody": "",
            "insertions": 59,
            "deletions": 27
          },
          {
            "hash": "ecbe3ab7c518058c1f56f29063302be6b94c15f2",
            "messageTitle": "Layout switched",
            "messageBody": "",
            "insertions": 48,
            "deletions": 24
          },
          {
            "hash": "920987fb92a1bfc4be3ed6a803b9e78cd803520c",
            "messageTitle": "show v0.1 in-progress",
            "messageBody": "",
            "insertions": 103,
            "deletions": 17
          },
          {
            "hash": "7503cae12893dfd4307dd4a2d2afc7bf017bedd8",
            "messageTitle": "Show command implemented",
            "messageBody": "",
            "insertions": 100,
            "deletions": 14
          },
          {
            "hash": "cd0a5565e039532a8268db0a36e50c587e20d098",
            "messageTitle": "Show command implemented with test cases",
            "messageBody": "",
            "insertions": 69,
            "deletions": 4
          }
        ]
      },
      {
        "insertions": 171,
        "deletions": 26,
        "date": "2019-09-28",
        "commitResults": [
          {
            "hash": "15cc1667f5c4b3c98f699afcd32688725e14c600",
            "messageTitle": "Enabled optional flags for commands, Allow support to save data for person objects(with optional fields).",
            "messageBody": "",
            "insertions": 67,
            "deletions": 11
          },
          {
            "hash": "0797e47cd9d646a29e8aef32c5addf885240320d",
            "messageTitle": "Integrated ScheduleView with the architecture of Schedule class.",
            "messageBody": "",
            "insertions": 98,
            "deletions": 8
          },
          {
            "hash": "27cf74918bc4c3289dc08fbf2522c44dce075e8b",
            "messageTitle": "Fix minor bug in fxml styling.",
            "messageBody": "",
            "insertions": 6,
            "deletions": 7
          }
        ]
      },
      {
        "insertions": 31,
        "deletions": 0,
        "date": "2019-09-29",
        "commitResults": [
          {
            "hash": "6aacdcd37e13920d17f74d942387ee09893f9426",
            "messageTitle": "Implemented ExportVisual interface to handle exports.",
            "messageBody": "",
            "insertions": 31,
            "deletions": 0
          }
        ]
      },
      {
        "insertions": 138,
        "deletions": 156,
        "date": "2019-09-30",
        "commitResults": [
          {
            "hash": "c3aba8c31d57ac174ded405e8e408463c9beb628",
            "messageTitle": "Group schedule implemented.",
            "messageBody": "",
            "insertions": 52,
            "deletions": 54
          },
          {
            "hash": "331a421213227b79019ab9798766be251ef970a6",
            "messageTitle": "Fixed checkstyle issues for ShowCommand, DetailsView and ScheduleView.",
            "messageBody": "",
            "insertions": 86,
            "deletions": 71
          },
          {
            "hash": "6017517d8b005adb76d8d409451b318b35199bc1",
            "messageTitle": "Deleted export class for now.",
            "messageBody": "",
            "insertions": 0,
            "deletions": 31
          }
        ]
      },
      {
        "insertions": 910,
        "deletions": 107,
        "date": "2019-10-07",
        "commitResults": [
          {
            "hash": "fd894b195a816acb067b76d0febdd642c1da6fd0",
            "messageTitle": "Tabs implemented",
            "messageBody": "",
            "insertions": 215,
            "deletions": 17
          },
          {
            "hash": "f5fcfc8c45ae229c58b8b76dfcf1e24050564919",
            "messageTitle": "Implemented dynamic schedule",
            "messageBody": "",
            "insertions": 17,
            "deletions": 27
          },
          {
            "hash": "2436dd9eb5d4ddf8d6d5fb6c41826ce182f4f4ea",
            "messageTitle": "Visual exportation completed.",
            "messageBody": "",
            "insertions": 195,
            "deletions": 8
          },
          {
            "hash": "b8be3b46f73bd64ccfc7db27d9eab0dda27aa0dc",
            "messageTitle": "Implemented add group to show up in UI",
            "messageBody": "",
            "insertions": 300,
            "deletions": 10
          },
          {
            "hash": "96d2326a742be9115c2de4d3e081b30feea57316",
            "messageTitle": "Checkstyle fixed, added test class for ExportCommand",
            "messageBody": "",
            "insertions": 152,
            "deletions": 43
          },
          {
            "hash": "7b24861ea7a9b0619d7597d97d04ccc39a545bd9",
            "messageTitle": "Fixed wrong message usage for export command. Added test cases for ExportCommandParser",
            "messageBody": "",
            "insertions": 31,
            "deletions": 2
          }
        ]
      },
      {
        "insertions": 22,
        "deletions": 11,
        "date": "2019-10-08",
        "commitResults": [
          {
            "hash": "e3a6029dbf42fd35131b420fce93cc57f21e74ed",
            "messageTitle": "Fix test cases",
            "messageBody": "",
            "insertions": 22,
            "deletions": 11
          }
        ]
      },
      {
        "insertions": 126,
        "deletions": 211,
        "date": "2019-10-09",
        "commitResults": [
          {
            "hash": "12c208514d3a7c0f747b868d0d22724ee0b93398",
            "messageTitle": "Refactored PersonCard to now accept PersonDisplay. Editted modelmanager to provide observable list of PersonDisplay to main window.",
            "messageBody": "",
            "insertions": 64,
            "deletions": 26
          },
          {
            "hash": "4675c491da86cd4b6cb083083a5be3b8e0429114",
            "messageTitle": "Fix bug with side bar not updating.",
            "messageBody": "",
            "insertions": 14,
            "deletions": 1
          },
          {
            "hash": "c2ab9577f2f29dacaffe1bf70eb30dd9a315929f",
            "messageTitle": "Fixed checkstyle issues. DetailWindow will temporarily show the schedule only. (WIP).",
            "messageBody": "",
            "insertions": 41,
            "deletions": 180
          },
          {
            "hash": "f67194da2408960a2a3d270ad6142f939331c9c9",
            "messageTitle": "User Guide updated to indicate that schedules must be valid before adding",
            "messageBody": "",
            "insertions": 3,
            "deletions": 3
          },
          {
            "hash": "e661d127fa2158f12a1a07ee742b151afc65dba9",
            "messageTitle": "Added dependencies in build.gradle file",
            "messageBody": "",
            "insertions": 3,
            "deletions": 0
          },
          {
            "hash": "08a7d962dc7308a21a8a8949410c45e57c3eec9d",
            "messageTitle": "Fix checkstyle issue from DarkTheme.css",
            "messageBody": "",
            "insertions": 1,
            "deletions": 1
          }
        ]
      },
      {
        "insertions": 1108,
        "deletions": 290,
        "date": "2019-10-12",
        "commitResults": [
          {
            "hash": "233a1b25f478606cc5d37b3e02574f2d3ccbbd70",
            "messageTitle": "Refactor UI code. Fixed bug from retrieving data from storage. Polymorphism in ShowCommand. Tabs switchable using CLI.",
            "messageBody": "",
            "insertions": 622,
            "deletions": 198
          },
          {
            "hash": "f0df15ac70be3cec67b771efa8fb302fa83ae21e",
            "messageTitle": "Schedule view UI improved.",
            "messageBody": "",
            "insertions": 486,
            "deletions": 92
          }
        ]
      },
      {
        "insertions": 325,
        "deletions": 80,
        "date": "2019-10-13",
        "commitResults": [
          {
            "hash": "8066e9318546c3efb5b49da0a183d46cbd16d317",
            "messageTitle": "Added members table for groupDetailsView",
            "messageBody": "",
            "insertions": 117,
            "deletions": 0
          },
          {
            "hash": "47d65d7a74f6f1542c335c1407eedcb2b10a9475",
            "messageTitle": "Restructured groupview",
            "messageBody": "",
            "insertions": 125,
            "deletions": 46
          },
          {
            "hash": "84645f94b8fe7615f12f8c4af04f53491161e4a4",
            "messageTitle": "Refactor UI codes",
            "messageBody": "",
            "insertions": 83,
            "deletions": 34
          }
        ]
      },
      {
        "insertions": 300,
        "deletions": 297,
        "date": "2019-10-14",
        "commitResults": [
          {
            "hash": "0de039591540c97af2a93f878cec4285380e54d7",
            "messageTitle": "Implemented export feature",
            "messageBody": "",
            "insertions": 203,
            "deletions": 65
          },
          {
            "hash": "f52af0f13d406bff119d74f75a1b068a3b80b2e4",
            "messageTitle": "Fixed some test cases.",
            "messageBody": "",
            "insertions": 32,
            "deletions": 28
          },
          {
            "hash": "c7c8950277a73eb2f7d7c48f9f4498510f4f1477",
            "messageTitle": "Removed stubs from UI for integration",
            "messageBody": "",
            "insertions": 9,
            "deletions": 178
          },
          {
            "hash": "08d9548a00abaa014065742021ec3b913e0c8605",
            "messageTitle": "Fixed checkstyle issues",
            "messageBody": "",
            "insertions": 54,
            "deletions": 25
          },
          {
            "hash": "7897f5126c01d1541d917c1b4b35a4b62f699079",
            "messageTitle": "Remove buggy test case",
            "messageBody": "",
            "insertions": 2,
            "deletions": 1
          }
        ]
      }
    ],
    "aidilfbk": [
      {
        "insertions": 336,
        "deletions": 2,
        "date": "2019-09-22",
        "commitResults": [
          {
            "hash": "186a2cb5d2cbea25288b38c22df7b3d4f54edb2c",
            "messageTitle": "Add basic commands suggestion feature",
            "messageBody": "",
            "insertions": 336,
            "deletions": 2
          }
        ]
      },
      {
        "insertions": 3,
        "deletions": 4,
        "date": "2019-09-23",
        "commitResults": [
          {
            "hash": "3e2e09dff6ba8ec2f9fffcffc1618b82adcfd717",
            "messageTitle": "Conform ui classes to project code style",
            "messageBody": "",
            "insertions": 3,
            "deletions": 4
          }
        ]
      },
      {
        "insertions": 336,
        "deletions": 32,
        "date": "2019-09-25",
        "commitResults": [
          {
            "hash": "2bb810701c42f538a7028756600561e3c75cd10a",
            "messageTitle": "Hide empty cells in SuggestingCommandBox UI class",
            "messageBody": "",
            "insertions": 1,
            "deletions": 1
          },
          {
            "hash": "c82cac5d234468b32567d4153718f2384a876165",
            "messageTitle": "Rework methods in UiUtil class",
            "messageBody": "",
            "insertions": 32,
            "deletions": 31
          },
          {
            "hash": "3d457adaaae3818e35b3d340ceafe62da4f192a9",
            "messageTitle": "Add test cases for UiUtil class",
            "messageBody": "",
            "insertions": 303,
            "deletions": 0
          }
        ]
      },
      {
        "insertions": 56,
        "deletions": 36,
        "date": "2019-10-01",
        "commitResults": [
          {
            "hash": "a12e029d66b18ee9449e4bb14c0361abc651be61",
            "messageTitle": "Update SuggestingCommandUtil for the new commands",
            "messageBody": "",
            "insertions": 22,
            "deletions": 10
          },
          {
            "hash": "d1d2ae6830a18f30abfad7fd770b728bae4ccc60",
            "messageTitle": "Update About Us page (#66)",
            "messageBody": "",
            "insertions": 34,
            "deletions": 26
          }
        ]
      },
      {
        "insertions": 262,
        "deletions": 1,
        "date": "2019-10-02",
        "commitResults": [
          {
            "hash": "4e381b747caaff0e57d21df724e8ef8c9926ce13",
            "messageTitle": "Prevent recalculating the position of SuggestingCommandBox\u0027s popup window when it\u0027s not being shown",
            "messageBody": "",
            "insertions": 4,
            "deletions": 0
          },
          {
            "hash": "03a46a7e6e7a7588d30e76143071619357a7e03f",
            "messageTitle": "Add requireAllNotEmpty method to CollectionUtil, along with test cases",
            "messageBody": "",
            "insertions": 44,
            "deletions": 0
          },
          {
            "hash": "0d67fa190a5ab3f243b85473f388fc0a6bdeb3d3",
            "messageTitle": "Add isPointUserVisible method to UiUtil, along with test cases",
            "messageBody": "",
            "insertions": 196,
            "deletions": 0
          },
          {
            "hash": "ca93694f2f261cb2bf30297a203cb6feb4e49dd3",
            "messageTitle": "Add repositioning of SuggestingCommandBox\u0027s popup window if not enough space below command input box",
            "messageBody": "",
            "insertions": 18,
            "deletions": 1
          }
        ]
      },
      {
        "insertions": 29,
        "deletions": 21,
        "date": "2019-10-03",
        "commitResults": [
          {
            "hash": "cc1c1bbf71eb6ee8f99294aa03046c3d1cecc729",
            "messageTitle": "Fix UiUtil.isPointUserVisible checking of left bounds",
            "messageBody": "",
            "insertions": 1,
            "deletions": 1
          },
          {
            "hash": "6d7d0e419823e69aa451d10a3c87d9a27d10680f",
            "messageTitle": "Fix UiUtil.isPointUserVisible test cases",
            "messageBody": "Java\u0027s Double.MIN_VALUE represents the smallest positive number (e.g. 0.00000[...]1) instead of the smallest absolute number (e.g. -999[...].999[...]).\n",
            "insertions": 14,
            "deletions": 15
          },
          {
            "hash": "085808d74165cad608a8d8afa30266c32b36e462",
            "messageTitle": "Add pre-selection of first suggestion of SuggestingCommandBox\u0027s popup window",
            "messageBody": "",
            "insertions": 14,
            "deletions": 5
          }
        ]
      },
      {
        "insertions": 306,
        "deletions": 41,
        "date": "2019-10-08",
        "commitResults": [
          {
            "hash": "611d7ea2ddcbc59c9ae5c58abf2bd8a4a82d25ed",
            "messageTitle": "Add FindPersonCommand and ScheduleCommand to command suggestions",
            "messageBody": "",
            "insertions": 8,
            "deletions": 4
          },
          {
            "hash": "3c4eadd59cf9fc33d52640f46c07695029e2cd24",
            "messageTitle": "Add createSequenceMatcher method to SuggestingCommandUtil class",
            "messageBody": "",
            "insertions": 156,
            "deletions": 0
          },
          {
            "hash": "ae28e6a152a651e38bfe790bb9b91e77161816ee",
            "messageTitle": "Add partial matching to SuggestingCommandBox",
            "messageBody": "",
            "insertions": 9,
            "deletions": 3
          },
          {
            "hash": "1214d5bc5589f0c800844a067a98c8188e741c14",
            "messageTitle": "Add substringBefore method to StringUtil class with test cases",
            "messageBody": "",
            "insertions": 104,
            "deletions": 0
          },
          {
            "hash": "aae2a16a4f09e341d86c279e7834aedb78242935",
            "messageTitle": "Simplified user command string manipulation in SuggestingCommandBox class",
            "messageBody": "",
            "insertions": 2,
            "deletions": 7
          },
          {
            "hash": "3ac7ba2dc4bbe19ef8941b32f86d399f1a084d29",
            "messageTitle": "Renamed SuggestingCommandUtil.createSequenceMatcher method to createFuzzyMatcher",
            "messageBody": "",
            "insertions": 27,
            "deletions": 27
          }
        ]
      },
      {
        "insertions": 3,
        "deletions": 3,
        "date": "2019-10-15",
        "commitResults": [
          {
            "hash": "c57b3ffbdd5525e57ab43488bb5cf2946401199e",
            "messageTitle": "Modify SuggestingCommandBox to only show suggestions when there is something in the command input box",
            "messageBody": "",
            "insertions": 3,
            "deletions": 3
          }
        ]
      },
      {
        "insertions": 249,
        "deletions": 10,
        "date": "2019-10-16",
        "commitResults": [
          {
            "hash": "0aed3ce94a049d12c834278bfec550966b46d5f9",
            "messageTitle": "Changed UiUtil to use Predicate\u003cT\u003e instead of Function\u003cT, Boolean\u003e",
            "messageBody": "",
            "insertions": 4,
            "deletions": 4
          },
          {
            "hash": "8f2c71684fbd1aaf2d4bc769c86c8db160614379",
            "messageTitle": "Add redirectKeyCodeEvents method to UiUtil that checks for additional conditions using a Predicate",
            "messageBody": "",
            "insertions": 25,
            "deletions": 0
          },
          {
            "hash": "8f6804dbe632a6e81e286095dea6130bb988bbb1",
            "messageTitle": "Add command history to SuggestingCommandBox",
            "messageBody": "",
            "insertions": 220,
            "deletions": 6
          }
        ]
      }
    ]
  },
  "authorFinalContributionMap": {
    "marqueurs404": 2536,
    "klementtan": 1929,
    "Alvinnyk": 7955,
    "YiJiee": 2831,
    "aidilfbk": 1455
  },
  "authorFileTypeContributionMap": {
    "marqueurs404": {
      "docs": 71,
      "tests": 1,
      "functional": 2424,
      "other": 40
    },
    "klementtan": {
      "docs": 95,
      "tests": 642,
      "functional": 1190,
      "other": 2
    },
    "Alvinnyk": {
      "docs": 87,
      "tests": 2687,
      "functional": 5179,
      "other": 2
    },
    "YiJiee": {
      "docs": 2,
      "tests": 168,
      "functional": 2658,
      "other": 3
    },
    "aidilfbk": {
      "docs": 33,
      "tests": 660,
      "functional": 762
    }
  },
  "authorContributionVariance": {
    "marqueurs404": 474387.56,
    "klementtan": 61479.07,
    "Alvinnyk": 728775.1,
    "YiJiee": 74084.04,
    "aidilfbk": 9653.135
  },
  "authorDisplayNameMap": {
    "marqueurs404": "CS2103T-T10-4 ONG P ... ARCUS",
    "klementtan": "CS2103T-T10-4 TAN D ... EMENT",
    "Alvinnyk": "CS2103T-T10-4 ALVIN ... N KIT",
    "YiJiee": "CS2103T-T10-4 LIM Y ... I JIE",
    "aidilfbk": "CS2103T-T10-4 AIDIL ... MSANI"
  }
}
