{
  "authorDailyContributionsMap": {
    "niqiukun": [
      {
        "insertions": 6,
        "deletions": 10,
        "date": "2019-10-03",
        "commitResults": [
          {
            "hash": "f88af062bb0fe5820b6423f21bfac1a759698e38",
            "messageTitle": "Update README.adoc",
            "messageBody": "",
            "insertions": 6,
            "deletions": 10
          }
        ]
      },
      {
        "insertions": 563,
        "deletions": 116,
        "date": "2019-10-10",
        "commitResults": [
          {
            "hash": "b5bde878e01c0d4c93ba7f53775eb9887e17b02e",
            "messageTitle": "Add mode switching in logic manager and add goto command",
            "messageBody": "",
            "insertions": 129,
            "deletions": 13
          },
          {
            "hash": "8d602b319176bea7e029aa15fd406cc4bcbb34ac",
            "messageTitle": "Add util class for encrypting and decrypting byte arrays",
            "messageBody": "",
            "insertions": 115,
            "deletions": 0
          },
          {
            "hash": "c6b9384b0e6e91c698e71ee2e61f135ef856b88c",
            "messageTitle": "Update encryption algorithm with triple DES",
            "messageBody": "",
            "insertions": 2,
            "deletions": 2
          },
          {
            "hash": "55ffd3e2e87e9a75abd88f0c3de1995b9b680b6f",
            "messageTitle": "Add master password to storage classes",
            "messageBody": "",
            "insertions": 158,
            "deletions": 65
          },
          {
            "hash": "5b13bbc80cf92cd73b9280b0090d6dbc500fb09d",
            "messageTitle": "Add TestStorage class for init and validate master password",
            "messageBody": "",
            "insertions": 110,
            "deletions": 30
          },
          {
            "hash": "636b335954e96f2f2b0ba18abf9b750b640646ae",
            "messageTitle": "Set up input dialog for the user to set and test master password",
            "messageBody": "",
            "insertions": 49,
            "deletions": 6
          }
        ]
      },
      {
        "insertions": 1864,
        "deletions": 111,
        "date": "2019-10-17",
        "commitResults": [
          {
            "hash": "3905a4cd2419ff92cd6e7b5c38098d53037c8346",
            "messageTitle": "Add EncryptedFile class and basic data fields for EncryptedFile Model",
            "messageBody": "",
            "insertions": 194,
            "deletions": 0
          },
          {
            "hash": "81daaaf6e2bd974b5b477e93b9f6f98b6b326553",
            "messageTitle": "Add tags to encrypted files",
            "messageBody": "",
            "insertions": 35,
            "deletions": 4
          },
          {
            "hash": "ae099abd22079e8a3aa5283234cadc91779699b1",
            "messageTitle": "Add feature to add and delete file records without encryption and decryption yet",
            "messageBody": "",
            "insertions": 1493,
            "deletions": 62
          },
          {
            "hash": "746ee8a50ba2d29b9911f61daa459e30e224cc38",
            "messageTitle": "Implements file encryption and decryption",
            "messageBody": "",
            "insertions": 78,
            "deletions": 1
          },
          {
            "hash": "5d594dd267fb3a48cf51967be205b88dd13c5ea6",
            "messageTitle": "Fix all existing tests",
            "messageBody": "",
            "insertions": 49,
            "deletions": 32
          },
          {
            "hash": "03b93b34c8920719c800d9331592da4b412294a7",
            "messageTitle": "Factor out initFileBook for standardisation",
            "messageBody": "",
            "insertions": 9,
            "deletions": 2
          },
          {
            "hash": "f56551e7cf409e8ebb6210f789fc1d6370826d18",
            "messageTitle": "Adjust the code to minimise deletion",
            "messageBody": "",
            "insertions": 4,
            "deletions": 6
          },
          {
            "hash": "48375eb648b2af8e97e2731295a6bb636098db37",
            "messageTitle": "Fix typo",
            "messageBody": "",
            "insertions": 2,
            "deletions": 4
          }
        ]
      }
    ],
    "yhtingg": [
      {
        "insertions": 146,
        "deletions": 30,
        "date": "2019-10-03",
        "commitResults": [
          {
            "hash": "d4a155235d1697849cce4d19d6ddc3237753ab91",
            "messageTitle": "Update website heading and GitHub url",
            "messageBody": "",
            "insertions": 2,
            "deletions": 2
          },
          {
            "hash": "82214551c584a6b38d34dc5bce5f3c29422c1a09",
            "messageTitle": "Update non-functional requirements, reformat use cases in Developer Guide",
            "messageBody": "",
            "insertions": 144,
            "deletions": 28
          }
        ]
      },
      {
        "insertions": 1704,
        "deletions": 75,
        "date": "2019-10-17",
        "commitResults": [
          {
            "hash": "8caf10c65f05db995fbd74d1f2eb384ae6a3a5c0",
            "messageTitle": "Add support for Card model",
            "messageBody": "",
            "insertions": 670,
            "deletions": 8
          },
          {
            "hash": "eae5f1220c33097817f59a711c73ccd171bcc535",
            "messageTitle": "Add exceptions for Card model",
            "messageBody": "",
            "insertions": 69,
            "deletions": 0
          },
          {
            "hash": "3447b089b503ab3a26da9ab0f9a3337a0d7bfef6",
            "messageTitle": "Add commands for Card module",
            "messageBody": "",
            "insertions": 115,
            "deletions": 0
          },
          {
            "hash": "9366e40131819bb63b1e2f63d326c271b77a97af",
            "messageTitle": "Add respective parsers for Card module",
            "messageBody": "",
            "insertions": 184,
            "deletions": 0
          },
          {
            "hash": "eb48e21f5465423aa12da86d6b72f892f21767af",
            "messageTitle": "Refactor Logic to accommodate Card module",
            "messageBody": "",
            "insertions": 44,
            "deletions": 0
          },
          {
            "hash": "4c186c69ae8efdf0ba899860551d20c4998e2e19",
            "messageTitle": "Add storage support for Card module",
            "messageBody": "",
            "insertions": 331,
            "deletions": 2
          },
          {
            "hash": "4523b5f938a753e6f27f0af590f004b7d5a9a6c5",
            "messageTitle": "Add partial UI support for Card module",
            "messageBody": "",
            "insertions": 128,
            "deletions": 2
          },
          {
            "hash": "2d4b404b9d5e63318daa541edd77cc92440459e2",
            "messageTitle": "Modify tests to support Card module",
            "messageBody": "",
            "insertions": 103,
            "deletions": 25
          },
          {
            "hash": "9773fc511464f60cbde2ed4dda074e76e688aaad",
            "messageTitle": "Fix Travis after rebase",
            "messageBody": "",
            "insertions": 60,
            "deletions": 38
          }
        ]
      }
    ],
    "jityong": [
      {
        "insertions": 40,
        "deletions": 41,
        "date": "2019-10-03",
        "commitResults": [
          {
            "hash": "3a80b0391b882315dbf2df29d4f73c2746f0c1ae",
            "messageTitle": "updated AboutUs.doc",
            "messageBody": "",
            "insertions": 23,
            "deletions": 22
          },
          {
            "hash": "2e97e22f3c6d502ae288050023df1d9a28b7e989",
            "messageTitle": "updated ContactUs page",
            "messageBody": "",
            "insertions": 2,
            "deletions": 2
          },
          {
            "hash": "1bd58d929cc3e59b24401f2357c6e7dfc3ed32ad",
            "messageTitle": "updated AboutUs page",
            "messageBody": "",
            "insertions": 5,
            "deletions": 5
          },
          {
            "hash": "04b2ee4886160c5c39ebddf72d5dc404ae5c3cc6",
            "messageTitle": "updated AboutUs page",
            "messageBody": "",
            "insertions": 1,
            "deletions": 1
          },
          {
            "hash": "0fc9a309473393a92e97b7b2af151c86a4801fc8",
            "messageTitle": "updated AboutUs page",
            "messageBody": "",
            "insertions": 1,
            "deletions": 1
          },
          {
            "hash": "ff031b48764b1fe0089ee9084c5b7bfe718e5691",
            "messageTitle": "update ContactUs page",
            "messageBody": "",
            "insertions": 1,
            "deletions": 1
          },
          {
            "hash": "e51509e23e9e656fd4d90b8bf3cd56039c8bb5b7",
            "messageTitle": "updated AboutUs",
            "messageBody": "",
            "insertions": 0,
            "deletions": 2
          },
          {
            "hash": "428530820f54971d514c7b8a9172f896a0c8e827",
            "messageTitle": "updated AboutUs",
            "messageBody": "",
            "insertions": 5,
            "deletions": 5
          },
          {
            "hash": "e483fb1e6785688b9ab07af3df195344abc3e5ca",
            "messageTitle": "updated AboutUs",
            "messageBody": "",
            "insertions": 2,
            "deletions": 2
          }
        ]
      },
      {
        "insertions": 5,
        "deletions": 5,
        "date": "2019-10-04",
        "commitResults": [
          {
            "hash": "78628112bec26812c49f140e77b8da5661447bcc",
            "messageTitle": "updated image file extension",
            "messageBody": "",
            "insertions": 5,
            "deletions": 5
          }
        ]
      },
      {
        "insertions": 55,
        "deletions": 8,
        "date": "2019-10-10",
        "commitResults": [
          {
            "hash": "d25f725f52ab01827ee1ec72017d87bdde461c1f",
            "messageTitle": "WIP: Add support for encrypting json files",
            "messageBody": "",
            "insertions": 55,
            "deletions": 8
          }
        ]
      },
      {
        "insertions": 3282,
        "deletions": 771,
        "date": "2019-10-17",
        "commitResults": [
          {
            "hash": "4a0978889f1e56681a87f803cae7de9fc2f0fe4c",
            "messageTitle": "creation of notes model and commands, wip: UI for notes",
            "messageBody": "",
            "insertions": 1662,
            "deletions": 70
          },
          {
            "hash": "0293a7430b7ab1bb01436fff7819f70036f2411e",
            "messageTitle": "finished up on UI and implemented DeleteNoteCommand",
            "messageBody": "",
            "insertions": 336,
            "deletions": 41
          },
          {
            "hash": "0185f2718de769b02788584c2284d84aa4c8d286",
            "messageTitle": "implemented reading and updating of notes with additional ui",
            "messageBody": "",
            "insertions": 645,
            "deletions": 29
          },
          {
            "hash": "02043a4b0d41696e3daed055b882ec7323eed3eb",
            "messageTitle": "fixed up some notes test stubs",
            "messageBody": "",
            "insertions": 622,
            "deletions": 333
          },
          {
            "hash": "a7b8fe792f26b929bc7e0ca8bdcd9ff1354c463c",
            "messageTitle": "fixed travis ci issues",
            "messageBody": "",
            "insertions": 0,
            "deletions": 293
          },
          {
            "hash": "d1f5802b0b26ddfe18bba139a24f2658dea8dd67",
            "messageTitle": "added goto,exit and help into CardBookParser",
            "messageBody": "",
            "insertions": 17,
            "deletions": 5
          }
        ]
      }
    ],
    "eejian97": [
      {
        "insertions": 45,
        "deletions": 10,
        "date": "2019-10-04",
        "commitResults": [
          {
            "hash": "57cd7d10be8007b806534d45f4f7d2cb82305b72",
            "messageTitle": "updated User Story in DG",
            "messageBody": "",
            "insertions": 45,
            "deletions": 10
          }
        ]
      },
      {
        "insertions": 4,
        "deletions": 0,
        "date": "2019-10-17",
        "commitResults": [
          {
            "hash": "5421ddece386fde640dd9d337776cb5964e8b228",
            "messageTitle": "added in javadoc",
            "messageBody": "",
            "insertions": 4,
            "deletions": 0
          }
        ]
      },
      {
        "insertions": 1627,
        "deletions": 12,
        "date": "2019-10-18",
        "commitResults": [
          {
            "hash": "05dae19fc48ac581ccbd18062f22235f7d6f553f",
            "messageTitle": "added generate password functionality",
            "messageBody": "",
            "insertions": 257,
            "deletions": 0
          },
          {
            "hash": "20720e9babd3be6a7790a900389550757f831800",
            "messageTitle": "added analyse password functionality",
            "messageBody": "",
            "insertions": 1369,
            "deletions": 11
          },
          {
            "hash": "5a084bcc55846c04b232a164e7f77f3daf5c2c4d",
            "messageTitle": "minor changes",
            "messageBody": "",
            "insertions": 1,
            "deletions": 1
          }
        ]
      }
    ],
    "hooncp": [
      {
        "insertions": 0,
        "deletions": 1,
        "date": "2019-09-19",
        "commitResults": [
          {
            "hash": "72991239a4b39377ce030c5086d8bf6cface3ef3",
            "messageTitle": "Remove codacy badge from README",
            "messageBody": "",
            "insertions": 0,
            "deletions": 1
          }
        ]
      },
      {
        "insertions": 289,
        "deletions": 11,
        "date": "2019-10-03",
        "commitResults": [
          {
            "hash": "e03d222a8f5aac7ec6d382314eedd0bd0d6e7e06",
            "messageTitle": "Add use case to doc",
            "messageBody": "",
            "insertions": 289,
            "deletions": 11
          }
        ]
      },
      {
        "insertions": 151,
        "deletions": 91,
        "date": "2019-10-05",
        "commitResults": [
          {
            "hash": "78c81f46246461a181ea8e94a5beb0897b00f698",
            "messageTitle": "Update User guide",
            "messageBody": "",
            "insertions": 151,
            "deletions": 91
          }
        ]
      },
      {
        "insertions": 3,
        "deletions": 1,
        "date": "2019-10-17",
        "commitResults": [
          {
            "hash": "509d4a4301a4a52914e7cce7b8c84e451506b74d",
            "messageTitle": "Add new java-doc",
            "messageBody": "",
            "insertions": 3,
            "deletions": 1
          }
        ]
      },
      {
        "insertions": 2592,
        "deletions": 277,
        "date": "2019-10-18",
        "commitResults": [
          {
            "hash": "ec95ca2ee80d9d5b6a266dec145dae8a13d7cbac",
            "messageTitle": "Add Password model and relevant fields",
            "messageBody": "",
            "insertions": 151,
            "deletions": 0
          },
          {
            "hash": "2d3e31dc617059945864459bc776c55cf1e9aa55",
            "messageTitle": "Integrate UI with password model",
            "messageBody": "",
            "insertions": 281,
            "deletions": 17
          },
          {
            "hash": "92f71d7bff781b5865edbfaff3c47bcd29a30a17",
            "messageTitle": "Fix minor bugs and checkstyle errors",
            "messageBody": "",
            "insertions": 116,
            "deletions": 27
          },
          {
            "hash": "0dac983fc5acb5d46088d97e864859f112c48adb",
            "messageTitle": "Add in storage class for password",
            "messageBody": "",
            "insertions": 698,
            "deletions": 17
          },
          {
            "hash": "2766eb9bb619fa44b3df9b989dc12559d0ce1680",
            "messageTitle": "Add additional checks on Password fields and parse function",
            "messageBody": "",
            "insertions": 98,
            "deletions": 8
          },
          {
            "hash": "998d196eb0157d8662329b97969548e8160191f7",
            "messageTitle": "Add support for AddPasswordCommand and AddPasswordCommandParser class",
            "messageBody": "",
            "insertions": 67,
            "deletions": 5
          },
          {
            "hash": "bc8300f813e4c8e840af56bf69b7dae55f6d9dce",
            "messageTitle": "Add support and main functionalities of delete password command",
            "messageBody": "",
            "insertions": 91,
            "deletions": 4
          },
          {
            "hash": "adedd4c510699cbb5cd951a5f91f221eb32803df",
            "messageTitle": "Add white space",
            "messageBody": "",
            "insertions": 1,
            "deletions": 0
          },
          {
            "hash": "f0e9e189e7502314ced5ea56d294cba3986e1d07",
            "messageTitle": "Add checks for duplicate passwords in password book",
            "messageBody": "",
            "insertions": 252,
            "deletions": 10
          },
          {
            "hash": "a97722a76879ca240222132a568b05a074fbc9c6",
            "messageTitle": "Add Tag into password model",
            "messageBody": "",
            "insertions": 94,
            "deletions": 53
          },
          {
            "hash": "eb6397c8a8e6cbc127ac335c08bb71e47829a973",
            "messageTitle": "Add tag to UI and remove unnecessary comments",
            "messageBody": "",
            "insertions": 32,
            "deletions": 6
          },
          {
            "hash": "5555d4fb19c570c0df005d4f85150ff325891b81",
            "messageTitle": "Fix tag not registering in add command",
            "messageBody": "",
            "insertions": 99,
            "deletions": 17
          },
          {
            "hash": "f1a861a7a6046ccfa620f99b7bf8ece47e69a776",
            "messageTitle": "Add support for ReadCommand and ReadCommandParser",
            "messageBody": "",
            "insertions": 121,
            "deletions": 10
          },
          {
            "hash": "39e548038561f44d562d52b7fc72ff53aa680b28",
            "messageTitle": "Add support for EditPasswordCommand and EditPasswordCommandParser",
            "messageBody": "",
            "insertions": 389,
            "deletions": 23
          },
          {
            "hash": "e08ad51dd622d3438ede03312819c888bb831afe",
            "messageTitle": "Fix minor bugs and remove unnecessary changes for unit test",
            "messageBody": "",
            "insertions": 102,
            "deletions": 80
          }
        ]
      }
    ]
  },
  "authorFinalContributionMap": {
    "niqiukun": 2236,
    "yhtingg": 1752,
    "jityong": 2925,
    "eejian97": 1670,
    "hooncp": 2487
  },
  "authorFileTypeContributionMap": {
    "niqiukun": {
      "docs": 6,
      "tests": 104,
      "functional": 2126
    },
    "yhtingg": {
      "docs": 144,
      "tests": 83,
      "functional": 1523,
      "other": 2
    },
    "jityong": {
      "docs": 61,
      "tests": 350,
      "functional": 2514
    },
    "eejian97": {
      "docs": 40,
      "tests": 4,
      "functional": 1626
    },
    "hooncp": {
      "docs": 400,
      "tests": 114,
      "functional": 1973
    }
  },
  "authorContributionVariance": {
    "niqiukun": 97584.51,
    "yhtingg": 72254.25,
    "jityong": 372693.9,
    "eejian97": 60983.973,
    "hooncp": 188566.7
  },
  "authorDisplayNameMap": {
    "niqiukun": "CS2103T-F11-3 NI TI ... NZHEN",
    "yhtingg": "CS2103T-F11-3 YANG  ...  TING",
    "jityong": "CS2103T-F11-3 LEOW  ...  YONG",
    "eejian97": "CS2103T-F11-3 LEE E ...  JIAN",
    "hooncp": "CS2103T-F11-3 HOON  ...  PING"
  }
}
