{
  "authorDailyContributionsMap": {
    "niqiukun": [
      {
        "insertions": 6,
        "deletions": 10,
        "date": "2019-10-03",
        "commitResults": [
          {
            "hash": "f88af062bb0fe5820b6423f21bfac1a759698e38",
            "messageTitle": "Update README.adoc",
            "messageBody": "",
            "insertions": 6,
            "deletions": 10
          }
        ]
      },
      {
        "insertions": 563,
        "deletions": 116,
        "date": "2019-10-10",
        "commitResults": [
          {
            "hash": "b5bde878e01c0d4c93ba7f53775eb9887e17b02e",
            "messageTitle": "Add mode switching in logic manager and add goto command",
            "messageBody": "",
            "insertions": 129,
            "deletions": 13
          },
          {
            "hash": "8d602b319176bea7e029aa15fd406cc4bcbb34ac",
            "messageTitle": "Add util class for encrypting and decrypting byte arrays",
            "messageBody": "",
            "insertions": 115,
            "deletions": 0
          },
          {
            "hash": "c6b9384b0e6e91c698e71ee2e61f135ef856b88c",
            "messageTitle": "Update encryption algorithm with triple DES",
            "messageBody": "",
            "insertions": 2,
            "deletions": 2
          },
          {
            "hash": "55ffd3e2e87e9a75abd88f0c3de1995b9b680b6f",
            "messageTitle": "Add master password to storage classes",
            "messageBody": "",
            "insertions": 158,
            "deletions": 65
          },
          {
            "hash": "5b13bbc80cf92cd73b9280b0090d6dbc500fb09d",
            "messageTitle": "Add TestStorage class for init and validate master password",
            "messageBody": "",
            "insertions": 110,
            "deletions": 30
          },
          {
            "hash": "636b335954e96f2f2b0ba18abf9b750b640646ae",
            "messageTitle": "Set up input dialog for the user to set and test master password",
            "messageBody": "",
            "insertions": 49,
            "deletions": 6
          }
        ]
      },
      {
        "insertions": 1864,
        "deletions": 111,
        "date": "2019-10-17",
        "commitResults": [
          {
            "hash": "3905a4cd2419ff92cd6e7b5c38098d53037c8346",
            "messageTitle": "Add EncryptedFile class and basic data fields for EncryptedFile Model",
            "messageBody": "",
            "insertions": 194,
            "deletions": 0
          },
          {
            "hash": "81daaaf6e2bd974b5b477e93b9f6f98b6b326553",
            "messageTitle": "Add tags to encrypted files",
            "messageBody": "",
            "insertions": 35,
            "deletions": 4
          },
          {
            "hash": "ae099abd22079e8a3aa5283234cadc91779699b1",
            "messageTitle": "Add feature to add and delete file records without encryption and decryption yet",
            "messageBody": "",
            "insertions": 1493,
            "deletions": 62
          },
          {
            "hash": "746ee8a50ba2d29b9911f61daa459e30e224cc38",
            "messageTitle": "Implements file encryption and decryption",
            "messageBody": "",
            "insertions": 78,
            "deletions": 1
          },
          {
            "hash": "5d594dd267fb3a48cf51967be205b88dd13c5ea6",
            "messageTitle": "Fix all existing tests",
            "messageBody": "",
            "insertions": 49,
            "deletions": 32
          },
          {
            "hash": "03b93b34c8920719c800d9331592da4b412294a7",
            "messageTitle": "Factor out initFileBook for standardisation",
            "messageBody": "",
            "insertions": 9,
            "deletions": 2
          },
          {
            "hash": "f56551e7cf409e8ebb6210f789fc1d6370826d18",
            "messageTitle": "Adjust the code to minimise deletion",
            "messageBody": "",
            "insertions": 4,
            "deletions": 6
          },
          {
            "hash": "48375eb648b2af8e97e2731295a6bb636098db37",
            "messageTitle": "Fix typo",
            "messageBody": "",
            "insertions": 2,
            "deletions": 4
          }
        ]
      }
    ],
    "yhtingg": [
      {
        "insertions": 146,
        "deletions": 30,
        "date": "2019-10-03",
        "commitResults": [
          {
            "hash": "d4a155235d1697849cce4d19d6ddc3237753ab91",
            "messageTitle": "Update website heading and GitHub url",
            "messageBody": "",
            "insertions": 2,
            "deletions": 2
          },
          {
            "hash": "82214551c584a6b38d34dc5bce5f3c29422c1a09",
            "messageTitle": "Update non-functional requirements, reformat use cases in Developer Guide",
            "messageBody": "",
            "insertions": 144,
            "deletions": 28
          }
        ]
      }
    ],
    "jityong": [
      {
        "insertions": 40,
        "deletions": 41,
        "date": "2019-10-03",
        "commitResults": [
          {
            "hash": "3a80b0391b882315dbf2df29d4f73c2746f0c1ae",
            "messageTitle": "updated AboutUs.doc",
            "messageBody": "",
            "insertions": 23,
            "deletions": 22
          },
          {
            "hash": "2e97e22f3c6d502ae288050023df1d9a28b7e989",
            "messageTitle": "updated ContactUs page",
            "messageBody": "",
            "insertions": 2,
            "deletions": 2
          },
          {
            "hash": "1bd58d929cc3e59b24401f2357c6e7dfc3ed32ad",
            "messageTitle": "updated AboutUs page",
            "messageBody": "",
            "insertions": 5,
            "deletions": 5
          },
          {
            "hash": "04b2ee4886160c5c39ebddf72d5dc404ae5c3cc6",
            "messageTitle": "updated AboutUs page",
            "messageBody": "",
            "insertions": 1,
            "deletions": 1
          },
          {
            "hash": "0fc9a309473393a92e97b7b2af151c86a4801fc8",
            "messageTitle": "updated AboutUs page",
            "messageBody": "",
            "insertions": 1,
            "deletions": 1
          },
          {
            "hash": "ff031b48764b1fe0089ee9084c5b7bfe718e5691",
            "messageTitle": "update ContactUs page",
            "messageBody": "",
            "insertions": 1,
            "deletions": 1
          },
          {
            "hash": "e51509e23e9e656fd4d90b8bf3cd56039c8bb5b7",
            "messageTitle": "updated AboutUs",
            "messageBody": "",
            "insertions": 0,
            "deletions": 2
          },
          {
            "hash": "428530820f54971d514c7b8a9172f896a0c8e827",
            "messageTitle": "updated AboutUs",
            "messageBody": "",
            "insertions": 5,
            "deletions": 5
          },
          {
            "hash": "e483fb1e6785688b9ab07af3df195344abc3e5ca",
            "messageTitle": "updated AboutUs",
            "messageBody": "",
            "insertions": 2,
            "deletions": 2
          }
        ]
      },
      {
        "insertions": 5,
        "deletions": 5,
        "date": "2019-10-04",
        "commitResults": [
          {
            "hash": "78628112bec26812c49f140e77b8da5661447bcc",
            "messageTitle": "updated image file extension",
            "messageBody": "",
            "insertions": 5,
            "deletions": 5
          }
        ]
      },
      {
        "insertions": 55,
        "deletions": 8,
        "date": "2019-10-10",
        "commitResults": [
          {
            "hash": "d25f725f52ab01827ee1ec72017d87bdde461c1f",
            "messageTitle": "WIP: Add support for encrypting json files",
            "messageBody": "",
            "insertions": 55,
            "deletions": 8
          }
        ]
      }
    ],
    "eejian97": [
      {
        "insertions": 45,
        "deletions": 10,
        "date": "2019-10-04",
        "commitResults": [
          {
            "hash": "57cd7d10be8007b806534d45f4f7d2cb82305b72",
            "messageTitle": "updated User Story in DG",
            "messageBody": "",
            "insertions": 45,
            "deletions": 10
          }
        ]
      }
    ],
    "hooncp": [
      {
        "insertions": 0,
        "deletions": 1,
        "date": "2019-09-19",
        "commitResults": [
          {
            "hash": "72991239a4b39377ce030c5086d8bf6cface3ef3",
            "messageTitle": "Remove codacy badge from README",
            "messageBody": "",
            "insertions": 0,
            "deletions": 1
          }
        ]
      },
      {
        "insertions": 289,
        "deletions": 11,
        "date": "2019-10-03",
        "commitResults": [
          {
            "hash": "e03d222a8f5aac7ec6d382314eedd0bd0d6e7e06",
            "messageTitle": "Add use case to doc",
            "messageBody": "",
            "insertions": 289,
            "deletions": 11
          }
        ]
      },
      {
        "insertions": 151,
        "deletions": 91,
        "date": "2019-10-05",
        "commitResults": [
          {
            "hash": "78c81f46246461a181ea8e94a5beb0897b00f698",
            "messageTitle": "Update User guide",
            "messageBody": "",
            "insertions": 151,
            "deletions": 91
          }
        ]
      }
    ]
  },
  "authorFinalContributionMap": {
    "niqiukun": 2275,
    "yhtingg": 146,
    "jityong": 56,
    "eejian97": 40,
    "hooncp": 400
  },
  "authorFileTypeContributionMap": {
    "niqiukun": {
      "docs": 6,
      "tests": 116,
      "functional": 2153
    },
    "yhtingg": {
      "docs": 144,
      "tests": 0,
      "functional": 0,
      "other": 2
    },
    "jityong": {
      "docs": 28,
      "tests": 16,
      "functional": 12
    },
    "eejian97": {
      "docs": 40,
      "tests": 0,
      "functional": 0
    },
    "hooncp": {
      "docs": 400,
      "tests": 0,
      "functional": 0
    }
  },
  "authorContributionVariance": {
    "niqiukun": 99813.96,
    "yhtingg": 719.96387,
    "jityong": 239.65076,
    "eejian97": 70.30895,
    "hooncp": 3370.112
  },
  "authorDisplayNameMap": {
    "niqiukun": "CS2103T-F11-3 NI TI ... NZHEN",
    "yhtingg": "CS2103T-F11-3 YANG  ...  TING",
    "jityong": "CS2103T-F11-3 LEOW  ...  YONG",
    "eejian97": "CS2103T-F11-3 LEE E ...  JIAN",
    "hooncp": "CS2103T-F11-3 HOON  ...  PING"
  }
}
