{
  "authorDailyContributionsMap": {
    "marcfyk": [
      {
        "insertions": 0,
        "deletions": 1,
        "date": "2019-09-15",
        "commitResults": [
          {
            "hash": "e66e1dc2635ac04e2a72e46cc683c813098a996f",
            "messageTitle": "Remove codacy badge from README (travis ci set up)",
            "messageBody": "",
            "insertions": 0,
            "deletions": 1
          }
        ]
      },
      {
        "insertions": 1962,
        "deletions": 1905,
        "date": "2019-09-19",
        "commitResults": [
          {
            "hash": "5d4720596180526378a94b198ed62333d5069316",
            "messageTitle": "Rename and repackage classes, interfaces and packages.",
            "messageBody": "Rename seedu.address to seedu.jarvis.\n\nRename all interfaces and classes to be more specific with identifier on what component the it is for.\n\nMove interfaces and classes specific to address component to address sub package.\n",
            "insertions": 1923,
            "deletions": 1879
          },
          {
            "hash": "b6b0f42d76a2fd0b34c1bcdcc5797d74ace1e4b0",
            "messageTitle": "Fix CodeStyle",
            "messageBody": "Fix lexicographical ordering of import statements and lines exceeding 120 characters.\n",
            "insertions": 39,
            "deletions": 26
          }
        ]
      },
      {
        "insertions": 9,
        "deletions": 16,
        "date": "2019-09-20",
        "commitResults": [
          {
            "hash": "946aecee55eb942b4b26ffcefff5298d97348e68",
            "messageTitle": "Repackage command tests and remove unnecessary imports",
            "messageBody": "Add nested package address inside test command package\n\nPlace all test for address command to new nested address package.\n",
            "insertions": 9,
            "deletions": 16
          }
        ]
      },
      {
        "insertions": 914,
        "deletions": 17,
        "date": "2019-09-22",
        "commitResults": [
          {
            "hash": "dfe06374c2cfe7b10f4005874f28b481ec8912cc",
            "messageTitle": "Update Commands to support inverse execution.",
            "messageBody": "Update Command abstract class with new methods to check if a command supports inverse execution and to execute inversely if possible.\n\nAdd methods to CommandTestUtil to support testing with inverse execution for success or failure.\n\nAdd tests to all existing commands to ensure inverse execution is working successfully.\n",
            "insertions": 914,
            "deletions": 17
          }
        ]
      },
      {
        "insertions": 415,
        "deletions": 58,
        "date": "2019-09-24",
        "commitResults": [
          {
            "hash": "66239f6a5db7eec6f2a51ccf2cb414aa5cdc394a",
            "messageTitle": "Add CommandCache to store Commands.",
            "messageBody": "Add Command Cache Deque class as a deque data structure to store commands, which will facilitate storing commands in undo and redo operations.\n\nAdd DuplicateCommandException class.\n\nAdd tests for CommandCache to ensure that the operations are all accurate in their intended behaviour.\n",
            "insertions": 288,
            "deletions": 0
          },
          {
            "hash": "84da639a29db4c4bff1b1b9e1077b7034cfc26e7",
            "messageTitle": "Fix CommandCache Tests and rename default size limit field in CommandCache",
            "messageBody": "",
            "insertions": 5,
            "deletions": 5
          },
          {
            "hash": "4c7727876b0af3143ed7c0def9d7e60f75058bcf",
            "messageTitle": "Update Tests for Commands",
            "messageBody": "",
            "insertions": 56,
            "deletions": 47
          },
          {
            "hash": "5609a0d807fa1c424cc540716402ff7f36c67c02",
            "messageTitle": "Add methods to CommandCache",
            "messageBody": "Add method to CommandCache to clear all commands.\n\nAdd tests to test new CommandCache method.\n",
            "insertions": 35,
            "deletions": 6
          },
          {
            "hash": "28c2b7b6ec0e93f421c5edf25378b4f022a4e361",
            "messageTitle": "Add HistoryModel",
            "messageBody": "Add HistoryModel interface.\n",
            "insertions": 31,
            "deletions": 0
          }
        ]
      },
      {
        "insertions": 622,
        "deletions": 637,
        "date": "2019-09-26",
        "commitResults": [
          {
            "hash": "e0b7425514a3336c5ff08ea40e353a4d2ef9d504",
            "messageTitle": "Change CommandCache to CommandDeque for clarity",
            "messageBody": "",
            "insertions": 64,
            "deletions": 64
          },
          {
            "hash": "91c9fac8683f322fa5594af5e23b0c4a198a3d6c",
            "messageTitle": "Rename AddressModel to Model",
            "messageBody": "",
            "insertions": 473,
            "deletions": 510
          },
          {
            "hash": "0c73ae9227b064171686c6944d6fed741171a7e9",
            "messageTitle": "Fix import statements to adhere to checkstyle",
            "messageBody": "",
            "insertions": 11,
            "deletions": 5
          },
          {
            "hash": "345e1dd3c3445ef7cd122c841b419e254acde98f",
            "messageTitle": "Add more model interface for Model to extend to componentize behavior and logic.",
            "messageBody": "Add HistoryModel interface to contain methods to facilitate undo redo and history functionality.\n\nMove addressbook related methods in Model to AddressModel.\n",
            "insertions": 71,
            "deletions": 52
          },
          {
            "hash": "a43585e5aa4a0aeb6a608b06a38c418f5bf67995",
            "messageTitle": "Move predicate from Model to AddressModel",
            "messageBody": "",
            "insertions": 3,
            "deletions": 6
          }
        ]
      },
      {
        "insertions": 159,
        "deletions": 75,
        "date": "2019-09-27",
        "commitResults": [
          {
            "hash": "dd218296109c13d399dcb9c106d26cd4856c5c1d",
            "messageTitle": "Update badges and credited AB3 in README",
            "messageBody": "",
            "insertions": 6,
            "deletions": 9
          },
          {
            "hash": "d01692564bbb457d95b871e25fe45022295aa3aa",
            "messageTitle": "Add target audience and marketing statement to README",
            "messageBody": "",
            "insertions": 8,
            "deletions": 0
          },
          {
            "hash": "b13a27ec10bc63e52d445fbc11f3e659327c8c1c",
            "messageTitle": "Add target audience and marketing statement to README",
            "messageBody": "",
            "insertions": 3,
            "deletions": 6
          },
          {
            "hash": "11d5bb1f5f822feaaa075a3ef31b6a054ec5ccde",
            "messageTitle": "Add target audience and marketing statement to README",
            "messageBody": "",
            "insertions": 1,
            "deletions": 1
          },
          {
            "hash": "acdf2fc4995c95511195137decf900b2d2213744",
            "messageTitle": "Add target audience and marketing statement to README",
            "messageBody": "",
            "insertions": 1,
            "deletions": 1
          },
          {
            "hash": "ac433d25f0145ed5278d0097a2381fc5ccf55a11",
            "messageTitle": "Add CommandDeque methods",
            "messageBody": "Add method to delete latest command in CommandDeque.\n\nAdd tests for new CommandDeque method.\n\nAdd new CommandNotFoundException.\n\nAdd HistoryBook to wrap all history related data.\n",
            "insertions": 126,
            "deletions": 40
          },
          {
            "hash": "49b50fe7ad0aa3e58fd856c8e8974eebfd856388",
            "messageTitle": "Add overloaded constructor for CommandDeque to take in custom size limit",
            "messageBody": "",
            "insertions": 14,
            "deletions": 0
          },
          {
            "hash": "209e3eed8574e83dcc7b4a44d661d27e9e91d3db",
            "messageTitle": "Remove HistoryBook",
            "messageBody": "",
            "insertions": 0,
            "deletions": 18
          }
        ]
      },
      {
        "insertions": 645,
        "deletions": 11,
        "date": "2019-09-28",
        "commitResults": [
          {
            "hash": "c91828d3bc6862b659f2f140c4d8345392f906c2",
            "messageTitle": "Add VersionControl and integrate with LogicManager",
            "messageBody": "Add VersionControl to manage executed and inversely executed commands in the application.\n\nIntegrate VersionControl to LogicManager to add invertible commands to VersionControl.\n\nAdd tests for VersionControl to test its behaviour.\n",
            "insertions": 404,
            "deletions": 11
          },
          {
            "hash": "8a0480613c1fd220bda00f002e2be050e8f3285e",
            "messageTitle": "Add UndoCommand",
            "messageBody": "Add UndoCommand to for undo functionality.\n\nAdd tests for UndoCommand\u0027s behaviour.\n",
            "insertions": 241,
            "deletions": 0
          }
        ]
      },
      {
        "insertions": 821,
        "deletions": 62,
        "date": "2019-09-29",
        "commitResults": [
          {
            "hash": "bc459221d14f8c2b6cdf17c5f277c91f4bbc3218",
            "messageTitle": "Move all address commands\u0027 parser tests classes to address sub-package",
            "messageBody": "",
            "insertions": 4,
            "deletions": 8
          },
          {
            "hash": "19c2a57deb93e32ae2569972f46d6c3a8a1e1c15",
            "messageTitle": "Add method to VersionControl",
            "messageBody": "Add method in VersionControl to get the total number of available commands that can be undone.\n",
            "insertions": 8,
            "deletions": 0
          },
          {
            "hash": "597c69d7ad340d2066874105ac68e740fbeb54f4",
            "messageTitle": "Change UndoCommand",
            "messageBody": "Override equals method to allow for comparisons.\n\nUpdate MESSAGE_USAGE.\n",
            "insertions": 17,
            "deletions": 1
          },
          {
            "hash": "95cd5d5c1d709d3cdd07594e3517024d619e5379",
            "messageTitle": "Modify syncVersionControl",
            "messageBody": "",
            "insertions": 7,
            "deletions": 3
          },
          {
            "hash": "3ee2c5e31fe7eb4daa5c68b74c11b5566bfec41f",
            "messageTitle": "Add UndoCommandParser",
            "messageBody": "Add prefix for undo commands.\n\nAdd UndoCommandParser to parse undo commands.\n\nAdd tests to check behaviour for UndoCommandParser.\n",
            "insertions": 164,
            "deletions": 0
          },
          {
            "hash": "77eb5e972ca0cd5e31c2c36fb3643f2030989a58",
            "messageTitle": "Integrate Undo Command into JarvisParser",
            "messageBody": "Included undo commands into JarvisParser.\n\nAdd tests to ensure JarvisParser parses undo commands correctly.\n",
            "insertions": 22,
            "deletions": 0
          },
          {
            "hash": "db31a09fe3dcb3df94ae0ef44a0313997aca8a30",
            "messageTitle": "Add more test for UndoCommandParser",
            "messageBody": "",
            "insertions": 12,
            "deletions": 4
          },
          {
            "hash": "d6ceee774017b676d97422a2a1fb9745fbd4e6e0",
            "messageTitle": "Add RedoCommand",
            "messageBody": "",
            "insertions": 167,
            "deletions": 21
          },
          {
            "hash": "e0230b565f30c56fd84a6407f646c3d811ea5987",
            "messageTitle": "Add tests for RedoCommand",
            "messageBody": "",
            "insertions": 138,
            "deletions": 2
          },
          {
            "hash": "4948bfe0fe7ed8f73fddf7693684b569630ca050",
            "messageTitle": "Add RedoCommandParser",
            "messageBody": "",
            "insertions": 53,
            "deletions": 2
          },
          {
            "hash": "9bf407afdc6ee4a8cddeb7bc116ef4dce9737d48",
            "messageTitle": "Add tests for RedoCommandParser",
            "messageBody": "",
            "insertions": 179,
            "deletions": 13
          },
          {
            "hash": "4d6f015e9e032ef16e2d4bb2cf5fdaf36cc89b15",
            "messageTitle": "Update tests for CommandDeque using command stubs",
            "messageBody": "",
            "insertions": 29,
            "deletions": 8
          },
          {
            "hash": "3055023b8a1a556a0d8ddb075e0db0c548de1ccb",
            "messageTitle": "Integrate RedoCommand to Application and add tests to for parsing redo commands",
            "messageBody": "",
            "insertions": 21,
            "deletions": 0
          }
        ]
      },
      {
        "insertions": 1,
        "deletions": 8,
        "date": "2019-09-30",
        "commitResults": [
          {
            "hash": "7b0cedbe79c6a396bc8eb6338cc93b148d4f644a",
            "messageTitle": "Remove HistoryModel",
            "messageBody": "",
            "insertions": 1,
            "deletions": 8
          }
        ]
      },
      {
        "insertions": 13,
        "deletions": 13,
        "date": "2019-10-01",
        "commitResults": [
          {
            "hash": "1be1ac1da7b73aadf3c26f35a3bbb521138fe5d0",
            "messageTitle": "Added Codacy and Gitter badge to README",
            "messageBody": "",
            "insertions": 2,
            "deletions": 0
          },
          {
            "hash": "d74a9029ca520934c4bee1cca4b6e412843fe23c",
            "messageTitle": "Update Codacy badge",
            "messageBody": "",
            "insertions": 1,
            "deletions": 1
          },
          {
            "hash": "2f5a9c90ce14ae87aa90fb88d27824c63053d4e1",
            "messageTitle": "Update Gitter badge",
            "messageBody": "",
            "insertions": 1,
            "deletions": 1
          },
          {
            "hash": "c18834354fe1fe0ffda72d18b4b9c8f1920a32c6",
            "messageTitle": "Update Appveyor badge",
            "messageBody": "",
            "insertions": 1,
            "deletions": 1
          },
          {
            "hash": "6f321aadc091862aa0abe367256718f055bd1c7c",
            "messageTitle": "Update Gitter badge",
            "messageBody": "",
            "insertions": 1,
            "deletions": 1
          },
          {
            "hash": "f74cb4435121660a4af34f0fb9b7db320aae1e44",
            "messageTitle": "Update Appveyor badge",
            "messageBody": "",
            "insertions": 1,
            "deletions": 1
          },
          {
            "hash": "51ab2e7a751b91fb0c1a2643aa85f9543c9c5157",
            "messageTitle": "Remove unnecessary lines",
            "messageBody": "",
            "insertions": 0,
            "deletions": 2
          },
          {
            "hash": "deab809360eedb6c541def6d0582cfae70df8975",
            "messageTitle": "Update Coveralls badge",
            "messageBody": "",
            "insertions": 2,
            "deletions": 2
          },
          {
            "hash": "87392dcc41e494751148809d3858d8d41c1e2758",
            "messageTitle": "Update Gitter badge",
            "messageBody": "",
            "insertions": 1,
            "deletions": 1
          },
          {
            "hash": "1816bf6f99929fa5eea792340fbdcdb4031b0ff2",
            "messageTitle": "Update Gitter badge",
            "messageBody": "",
            "insertions": 1,
            "deletions": 1
          },
          {
            "hash": "13aad3518639c163e49eae94351d30d77fc4502d",
            "messageTitle": "Update Coveralls badge",
            "messageBody": "",
            "insertions": 1,
            "deletions": 1
          },
          {
            "hash": "a695ab49689fc66337dc8c271994bf2a6a419706",
            "messageTitle": "Update Coveralls badge",
            "messageBody": "",
            "insertions": 1,
            "deletions": 1
          }
        ]
      },
      {
        "insertions": 3,
        "deletions": 3,
        "date": "2019-10-02",
        "commitResults": [
          {
            "hash": "24556c340d9287e284347e753853f5c75cc00cd5",
            "messageTitle": "Fix photo links",
            "messageBody": "",
            "insertions": 2,
            "deletions": 2
          },
          {
            "hash": "18164ea2dbbabbebd1cdfcd59e38ca87bb6f456c",
            "messageTitle": "Remove whitespace",
            "messageBody": "",
            "insertions": 1,
            "deletions": 1
          }
        ]
      }
    ],
    "mrnewguy": [
      {
        "insertions": 2,
        "deletions": 74,
        "date": "2019-09-27",
        "commitResults": [
          {
            "hash": "af150d18f162d1d63e1b42c9e955258ef5fb4d14",
            "messageTitle": "edit contactus",
            "messageBody": "",
            "insertions": 2,
            "deletions": 74
          }
        ]
      },
      {
        "insertions": 75,
        "deletions": 24,
        "date": "2019-10-01",
        "commitResults": [
          {
            "hash": "7d69b459f133472e3a2e7d7e0543edb7c8e98405",
            "messageTitle": "add details to individual portfolio page",
            "messageBody": "",
            "insertions": 75,
            "deletions": 24
          }
        ]
      },
      {
        "insertions": 103,
        "deletions": 25,
        "date": "2019-10-02",
        "commitResults": [
          {
            "hash": "566b9f0b0f9813c54fe93b2dc8c779cd90e5d38c",
            "messageTitle": "edit responsibility of @mrnewguy",
            "messageBody": "",
            "insertions": 1,
            "deletions": 1
          },
          {
            "hash": "8a3c97d9d856c27622a8f943a0b0793bd9c059bf",
            "messageTitle": "add newline to individual team portfolio pages",
            "messageBody": "",
            "insertions": 4,
            "deletions": 4
          },
          {
            "hash": "0b2fe644874bb2e2058f8934ff2d63c32dde5386",
            "messageTitle": "remove references to stylesheet and image dir",
            "messageBody": "",
            "insertions": 5,
            "deletions": 10
          },
          {
            "hash": "9c673ead7ea122ebed39c900ed835569d9ea8778",
            "messageTitle": "edit references to stylesheet",
            "messageBody": "",
            "insertions": 5,
            "deletions": 5
          },
          {
            "hash": "c09a634eb50f729f74643e54aee076e15458abd3",
            "messageTitle": "edit references to stylesheet",
            "messageBody": "",
            "insertions": 10,
            "deletions": 5
          },
          {
            "hash": "20108787140f634cd9ec7efd201231470662ae66",
            "messageTitle": "add cca tracker feature to user guide",
            "messageBody": "",
            "insertions": 78,
            "deletions": 0
          }
        ]
      }
    ],
    "gohsnn": [
      {
        "insertions": 54,
        "deletions": 17,
        "date": "2019-09-27",
        "commitResults": [
          {
            "hash": "aab152ad02ec4f64edd5e5e9b046703f1b8fb98c",
            "messageTitle": "Add use cases to Developer\u0027s Guide",
            "messageBody": "",
            "insertions": 48,
            "deletions": 11
          },
          {
            "hash": "c6dd4265e1050c17b1609d1685ef0d24477a1003",
            "messageTitle": "Add NFR and glossary to Developer\u0027s Guide",
            "messageBody": "",
            "insertions": 6,
            "deletions": 6
          }
        ]
      },
      {
        "insertions": 411,
        "deletions": 0,
        "date": "2019-09-28",
        "commitResults": [
          {
            "hash": "12a01f361ceca372c532c2e109fc8c3c08a63445",
            "messageTitle": "Add classes to track payments, debts and instalments",
            "messageBody": "",
            "insertions": 411,
            "deletions": 0
          }
        ]
      },
      {
        "insertions": 18,
        "deletions": 38,
        "date": "2019-10-02",
        "commitResults": [
          {
            "hash": "21da2fdf16ff10f69fbbf15f7fd297784fc67766",
            "messageTitle": "Add inheritance to Purchase class",
            "messageBody": "",
            "insertions": 18,
            "deletions": 38
          }
        ]
      },
      {
        "insertions": 323,
        "deletions": 27,
        "date": "2019-10-06",
        "commitResults": [
          {
            "hash": "b0d306f9d8b6e65d784704af388e12e6f1702e5a",
            "messageTitle": "Add FinanceTrackerModel interface",
            "messageBody": "",
            "insertions": 122,
            "deletions": 17
          },
          {
            "hash": "44f9ec1322ea06c7172eb6d7a84c8fa80e1160ca",
            "messageTitle": "Add FinanceTracker class",
            "messageBody": "",
            "insertions": 201,
            "deletions": 10
          }
        ]
      },
      {
        "insertions": 839,
        "deletions": 395,
        "date": "2019-10-07",
        "commitResults": [
          {
            "hash": "73acc53a513c85545d1ba1de80ffc43a0923d1d3",
            "messageTitle": "Add tests for InstalmentList and PurchaseList",
            "messageBody": "",
            "insertions": 165,
            "deletions": 33
          },
          {
            "hash": "d74cdb6f2261291bc2aa7c709841c4a3b78294f2",
            "messageTitle": "Add JUnit testing for Purchase, Instalment, PurchaseList and Instalmentlist classes",
            "messageBody": "",
            "insertions": 181,
            "deletions": 36
          },
          {
            "hash": "4256f1c1286d690de88747b22e1717bf764424a9",
            "messageTitle": "Add more testing for FinanceTracker classes of instalment and purchase functionality",
            "messageBody": "",
            "insertions": 401,
            "deletions": 129
          },
          {
            "hash": "ec38b0e4fca61376c9d2ad3816fbfde21bbcc5e4",
            "messageTitle": "Edit checkstyle for test classes",
            "messageBody": "",
            "insertions": 92,
            "deletions": 197
          }
        ]
      },
      {
        "insertions": 83,
        "deletions": 234,
        "date": "2019-10-08",
        "commitResults": [
          {
            "hash": "15bb348b5493cc67d55918fdeeca3dd8da473951",
            "messageTitle": "Remove main methods for test classes",
            "messageBody": "",
            "insertions": 0,
            "deletions": 64
          },
          {
            "hash": "ee3136bb8bd80b3601db71313d1db8b4ab8ff10e",
            "messageTitle": "Edit tests to reset objects used in each test method",
            "messageBody": "",
            "insertions": 82,
            "deletions": 169
          },
          {
            "hash": "fbeb0fe9fbfd9f980f527898d7caf00c4cab6d65",
            "messageTitle": "Remove error causing bug",
            "messageBody": "",
            "insertions": 1,
            "deletions": 1
          }
        ]
      },
      {
        "insertions": 411,
        "deletions": 535,
        "date": "2019-10-09",
        "commitResults": [
          {
            "hash": "c41ae2840f210c5b8129717e2309c42564be9aff",
            "messageTitle": "Standardize spelling for installment",
            "messageBody": "",
            "insertions": 178,
            "deletions": 204
          },
          {
            "hash": "ea8a23393447d909a72708817be900f6272f3882",
            "messageTitle": "Edit according to peer reviews from PR",
            "messageBody": "",
            "insertions": 233,
            "deletions": 331
          }
        ]
      }
    ],
    "ryanYtan": [
      {
        "insertions": 315,
        "deletions": 1,
        "date": "2019-09-25",
        "commitResults": [
          {
            "hash": "576a231b8720c1afec2f98782267e0e24d5ee6a3",
            "messageTitle": "Add skeleton model for CoursePlanner",
            "messageBody": "",
            "insertions": 5,
            "deletions": 0
          },
          {
            "hash": "c1dc43713855f3246449e93cb3d91250019f99d0",
            "messageTitle": "Reimplement skeleton model for Course Planner",
            "messageBody": "",
            "insertions": 225,
            "deletions": 0
          },
          {
            "hash": "bd5e3f52dc83a2deb66946d2e2ef67cefd8485ff",
            "messageTitle": "Add javadocs to CoursePlannerModel",
            "messageBody": "",
            "insertions": 17,
            "deletions": 1
          },
          {
            "hash": "ba456e791a9fdf6e3cb862bf3c1729659f20c293",
            "messageTitle": "Add skeleton implementation of AndOr prereqTree",
            "messageBody": "",
            "insertions": 68,
            "deletions": 0
          }
        ]
      },
      {
        "insertions": 174,
        "deletions": 63,
        "date": "2019-09-26",
        "commitResults": [
          {
            "hash": "afa248a37fd5ecc354e59293fae53222bdbf79cd",
            "messageTitle": "remove andor data structure files for recoding",
            "messageBody": "",
            "insertions": 0,
            "deletions": 51
          },
          {
            "hash": "5e864aaf97a163a41df25cf3c05b4896a0472f0e",
            "messageTitle": "add implementation of AndOrNode",
            "messageBody": "",
            "insertions": 47,
            "deletions": 0
          },
          {
            "hash": "8ad9e55bc763a39f3be3ab0eb9a27078f68f0f5f",
            "messageTitle": "implement proof-of-concept of json tree parsing",
            "messageBody": "",
            "insertions": 127,
            "deletions": 12
          }
        ]
      },
      {
        "insertions": 919,
        "deletions": 253,
        "date": "2019-09-27",
        "commitResults": [
          {
            "hash": "f705b52e1864eb7c769d3f662342d358adb5b38a",
            "messageTitle": "improve code qualtiy of AndOr package",
            "messageBody": "",
            "insertions": 97,
            "deletions": 53
          },
          {
            "hash": "ea1db600047d2fbab96825e53488d061e767efde",
            "messageTitle": "add print statement to AndOrTree",
            "messageBody": "",
            "insertions": 1,
            "deletions": 0
          },
          {
            "hash": "9d182bf5b648fc068a3a513b60e564044b4b1892",
            "messageTitle": "Update ContactUs.adoc and UserGuide.adoc",
            "messageBody": "",
            "insertions": 518,
            "deletions": 118
          },
          {
            "hash": "983d850527ce4f6770d969ef0e7b830e5aef4b81",
            "messageTitle": "refactor of andor package",
            "messageBody": "",
            "insertions": 106,
            "deletions": 55
          },
          {
            "hash": "5a5c39776d1a4e27a2d45f159c99546155327b56",
            "messageTitle": "Fix generics in andor package",
            "messageBody": "",
            "insertions": 77,
            "deletions": 20
          },
          {
            "hash": "7056bdcbf07f6fae71abd9ac81969607330f1a7a",
            "messageTitle": "implement rest of course model",
            "messageBody": "",
            "insertions": 115,
            "deletions": 7
          },
          {
            "hash": "516cce6d2db12afe75d43a76616d29ffd4695810",
            "messageTitle": "add message constraint to CourseCode class",
            "messageBody": "",
            "insertions": 5,
            "deletions": 0
          }
        ]
      },
      {
        "insertions": 144,
        "deletions": 25,
        "date": "2019-09-28",
        "commitResults": [
          {
            "hash": "7bd6a75375d8bef3b91937eab31c27abf7dde4bc",
            "messageTitle": "add CourseUtil and CourseUtilTest",
            "messageBody": "",
            "insertions": 109,
            "deletions": 11
          },
          {
            "hash": "0ee121106f1b7b614d76de876dec1bdf446d725c",
            "messageTitle": "add assertThrows test to CourseUtilTest",
            "messageBody": "",
            "insertions": 4,
            "deletions": 8
          },
          {
            "hash": "7de51497a37edbf7d8a066c80f173d92be965dbf",
            "messageTitle": "refactor CourseUtil.java",
            "messageBody": "",
            "insertions": 23,
            "deletions": 3
          },
          {
            "hash": "10808a45033733599823cf925cf39cb158517555",
            "messageTitle": "Add unit tests for CourseUtil.java",
            "messageBody": "",
            "insertions": 8,
            "deletions": 3
          }
        ]
      },
      {
        "insertions": 334,
        "deletions": 176,
        "date": "2019-09-29",
        "commitResults": [
          {
            "hash": "d2604179574535e654b640b67442651708e2d55e",
            "messageTitle": "add method to CourseUtil",
            "messageBody": "",
            "insertions": 50,
            "deletions": 7
          },
          {
            "hash": "b67389797607182efb8bb4eb558480065ae54554",
            "messageTitle": "refactor CourseUtil.java for better encapsulation",
            "messageBody": "",
            "insertions": 18,
            "deletions": 19
          },
          {
            "hash": "5de2792a86208aed6f8bdbe0741baf2c841511ea",
            "messageTitle": "redo throw messages to be more helpful",
            "messageBody": "",
            "insertions": 5,
            "deletions": 5
          },
          {
            "hash": "ef01b664b5d66a7e5b857e1194e05ba508074157",
            "messageTitle": "rename getJsonMap() to getCourseMap()",
            "messageBody": "",
            "insertions": 1,
            "deletions": 1
          },
          {
            "hash": "479daf3b6da719907f2d928120c6f8e879b563c9",
            "messageTitle": "add getCourse method in CourseUtil.java",
            "messageBody": "",
            "insertions": 70,
            "deletions": 15
          },
          {
            "hash": "378dae38f108566d307cee9f3dd26297cb48fdf2",
            "messageTitle": "edit FulfillRequirements to hold a String",
            "messageBody": "",
            "insertions": 19,
            "deletions": 14
          },
          {
            "hash": "61a608f5b8f728e37387c609d80069a72f38978f",
            "messageTitle": "refactor AndOrTree class and dependecies",
            "messageBody": "",
            "insertions": 171,
            "deletions": 115
          }
        ]
      },
      {
        "insertions": 556,
        "deletions": 247,
        "date": "2019-09-30",
        "commitResults": [
          {
            "hash": "3beff72b2af267600ea7cd256e30b8c9ee92c69a",
            "messageTitle": "fix json parsing bug in AndOrTree.java",
            "messageBody": "",
            "insertions": 41,
            "deletions": 4
          },
          {
            "hash": "fc8c55d650f32ac0b136ae7f23b1f75ab9c2d3af",
            "messageTitle": "add unit tests to AndOrTree.java",
            "messageBody": "",
            "insertions": 61,
            "deletions": 23
          },
          {
            "hash": "34bf966e66362d3c9c71415344278776cb32877d",
            "messageTitle": "remove unused imports from AndOrTreeTest.java",
            "messageBody": "",
            "insertions": 8,
            "deletions": 0
          },
          {
            "hash": "63d70173d0e24c93ac947a23dc68bcef9e16a8ee",
            "messageTitle": "clean up CourseUtil and its unit test",
            "messageBody": "",
            "insertions": 72,
            "deletions": 53
          },
          {
            "hash": "edfd4f45856c87bd5b16ebce548f6f24e952eddf",
            "messageTitle": "make private fields public",
            "messageBody": "",
            "insertions": 2,
            "deletions": 2
          },
          {
            "hash": "0a01e647540d04818b0cc134dc4cd733491686a7",
            "messageTitle": "improve code quality of AndOr package and CourseUtil",
            "messageBody": "",
            "insertions": 175,
            "deletions": 48
          },
          {
            "hash": "421356b369c2dcce3d2d651691e1ca1d3af88ca1",
            "messageTitle": "add javadocs to all classes",
            "messageBody": "",
            "insertions": 81,
            "deletions": 29
          },
          {
            "hash": "21ec361be380adf98f416cd813baf951209ab283",
            "messageTitle": "fix checkstyleTest errors",
            "messageBody": "",
            "insertions": 88,
            "deletions": 88
          },
          {
            "hash": "b636541b6ccf45bf122019697df5a3790f72d0b4",
            "messageTitle": "add unit test for AndOrOperationMapper",
            "messageBody": "",
            "insertions": 28,
            "deletions": 0
          }
        ]
      },
      {
        "insertions": 352,
        "deletions": 75,
        "date": "2019-10-01",
        "commitResults": [
          {
            "hash": "8f2e3c63713516c7cb2119b9a9b949f5c9561224",
            "messageTitle": "add unit test for AndOrOperationMapper",
            "messageBody": "",
            "insertions": 3,
            "deletions": 0
          },
          {
            "hash": "327539c8a28a317e0296d03d8aca4285862ce5bb",
            "messageTitle": "Fix ContactUs.adoc formatting",
            "messageBody": "",
            "insertions": 6,
            "deletions": 2
          },
          {
            "hash": "3a95d77a9a04fc7386c517846963ad7fc23577a4",
            "messageTitle": "Remove \"/\" from end of ContactUs.adoc",
            "messageBody": "",
            "insertions": 1,
            "deletions": 1
          },
          {
            "hash": "60d5bbc34267e435840c13827754d860eb3e34a7",
            "messageTitle": "add unit tests to subclasses of AndOrNode",
            "messageBody": "",
            "insertions": 184,
            "deletions": 0
          },
          {
            "hash": "74a543ef5d19f44bbdee8300e211e77339ef1d3a",
            "messageTitle": "test toString() in AndOrNode subclasses",
            "messageBody": "",
            "insertions": 29,
            "deletions": 6
          },
          {
            "hash": "f63325da669ad8ec33873e8744905491149553eb",
            "messageTitle": "fix checkstyle errors",
            "messageBody": "",
            "insertions": 9,
            "deletions": 3
          },
          {
            "hash": "2a9a02d0dd987b3a673e65e0dc7b41dddc7d440c",
            "messageTitle": "add unit test for abstract AndOrNode",
            "messageBody": "",
            "insertions": 32,
            "deletions": 0
          },
          {
            "hash": "b141cd133426270afc61c4f267b8b46432599584",
            "messageTitle": "add toTreeString test in AndOrNodeTest",
            "messageBody": "",
            "insertions": 25,
            "deletions": 0
          },
          {
            "hash": "984f9a62dbb4e2220cb8213d1f3c02eed53578a5",
            "messageTitle": "fix pmd errors",
            "messageBody": "",
            "insertions": 53,
            "deletions": 54
          },
          {
            "hash": "cf3ef3b278f1d46c655b1b5df8d225513cdd2ada",
            "messageTitle": "move field declaration to top of class",
            "messageBody": "",
            "insertions": 10,
            "deletions": 9
          }
        ]
      },
      {
        "insertions": 23,
        "deletions": 15,
        "date": "2019-10-02",
        "commitResults": [
          {
            "hash": "089b7979760b00fc1b8e47c5cdafe7dbe290ae9c",
            "messageTitle": "fix grammar and formatting errors in UserGuide.adoc",
            "messageBody": "",
            "insertions": 23,
            "deletions": 15
          }
        ]
      }
    ],
    "nishcafe": [
      {
        "insertions": 13,
        "deletions": 13,
        "date": "2019-09-27",
        "commitResults": [
          {
            "hash": "d06cdfe7ba158da21fe5af1843abe59e57cd1584",
            "messageTitle": "Update Developer Guide",
            "messageBody": "",
            "insertions": 13,
            "deletions": 13
          }
        ]
      }
    ]
  },
  "authorFinalContributionMap": {
    "marcfyk": 4700,
    "mrnewguy": 141,
    "gohsnn": 911,
    "ryanYtan": 2072,
    "nishcafe": 13
  },
  "authorFileTypeContributionMap": {
    "marcfyk": {
      "docs": 28,
      "tests": 2777,
      "functional": 1894,
      "other": 1
    },
    "mrnewguy": {
      "docs": 141,
      "tests": 0,
      "functional": 0
    },
    "gohsnn": {
      "docs": 54,
      "tests": 358,
      "functional": 499
    },
    "ryanYtan": {
      "docs": 524,
      "tests": 510,
      "functional": 1033,
      "other": 5
    },
    "nishcafe": {
      "docs": 13,
      "tests": 0,
      "functional": 0
    }
  },
  "authorContributionVariance": {
    "marcfyk": 495146.0,
    "mrnewguy": 860.60986,
    "gohsnn": 72963.305,
    "ryanYtan": 66184.586,
    "nishcafe": 19.297579
  },
  "authorDisplayNameMap": {
    "marcfyk": "CS2103T-T10-1 MARC  ... G KIT",
    "mrnewguy": "CS2103T-T10-1 TAN Y ... E KAI",
    "gohsnn": "CS2103T-T10-1 GOH S ...  NING",
    "ryanYtan": "CS2103T-T10-1 RYAN  ... AN YU",
    "nishcafe": "CS2103T-T10-1 ANISH ... OSEPH"
  }
}
