{
  "authorDailyContributionsMap": {
    "marcfyk": [
      {
        "insertions": 0,
        "deletions": 1,
        "date": "2019-09-15",
        "commitResults": [
          {
            "hash": "e66e1dc2635ac04e2a72e46cc683c813098a996f",
            "messageTitle": "Remove codacy badge from README (travis ci set up)",
            "messageBody": "",
            "insertions": 0,
            "deletions": 1
          }
        ]
      },
      {
        "insertions": 1962,
        "deletions": 1905,
        "date": "2019-09-19",
        "commitResults": [
          {
            "hash": "5d4720596180526378a94b198ed62333d5069316",
            "messageTitle": "Rename and repackage classes, interfaces and packages.",
            "messageBody": "Rename seedu.address to seedu.jarvis.\n\nRename all interfaces and classes to be more specific with identifier on what component the it is for.\n\nMove interfaces and classes specific to address component to address sub package.\n",
            "insertions": 1923,
            "deletions": 1879
          },
          {
            "hash": "b6b0f42d76a2fd0b34c1bcdcc5797d74ace1e4b0",
            "messageTitle": "Fix CodeStyle",
            "messageBody": "Fix lexicographical ordering of import statements and lines exceeding 120 characters.\n",
            "insertions": 39,
            "deletions": 26
          }
        ]
      },
      {
        "insertions": 9,
        "deletions": 16,
        "date": "2019-09-20",
        "commitResults": [
          {
            "hash": "946aecee55eb942b4b26ffcefff5298d97348e68",
            "messageTitle": "Repackage command tests and remove unnecessary imports",
            "messageBody": "Add nested package address inside test command package\n\nPlace all test for address command to new nested address package.\n",
            "insertions": 9,
            "deletions": 16
          }
        ]
      }
    ],
    "mrnewguy": [],
    "gohsnn": [],
    "ryanYtan": [],
    "nishcafe": []
  },
  "authorFinalContributionMap": {
    "marcfyk": 1928,
    "mrnewguy": 0,
    "gohsnn": 0,
    "ryanYtan": 0,
    "nishcafe": 0
  },
  "authorFileTypeContributionMap": {
    "marcfyk": {
      "java": 1901,
      "adoc": 24,
      "fxml": 2,
      "sh": 0,
      "bat": 0,
      "gradle": 1,
      "txt": 0
    },
    "mrnewguy": {
      "java": 0,
      "adoc": 0,
      "fxml": 0,
      "sh": 0,
      "bat": 0,
      "gradle": 0,
      "txt": 0
    },
    "gohsnn": {
      "java": 0,
      "adoc": 0,
      "fxml": 0,
      "sh": 0,
      "bat": 0,
      "gradle": 0,
      "txt": 0
    },
    "ryanYtan": {
      "java": 0,
      "adoc": 0,
      "fxml": 0,
      "sh": 0,
      "bat": 0,
      "gradle": 0,
      "txt": 0
    },
    "nishcafe": {
      "java": 0,
      "adoc": 0,
      "fxml": 0,
      "sh": 0,
      "bat": 0,
      "gradle": 0,
      "txt": 0
    }
  },
  "authorContributionVariance": {
    "marcfyk": 929596.9,
    "mrnewguy": 0.0,
    "gohsnn": 0.0,
    "ryanYtan": 0.0,
    "nishcafe": 0.0
  },
  "authorDisplayNameMap": {
    "marcfyk": "CS2103T-T10-1 MARC  ... G KIT",
    "mrnewguy": "CS2103T-T10-1 TAN Y ... E KAI",
    "gohsnn": "CS2103T-T10-1 GOH S ...  NING",
    "ryanYtan": "CS2103T-T10-1 RYAN  ... AN YU",
    "nishcafe": "CS2103T-T10-1 ANISH ... OSEPH"
  }
}
