{
  "authorDailyContributionsMap": {
    "marcfyk": [
      {
        "insertions": 0,
        "deletions": 1,
        "date": "2019-09-15",
        "commitResults": [
          {
            "hash": "e66e1dc2635ac04e2a72e46cc683c813098a996f",
            "messageTitle": "Remove codacy badge from README (travis ci set up)",
            "messageBody": "",
            "insertions": 0,
            "deletions": 1
          }
        ]
      },
      {
        "insertions": 1962,
        "deletions": 1905,
        "date": "2019-09-19",
        "commitResults": [
          {
            "hash": "5d4720596180526378a94b198ed62333d5069316",
            "messageTitle": "Rename and repackage classes, interfaces and packages.",
            "messageBody": "Rename seedu.address to seedu.jarvis.\n\nRename all interfaces and classes to be more specific with identifier on what component the it is for.\n\nMove interfaces and classes specific to address component to address sub package.\n",
            "insertions": 1923,
            "deletions": 1879
          },
          {
            "hash": "b6b0f42d76a2fd0b34c1bcdcc5797d74ace1e4b0",
            "messageTitle": "Fix CodeStyle",
            "messageBody": "Fix lexicographical ordering of import statements and lines exceeding 120 characters.\n",
            "insertions": 39,
            "deletions": 26
          }
        ]
      },
      {
        "insertions": 9,
        "deletions": 16,
        "date": "2019-09-20",
        "commitResults": [
          {
            "hash": "946aecee55eb942b4b26ffcefff5298d97348e68",
            "messageTitle": "Repackage command tests and remove unnecessary imports",
            "messageBody": "Add nested package address inside test command package\n\nPlace all test for address command to new nested address package.\n",
            "insertions": 9,
            "deletions": 16
          }
        ]
      },
      {
        "insertions": 914,
        "deletions": 17,
        "date": "2019-09-22",
        "commitResults": [
          {
            "hash": "dfe06374c2cfe7b10f4005874f28b481ec8912cc",
            "messageTitle": "Update Commands to support inverse execution.",
            "messageBody": "Update Command abstract class with new methods to check if a command supports inverse execution and to execute inversely if possible.\n\nAdd methods to CommandTestUtil to support testing with inverse execution for success or failure.\n\nAdd tests to all existing commands to ensure inverse execution is working successfully.\n",
            "insertions": 914,
            "deletions": 17
          }
        ]
      },
      {
        "insertions": 415,
        "deletions": 58,
        "date": "2019-09-24",
        "commitResults": [
          {
            "hash": "66239f6a5db7eec6f2a51ccf2cb414aa5cdc394a",
            "messageTitle": "Add CommandCache to store Commands.",
            "messageBody": "Add Command Cache Deque class as a deque data structure to store commands, which will facilitate storing commands in undo and redo operations.\n\nAdd DuplicateCommandException class.\n\nAdd tests for CommandCache to ensure that the operations are all accurate in their intended behaviour.\n",
            "insertions": 288,
            "deletions": 0
          },
          {
            "hash": "84da639a29db4c4bff1b1b9e1077b7034cfc26e7",
            "messageTitle": "Fix CommandCache Tests and rename default size limit field in CommandCache",
            "messageBody": "",
            "insertions": 5,
            "deletions": 5
          },
          {
            "hash": "4c7727876b0af3143ed7c0def9d7e60f75058bcf",
            "messageTitle": "Update Tests for Commands",
            "messageBody": "",
            "insertions": 56,
            "deletions": 47
          },
          {
            "hash": "5609a0d807fa1c424cc540716402ff7f36c67c02",
            "messageTitle": "Add methods to CommandCache",
            "messageBody": "Add method to CommandCache to clear all commands.\n\nAdd tests to test new CommandCache method.\n",
            "insertions": 35,
            "deletions": 6
          },
          {
            "hash": "28c2b7b6ec0e93f421c5edf25378b4f022a4e361",
            "messageTitle": "Add HistoryModel",
            "messageBody": "Add HistoryModel interface.\n",
            "insertions": 31,
            "deletions": 0
          }
        ]
      },
      {
        "insertions": 622,
        "deletions": 637,
        "date": "2019-09-26",
        "commitResults": [
          {
            "hash": "e0b7425514a3336c5ff08ea40e353a4d2ef9d504",
            "messageTitle": "Change CommandCache to CommandDeque for clarity",
            "messageBody": "",
            "insertions": 64,
            "deletions": 64
          },
          {
            "hash": "91c9fac8683f322fa5594af5e23b0c4a198a3d6c",
            "messageTitle": "Rename AddressModel to Model",
            "messageBody": "",
            "insertions": 473,
            "deletions": 510
          },
          {
            "hash": "0c73ae9227b064171686c6944d6fed741171a7e9",
            "messageTitle": "Fix import statements to adhere to checkstyle",
            "messageBody": "",
            "insertions": 11,
            "deletions": 5
          },
          {
            "hash": "345e1dd3c3445ef7cd122c841b419e254acde98f",
            "messageTitle": "Add more model interface for Model to extend to componentize behavior and logic.",
            "messageBody": "Add HistoryModel interface to contain methods to facilitate undo redo and history functionality.\n\nMove addressbook related methods in Model to AddressModel.\n",
            "insertions": 71,
            "deletions": 52
          },
          {
            "hash": "a43585e5aa4a0aeb6a608b06a38c418f5bf67995",
            "messageTitle": "Move predicate from Model to AddressModel",
            "messageBody": "",
            "insertions": 3,
            "deletions": 6
          }
        ]
      },
      {
        "insertions": 159,
        "deletions": 75,
        "date": "2019-09-27",
        "commitResults": [
          {
            "hash": "dd218296109c13d399dcb9c106d26cd4856c5c1d",
            "messageTitle": "Update badges and credited AB3 in README",
            "messageBody": "",
            "insertions": 6,
            "deletions": 9
          },
          {
            "hash": "d01692564bbb457d95b871e25fe45022295aa3aa",
            "messageTitle": "Add target audience and marketing statement to README",
            "messageBody": "",
            "insertions": 8,
            "deletions": 0
          },
          {
            "hash": "b13a27ec10bc63e52d445fbc11f3e659327c8c1c",
            "messageTitle": "Add target audience and marketing statement to README",
            "messageBody": "",
            "insertions": 3,
            "deletions": 6
          },
          {
            "hash": "11d5bb1f5f822feaaa075a3ef31b6a054ec5ccde",
            "messageTitle": "Add target audience and marketing statement to README",
            "messageBody": "",
            "insertions": 1,
            "deletions": 1
          },
          {
            "hash": "acdf2fc4995c95511195137decf900b2d2213744",
            "messageTitle": "Add target audience and marketing statement to README",
            "messageBody": "",
            "insertions": 1,
            "deletions": 1
          },
          {
            "hash": "ac433d25f0145ed5278d0097a2381fc5ccf55a11",
            "messageTitle": "Add CommandDeque methods",
            "messageBody": "Add method to delete latest command in CommandDeque.\n\nAdd tests for new CommandDeque method.\n\nAdd new CommandNotFoundException.\n\nAdd HistoryBook to wrap all history related data.\n",
            "insertions": 126,
            "deletions": 40
          },
          {
            "hash": "49b50fe7ad0aa3e58fd856c8e8974eebfd856388",
            "messageTitle": "Add overloaded constructor for CommandDeque to take in custom size limit",
            "messageBody": "",
            "insertions": 14,
            "deletions": 0
          },
          {
            "hash": "209e3eed8574e83dcc7b4a44d661d27e9e91d3db",
            "messageTitle": "Remove HistoryBook",
            "messageBody": "",
            "insertions": 0,
            "deletions": 18
          }
        ]
      },
      {
        "insertions": 645,
        "deletions": 11,
        "date": "2019-09-28",
        "commitResults": [
          {
            "hash": "c91828d3bc6862b659f2f140c4d8345392f906c2",
            "messageTitle": "Add VersionControl and integrate with LogicManager",
            "messageBody": "Add VersionControl to manage executed and inversely executed commands in the application.\n\nIntegrate VersionControl to LogicManager to add invertible commands to VersionControl.\n\nAdd tests for VersionControl to test its behaviour.\n",
            "insertions": 404,
            "deletions": 11
          },
          {
            "hash": "8a0480613c1fd220bda00f002e2be050e8f3285e",
            "messageTitle": "Add UndoCommand",
            "messageBody": "Add UndoCommand to for undo functionality.\n\nAdd tests for UndoCommand\u0027s behaviour.\n",
            "insertions": 241,
            "deletions": 0
          }
        ]
      },
      {
        "insertions": 821,
        "deletions": 62,
        "date": "2019-09-29",
        "commitResults": [
          {
            "hash": "bc459221d14f8c2b6cdf17c5f277c91f4bbc3218",
            "messageTitle": "Move all address commands\u0027 parser tests classes to address sub-package",
            "messageBody": "",
            "insertions": 4,
            "deletions": 8
          },
          {
            "hash": "19c2a57deb93e32ae2569972f46d6c3a8a1e1c15",
            "messageTitle": "Add method to VersionControl",
            "messageBody": "Add method in VersionControl to get the total number of available commands that can be undone.\n",
            "insertions": 8,
            "deletions": 0
          },
          {
            "hash": "597c69d7ad340d2066874105ac68e740fbeb54f4",
            "messageTitle": "Change UndoCommand",
            "messageBody": "Override equals method to allow for comparisons.\n\nUpdate MESSAGE_USAGE.\n",
            "insertions": 17,
            "deletions": 1
          },
          {
            "hash": "95cd5d5c1d709d3cdd07594e3517024d619e5379",
            "messageTitle": "Modify syncVersionControl",
            "messageBody": "",
            "insertions": 7,
            "deletions": 3
          },
          {
            "hash": "3ee2c5e31fe7eb4daa5c68b74c11b5566bfec41f",
            "messageTitle": "Add UndoCommandParser",
            "messageBody": "Add prefix for undo commands.\n\nAdd UndoCommandParser to parse undo commands.\n\nAdd tests to check behaviour for UndoCommandParser.\n",
            "insertions": 164,
            "deletions": 0
          },
          {
            "hash": "77eb5e972ca0cd5e31c2c36fb3643f2030989a58",
            "messageTitle": "Integrate Undo Command into JarvisParser",
            "messageBody": "Included undo commands into JarvisParser.\n\nAdd tests to ensure JarvisParser parses undo commands correctly.\n",
            "insertions": 22,
            "deletions": 0
          },
          {
            "hash": "db31a09fe3dcb3df94ae0ef44a0313997aca8a30",
            "messageTitle": "Add more test for UndoCommandParser",
            "messageBody": "",
            "insertions": 12,
            "deletions": 4
          },
          {
            "hash": "d6ceee774017b676d97422a2a1fb9745fbd4e6e0",
            "messageTitle": "Add RedoCommand",
            "messageBody": "",
            "insertions": 167,
            "deletions": 21
          },
          {
            "hash": "e0230b565f30c56fd84a6407f646c3d811ea5987",
            "messageTitle": "Add tests for RedoCommand",
            "messageBody": "",
            "insertions": 138,
            "deletions": 2
          },
          {
            "hash": "4948bfe0fe7ed8f73fddf7693684b569630ca050",
            "messageTitle": "Add RedoCommandParser",
            "messageBody": "",
            "insertions": 53,
            "deletions": 2
          },
          {
            "hash": "9bf407afdc6ee4a8cddeb7bc116ef4dce9737d48",
            "messageTitle": "Add tests for RedoCommandParser",
            "messageBody": "",
            "insertions": 179,
            "deletions": 13
          },
          {
            "hash": "4d6f015e9e032ef16e2d4bb2cf5fdaf36cc89b15",
            "messageTitle": "Update tests for CommandDeque using command stubs",
            "messageBody": "",
            "insertions": 29,
            "deletions": 8
          },
          {
            "hash": "3055023b8a1a556a0d8ddb075e0db0c548de1ccb",
            "messageTitle": "Integrate RedoCommand to Application and add tests to for parsing redo commands",
            "messageBody": "",
            "insertions": 21,
            "deletions": 0
          }
        ]
      },
      {
        "insertions": 1,
        "deletions": 8,
        "date": "2019-09-30",
        "commitResults": [
          {
            "hash": "7b0cedbe79c6a396bc8eb6338cc93b148d4f644a",
            "messageTitle": "Remove HistoryModel",
            "messageBody": "",
            "insertions": 1,
            "deletions": 8
          }
        ]
      },
      {
        "insertions": 13,
        "deletions": 13,
        "date": "2019-10-01",
        "commitResults": [
          {
            "hash": "1be1ac1da7b73aadf3c26f35a3bbb521138fe5d0",
            "messageTitle": "Added Codacy and Gitter badge to README",
            "messageBody": "",
            "insertions": 2,
            "deletions": 0
          },
          {
            "hash": "d74a9029ca520934c4bee1cca4b6e412843fe23c",
            "messageTitle": "Update Codacy badge",
            "messageBody": "",
            "insertions": 1,
            "deletions": 1
          },
          {
            "hash": "2f5a9c90ce14ae87aa90fb88d27824c63053d4e1",
            "messageTitle": "Update Gitter badge",
            "messageBody": "",
            "insertions": 1,
            "deletions": 1
          },
          {
            "hash": "c18834354fe1fe0ffda72d18b4b9c8f1920a32c6",
            "messageTitle": "Update Appveyor badge",
            "messageBody": "",
            "insertions": 1,
            "deletions": 1
          },
          {
            "hash": "6f321aadc091862aa0abe367256718f055bd1c7c",
            "messageTitle": "Update Gitter badge",
            "messageBody": "",
            "insertions": 1,
            "deletions": 1
          },
          {
            "hash": "f74cb4435121660a4af34f0fb9b7db320aae1e44",
            "messageTitle": "Update Appveyor badge",
            "messageBody": "",
            "insertions": 1,
            "deletions": 1
          },
          {
            "hash": "51ab2e7a751b91fb0c1a2643aa85f9543c9c5157",
            "messageTitle": "Remove unnecessary lines",
            "messageBody": "",
            "insertions": 0,
            "deletions": 2
          },
          {
            "hash": "deab809360eedb6c541def6d0582cfae70df8975",
            "messageTitle": "Update Coveralls badge",
            "messageBody": "",
            "insertions": 2,
            "deletions": 2
          },
          {
            "hash": "87392dcc41e494751148809d3858d8d41c1e2758",
            "messageTitle": "Update Gitter badge",
            "messageBody": "",
            "insertions": 1,
            "deletions": 1
          },
          {
            "hash": "1816bf6f99929fa5eea792340fbdcdb4031b0ff2",
            "messageTitle": "Update Gitter badge",
            "messageBody": "",
            "insertions": 1,
            "deletions": 1
          },
          {
            "hash": "13aad3518639c163e49eae94351d30d77fc4502d",
            "messageTitle": "Update Coveralls badge",
            "messageBody": "",
            "insertions": 1,
            "deletions": 1
          },
          {
            "hash": "a695ab49689fc66337dc8c271994bf2a6a419706",
            "messageTitle": "Update Coveralls badge",
            "messageBody": "",
            "insertions": 1,
            "deletions": 1
          }
        ]
      },
      {
        "insertions": 3,
        "deletions": 3,
        "date": "2019-10-02",
        "commitResults": [
          {
            "hash": "24556c340d9287e284347e753853f5c75cc00cd5",
            "messageTitle": "Fix photo links",
            "messageBody": "",
            "insertions": 2,
            "deletions": 2
          },
          {
            "hash": "18164ea2dbbabbebd1cdfcd59e38ca87bb6f456c",
            "messageTitle": "Remove whitespace",
            "messageBody": "",
            "insertions": 1,
            "deletions": 1
          }
        ]
      },
      {
        "insertions": 2388,
        "deletions": 1537,
        "date": "2019-10-10",
        "commitResults": [
          {
            "hash": "dd8ddc9e5935ba2108edcd42b72e3bf76b6b8e17",
            "messageTitle": "Changed how application stores commands for undo and redo",
            "messageBody": "Application was storing commands for undo and redo in a Singleton class called VersionControl, which was updated in LogicManager after each invertible command execution, and was used to facilitate undo and redo commands in their execution. Undo and redo commands also failed silently when not being able to fully undo or redo their given number of iterations.\n\nThe use of a singleton introduced unecessary dependency and the silent failure of undo and redo commands were not as user friendly as it seems.\n\nLets change the way commands are stored with a HistoryManager that will be in ModelManager. History related methods for ModelManager to implement is defined in HistoryModel which is extended by Model. There is less dependency between LogicManager, UndoCommand, RedoCommand and ModelManager. Undo and Redo Commands are now atomic in nature, where they do not fail silently anymore and will not make partial changes, it will either be fully successful or fail completely.  \"all\" argument removed from undo and redo as it is not useful for user. History range is now set to 20 commands.\n",
            "insertions": 1935,
            "deletions": 1254
          },
          {
            "hash": "08ee88bf50dae6c90dddebf4845e0511979bfe8c",
            "messageTitle": "Update UserGuide to reflect latest changes and details of undo and redo",
            "messageBody": "",
            "insertions": 20,
            "deletions": 6
          },
          {
            "hash": "e24f5b7fe433b58748b4a9dcfcfe8cce4f7946fc",
            "messageTitle": "Rename AddressStorageManager to StorageManager",
            "messageBody": "",
            "insertions": 18,
            "deletions": 18
          },
          {
            "hash": "a349f5fe7bcc319969426f3a38ed4f0faae8f97b",
            "messageTitle": "Remove redundant overrides in Storage",
            "messageBody": "",
            "insertions": 2,
            "deletions": 28
          },
          {
            "hash": "15e4b9505359e3e1cd5464087f28634e10828f16",
            "messageTitle": "Update Model and Storage interfaces",
            "messageBody": "",
            "insertions": 4,
            "deletions": 1
          },
          {
            "hash": "5a541d3336bd46292583240ecc81d3da0a8bcae9",
            "messageTitle": "Add history package to hold history related classes",
            "messageBody": "",
            "insertions": 155,
            "deletions": 138
          },
          {
            "hash": "cde10ce7e561fbf30a8ca8a14c2a20b012214b2e",
            "messageTitle": "Re-package files into logical features",
            "messageBody": "",
            "insertions": 111,
            "deletions": 91
          },
          {
            "hash": "9c13f4f1a98e751079099ca97812c2f6d495653a",
            "messageTitle": "Add HistoryManagerStorage interface and skeleton of JsonHistoryManagerStorage",
            "messageBody": "",
            "insertions": 143,
            "deletions": 1
          }
        ]
      },
      {
        "insertions": 223,
        "deletions": 46,
        "date": "2019-10-11",
        "commitResults": [
          {
            "hash": "6ddf4adcecc5d50db0c1328465800e9915e82fcb",
            "messageTitle": "Add JsonAdapted Commands",
            "messageBody": "",
            "insertions": 223,
            "deletions": 46
          }
        ]
      },
      {
        "insertions": 178,
        "deletions": 54,
        "date": "2019-10-12",
        "commitResults": [
          {
            "hash": "fcbbd6d05e5e496271fb259fda200056d3e7cf5c",
            "messageTitle": "Update AddressBook#resetData(AddressBook)",
            "messageBody": "Updates predicate to PREDICATE_SHOW_ALL_PERSONS when resetting data to a certain AddressBook\n",
            "insertions": 1,
            "deletions": 0
          },
          {
            "hash": "25b67207224e9415fce82db09ddef5bfb366eebc",
            "messageTitle": "Update AddressBook to use default predicate for filteredPersons",
            "messageBody": "",
            "insertions": 1,
            "deletions": 2
          },
          {
            "hash": "e0d7d9e252440600fd9d70e6a9afe7e61bd38381",
            "messageTitle": "Update checking for null for JsonHistoryManagerStorage",
            "messageBody": "",
            "insertions": 2,
            "deletions": 2
          },
          {
            "hash": "a560e233a474628fba5a7e5c94c7ef08737450fb",
            "messageTitle": "Add new JsonAdaptedCommands",
            "messageBody": "",
            "insertions": 69,
            "deletions": 0
          },
          {
            "hash": "99da526b3d22cb5734bc742c9677a851168d9660",
            "messageTitle": "Repackage addressbook util files into address package",
            "messageBody": "",
            "insertions": 63,
            "deletions": 50
          },
          {
            "hash": "87b31484f628fb449f0da7afd1d6ed8c8e74fb83",
            "messageTitle": "Add TypicalCommands",
            "messageBody": "",
            "insertions": 42,
            "deletions": 0
          }
        ]
      },
      {
        "insertions": 141,
        "deletions": 19,
        "date": "2019-10-13",
        "commitResults": [
          {
            "hash": "f95af8f8df4f8fa79edbc1190e6c8acc490f817a",
            "messageTitle": "Update storage on HistoryManager",
            "messageBody": "",
            "insertions": 141,
            "deletions": 19
          }
        ]
      },
      {
        "insertions": 741,
        "deletions": 90,
        "date": "2019-10-15",
        "commitResults": [
          {
            "hash": "8520c961a5f56133d5f913b940eff0a68ed0308f",
            "messageTitle": "Add JsonAdaptedCommand",
            "messageBody": "",
            "insertions": 276,
            "deletions": 46
          },
          {
            "hash": "5ca2bbae7958c642d69a0a0f0d0dc81e0b7ad6cd",
            "messageTitle": "Implement getId for commands",
            "messageBody": "",
            "insertions": 20,
            "deletions": 0
          },
          {
            "hash": "ff0d394dbf0fda0460e3bcf2c4c8f3511eb9134a",
            "messageTitle": "Update tests to override new methods in CommandStubs",
            "messageBody": "",
            "insertions": 30,
            "deletions": 6
          },
          {
            "hash": "b8fd097fca2126d5ad9e064a8fa966248ac6ddc7",
            "messageTitle": "Fix JsonAdaptedClearAddressCommand for Json Property",
            "messageBody": "",
            "insertions": 4,
            "deletions": 3
          },
          {
            "hash": "c64dbdeedefde2dad53a11d31e038420971769c8",
            "messageTitle": "Add JsonAdaptedIndex and tests",
            "messageBody": "",
            "insertions": 160,
            "deletions": 0
          },
          {
            "hash": "faa98f63d84a81cb1a76261acc71a17de8955cf3",
            "messageTitle": "Edit tests",
            "messageBody": "",
            "insertions": 39,
            "deletions": 7
          },
          {
            "hash": "ef8252229e29ac189c467f9b90b33b0c30ee8d27",
            "messageTitle": "Add test for JsonAdaptedCommands",
            "messageBody": "",
            "insertions": 73,
            "deletions": 26
          },
          {
            "hash": "7e5ae9388ae837bdea55b8ed436126dd85d9a3ee",
            "messageTitle": "Implement new method for commands from abstract class",
            "messageBody": "",
            "insertions": 41,
            "deletions": 1
          },
          {
            "hash": "76601c1471304fedbdf89ed6e67c1266ee115945",
            "messageTitle": "Add JsonAdaptedEditPersonDescriptor",
            "messageBody": "",
            "insertions": 98,
            "deletions": 1
          }
        ]
      },
      {
        "insertions": 413,
        "deletions": 79,
        "date": "2019-10-16",
        "commitResults": [
          {
            "hash": "577f4cbb7af59cdc60ccf414861cc5587ce02a2c",
            "messageTitle": "Add test for JsonAdaptedEditPersonDescriptor",
            "messageBody": "",
            "insertions": 34,
            "deletions": 0
          },
          {
            "hash": "95bf6aabfcbea43d1d8e8a259834fcf9a6516c18",
            "messageTitle": "Add JsonAdaptedDeleteAddressCommand",
            "messageBody": "",
            "insertions": 141,
            "deletions": 14
          },
          {
            "hash": "e4168bfc0ca6e006e60c42770513485e2d9e4ed6",
            "messageTitle": "Used Optionals for DeleteAddressCommand",
            "messageBody": "Wrapped potentially null values into Optionals for deleteAddressCommand to be used by JsonAdaptedDeleteAddressCommand\n",
            "insertions": 21,
            "deletions": 17
          },
          {
            "hash": "47f6017054a80ca893e3b871d6d28e179493d4cf",
            "messageTitle": "Use Optionals in EditAddressCommand for potential null values",
            "messageBody": "",
            "insertions": 9,
            "deletions": 12
          },
          {
            "hash": "44859ca31d71bec4571c8bb93827976ae9f56012",
            "messageTitle": "Add tests for JsonAdaptedEditAddressCommand",
            "messageBody": "",
            "insertions": 80,
            "deletions": 16
          },
          {
            "hash": "bff54987da9f8d7c45cde796a120ed5e9a40d263",
            "messageTitle": "Add subtype to JsonAdaptedCommand for jackson to identify JsonAdaptedEditAddressCommand",
            "messageBody": "",
            "insertions": 3,
            "deletions": 1
          },
          {
            "hash": "d935ed541a8668e4f9e2373b100574719ad106a8",
            "messageTitle": "Update JsonHistoryManager",
            "messageBody": "",
            "insertions": 28,
            "deletions": 9
          },
          {
            "hash": "0189590ef076faedc63b4799353d2a416c5b5995",
            "messageTitle": "Add some test for JsonHistoryManagerStorage",
            "messageBody": "",
            "insertions": 84,
            "deletions": 10
          },
          {
            "hash": "5c2fd315b3b4d3f6c482dce05ed33f0a30d56321",
            "messageTitle": "Update tests for JsonHistoryManagerStorage",
            "messageBody": "",
            "insertions": 13,
            "deletions": 0
          }
        ]
      },
      {
        "insertions": 14,
        "deletions": 2,
        "date": "2019-10-17",
        "commitResults": [
          {
            "hash": "0b813bf6fd795fc1c903fd624822023ee516838d",
            "messageTitle": "Update tests for JsonHistoryManagerStorage",
            "messageBody": "",
            "insertions": 9,
            "deletions": 0
          },
          {
            "hash": "8eaeea361c5d4f055db8543ee2218ae26c869961",
            "messageTitle": "Repackage ui files",
            "messageBody": "",
            "insertions": 5,
            "deletions": 2
          }
        ]
      }
    ],
    "mrnewguy": [
      {
        "insertions": 2,
        "deletions": 74,
        "date": "2019-09-27",
        "commitResults": [
          {
            "hash": "af150d18f162d1d63e1b42c9e955258ef5fb4d14",
            "messageTitle": "edit contactus",
            "messageBody": "",
            "insertions": 2,
            "deletions": 74
          }
        ]
      },
      {
        "insertions": 75,
        "deletions": 24,
        "date": "2019-10-01",
        "commitResults": [
          {
            "hash": "7d69b459f133472e3a2e7d7e0543edb7c8e98405",
            "messageTitle": "add details to individual portfolio page",
            "messageBody": "",
            "insertions": 75,
            "deletions": 24
          }
        ]
      },
      {
        "insertions": 133,
        "deletions": 25,
        "date": "2019-10-02",
        "commitResults": [
          {
            "hash": "566b9f0b0f9813c54fe93b2dc8c779cd90e5d38c",
            "messageTitle": "edit responsibility of @mrnewguy",
            "messageBody": "",
            "insertions": 1,
            "deletions": 1
          },
          {
            "hash": "8a3c97d9d856c27622a8f943a0b0793bd9c059bf",
            "messageTitle": "add newline to individual team portfolio pages",
            "messageBody": "",
            "insertions": 4,
            "deletions": 4
          },
          {
            "hash": "0b2fe644874bb2e2058f8934ff2d63c32dde5386",
            "messageTitle": "remove references to stylesheet and image dir",
            "messageBody": "",
            "insertions": 5,
            "deletions": 10
          },
          {
            "hash": "9c673ead7ea122ebed39c900ed835569d9ea8778",
            "messageTitle": "edit references to stylesheet",
            "messageBody": "",
            "insertions": 5,
            "deletions": 5
          },
          {
            "hash": "c09a634eb50f729f74643e54aee076e15458abd3",
            "messageTitle": "edit references to stylesheet",
            "messageBody": "",
            "insertions": 10,
            "deletions": 5
          },
          {
            "hash": "8e695154c64a770fde6f2b7d5ca08e1c48049960",
            "messageTitle": "add AddCcaCommand",
            "messageBody": "",
            "insertions": 30,
            "deletions": 0
          },
          {
            "hash": "20108787140f634cd9ec7efd201231470662ae66",
            "messageTitle": "add cca tracker feature to user guide",
            "messageBody": "",
            "insertions": 78,
            "deletions": 0
          }
        ]
      },
      {
        "insertions": 254,
        "deletions": 1,
        "date": "2019-10-08",
        "commitResults": [
          {
            "hash": "2004e8473a92d97d282ecce47f8f4eff4ec3154f",
            "messageTitle": "add tests and model for cca class",
            "messageBody": "",
            "insertions": 254,
            "deletions": 1
          }
        ]
      },
      {
        "insertions": 606,
        "deletions": 47,
        "date": "2019-10-10",
        "commitResults": [
          {
            "hash": "997643bb152db721905d2c9fd4f5021c5b3220e2",
            "messageTitle": "Add CCA classes to the Model component",
            "messageBody": "",
            "insertions": 362,
            "deletions": 9
          },
          {
            "hash": "268e225cdac8c80a0be0f85a5f76db8ae0641a3e",
            "messageTitle": "Add exceptions for CCA tracker classes",
            "messageBody": "",
            "insertions": 36,
            "deletions": 0
          },
          {
            "hash": "f782d9e02d087505d958f5ec48a1f44a99a3196c",
            "messageTitle": "Add testing for Cca classes",
            "messageBody": "",
            "insertions": 208,
            "deletions": 8
          },
          {
            "hash": "ca058f37f8c006c5d8f7499e3c9178b72c9ba9ba",
            "messageTitle": "Delete AddCcaCommand",
            "messageBody": "",
            "insertions": 0,
            "deletions": 26
          },
          {
            "hash": "fbd4b8b2d05dd559c2e2aca22c55599442d23d82",
            "messageTitle": "Remove references to CcaCommand",
            "messageBody": "",
            "insertions": 0,
            "deletions": 4
          }
        ]
      },
      {
        "insertions": 130,
        "deletions": 5,
        "date": "2019-10-12",
        "commitResults": [
          {
            "hash": "c2867836d47050eda0414284a88d134672e8407c",
            "messageTitle": "Edit addEquipment method to remove the boolean negation",
            "messageBody": "",
            "insertions": 1,
            "deletions": 1
          },
          {
            "hash": "9def13f910276f9d663b8c6f116c9d12fd5ade13",
            "messageTitle": "Add CcaTracker and CcaTrackerModel class",
            "messageBody": "",
            "insertions": 104,
            "deletions": 0
          },
          {
            "hash": "6b2a26b8f3c45b7edeb3ebbe7c3962efada3e005",
            "messageTitle": "Added more tests to CcaListTest and EquipmentListTest",
            "messageBody": "",
            "insertions": 8,
            "deletions": 1
          },
          {
            "hash": "38f9463cd53152f224439791c2ddde1322918958",
            "messageTitle": "Add tests for CcaTracker class",
            "messageBody": "",
            "insertions": 16,
            "deletions": 0
          },
          {
            "hash": "4b749221cfa9b6e19899dec246a631359f9e7144",
            "messageTitle": "Moved CcaTrackerModel to the cca folder",
            "messageBody": "",
            "insertions": 1,
            "deletions": 3
          }
        ]
      },
      {
        "insertions": 659,
        "deletions": 191,
        "date": "2019-10-14",
        "commitResults": [
          {
            "hash": "5dcd3fc126a2655755dbaad16baf6ee427b9f1f6",
            "messageTitle": "Add add-cca command.",
            "messageBody": "",
            "insertions": 589,
            "deletions": 115
          },
          {
            "hash": "95d2212cfc9b2437934580fecf86c24a161d87fc",
            "messageTitle": "Remove star import from ccatest.",
            "messageBody": "",
            "insertions": 2,
            "deletions": 1
          },
          {
            "hash": "fd054531470de694ee88e7f94635c1fe7d841c79",
            "messageTitle": "Resolve merge issues - mostly involving ModelManager constructor.",
            "messageBody": "",
            "insertions": 31,
            "deletions": 38
          },
          {
            "hash": "809c2ee0f8f1acf1e7b875faa2477ed3f69548ff",
            "messageTitle": "Removed failing isEqual_validInput_true test from EventTest.",
            "messageBody": "",
            "insertions": 14,
            "deletions": 14
          },
          {
            "hash": "8693042b5b2ff085dfd14e5efc54b053cf697ed7",
            "messageTitle": "Indent commented-method by 4 space.",
            "messageBody": "",
            "insertions": 14,
            "deletions": 14
          },
          {
            "hash": "ba3954fee08cf64733228018bdee79ac53474413",
            "messageTitle": "Commented out failing test.",
            "messageBody": "",
            "insertions": 9,
            "deletions": 9
          }
        ]
      },
      {
        "insertions": 399,
        "deletions": 3,
        "date": "2019-10-15",
        "commitResults": [
          {
            "hash": "1f8440413371ec258e5260a37c4890a9d855986d",
            "messageTitle": "Add AddCcaCommandTest",
            "messageBody": "",
            "insertions": 399,
            "deletions": 3
          }
        ]
      },
      {
        "insertions": 199,
        "deletions": 24,
        "date": "2019-10-16",
        "commitResults": [
          {
            "hash": "b4d72ee1760d5a1f02364561871dfca4cb567456",
            "messageTitle": "Include Cca cli syntax in CliSyntax.java",
            "messageBody": "",
            "insertions": 8,
            "deletions": 14
          },
          {
            "hash": "163ddfc056bc7bcd1a934fd487568eee5a036c3d",
            "messageTitle": "Add AddCcaCommandParserTest",
            "messageBody": "",
            "insertions": 191,
            "deletions": 10
          }
        ]
      },
      {
        "insertions": 569,
        "deletions": 8,
        "date": "2019-10-17",
        "commitResults": [
          {
            "hash": "d55c629d946e4834a85aec0af7e19471c61f293e",
            "messageTitle": "Add delete cca command.",
            "messageBody": "",
            "insertions": 569,
            "deletions": 8
          }
        ]
      }
    ],
    "gohsnn": [
      {
        "insertions": 54,
        "deletions": 17,
        "date": "2019-09-27",
        "commitResults": [
          {
            "hash": "aab152ad02ec4f64edd5e5e9b046703f1b8fb98c",
            "messageTitle": "Add use cases to Developer\u0027s Guide",
            "messageBody": "",
            "insertions": 48,
            "deletions": 11
          },
          {
            "hash": "c6dd4265e1050c17b1609d1685ef0d24477a1003",
            "messageTitle": "Add NFR and glossary to Developer\u0027s Guide",
            "messageBody": "",
            "insertions": 6,
            "deletions": 6
          }
        ]
      },
      {
        "insertions": 411,
        "deletions": 0,
        "date": "2019-09-28",
        "commitResults": [
          {
            "hash": "12a01f361ceca372c532c2e109fc8c3c08a63445",
            "messageTitle": "Add classes to track payments, debts and instalments",
            "messageBody": "",
            "insertions": 411,
            "deletions": 0
          }
        ]
      },
      {
        "insertions": 18,
        "deletions": 38,
        "date": "2019-10-02",
        "commitResults": [
          {
            "hash": "21da2fdf16ff10f69fbbf15f7fd297784fc67766",
            "messageTitle": "Add inheritance to Purchase class",
            "messageBody": "",
            "insertions": 18,
            "deletions": 38
          }
        ]
      },
      {
        "insertions": 323,
        "deletions": 27,
        "date": "2019-10-06",
        "commitResults": [
          {
            "hash": "b0d306f9d8b6e65d784704af388e12e6f1702e5a",
            "messageTitle": "Add FinanceTrackerModel interface",
            "messageBody": "",
            "insertions": 122,
            "deletions": 17
          },
          {
            "hash": "44f9ec1322ea06c7172eb6d7a84c8fa80e1160ca",
            "messageTitle": "Add FinanceTracker class",
            "messageBody": "",
            "insertions": 201,
            "deletions": 10
          }
        ]
      },
      {
        "insertions": 839,
        "deletions": 395,
        "date": "2019-10-07",
        "commitResults": [
          {
            "hash": "73acc53a513c85545d1ba1de80ffc43a0923d1d3",
            "messageTitle": "Add tests for InstalmentList and PurchaseList",
            "messageBody": "",
            "insertions": 165,
            "deletions": 33
          },
          {
            "hash": "d74cdb6f2261291bc2aa7c709841c4a3b78294f2",
            "messageTitle": "Add JUnit testing for Purchase, Instalment, PurchaseList and Instalmentlist classes",
            "messageBody": "",
            "insertions": 181,
            "deletions": 36
          },
          {
            "hash": "4256f1c1286d690de88747b22e1717bf764424a9",
            "messageTitle": "Add more testing for FinanceTracker classes of instalment and purchase functionality",
            "messageBody": "",
            "insertions": 401,
            "deletions": 129
          },
          {
            "hash": "ec38b0e4fca61376c9d2ad3816fbfde21bbcc5e4",
            "messageTitle": "Edit checkstyle for test classes",
            "messageBody": "",
            "insertions": 92,
            "deletions": 197
          }
        ]
      },
      {
        "insertions": 83,
        "deletions": 234,
        "date": "2019-10-08",
        "commitResults": [
          {
            "hash": "15bb348b5493cc67d55918fdeeca3dd8da473951",
            "messageTitle": "Remove main methods for test classes",
            "messageBody": "",
            "insertions": 0,
            "deletions": 64
          },
          {
            "hash": "ee3136bb8bd80b3601db71313d1db8b4ab8ff10e",
            "messageTitle": "Edit tests to reset objects used in each test method",
            "messageBody": "",
            "insertions": 82,
            "deletions": 169
          },
          {
            "hash": "fbeb0fe9fbfd9f980f527898d7caf00c4cab6d65",
            "messageTitle": "Remove error causing bug",
            "messageBody": "",
            "insertions": 1,
            "deletions": 1
          }
        ]
      },
      {
        "insertions": 411,
        "deletions": 535,
        "date": "2019-10-09",
        "commitResults": [
          {
            "hash": "c41ae2840f210c5b8129717e2309c42564be9aff",
            "messageTitle": "Standardize spelling for installment",
            "messageBody": "",
            "insertions": 178,
            "deletions": 204
          },
          {
            "hash": "ea8a23393447d909a72708817be900f6272f3882",
            "messageTitle": "Edit according to peer reviews from PR",
            "messageBody": "",
            "insertions": 233,
            "deletions": 331
          }
        ]
      },
      {
        "insertions": 564,
        "deletions": 84,
        "date": "2019-10-10",
        "commitResults": [
          {
            "hash": "4b461c5ca35ab4da35aa3344b89dd4b05dde3a9f",
            "messageTitle": "Integrate FinanceTracker into ModelManager",
            "messageBody": "",
            "insertions": 564,
            "deletions": 84
          }
        ]
      },
      {
        "insertions": 226,
        "deletions": 99,
        "date": "2019-10-12",
        "commitResults": [
          {
            "hash": "dcd2030562eaf6092a8d5801ae270fc54993bde0",
            "messageTitle": "Add commands for adding and deleting purchases",
            "messageBody": "",
            "insertions": 226,
            "deletions": 99
          }
        ]
      },
      {
        "insertions": 1473,
        "deletions": 58,
        "date": "2019-10-13",
        "commitResults": [
          {
            "hash": "77ff49885a4a257b7e07a5c345c392fea6578371",
            "messageTitle": "Add tests for PaidCommand",
            "messageBody": "",
            "insertions": 692,
            "deletions": 18
          },
          {
            "hash": "8321420e2137c884af902c9f4fa8efb269591e67",
            "messageTitle": "Add tests for SetInstallmentCommand",
            "messageBody": "",
            "insertions": 438,
            "deletions": 13
          },
          {
            "hash": "3c032191d268c67f64b3ee9c7a598fae5a5f6c00",
            "messageTitle": "Create parser for SetInstallmentCommand",
            "messageBody": "",
            "insertions": 81,
            "deletions": 0
          },
          {
            "hash": "f6dfe8ab10ed1e32e827a4e229f5a49ad86450ab",
            "messageTitle": "Add tests for SetInstallmentCommandParser",
            "messageBody": "",
            "insertions": 64,
            "deletions": 0
          },
          {
            "hash": "25974253180833924f697748e1f45e2a83e648ae",
            "messageTitle": "Create parser for RemoveInstallmentCommand and include tests",
            "messageBody": "",
            "insertions": 56,
            "deletions": 1
          },
          {
            "hash": "f5508e061f532abe7b30b557464f66fa70e43841",
            "messageTitle": "Add tests for RemoveInstallmentCommand",
            "messageBody": "",
            "insertions": 142,
            "deletions": 26
          }
        ]
      },
      {
        "insertions": 352,
        "deletions": 85,
        "date": "2019-10-14",
        "commitResults": [
          {
            "hash": "4d19309c0d05ea4288e2df350f8be4b21c134ed3",
            "messageTitle": "Add encapsulation for fields in Installment",
            "messageBody": "",
            "insertions": 352,
            "deletions": 85
          }
        ]
      },
      {
        "insertions": 20,
        "deletions": 8,
        "date": "2019-10-15",
        "commitResults": [
          {
            "hash": "4c064ace7bb8ba75e007c185521cdafa815687a9",
            "messageTitle": "Resolve merge conflicts with upstream",
            "messageBody": "",
            "insertions": 3,
            "deletions": 2
          },
          {
            "hash": "6e182aafb391819743d36b19f3c4fbf0cdbb70b8",
            "messageTitle": "Fix spelling errors",
            "messageBody": "",
            "insertions": 3,
            "deletions": 3
          },
          {
            "hash": "562a164f046772e8cf154f8cc5025f07c56ef59a",
            "messageTitle": "Integrate commands into JarvisParser",
            "messageBody": "",
            "insertions": 13,
            "deletions": 2
          },
          {
            "hash": "2a8232e7e289e7be44a5080cf1ee89d68c796b12",
            "messageTitle": "Remove unused imports",
            "messageBody": "",
            "insertions": 0,
            "deletions": 1
          },
          {
            "hash": "7b29d52f886b1c1a0d50ea7ddc6662bc0626886a",
            "messageTitle": "Include financeTracker in equals() in ModelManager",
            "messageBody": "",
            "insertions": 1,
            "deletions": 0
          }
        ]
      }
    ],
    "ryanYtan": [
      {
        "insertions": 315,
        "deletions": 1,
        "date": "2019-09-25",
        "commitResults": [
          {
            "hash": "576a231b8720c1afec2f98782267e0e24d5ee6a3",
            "messageTitle": "Add skeleton model for CoursePlanner",
            "messageBody": "",
            "insertions": 5,
            "deletions": 0
          },
          {
            "hash": "c1dc43713855f3246449e93cb3d91250019f99d0",
            "messageTitle": "Reimplement skeleton model for Course Planner",
            "messageBody": "",
            "insertions": 225,
            "deletions": 0
          },
          {
            "hash": "bd5e3f52dc83a2deb66946d2e2ef67cefd8485ff",
            "messageTitle": "Add javadocs to CoursePlannerModel",
            "messageBody": "",
            "insertions": 17,
            "deletions": 1
          },
          {
            "hash": "ba456e791a9fdf6e3cb862bf3c1729659f20c293",
            "messageTitle": "Add skeleton implementation of AndOr prereqTree",
            "messageBody": "",
            "insertions": 68,
            "deletions": 0
          }
        ]
      },
      {
        "insertions": 174,
        "deletions": 63,
        "date": "2019-09-26",
        "commitResults": [
          {
            "hash": "afa248a37fd5ecc354e59293fae53222bdbf79cd",
            "messageTitle": "remove andor data structure files for recoding",
            "messageBody": "",
            "insertions": 0,
            "deletions": 51
          },
          {
            "hash": "5e864aaf97a163a41df25cf3c05b4896a0472f0e",
            "messageTitle": "add implementation of AndOrNode",
            "messageBody": "",
            "insertions": 47,
            "deletions": 0
          },
          {
            "hash": "8ad9e55bc763a39f3be3ab0eb9a27078f68f0f5f",
            "messageTitle": "implement proof-of-concept of json tree parsing",
            "messageBody": "",
            "insertions": 127,
            "deletions": 12
          }
        ]
      },
      {
        "insertions": 919,
        "deletions": 253,
        "date": "2019-09-27",
        "commitResults": [
          {
            "hash": "f705b52e1864eb7c769d3f662342d358adb5b38a",
            "messageTitle": "improve code qualtiy of AndOr package",
            "messageBody": "",
            "insertions": 97,
            "deletions": 53
          },
          {
            "hash": "ea1db600047d2fbab96825e53488d061e767efde",
            "messageTitle": "add print statement to AndOrTree",
            "messageBody": "",
            "insertions": 1,
            "deletions": 0
          },
          {
            "hash": "9d182bf5b648fc068a3a513b60e564044b4b1892",
            "messageTitle": "Update ContactUs.adoc and UserGuide.adoc",
            "messageBody": "",
            "insertions": 518,
            "deletions": 118
          },
          {
            "hash": "983d850527ce4f6770d969ef0e7b830e5aef4b81",
            "messageTitle": "refactor of andor package",
            "messageBody": "",
            "insertions": 106,
            "deletions": 55
          },
          {
            "hash": "5a5c39776d1a4e27a2d45f159c99546155327b56",
            "messageTitle": "Fix generics in andor package",
            "messageBody": "",
            "insertions": 77,
            "deletions": 20
          },
          {
            "hash": "7056bdcbf07f6fae71abd9ac81969607330f1a7a",
            "messageTitle": "implement rest of course model",
            "messageBody": "",
            "insertions": 115,
            "deletions": 7
          },
          {
            "hash": "516cce6d2db12afe75d43a76616d29ffd4695810",
            "messageTitle": "add message constraint to CourseCode class",
            "messageBody": "",
            "insertions": 5,
            "deletions": 0
          }
        ]
      },
      {
        "insertions": 144,
        "deletions": 25,
        "date": "2019-09-28",
        "commitResults": [
          {
            "hash": "7bd6a75375d8bef3b91937eab31c27abf7dde4bc",
            "messageTitle": "add CourseUtil and CourseUtilTest",
            "messageBody": "",
            "insertions": 109,
            "deletions": 11
          },
          {
            "hash": "0ee121106f1b7b614d76de876dec1bdf446d725c",
            "messageTitle": "add assertThrows test to CourseUtilTest",
            "messageBody": "",
            "insertions": 4,
            "deletions": 8
          },
          {
            "hash": "7de51497a37edbf7d8a066c80f173d92be965dbf",
            "messageTitle": "refactor CourseUtil.java",
            "messageBody": "",
            "insertions": 23,
            "deletions": 3
          },
          {
            "hash": "10808a45033733599823cf925cf39cb158517555",
            "messageTitle": "Add unit tests for CourseUtil.java",
            "messageBody": "",
            "insertions": 8,
            "deletions": 3
          }
        ]
      },
      {
        "insertions": 334,
        "deletions": 176,
        "date": "2019-09-29",
        "commitResults": [
          {
            "hash": "d2604179574535e654b640b67442651708e2d55e",
            "messageTitle": "add method to CourseUtil",
            "messageBody": "",
            "insertions": 50,
            "deletions": 7
          },
          {
            "hash": "b67389797607182efb8bb4eb558480065ae54554",
            "messageTitle": "refactor CourseUtil.java for better encapsulation",
            "messageBody": "",
            "insertions": 18,
            "deletions": 19
          },
          {
            "hash": "5de2792a86208aed6f8bdbe0741baf2c841511ea",
            "messageTitle": "redo throw messages to be more helpful",
            "messageBody": "",
            "insertions": 5,
            "deletions": 5
          },
          {
            "hash": "ef01b664b5d66a7e5b857e1194e05ba508074157",
            "messageTitle": "rename getJsonMap() to getCourseMap()",
            "messageBody": "",
            "insertions": 1,
            "deletions": 1
          },
          {
            "hash": "479daf3b6da719907f2d928120c6f8e879b563c9",
            "messageTitle": "add getCourse method in CourseUtil.java",
            "messageBody": "",
            "insertions": 70,
            "deletions": 15
          },
          {
            "hash": "378dae38f108566d307cee9f3dd26297cb48fdf2",
            "messageTitle": "edit FulfillRequirements to hold a String",
            "messageBody": "",
            "insertions": 19,
            "deletions": 14
          },
          {
            "hash": "61a608f5b8f728e37387c609d80069a72f38978f",
            "messageTitle": "refactor AndOrTree class and dependecies",
            "messageBody": "",
            "insertions": 171,
            "deletions": 115
          }
        ]
      },
      {
        "insertions": 556,
        "deletions": 247,
        "date": "2019-09-30",
        "commitResults": [
          {
            "hash": "3beff72b2af267600ea7cd256e30b8c9ee92c69a",
            "messageTitle": "fix json parsing bug in AndOrTree.java",
            "messageBody": "",
            "insertions": 41,
            "deletions": 4
          },
          {
            "hash": "fc8c55d650f32ac0b136ae7f23b1f75ab9c2d3af",
            "messageTitle": "add unit tests to AndOrTree.java",
            "messageBody": "",
            "insertions": 61,
            "deletions": 23
          },
          {
            "hash": "34bf966e66362d3c9c71415344278776cb32877d",
            "messageTitle": "remove unused imports from AndOrTreeTest.java",
            "messageBody": "",
            "insertions": 8,
            "deletions": 0
          },
          {
            "hash": "63d70173d0e24c93ac947a23dc68bcef9e16a8ee",
            "messageTitle": "clean up CourseUtil and its unit test",
            "messageBody": "",
            "insertions": 72,
            "deletions": 53
          },
          {
            "hash": "edfd4f45856c87bd5b16ebce548f6f24e952eddf",
            "messageTitle": "make private fields public",
            "messageBody": "",
            "insertions": 2,
            "deletions": 2
          },
          {
            "hash": "0a01e647540d04818b0cc134dc4cd733491686a7",
            "messageTitle": "improve code quality of AndOr package and CourseUtil",
            "messageBody": "",
            "insertions": 175,
            "deletions": 48
          },
          {
            "hash": "421356b369c2dcce3d2d651691e1ca1d3af88ca1",
            "messageTitle": "add javadocs to all classes",
            "messageBody": "",
            "insertions": 81,
            "deletions": 29
          },
          {
            "hash": "21ec361be380adf98f416cd813baf951209ab283",
            "messageTitle": "fix checkstyleTest errors",
            "messageBody": "",
            "insertions": 88,
            "deletions": 88
          },
          {
            "hash": "b636541b6ccf45bf122019697df5a3790f72d0b4",
            "messageTitle": "add unit test for AndOrOperationMapper",
            "messageBody": "",
            "insertions": 28,
            "deletions": 0
          }
        ]
      },
      {
        "insertions": 352,
        "deletions": 75,
        "date": "2019-10-01",
        "commitResults": [
          {
            "hash": "8f2e3c63713516c7cb2119b9a9b949f5c9561224",
            "messageTitle": "add unit test for AndOrOperationMapper",
            "messageBody": "",
            "insertions": 3,
            "deletions": 0
          },
          {
            "hash": "327539c8a28a317e0296d03d8aca4285862ce5bb",
            "messageTitle": "Fix ContactUs.adoc formatting",
            "messageBody": "",
            "insertions": 6,
            "deletions": 2
          },
          {
            "hash": "3a95d77a9a04fc7386c517846963ad7fc23577a4",
            "messageTitle": "Remove \"/\" from end of ContactUs.adoc",
            "messageBody": "",
            "insertions": 1,
            "deletions": 1
          },
          {
            "hash": "60d5bbc34267e435840c13827754d860eb3e34a7",
            "messageTitle": "add unit tests to subclasses of AndOrNode",
            "messageBody": "",
            "insertions": 184,
            "deletions": 0
          },
          {
            "hash": "74a543ef5d19f44bbdee8300e211e77339ef1d3a",
            "messageTitle": "test toString() in AndOrNode subclasses",
            "messageBody": "",
            "insertions": 29,
            "deletions": 6
          },
          {
            "hash": "f63325da669ad8ec33873e8744905491149553eb",
            "messageTitle": "fix checkstyle errors",
            "messageBody": "",
            "insertions": 9,
            "deletions": 3
          },
          {
            "hash": "2a9a02d0dd987b3a673e65e0dc7b41dddc7d440c",
            "messageTitle": "add unit test for abstract AndOrNode",
            "messageBody": "",
            "insertions": 32,
            "deletions": 0
          },
          {
            "hash": "b141cd133426270afc61c4f267b8b46432599584",
            "messageTitle": "add toTreeString test in AndOrNodeTest",
            "messageBody": "",
            "insertions": 25,
            "deletions": 0
          },
          {
            "hash": "984f9a62dbb4e2220cb8213d1f3c02eed53578a5",
            "messageTitle": "fix pmd errors",
            "messageBody": "",
            "insertions": 53,
            "deletions": 54
          },
          {
            "hash": "cf3ef3b278f1d46c655b1b5df8d225513cdd2ada",
            "messageTitle": "move field declaration to top of class",
            "messageBody": "",
            "insertions": 10,
            "deletions": 9
          }
        ]
      },
      {
        "insertions": 23,
        "deletions": 15,
        "date": "2019-10-02",
        "commitResults": [
          {
            "hash": "089b7979760b00fc1b8e47c5cdafe7dbe290ae9c",
            "messageTitle": "fix grammar and formatting errors in UserGuide.adoc",
            "messageBody": "",
            "insertions": 23,
            "deletions": 15
          }
        ]
      },
      {
        "insertions": 59,
        "deletions": 30,
        "date": "2019-10-11",
        "commitResults": [
          {
            "hash": "e7107e6f36bfc64124524debafcac9f3723cce51",
            "messageTitle": "add CourseNotFoundException class",
            "messageBody": "",
            "insertions": 11,
            "deletions": 0
          },
          {
            "hash": "0d6db8e30fdf7242ed9d15067ec7ed85b9e84d98",
            "messageTitle": "replace IOException with CourseNotFoundException",
            "messageBody": "",
            "insertions": 48,
            "deletions": 30
          }
        ]
      },
      {
        "insertions": 416,
        "deletions": 52,
        "date": "2019-10-12",
        "commitResults": [
          {
            "hash": "f98f26bc1ec1e4729517d8f6e47ad13add60ca3b",
            "messageTitle": "replace methods in CoursePlannerModel for v1.2 features",
            "messageBody": "",
            "insertions": 2,
            "deletions": 14
          },
          {
            "hash": "fa062f4ad4ce60a08337c38bf865b58c838ac48a",
            "messageTitle": "implement LookUpCommand",
            "messageBody": "",
            "insertions": 67,
            "deletions": 0
          },
          {
            "hash": "b7e714a08daaa1f0ec98938c815f61c0a9cdfe73",
            "messageTitle": "add course prefix to CliSyntax",
            "messageBody": "",
            "insertions": 1,
            "deletions": 0
          },
          {
            "hash": "b5ed53b5b370b3fc974f5d0e13084b09b0026415",
            "messageTitle": "add LookUpCommand case to JarvisParser",
            "messageBody": "",
            "insertions": 4,
            "deletions": 0
          },
          {
            "hash": "4fad2eef9e3ad2f1f1b3eab6cf4120890efe8b27",
            "messageTitle": "implement LookUpCommandParser",
            "messageBody": "",
            "insertions": 36,
            "deletions": 0
          },
          {
            "hash": "d6ceb772818bf3134519deddbe12ecc748723f04",
            "messageTitle": "add missing import",
            "messageBody": "",
            "insertions": 1,
            "deletions": 0
          },
          {
            "hash": "29491889625c093633c716c69e8eadf12fc6a7f7",
            "messageTitle": "add toDisplayString method for better rendering",
            "messageBody": "",
            "insertions": 20,
            "deletions": 0
          },
          {
            "hash": "28731390921fa46b8285f233880f4a30f37d676c",
            "messageTitle": "change input arg to CommandResult in LookUpCommand",
            "messageBody": "",
            "insertions": 1,
            "deletions": 1
          },
          {
            "hash": "67167ef41495dcc39dde5c698beb7a6f91b796c6",
            "messageTitle": "add description into toDisplayableString()",
            "messageBody": "",
            "insertions": 3,
            "deletions": 1
          },
          {
            "hash": "362c7a081215488ecb7946c123e18a8523bfdc16",
            "messageTitle": "add new line wrapping method to StringUtil",
            "messageBody": "",
            "insertions": 119,
            "deletions": 0
          },
          {
            "hash": "8de72a57893a2f62e973feac4705004dbc83d833",
            "messageTitle": "change input string for better rendering",
            "messageBody": "",
            "insertions": 2,
            "deletions": 1
          },
          {
            "hash": "babca9d32d3a83300d0bc5171eaa1f11225a11fe",
            "messageTitle": "add String method to Course for better rendering",
            "messageBody": "",
            "insertions": 5,
            "deletions": 5
          },
          {
            "hash": "8ba29cae73785a5b0536bade62c40ff74bbaac38",
            "messageTitle": "fix import order and javadocs",
            "messageBody": "",
            "insertions": 5,
            "deletions": 2
          },
          {
            "hash": "c27fd03f087a107a1f17fc82d4c0ab59293fbb4e",
            "messageTitle": "add LookUpCommand test to JarvisParserTest",
            "messageBody": "",
            "insertions": 10,
            "deletions": 0
          },
          {
            "hash": "d368946705ba672f9d414f37aaac6c76cc4fc265",
            "messageTitle": "add MESSAGE_NO_INVERSE field to LookUpCommand",
            "messageBody": "",
            "insertions": 2,
            "deletions": 0
          },
          {
            "hash": "781b12c8fa0594947cb8a45ca68b0c4b74b4194b",
            "messageTitle": "add nullary constructor with default message",
            "messageBody": "",
            "insertions": 4,
            "deletions": 0
          },
          {
            "hash": "141124b2eda622049cb414421db72f6d028948ba",
            "messageTitle": "move and rename AndOrStubsUtil to CourseTestUtil",
            "messageBody": "",
            "insertions": 12,
            "deletions": 11
          },
          {
            "hash": "f84b01c084f24e3cbe68f2d1d2e06eca6c93ae2d",
            "messageTitle": "add current implementation of LookUpCommandTest",
            "messageBody": "",
            "insertions": 49,
            "deletions": 0
          },
          {
            "hash": "a38825c1a9e33e3595183832c0a40c6a9afcd8d0",
            "messageTitle": "remove unusued import",
            "messageBody": "",
            "insertions": 0,
            "deletions": 1
          },
          {
            "hash": "a63a96971522bb9378b6480296b55fb19a134842",
            "messageTitle": "fix unit tests of LookUpCommand",
            "messageBody": "",
            "insertions": 7,
            "deletions": 6
          },
          {
            "hash": "c0fd58133a3456b4bc121ea8aeab7de9b0ad67ca",
            "messageTitle": "add flags for compileJava, compileTestJava",
            "messageBody": "",
            "insertions": 6,
            "deletions": 1
          },
          {
            "hash": "ff982718e5dc9f67eb6aa7a6d27bfe932e93b827",
            "messageTitle": "add import to JarvisParserTest to fix error",
            "messageBody": "",
            "insertions": 1,
            "deletions": 0
          },
          {
            "hash": "8a1c9c07931b75eeda22d82245c42ee9b54c35bd",
            "messageTitle": "modify build.gradle to include additional compiler flags",
            "messageBody": "",
            "insertions": 6,
            "deletions": 1
          },
          {
            "hash": "e355c1e9b0412422a3a59a3a07ac47c32e732189",
            "messageTitle": "add equals() method to LookUpCommand",
            "messageBody": "",
            "insertions": 7,
            "deletions": 0
          },
          {
            "hash": "bd0cbfc4b5c2703af179aa00d839886ae57251fb",
            "messageTitle": "refactor LookUpCommandParser",
            "messageBody": "",
            "insertions": 2,
            "deletions": 3
          },
          {
            "hash": "f7747330ec5e92cc9a9b95a067263e08d9cf416f",
            "messageTitle": "add LookUpCommandParserTest",
            "messageBody": "",
            "insertions": 37,
            "deletions": 1
          },
          {
            "hash": "8c5205e43133c90797b90cc6efe3f719d251bcad",
            "messageTitle": "fix checkstyle errors",
            "messageBody": "",
            "insertions": 7,
            "deletions": 4
          }
        ]
      },
      {
        "insertions": 59,
        "deletions": 51,
        "date": "2019-10-13",
        "commitResults": [
          {
            "hash": "ce2ae4c5b11e571ecb09c80aa584d71be869a085",
            "messageTitle": "refactor CliSyntax into static inner classes",
            "messageBody": "",
            "insertions": 59,
            "deletions": 51
          }
        ]
      },
      {
        "insertions": 41,
        "deletions": 36,
        "date": "2019-10-14",
        "commitResults": [
          {
            "hash": "b7a1d65c1d59deaeb199952eb8ff6391d591a2e8",
            "messageTitle": "fix integration errors",
            "messageBody": "",
            "insertions": 18,
            "deletions": 6
          },
          {
            "hash": "5d7f43c0a419c6ff6700369aed4d6192e81cc077",
            "messageTitle": "make code compliant with recent PRs",
            "messageBody": "",
            "insertions": 17,
            "deletions": 23
          },
          {
            "hash": "586cb5891575aea9c39313f77f9aeb910611f6a5",
            "messageTitle": "refactor asLimitedCharactersPerLine method in StringUtil",
            "messageBody": "",
            "insertions": 6,
            "deletions": 7
          }
        ]
      },
      {
        "insertions": 577,
        "deletions": 109,
        "date": "2019-10-15",
        "commitResults": [
          {
            "hash": "95f016bc9465bb8e887e5909c511793d55f9681d",
            "messageTitle": "add nullary constructor into CourseNotFoundException",
            "messageBody": "",
            "insertions": 3,
            "deletions": 1
          },
          {
            "hash": "c37f683e38edd069ce8c9814f7d472c597fdd4e3",
            "messageTitle": "add course model exceptions",
            "messageBody": "",
            "insertions": 34,
            "deletions": 0
          },
          {
            "hash": "7719f65d24a1c16adf83671f35d06a54f484459f",
            "messageTitle": "add UniqueCourseList",
            "messageBody": "",
            "insertions": 112,
            "deletions": 0
          },
          {
            "hash": "d98e56232840d58efba224c790476bb484563081",
            "messageTitle": "add CoursePlannerModel to Model",
            "messageBody": "",
            "insertions": 6,
            "deletions": 3
          },
          {
            "hash": "9038bef0212ccdbc07e04ba5727031bedb164b1e",
            "messageTitle": "change CourseNotFoundException to extend RuntimeException",
            "messageBody": "",
            "insertions": 1,
            "deletions": 1
          },
          {
            "hash": "8c83a76cc3cebbf09fb626cbd988aeda35af4222",
            "messageTitle": "remove throws CourseNotFoundException clauses in CourseUtil",
            "messageBody": "",
            "insertions": 7,
            "deletions": 12
          },
          {
            "hash": "193edceb0d4e9c9305fd10615edd10c99329b7b6",
            "messageTitle": "update UniqueCourseList",
            "messageBody": "",
            "insertions": 17,
            "deletions": 6
          },
          {
            "hash": "f6fdafd1fd93e1ca5c8ebe672a305b7b63388d2c",
            "messageTitle": "add two runtime exceptions to model\\course package",
            "messageBody": "",
            "insertions": 6,
            "deletions": 0
          },
          {
            "hash": "4d6dcd86133f166e8c071cb972200008948acdaf",
            "messageTitle": "modify LookUpCommand to act on model",
            "messageBody": "",
            "insertions": 7,
            "deletions": 4
          },
          {
            "hash": "ae00681ff77b18d671ebb3d69fc0e4e5040d1b10",
            "messageTitle": "add CoursePlanner to model",
            "messageBody": "",
            "insertions": 74,
            "deletions": 0
          },
          {
            "hash": "cec1161c6c7c1a99e64c090d873e25985eaf95ba",
            "messageTitle": "integrate CoursePlanner into application",
            "messageBody": "",
            "insertions": 139,
            "deletions": 50
          },
          {
            "hash": "85f8e7da3aeac7c93d06d51afddeda81e9d6db7f",
            "messageTitle": "add TypicalCourses",
            "messageBody": "",
            "insertions": 13,
            "deletions": 0
          },
          {
            "hash": "b8ffc5f47831b853e56f474ea0497820a9656294",
            "messageTitle": "modify toDisplayableString() method",
            "messageBody": "",
            "insertions": 29,
            "deletions": 10
          },
          {
            "hash": "a42f4a5c9b51c2cbfc84eab325c9c4ecc062f99c",
            "messageTitle": "require Faculty to be non-null in course POJO",
            "messageBody": "",
            "insertions": 3,
            "deletions": 0
          },
          {
            "hash": "15956a65b881fe5eccec95d2aec799bfc3bfe36a",
            "messageTitle": "remove index checking in add methods",
            "messageBody": "",
            "insertions": 4,
            "deletions": 22
          },
          {
            "hash": "5924ef9970c94cafe720b08ab336c3b7bb858fe7",
            "messageTitle": "add unit tests for Course model",
            "messageBody": "",
            "insertions": 122,
            "deletions": 0
          }
        ]
      },
      {
        "insertions": 600,
        "deletions": 151,
        "date": "2019-10-16",
        "commitResults": [
          {
            "hash": "f8f16697805ab0a75ae51b16db03b287d4797915",
            "messageTitle": "change \u0027!\u0027 to \u0027.\u0027",
            "messageBody": "",
            "insertions": 1,
            "deletions": 1
          },
          {
            "hash": "42d1032483734275ad30b69b36d8d980c95446df",
            "messageTitle": "change getCourse(Course) to reflect nullable attributes of Course",
            "messageBody": "",
            "insertions": 53,
            "deletions": 12
          },
          {
            "hash": "c147ee22a90658b967fd1ed985ec30e1e4d6f6ff",
            "messageTitle": "add listToString(List) method and unit test",
            "messageBody": "",
            "insertions": 23,
            "deletions": 0
          },
          {
            "hash": "33f81432d3ed46cd9e2a8741982c7b0091e6f4dc",
            "messageTitle": "refactor some methods in Course.java",
            "messageBody": "",
            "insertions": 33,
            "deletions": 39
          },
          {
            "hash": "7559b85c098e390a7093c74832c2644a3c0e0212",
            "messageTitle": "add unit test for Course",
            "messageBody": "",
            "insertions": 14,
            "deletions": 9
          },
          {
            "hash": "68756d61a1ee20a3bdc2873d0052faf135966a08",
            "messageTitle": "refactor UniqueCourseList and remove redudant exception",
            "messageBody": "",
            "insertions": 127,
            "deletions": 61
          },
          {
            "hash": "8fa643b536739d78b43b87180dac3493141bd7ff",
            "messageTitle": "fix CoursePlanner",
            "messageBody": "",
            "insertions": 32,
            "deletions": 5
          },
          {
            "hash": "854a60f6251eb88e1837eb6892800491b01ca265",
            "messageTitle": "redo CoursePlannerTest",
            "messageBody": "",
            "insertions": 71,
            "deletions": 11
          },
          {
            "hash": "cb1e1449f2a1f6b2e3a40d928d9aa152cbc9cf3c",
            "messageTitle": "refactor TypicalCourses to use CourseBuilder",
            "messageBody": "",
            "insertions": 60,
            "deletions": 4
          },
          {
            "hash": "92e65cd1ed384a3c441e0504fe24ae78bbc0610e",
            "messageTitle": "add DuplicateCourseException to mirror AB3 exceptions",
            "messageBody": "",
            "insertions": 20,
            "deletions": 0
          },
          {
            "hash": "86a5fed7ee9e23d37e7b91ac5a77e224ebf2da46",
            "messageTitle": "remove exception message from AndOrTree",
            "messageBody": "",
            "insertions": 2,
            "deletions": 3
          },
          {
            "hash": "302ca7f8c8fa643d51838731da8b61c36a48f389",
            "messageTitle": "add CourseBuilder for course testing",
            "messageBody": "",
            "insertions": 142,
            "deletions": 0
          },
          {
            "hash": "be8528782f50dd8e51958a1fce10a4a31db2bbcc",
            "messageTitle": "make code compliant with upstream/master",
            "messageBody": "",
            "insertions": 12,
            "deletions": 0
          },
          {
            "hash": "6e12ebc805a3d31d7d4195bb03eb463be54e3be7",
            "messageTitle": "change to extend Exception instead of RuntimeException",
            "messageBody": "",
            "insertions": 1,
            "deletions": 1
          },
          {
            "hash": "f6b3c5a6da56f91fafe138149ec5ac7af451ce06",
            "messageTitle": "revert changes on CourseNotFoundException on other classes",
            "messageBody": "",
            "insertions": 9,
            "deletions": 5
          }
        ]
      },
      {
        "insertions": 20,
        "deletions": 0,
        "date": "2019-10-17",
        "commitResults": [
          {
            "hash": "7664459c2a289ed92130423186084532d87d6b9b",
            "messageTitle": "edit cca commands to be compliant with Command interface",
            "messageBody": "",
            "insertions": 20,
            "deletions": 0
          }
        ]
      }
    ],
    "nishcafe": [
      {
        "insertions": 13,
        "deletions": 13,
        "date": "2019-09-27",
        "commitResults": [
          {
            "hash": "d06cdfe7ba158da21fe5af1843abe59e57cd1584",
            "messageTitle": "Update Developer Guide",
            "messageBody": "",
            "insertions": 13,
            "deletions": 13
          }
        ]
      },
      {
        "insertions": 392,
        "deletions": 43,
        "date": "2019-10-10",
        "commitResults": [
          {
            "hash": "a632f75c65dbb1862501f5ec31c003554fa9e2db",
            "messageTitle": "Add Task classes",
            "messageBody": "",
            "insertions": 340,
            "deletions": 0
          },
          {
            "hash": "321bbde8db0830e30f6e29a4b243e07f3ebb42bf",
            "messageTitle": "Add new line at EOF",
            "messageBody": "",
            "insertions": 3,
            "deletions": 3
          },
          {
            "hash": "f41bc5637b086b0a81bb4abb69a182a90f8ed97d",
            "messageTitle": "Fix checkstyle errors",
            "messageBody": "",
            "insertions": 11,
            "deletions": 11
          },
          {
            "hash": "a0423c3530cbb90d2887354fccca69f1c9e24ad3",
            "messageTitle": "Fix checkstyle errors",
            "messageBody": "",
            "insertions": 35,
            "deletions": 26
          },
          {
            "hash": "15b4523f7a8041b4e33e6924adef4a0d8497f336",
            "messageTitle": "Fix failing tests",
            "messageBody": "",
            "insertions": 3,
            "deletions": 3
          }
        ]
      },
      {
        "insertions": 93,
        "deletions": 22,
        "date": "2019-10-11",
        "commitResults": [
          {
            "hash": "195a80fe2b351956fc0296b24deb446aed94ebe4",
            "messageTitle": "Fix import statement",
            "messageBody": "",
            "insertions": 1,
            "deletions": 1
          },
          {
            "hash": "b921c40827130cae51b019bb6b886a22bf3c45de",
            "messageTitle": "Fix import statements",
            "messageBody": "",
            "insertions": 3,
            "deletions": 3
          },
          {
            "hash": "e94411ee0c1c6124bd3f9f08d9b9b01456e40be7",
            "messageTitle": "Add new tests to Task classes",
            "messageBody": "",
            "insertions": 89,
            "deletions": 18
          }
        ]
      },
      {
        "insertions": 461,
        "deletions": 47,
        "date": "2019-10-12",
        "commitResults": [
          {
            "hash": "dc36d1effcf33f5fac11a2127d945801e4d51774",
            "messageTitle": "Implement AddTaskCommand and Planner classes",
            "messageBody": "",
            "insertions": 461,
            "deletions": 47
          }
        ]
      },
      {
        "insertions": 279,
        "deletions": 59,
        "date": "2019-10-13",
        "commitResults": [
          {
            "hash": "b7fd4ecd06e8b2c2a4d5e995f917420f543d5da0",
            "messageTitle": "Change java.util.Date to .Calendar",
            "messageBody": "",
            "insertions": 33,
            "deletions": 28
          },
          {
            "hash": "af2f70446c0658cb0a0e3953f302930f973154cb",
            "messageTitle": "Update import statement",
            "messageBody": "",
            "insertions": 1,
            "deletions": 0
          },
          {
            "hash": "7e3fb765a014ab638f805495fac0bdc55c73e656",
            "messageTitle": "Update imports",
            "messageBody": "",
            "insertions": 2,
            "deletions": 0
          },
          {
            "hash": "72ba5a024c00a903e9669318bb6a31b8a3a51185",
            "messageTitle": "Temp fix for failing test",
            "messageBody": "",
            "insertions": 1,
            "deletions": 1
          },
          {
            "hash": "9b1a47355dc058eb80cd9e6d637f7bd03e49525e",
            "messageTitle": "Fix checkstyle errors",
            "messageBody": "",
            "insertions": 1,
            "deletions": 1
          },
          {
            "hash": "b3fc308428915b5cedb1150591760f8deefbfcc5",
            "messageTitle": "Add isEqual method to Task classes",
            "messageBody": "",
            "insertions": 89,
            "deletions": 6
          },
          {
            "hash": "44e4730ef760ccbe76ec8d6659db4b61a3f98baf",
            "messageTitle": "Add getDate methods for tasks",
            "messageBody": "",
            "insertions": 64,
            "deletions": 5
          },
          {
            "hash": "5a65e92e7849a93348d7f0ac23f40b8e2cd0e579",
            "messageTitle": "Add isEqual method to Task classes",
            "messageBody": "",
            "insertions": 70,
            "deletions": 18
          },
          {
            "hash": "aa5944fdca212488605d91a9a2f0283a74d477a9",
            "messageTitle": "Initial commit for AddTaskCommandParser",
            "messageBody": "",
            "insertions": 18,
            "deletions": 0
          }
        ]
      },
      {
        "insertions": 360,
        "deletions": 193,
        "date": "2019-10-14",
        "commitResults": [
          {
            "hash": "4a178a59346a8118bac0aedab7da5abb6b52044a",
            "messageTitle": "Implement AddTaskCommandParser",
            "messageBody": "",
            "insertions": 78,
            "deletions": 21
          },
          {
            "hash": "57b39c857cf8323dfd7bc7f774922bd07fd210c6",
            "messageTitle": "Move classes in Planner to sub-directories",
            "messageBody": "",
            "insertions": 28,
            "deletions": 15
          },
          {
            "hash": "3b22dcc1def1d28de7ee92da6c023a554d089711",
            "messageTitle": "Add Priority and Frequency classes",
            "messageBody": "",
            "insertions": 55,
            "deletions": 137
          },
          {
            "hash": "0a772f272a4fe00bd14549174710cf2db7349365",
            "messageTitle": "Implement AddTask Command",
            "messageBody": "",
            "insertions": 199,
            "deletions": 20
          }
        ]
      },
      {
        "insertions": 313,
        "deletions": 418,
        "date": "2019-10-15",
        "commitResults": [
          {
            "hash": "ad30f49790c8526358f614096a3eddf02001f469",
            "messageTitle": "Implement addTask",
            "messageBody": "",
            "insertions": 167,
            "deletions": 95
          },
          {
            "hash": "8e6613991571f137f4e99c59a864fdef3504f261",
            "messageTitle": "Fix checkstyle errors",
            "messageBody": "",
            "insertions": 111,
            "deletions": 105
          },
          {
            "hash": "917ef7c33880b82db8b3a02f3710e35b1b4dc4a6",
            "messageTitle": "Fix checkstyle and tests",
            "messageBody": "",
            "insertions": 14,
            "deletions": 14
          },
          {
            "hash": "c12b2933b59d6caa9dc4ea9e15d3cbb7e0185a2d",
            "messageTitle": "Update command result message",
            "messageBody": "",
            "insertions": 9,
            "deletions": 5
          },
          {
            "hash": "beb00d3579ff2af127cd1a78d05dcc2f1a63b0dc",
            "messageTitle": "Update message usage for task class",
            "messageBody": "",
            "insertions": 3,
            "deletions": 3
          },
          {
            "hash": "9e0c5e134b9d6d7be65b2ae0a0cc2609b14aeded",
            "messageTitle": "Remove bin folder",
            "messageBody": "",
            "insertions": 0,
            "deletions": 184
          },
          {
            "hash": "8772d706ca5f9c4eb4e770dc291f8523efb0db4b",
            "messageTitle": "Change command word for task",
            "messageBody": "",
            "insertions": 7,
            "deletions": 8
          },
          {
            "hash": "3c341bccc1293777a84696fa2a1875d480dd4d02",
            "messageTitle": "Fix checkstyle errors",
            "messageBody": "",
            "insertions": 2,
            "deletions": 4
          }
        ]
      },
      {
        "insertions": 181,
        "deletions": 0,
        "date": "2019-10-16",
        "commitResults": [
          {
            "hash": "2ac233b8bb1f547d061c200dc3f9317b9deca419",
            "messageTitle": "Add tests for Planner.java \u0026 Update ModelManager class",
            "messageBody": "",
            "insertions": 181,
            "deletions": 0
          }
        ]
      }
    ]
  },
  "authorFinalContributionMap": {
    "marcfyk": 6949,
    "mrnewguy": 2719,
    "gohsnn": 3569,
    "ryanYtan": 3516,
    "nishcafe": 1462
  },
  "authorFileTypeContributionMap": {
    "marcfyk": {
      "docs": 45,
      "tests": 3625,
      "functional": 3278,
      "other": 1
    },
    "mrnewguy": {
      "docs": 144,
      "tests": 1131,
      "functional": 1444
    },
    "gohsnn": {
      "docs": 54,
      "tests": 1791,
      "functional": 1724
    },
    "ryanYtan": {
      "docs": 518,
      "tests": 1251,
      "functional": 1737,
      "other": 10
    },
    "nishcafe": {
      "docs": 13,
      "tests": 637,
      "functional": 812
    }
  },
  "authorContributionVariance": {
    "marcfyk": 726674.8,
    "mrnewguy": 36599.336,
    "gohsnn": 117088.87,
    "ryanYtan": 73942.4,
    "nishcafe": 29759.955
  },
  "authorDisplayNameMap": {
    "marcfyk": "CS2103T-T10-1 MARC  ... G KIT",
    "mrnewguy": "CS2103T-T10-1 TAN Y ... E KAI",
    "gohsnn": "CS2103T-T10-1 GOH S ...  NING",
    "ryanYtan": "CS2103T-T10-1 RYAN  ... AN YU",
    "nishcafe": "CS2103T-T10-1 ANISH ... OSEPH"
  }
}
