{
  "authorDailyContributionsMap": {
    "t-cheepeng": [
      {
        "insertions": 2,
        "deletions": 3,
        "date": "2019-09-10",
        "commitResults": [
          {
            "hash": "e337b668ff2eb0235d4467bf39e522380a48fc15",
            "messageTitle": "Update README.adoc",
            "messageBody": "Update links to travis CI and coveralls to personal organization link.",
            "insertions": 2,
            "deletions": 2
          },
          {
            "hash": "3115284d4505de924359652a8b3afc1f951167c2",
            "messageTitle": "Update README.adoc",
            "messageBody": "Removed the codacy badge from README",
            "insertions": 0,
            "deletions": 1
          }
        ]
      },
      {
        "insertions": 2,
        "deletions": 2,
        "date": "2019-09-26",
        "commitResults": [
          {
            "hash": "1542b8e92eab471fc1a933ea72a7c130ccba4ee6",
            "messageTitle": "Update contact us doc to match ExerHealth",
            "messageBody": "",
            "insertions": 2,
            "deletions": 2
          }
        ]
      },
      {
        "insertions": 66,
        "deletions": 0,
        "date": "2019-10-01",
        "commitResults": [
          {
            "hash": "39f2e28224abea381eb5763fc8e2976fd4eebe9c",
            "messageTitle": "Update relevant portions of user guide",
            "messageBody": "",
            "insertions": 65,
            "deletions": 0
          },
          {
            "hash": "af213250aeadf3cc72c426905c521b02570dc996",
            "messageTitle": "Add netlify badge for static deployment of pages",
            "messageBody": "",
            "insertions": 1,
            "deletions": 0
          }
        ]
      },
      {
        "insertions": 150,
        "deletions": 60,
        "date": "2019-10-02",
        "commitResults": [
          {
            "hash": "4bf757c028d01aa79ba2534bc5ad3e1dc0434e2c",
            "messageTitle": "Resolve merge conflict for user guide",
            "messageBody": "",
            "insertions": 150,
            "deletions": 60
          }
        ]
      },
      {
        "insertions": 282,
        "deletions": 3,
        "date": "2019-10-09",
        "commitResults": [
          {
            "hash": "b1034eb53aafa1df5ec6c04e7150512037abaa42",
            "messageTitle": "Add view tab to display resolve window. (#16)",
            "messageBody": "* Add view tab to display resolve window.\r\n\r\nCurrently, the window just displays a text showing a success and\r\nwill block all inputs. The view tab is to be removed once the\r\nproduct is finished\r\n\r\n* Add relevant regions to resolve window.\r\n\r\nResolve window has the command box and a left, right panel.\r\nAlso includes some basic styling for the resolve window\r\n\r\n* Add view tab to display resolve window.\r\n\r\nCurrently, the window just displays a text showing a success and\r\nwill block all inputs. The view tab is to be removed once the\r\nproduct is finished\r\n\r\n* Add relevant regions to resolve window.\r\n\r\nResolve window has the command box and a left, right panel.\r\nAlso includes some basic styling for the resolve window\r\n\r\n* Update resolve window to display feedback.\r\n\r\nResolve window has a feedback box and cleared up a bug where if\r\nthe resolve window was closed and reopened, text from the previous\r\nopened window is still present.\r\n\r\n* Add css styling for text area in resolve window.\r\n\r\n* Add documentation to resolve window and related parts\r\n\r\n* Add EOF to FXML file\r\n\r\n* Move getRoot to a parent variable.\r\n\r\n* Change default window sizes\r\n\r\nAdd ExerHealth icon to resolve window and window will appear\r\nwith default sizes and centered on screen.\r\n\r\nCloses #54 ",
            "insertions": 282,
            "deletions": 3
          }
        ]
      }
    ],
    "garylyp": [
      {
        "insertions": 2,
        "deletions": 2,
        "date": "2019-09-19",
        "commitResults": [
          {
            "hash": "8af053e2ab4b58cf0ad8a7d437085ffbbd08108f",
            "messageTitle": "Set up repo for local development",
            "messageBody": "",
            "insertions": 2,
            "deletions": 2
          }
        ]
      },
      {
        "insertions": 231,
        "deletions": 33,
        "date": "2019-09-28",
        "commitResults": [
          {
            "hash": "5eab3cff36f5f750b890da6e60a2457d2486dd70",
            "messageTitle": "Update Appendices A to E of Developer Guide",
            "messageBody": "",
            "insertions": 231,
            "deletions": 33
          }
        ]
      },
      {
        "insertions": 1,
        "deletions": 1,
        "date": "2019-09-29",
        "commitResults": [
          {
            "hash": "dcaff9345e972a424bfadcf7c9b399e3fdae58a9",
            "messageTitle": "Change AddressBook Level 3 to ExerHealth in title of Developer Guide",
            "messageBody": "",
            "insertions": 1,
            "deletions": 1
          }
        ]
      },
      {
        "insertions": 51,
        "deletions": 18,
        "date": "2019-10-02",
        "commitResults": [
          {
            "hash": "35bb266b4b2a5dab92cf8b3db7e1d5eca4420afb",
            "messageTitle": "Add new features and their command into user guide",
            "messageBody": "",
            "insertions": 51,
            "deletions": 18
          }
        ]
      }
    ],
    "jietung": [
      {
        "insertions": 55,
        "deletions": 21,
        "date": "2019-10-01",
        "commitResults": [
          {
            "hash": "148cb21b481956946169f516ad61eee01261eb2a",
            "messageTitle": "Update User Guide",
            "messageBody": "",
            "insertions": 55,
            "deletions": 21
          }
        ]
      },
      {
        "insertions": 882,
        "deletions": 882,
        "date": "2019-10-03",
        "commitResults": [
          {
            "hash": "cbf9c3b46d1c8c7dd3cdc8257683c6a516fdf2dd",
            "messageTitle": "Refactor code",
            "messageBody": "",
            "insertions": 841,
            "deletions": 842
          },
          {
            "hash": "30eff2d7f3fd10865a3d96da90cb0f3a8e97f13c",
            "messageTitle": "Refactor code in tests",
            "messageBody": "",
            "insertions": 39,
            "deletions": 39
          },
          {
            "hash": "9d95a2f9384d526d5fdb7709b77a012ef4a861c1",
            "messageTitle": "Refactor code to pass checkstyle",
            "messageBody": "",
            "insertions": 2,
            "deletions": 1
          }
        ]
      },
      {
        "insertions": 341,
        "deletions": 95,
        "date": "2019-10-04",
        "commitResults": [
          {
            "hash": "1c6be6a679ee6709aa8d14bd98b1efbc2ac23792",
            "messageTitle": "Add unit and refactor code",
            "messageBody": "",
            "insertions": 163,
            "deletions": 36
          },
          {
            "hash": "14917688d3778d31d7e10da851335979872e288c",
            "messageTitle": "Add tests for unit",
            "messageBody": "",
            "insertions": 178,
            "deletions": 59
          }
        ]
      },
      {
        "insertions": 70,
        "deletions": 33,
        "date": "2019-10-07",
        "commitResults": [
          {
            "hash": "37107ffe103e3d5cd7932dcb6d66d0ffffd7cdb2",
            "messageTitle": "Refactor code in main and tests",
            "messageBody": "",
            "insertions": 22,
            "deletions": 21
          },
          {
            "hash": "862252721982257d51aa45a5dbab2a0415693e61",
            "messageTitle": "Add tests for unit",
            "messageBody": "",
            "insertions": 48,
            "deletions": 12
          }
        ]
      }
    ],
    "weihaw08": [
      {
        "insertions": 3332,
        "deletions": 3251,
        "date": "2019-09-27",
        "commitResults": [
          {
            "hash": "42ddbbd553d08fac5a29e11868d4a7fd29b21c37",
            "messageTitle": "Refactor code base for ExerHealth",
            "messageBody": "",
            "insertions": 3279,
            "deletions": 3201
          },
          {
            "hash": "7aa91db02e203aae92659074e40f043219b40ad0",
            "messageTitle": "Make minor change to MainWindow",
            "messageBody": "",
            "insertions": 52,
            "deletions": 49
          },
          {
            "hash": "d185ea9649935f41db8ec331bc8289da48138ed1",
            "messageTitle": "Make minor changes to test cases",
            "messageBody": "",
            "insertions": 1,
            "deletions": 1
          }
        ]
      },
      {
        "insertions": 326,
        "deletions": 27,
        "date": "2019-09-28",
        "commitResults": [
          {
            "hash": "dbb21167479dce4627144072848be786bed3dc71",
            "messageTitle": "Update AboutUs",
            "messageBody": "",
            "insertions": 326,
            "deletions": 27
          }
        ]
      }
    ],
    "kwekke": [
      {
        "insertions": 5,
        "deletions": 6,
        "date": "2019-09-29",
        "commitResults": [
          {
            "hash": "419a5646488cf43bfe3ab050cb8f8f70afb550a9",
            "messageTitle": "Update README.adoc",
            "messageBody": "",
            "insertions": 5,
            "deletions": 6
          }
        ]
      },
      {
        "insertions": 56,
        "deletions": 4,
        "date": "2019-10-02",
        "commitResults": [
          {
            "hash": "a04bdcc91d6f6ff305d1e10a8df3363700d33746",
            "messageTitle": "Update user guide",
            "messageBody": "",
            "insertions": 56,
            "deletions": 4
          }
        ]
      }
    ]
  },
  "authorFinalContributionMap": {
    "t-cheepeng": 496,
    "garylyp": 281,
    "jietung": 1327,
    "weihaw08": 2780,
    "kwekke": 57
  },
  "authorFileTypeContributionMap": {
    "t-cheepeng": {
      "docs": 215,
      "tests": 0,
      "functional": 281
    },
    "garylyp": {
      "docs": 281,
      "tests": 0,
      "functional": 0
    },
    "jietung": {
      "docs": 61,
      "tests": 701,
      "functional": 564,
      "other": 1
    },
    "weihaw08": {
      "docs": 50,
      "tests": 1492,
      "functional": 1238
    },
    "kwekke": {
      "docs": 57,
      "tests": 0,
      "functional": 0
    }
  },
  "authorContributionVariance": {
    "t-cheepeng": 3534.2974,
    "garylyp": 2091.088,
    "jietung": 92697.57,
    "weihaw08": 1236633.9,
    "kwekke": 105.08048
  },
  "authorDisplayNameMap": {
    "t-cheepeng": "CS2103T-T09-2 TAN C ...  PENG",
    "garylyp": "CS2103T-T09-2 LIM Y ...  GARY",
    "jietung": "CS2103T-T09-2 CHAI  ...  TUNG",
    "weihaw08": "CS2103T-T09-2 HO WE ... I HAW",
    "kwekke": "CS2103T-T09-2 KWEK  ... EE EN"
  }
}
