{
  "authorDailyContributionsMap": {
    "t-cheepeng": [
      {
        "insertions": 2,
        "deletions": 3,
        "date": "2019-09-10",
        "commitResults": [
          {
            "hash": "e337b668ff2eb0235d4467bf39e522380a48fc15",
            "messageTitle": "Update README.adoc",
            "messageBody": "Update links to travis CI and coveralls to personal organization link.",
            "insertions": 2,
            "deletions": 2
          },
          {
            "hash": "3115284d4505de924359652a8b3afc1f951167c2",
            "messageTitle": "Update README.adoc",
            "messageBody": "Removed the codacy badge from README",
            "insertions": 0,
            "deletions": 1
          }
        ]
      },
      {
        "insertions": 2,
        "deletions": 2,
        "date": "2019-09-26",
        "commitResults": [
          {
            "hash": "1542b8e92eab471fc1a933ea72a7c130ccba4ee6",
            "messageTitle": "Update contact us doc to match ExerHealth",
            "messageBody": "",
            "insertions": 2,
            "deletions": 2
          }
        ]
      }
    ],
    "garylyp": [
      {
        "insertions": 2,
        "deletions": 2,
        "date": "2019-09-19",
        "commitResults": [
          {
            "hash": "8af053e2ab4b58cf0ad8a7d437085ffbbd08108f",
            "messageTitle": "Set up repo for local development",
            "messageBody": "",
            "insertions": 2,
            "deletions": 2
          }
        ]
      },
      {
        "insertions": 231,
        "deletions": 33,
        "date": "2019-09-28",
        "commitResults": [
          {
            "hash": "5eab3cff36f5f750b890da6e60a2457d2486dd70",
            "messageTitle": "Update Appendices A to E of Developer Guide",
            "messageBody": "",
            "insertions": 231,
            "deletions": 33
          }
        ]
      },
      {
        "insertions": 1,
        "deletions": 1,
        "date": "2019-09-29",
        "commitResults": [
          {
            "hash": "dcaff9345e972a424bfadcf7c9b399e3fdae58a9",
            "messageTitle": "Change AddressBook Level 3 to ExerHealth in title of Developer Guide",
            "messageBody": "",
            "insertions": 1,
            "deletions": 1
          }
        ]
      }
    ],
    "jietung": [],
    "weihaw08": [
      {
        "insertions": 3332,
        "deletions": 3251,
        "date": "2019-09-27",
        "commitResults": [
          {
            "hash": "42ddbbd553d08fac5a29e11868d4a7fd29b21c37",
            "messageTitle": "Refactor code base for ExerHealth",
            "messageBody": "",
            "insertions": 3279,
            "deletions": 3201
          },
          {
            "hash": "7aa91db02e203aae92659074e40f043219b40ad0",
            "messageTitle": "Make minor change to MainWindow",
            "messageBody": "",
            "insertions": 52,
            "deletions": 49
          },
          {
            "hash": "d185ea9649935f41db8ec331bc8289da48138ed1",
            "messageTitle": "Make minor changes to test cases",
            "messageBody": "",
            "insertions": 1,
            "deletions": 1
          }
        ]
      },
      {
        "insertions": 326,
        "deletions": 27,
        "date": "2019-09-28",
        "commitResults": [
          {
            "hash": "dbb21167479dce4627144072848be786bed3dc71",
            "messageTitle": "Update AboutUs",
            "messageBody": "",
            "insertions": 326,
            "deletions": 27
          }
        ]
      }
    ],
    "kwekke": [
      {
        "insertions": 5,
        "deletions": 6,
        "date": "2019-09-29",
        "commitResults": [
          {
            "hash": "419a5646488cf43bfe3ab050cb8f8f70afb550a9",
            "messageTitle": "Update README.adoc",
            "messageBody": "",
            "insertions": 5,
            "deletions": 6
          }
        ]
      }
    ]
  },
  "authorFinalContributionMap": {
    "t-cheepeng": 4,
    "garylyp": 234,
    "jietung": 0,
    "weihaw08": 3307,
    "kwekke": 5
  },
  "authorFileTypeContributionMap": {
    "t-cheepeng": {
      "docs": 4,
      "tests": 0,
      "functional": 0
    },
    "garylyp": {
      "docs": 234,
      "tests": 0,
      "functional": 0
    },
    "jietung": {
      "docs": 0,
      "tests": 0,
      "functional": 0
    },
    "weihaw08": {
      "docs": 50,
      "tests": 1840,
      "functional": 1417
    },
    "kwekke": {
      "docs": 5,
      "tests": 0,
      "functional": 0
    }
  },
  "authorContributionVariance": {
    "t-cheepeng": 1.5677084,
    "garylyp": 2778.2708,
    "jietung": 0.0,
    "weihaw08": 1727333.0,
    "kwekke": 4.831598
  },
  "authorDisplayNameMap": {
    "t-cheepeng": "CS2103T-T09-2 TAN C ...  PENG",
    "garylyp": "CS2103T-T09-2 LIM Y ...  GARY",
    "jietung": "CS2103T-T09-2 CHAI  ...  TUNG",
    "weihaw08": "CS2103T-T09-2 HO WE ... I HAW",
    "kwekke": "CS2103T-T09-2 KWEK  ... EE EN"
  }
}
