{
  "authorDailyContributionsMap": {
    "honhaochen": [],
    "pohlinwei": [],
    "tishyakhanna97": [],
    "bjhoohaha": [],
    "ngzhaoming": []
  },
  "authorFinalContributionMap": {
    "honhaochen": 0,
    "pohlinwei": 0,
    "tishyakhanna97": 0,
    "bjhoohaha": 0,
    "ngzhaoming": 0
  },
  "authorFileTypeContributionMap": {
    "honhaochen": {
      "java": 0,
      "adoc": 0,
      "fxml": 0,
      "sh": 0,
      "bat": 0,
      "gradle": 0,
      "txt": 0
    },
    "pohlinwei": {
      "java": 0,
      "adoc": 0,
      "fxml": 0,
      "sh": 0,
      "bat": 0,
      "gradle": 0,
      "txt": 0
    },
    "tishyakhanna97": {
      "java": 0,
      "adoc": 0,
      "fxml": 0,
      "sh": 0,
      "bat": 0,
      "gradle": 0,
      "txt": 0
    },
    "bjhoohaha": {
      "java": 0,
      "adoc": 0,
      "fxml": 0,
      "sh": 0,
      "bat": 0,
      "gradle": 0,
      "txt": 0
    },
    "ngzhaoming": {
      "java": 0,
      "adoc": 0,
      "fxml": 0,
      "sh": 0,
      "bat": 0,
      "gradle": 0,
      "txt": 0
    }
  },
  "authorContributionVariance": {
    "honhaochen": 0.0,
    "pohlinwei": 0.0,
    "tishyakhanna97": 0.0,
    "bjhoohaha": 0.0,
    "ngzhaoming": 0.0
  },
  "authorDisplayNameMap": {
    "honhaochen": "CS2103T-T17-2 HON H ...  CHEN",
    "pohlinwei": "CS2103T-T17-2 POH L ... N WEI",
    "tishyakhanna97": "CS2103T-T17-2 TISHY ... HANNA",
    "bjhoohaha": "CS2103T-T17-2 ONG B ... G JUE",
    "ngzhaoming": "CS2103T-T17-2 NG ZH ...  MING"
  }
}
