[
  {
    "path": "README.adoc",
    "fileType": "docs",
    "lines": [
      {
        "lineNumber": 1,
        "author": {
          "gitId": "-"
        },
        "content": "\u003d Address Book (Level 3)"
      },
      {
        "lineNumber": 2,
        "author": {
          "gitId": "-"
        },
        "content": "ifdef::env-github,env-browser[:relfileprefix: docs/]"
      },
      {
        "lineNumber": 3,
        "author": {
          "gitId": "-"
        },
        "content": ""
      },
      {
        "lineNumber": 4,
        "author": {
          "gitId": "weiijiie"
        },
        "content": "image:https://travis-ci.com/AY1920S1-CS2103T-F12-4/main.svg?branch\u003dmaster[\"Build Status\", link\u003d\"https://travis-ci.com/AY1920S1-CS2103T-F12-4/main\"]"
      },
      {
        "lineNumber": 5,
        "author": {
          "gitId": "-"
        },
        "content": "https://ci.appveyor.com/project/damithc/addressbook-level3[image:https://ci.appveyor.com/api/projects/status/3boko2x2vr5cc3w2?svg\u003dtrue[Build status]]"
      },
      {
        "lineNumber": 6,
        "author": {
          "gitId": "weiijiie"
        },
        "content": "https://coveralls.io/github/AY1920S1-CS2103T-F12-4/main?branch\u003dmaster[image:https://coveralls.io/repos/github/AY1920S1-CS2103T-F12-4/main/badge.svg?branch\u003dmaster[Coverage Status]]"
      },
      {
        "lineNumber": 7,
        "author": {
          "gitId": "-"
        },
        "content": "https://www.codacy.com/app/damith/addressbook-level3?utm_source\u003dgithub.com\u0026utm_medium\u003dreferral\u0026utm_content\u003dse-edu/addressbook-level3\u0026utm_campaign\u003dBadge_Grade[image:https://api.codacy.com/project/badge/Grade/fc0b7775cf7f4fdeaf08776f3d8e364a[Codacy Badge]]"
      },
      {
        "lineNumber": 8,
        "author": {
          "gitId": "-"
        },
        "content": ""
      },
      {
        "lineNumber": 9,
        "author": {
          "gitId": "-"
        },
        "content": "ifdef::env-github[]"
      },
      {
        "lineNumber": 10,
        "author": {
          "gitId": "-"
        },
        "content": "image::docs/images/Ui.png[width\u003d\"600\"]"
      },
      {
        "lineNumber": 11,
        "author": {
          "gitId": "-"
        },
        "content": "endif::[]"
      },
      {
        "lineNumber": 12,
        "author": {
          "gitId": "-"
        },
        "content": ""
      },
      {
        "lineNumber": 13,
        "author": {
          "gitId": "-"
        },
        "content": "ifndef::env-github[]"
      },
      {
        "lineNumber": 14,
        "author": {
          "gitId": "-"
        },
        "content": "image::images/Ui.png[width\u003d\"600\"]"
      },
      {
        "lineNumber": 15,
        "author": {
          "gitId": "-"
        },
        "content": "endif::[]"
      },
      {
        "lineNumber": 16,
        "author": {
          "gitId": "-"
        },
        "content": ""
      },
      {
        "lineNumber": 17,
        "author": {
          "gitId": "-"
        },
        "content": "* This is a desktop Address Book application. It has a GUI but most of the user interactions happen using a CLI (Command Line Interface)."
      },
      {
        "lineNumber": 18,
        "author": {
          "gitId": "-"
        },
        "content": "* It is a Java sample application intended for students learning Software Engineering while using Java as the main programming language."
      },
      {
        "lineNumber": 19,
        "author": {
          "gitId": "-"
        },
        "content": "* It is *written in OOP fashion*. It provides a *reasonably well-written* code example that is *significantly bigger* (around 6 KLoC)than what students usually write in beginner-level SE modules."
      },
      {
        "lineNumber": 20,
        "author": {
          "gitId": "-"
        },
        "content": ""
      },
      {
        "lineNumber": 21,
        "author": {
          "gitId": "-"
        },
        "content": "\u003d\u003d Site Map"
      },
      {
        "lineNumber": 22,
        "author": {
          "gitId": "-"
        },
        "content": ""
      },
      {
        "lineNumber": 23,
        "author": {
          "gitId": "-"
        },
        "content": "* \u003c\u003cUserGuide#, User Guide\u003e\u003e"
      },
      {
        "lineNumber": 24,
        "author": {
          "gitId": "-"
        },
        "content": "* \u003c\u003cDeveloperGuide#, Developer Guide\u003e\u003e"
      },
      {
        "lineNumber": 25,
        "author": {
          "gitId": "-"
        },
        "content": "* \u003c\u003cLearningOutcomes#, Learning Outcomes\u003e\u003e"
      },
      {
        "lineNumber": 26,
        "author": {
          "gitId": "-"
        },
        "content": "* \u003c\u003cAboutUs#, About Us\u003e\u003e"
      },
      {
        "lineNumber": 27,
        "author": {
          "gitId": "-"
        },
        "content": "* \u003c\u003cContactUs#, Contact Us\u003e\u003e"
      },
      {
        "lineNumber": 28,
        "author": {
          "gitId": "-"
        },
        "content": ""
      },
      {
        "lineNumber": 29,
        "author": {
          "gitId": "-"
        },
        "content": "\u003d\u003d Acknowledgements"
      },
      {
        "lineNumber": 30,
        "author": {
          "gitId": "-"
        },
        "content": ""
      },
      {
        "lineNumber": 31,
        "author": {
          "gitId": "-"
        },
        "content": "* Some parts of this sample application were inspired by the excellent http://code.makery.ch/library/javafx-8-tutorial/[Java FX tutorial] by"
      },
      {
        "lineNumber": 32,
        "author": {
          "gitId": "-"
        },
        "content": "_Marco Jakob_."
      },
      {
        "lineNumber": 33,
        "author": {
          "gitId": "-"
        },
        "content": "* Libraries used: https://openjfx.io/[JavaFX], https://github.com/FasterXML/jackson[Jackson], https://github.com/junit-team/junit5[JUnit5]"
      },
      {
        "lineNumber": 34,
        "author": {
          "gitId": "-"
        },
        "content": ""
      },
      {
        "lineNumber": 35,
        "author": {
          "gitId": "-"
        },
        "content": "\u003d\u003d Licence : link:LICENSE[MIT]"
      }
    ],
    "authorContributionMap": {
      "-": 33,
      "weiijiie": 2
    }
  },
  {
    "path": "src/main/java/seedu/address/model/record/Expense.java",
    "fileType": "functional",
    "lines": [
      {
        "lineNumber": 1,
        "author": {
          "gitId": "waynefong0401"
        },
        "content": "package seedu.address.model.record;"
      },
      {
        "lineNumber": 2,
        "author": {
          "gitId": "waynefong0401"
        },
        "content": ""
      },
      {
        "lineNumber": 3,
        "author": {
          "gitId": "waynefong0401"
        },
        "content": "import seedu.address.commons.exceptions.DataConversionException;"
      },
      {
        "lineNumber": 4,
        "author": {
          "gitId": "waynefong0401"
        },
        "content": ""
      },
      {
        "lineNumber": 5,
        "author": {
          "gitId": "waynefong0401"
        },
        "content": "public class Expense extends Record {"
      },
      {
        "lineNumber": 6,
        "author": {
          "gitId": "waynefong0401"
        },
        "content": "    private int amount;"
      },
      {
        "lineNumber": 7,
        "author": {
          "gitId": "waynefong0401"
        },
        "content": "    private static final String EXPENSE_TYPE \u003d \"expense\";"
      },
      {
        "lineNumber": 8,
        "author": {
          "gitId": "waynefong0401"
        },
        "content": ""
      },
      {
        "lineNumber": 9,
        "author": {
          "gitId": "waynefong0401"
        },
        "content": "    /**"
      },
      {
        "lineNumber": 10,
        "author": {
          "gitId": "waynefong0401"
        },
        "content": "     * Constructor for Expense."
      },
      {
        "lineNumber": 11,
        "author": {
          "gitId": "waynefong0401"
        },
        "content": "     * Throw error if there is no amount description or wrong format."
      },
      {
        "lineNumber": 12,
        "author": {
          "gitId": "waynefong0401"
        },
        "content": "     *"
      },
      {
        "lineNumber": 13,
        "author": {
          "gitId": "waynefong0401"
        },
        "content": "     * @param description  Description for the Expense."
      },
      {
        "lineNumber": 14,
        "author": {
          "gitId": "waynefong0401"
        },
        "content": "     * @param amount  Amount for the Expense Record."
      },
      {
        "lineNumber": 15,
        "author": {
          "gitId": "waynefong0401"
        },
        "content": "     * @throws DataConversionException  If details missing or in wrong format."
      },
      {
        "lineNumber": 16,
        "author": {
          "gitId": "waynefong0401"
        },
        "content": "     */"
      },
      {
        "lineNumber": 17,
        "author": {
          "gitId": "waynefong0401"
        },
        "content": "    public Expense(String description, String amount) throws DataConversionException {"
      },
      {
        "lineNumber": 18,
        "author": {
          "gitId": "waynefong0401"
        },
        "content": "        super(description);"
      },
      {
        "lineNumber": 19,
        "author": {
          "gitId": "waynefong0401"
        },
        "content": "        try {"
      },
      {
        "lineNumber": 20,
        "author": {
          "gitId": "waynefong0401"
        },
        "content": "            if (amount.isBlank()) {"
      },
      {
        "lineNumber": 21,
        "author": {
          "gitId": "waynefong0401"
        },
        "content": "//                throw new DataConversionException();"
      },
      {
        "lineNumber": 22,
        "author": {
          "gitId": "waynefong0401"
        },
        "content": "            }"
      },
      {
        "lineNumber": 23,
        "author": {
          "gitId": "waynefong0401"
        },
        "content": "            this.amount \u003d Integer.parseInt(amount);"
      },
      {
        "lineNumber": 24,
        "author": {
          "gitId": "waynefong0401"
        },
        "content": "        } catch (NumberFormatException e) {"
      },
      {
        "lineNumber": 25,
        "author": {
          "gitId": "waynefong0401"
        },
        "content": "//            throw new DataConversionException();"
      },
      {
        "lineNumber": 26,
        "author": {
          "gitId": "waynefong0401"
        },
        "content": "        }"
      },
      {
        "lineNumber": 27,
        "author": {
          "gitId": "waynefong0401"
        },
        "content": "    }"
      },
      {
        "lineNumber": 28,
        "author": {
          "gitId": "waynefong0401"
        },
        "content": ""
      },
      {
        "lineNumber": 29,
        "author": {
          "gitId": "waynefong0401"
        },
        "content": "    /**"
      },
      {
        "lineNumber": 30,
        "author": {
          "gitId": "waynefong0401"
        },
        "content": "     * Constructor for Expense."
      },
      {
        "lineNumber": 31,
        "author": {
          "gitId": "waynefong0401"
        },
        "content": "     * Throw error if there is no amount description or wrong format."
      },
      {
        "lineNumber": 32,
        "author": {
          "gitId": "waynefong0401"
        },
        "content": "     *"
      },
      {
        "lineNumber": 33,
        "author": {
          "gitId": "waynefong0401"
        },
        "content": "     * @param desc  Description for the Expense Record."
      },
      {
        "lineNumber": 34,
        "author": {
          "gitId": "waynefong0401"
        },
        "content": "     * @throws DataConversionException  If details missing or in wrong format."
      },
      {
        "lineNumber": 35,
        "author": {
          "gitId": "waynefong0401"
        },
        "content": "     */"
      },
      {
        "lineNumber": 36,
        "author": {
          "gitId": "waynefong0401"
        },
        "content": "    public Expense(String desc) throws DataConversionException {"
      },
      {
        "lineNumber": 37,
        "author": {
          "gitId": "waynefong0401"
        },
        "content": "        super();"
      },
      {
        "lineNumber": 38,
        "author": {
          "gitId": "waynefong0401"
        },
        "content": "        if (desc.trim().isBlank()) {"
      },
      {
        "lineNumber": 39,
        "author": {
          "gitId": "waynefong0401"
        },
        "content": "//            throw new DataConversionException(EXPENSE_TYPE);"
      },
      {
        "lineNumber": 40,
        "author": {
          "gitId": "waynefong0401"
        },
        "content": "        }"
      },
      {
        "lineNumber": 41,
        "author": {
          "gitId": "waynefong0401"
        },
        "content": "        try {"
      },
      {
        "lineNumber": 42,
        "author": {
          "gitId": "waynefong0401"
        },
        "content": "            String[] details \u003d desc.split(\"/\", 2);"
      },
      {
        "lineNumber": 43,
        "author": {
          "gitId": "waynefong0401"
        },
        "content": "            description \u003d details[0];"
      },
      {
        "lineNumber": 44,
        "author": {
          "gitId": "waynefong0401"
        },
        "content": "            amount \u003d Integer.parseInt(details[1]);"
      },
      {
        "lineNumber": 45,
        "author": {
          "gitId": "waynefong0401"
        },
        "content": "        } catch (ArrayIndexOutOfBoundsException e) {"
      },
      {
        "lineNumber": 46,
        "author": {
          "gitId": "waynefong0401"
        },
        "content": "//            throw new DataConversionException(EXPENSE_TYPE);"
      },
      {
        "lineNumber": 47,
        "author": {
          "gitId": "waynefong0401"
        },
        "content": "        }"
      },
      {
        "lineNumber": 48,
        "author": {
          "gitId": "waynefong0401"
        },
        "content": "    }"
      },
      {
        "lineNumber": 49,
        "author": {
          "gitId": "waynefong0401"
        },
        "content": ""
      },
      {
        "lineNumber": 50,
        "author": {
          "gitId": "waynefong0401"
        },
        "content": "    /**"
      },
      {
        "lineNumber": 51,
        "author": {
          "gitId": "waynefong0401"
        },
        "content": "     * Constructor for Expense Record."
      },
      {
        "lineNumber": 52,
        "author": {
          "gitId": "waynefong0401"
        },
        "content": "     * Throw error if there is no time description or wrong format."
      },
      {
        "lineNumber": 53,
        "author": {
          "gitId": "waynefong0401"
        },
        "content": "     *"
      },
      {
        "lineNumber": 54,
        "author": {
          "gitId": "waynefong0401"
        },
        "content": "     * @param recordDetails  Details for the Expense Record."
      },
      {
        "lineNumber": 55,
        "author": {
          "gitId": "waynefong0401"
        },
        "content": "     * @throws DataConversionException  If details missing or in wrong format."
      },
      {
        "lineNumber": 56,
        "author": {
          "gitId": "waynefong0401"
        },
        "content": "     */"
      },
      {
        "lineNumber": 57,
        "author": {
          "gitId": "waynefong0401"
        },
        "content": "    public Expense(String[] recordDetails) throws DataConversionException {"
      },
      {
        "lineNumber": 58,
        "author": {
          "gitId": "waynefong0401"
        },
        "content": "        super();"
      },
      {
        "lineNumber": 59,
        "author": {
          "gitId": "waynefong0401"
        },
        "content": "        try {"
      },
      {
        "lineNumber": 60,
        "author": {
          "gitId": "waynefong0401"
        },
        "content": "            description \u003d recordDetails[1];"
      },
      {
        "lineNumber": 61,
        "author": {
          "gitId": "waynefong0401"
        },
        "content": "            amount \u003d Integer.parseInt(recordDetails[2]);"
      },
      {
        "lineNumber": 62,
        "author": {
          "gitId": "waynefong0401"
        },
        "content": "        } catch (ArrayIndexOutOfBoundsException e) {"
      },
      {
        "lineNumber": 63,
        "author": {
          "gitId": "waynefong0401"
        },
        "content": "//            throw new DataConversionException(super());"
      },
      {
        "lineNumber": 64,
        "author": {
          "gitId": "waynefong0401"
        },
        "content": "        }"
      },
      {
        "lineNumber": 65,
        "author": {
          "gitId": "waynefong0401"
        },
        "content": "    }"
      },
      {
        "lineNumber": 66,
        "author": {
          "gitId": "waynefong0401"
        },
        "content": ""
      },
      {
        "lineNumber": 67,
        "author": {
          "gitId": "waynefong0401"
        },
        "content": "    public String getPrintableMsg() {"
      },
      {
        "lineNumber": 68,
        "author": {
          "gitId": "waynefong0401"
        },
        "content": "        return \"EX | \" + description + \" | \" + amount;"
      },
      {
        "lineNumber": 69,
        "author": {
          "gitId": "waynefong0401"
        },
        "content": "    }"
      },
      {
        "lineNumber": 70,
        "author": {
          "gitId": "waynefong0401"
        },
        "content": ""
      },
      {
        "lineNumber": 71,
        "author": {
          "gitId": "waynefong0401"
        },
        "content": "    @Override"
      },
      {
        "lineNumber": 72,
        "author": {
          "gitId": "waynefong0401"
        },
        "content": "    public String toString() {"
      },
      {
        "lineNumber": 73,
        "author": {
          "gitId": "waynefong0401"
        },
        "content": "        return String.format(\"[EX] %s (amount: %d)\",description,amount);"
      },
      {
        "lineNumber": 74,
        "author": {
          "gitId": "waynefong0401"
        },
        "content": "    }"
      },
      {
        "lineNumber": 75,
        "author": {
          "gitId": "waynefong0401"
        },
        "content": "}"
      }
    ],
    "authorContributionMap": {
      "waynefong0401": 75
    }
  },
  {
    "path": "src/main/java/seedu/address/model/record/Record.java",
    "fileType": "functional",
    "lines": [
      {
        "lineNumber": 1,
        "author": {
          "gitId": "waynefong0401"
        },
        "content": "package seedu.address.model.record;"
      },
      {
        "lineNumber": 2,
        "author": {
          "gitId": "waynefong0401"
        },
        "content": ""
      },
      {
        "lineNumber": 3,
        "author": {
          "gitId": "waynefong0401"
        },
        "content": ""
      },
      {
        "lineNumber": 4,
        "author": {
          "gitId": "waynefong0401"
        },
        "content": "import seedu.address.commons.exceptions.DataConversionException;"
      },
      {
        "lineNumber": 5,
        "author": {
          "gitId": "waynefong0401"
        },
        "content": ""
      },
      {
        "lineNumber": 6,
        "author": {
          "gitId": "waynefong0401"
        },
        "content": "import javax.xml.crypto.Data;"
      },
      {
        "lineNumber": 7,
        "author": {
          "gitId": "waynefong0401"
        },
        "content": ""
      },
      {
        "lineNumber": 8,
        "author": {
          "gitId": "waynefong0401"
        },
        "content": "public abstract class Record {"
      },
      {
        "lineNumber": 9,
        "author": {
          "gitId": "waynefong0401"
        },
        "content": "    protected String description;"
      },
      {
        "lineNumber": 10,
        "author": {
          "gitId": "waynefong0401"
        },
        "content": "    protected boolean isDone;"
      },
      {
        "lineNumber": 11,
        "author": {
          "gitId": "waynefong0401"
        },
        "content": ""
      },
      {
        "lineNumber": 12,
        "author": {
          "gitId": "waynefong0401"
        },
        "content": "    public Record() {"
      },
      {
        "lineNumber": 13,
        "author": {
          "gitId": "waynefong0401"
        },
        "content": "        isDone \u003d false;"
      },
      {
        "lineNumber": 14,
        "author": {
          "gitId": "waynefong0401"
        },
        "content": "    }"
      },
      {
        "lineNumber": 15,
        "author": {
          "gitId": "waynefong0401"
        },
        "content": ""
      },
      {
        "lineNumber": 16,
        "author": {
          "gitId": "waynefong0401"
        },
        "content": "    public Record(String description) {"
      },
      {
        "lineNumber": 17,
        "author": {
          "gitId": "waynefong0401"
        },
        "content": "        this.description \u003d description;"
      },
      {
        "lineNumber": 18,
        "author": {
          "gitId": "waynefong0401"
        },
        "content": "    }"
      },
      {
        "lineNumber": 19,
        "author": {
          "gitId": "waynefong0401"
        },
        "content": ""
      },
      {
        "lineNumber": 20,
        "author": {
          "gitId": "waynefong0401"
        },
        "content": "    /**"
      },
      {
        "lineNumber": 21,
        "author": {
          "gitId": "waynefong0401"
        },
        "content": "     * Constructor for Expense."
      },
      {
        "lineNumber": 22,
        "author": {
          "gitId": "waynefong0401"
        },
        "content": "     * Throw error if there is no amount description or wrong format."
      },
      {
        "lineNumber": 23,
        "author": {
          "gitId": "waynefong0401"
        },
        "content": "     *"
      },
      {
        "lineNumber": 24,
        "author": {
          "gitId": "waynefong0401"
        },
        "content": "     * @param desc  Description for the Record."
      },
      {
        "lineNumber": 25,
        "author": {
          "gitId": "waynefong0401"
        },
        "content": "     * @param recordType Type for the record."
      },
      {
        "lineNumber": 26,
        "author": {
          "gitId": "waynefong0401"
        },
        "content": "     * @throws DataConversionException  If details missing or in wrong format."
      },
      {
        "lineNumber": 27,
        "author": {
          "gitId": "waynefong0401"
        },
        "content": "     */"
      },
      {
        "lineNumber": 28,
        "author": {
          "gitId": "waynefong0401"
        },
        "content": "    public Record(String desc, String recordType) throws DataConversionException {"
      },
      {
        "lineNumber": 29,
        "author": {
          "gitId": "waynefong0401"
        },
        "content": "        if (desc.isBlank()) {"
      },
      {
        "lineNumber": 30,
        "author": {
          "gitId": "waynefong0401"
        },
        "content": "//            throw new DataConversionException(recordType);"
      },
      {
        "lineNumber": 31,
        "author": {
          "gitId": "waynefong0401"
        },
        "content": "        } else {"
      },
      {
        "lineNumber": 32,
        "author": {
          "gitId": "waynefong0401"
        },
        "content": "            description \u003d desc;"
      },
      {
        "lineNumber": 33,
        "author": {
          "gitId": "waynefong0401"
        },
        "content": "            isDone \u003d false;"
      },
      {
        "lineNumber": 34,
        "author": {
          "gitId": "waynefong0401"
        },
        "content": "        }"
      },
      {
        "lineNumber": 35,
        "author": {
          "gitId": "waynefong0401"
        },
        "content": "    }"
      },
      {
        "lineNumber": 36,
        "author": {
          "gitId": "waynefong0401"
        },
        "content": ""
      },
      {
        "lineNumber": 37,
        "author": {
          "gitId": "waynefong0401"
        },
        "content": "    public Record taskDone() {"
      },
      {
        "lineNumber": 38,
        "author": {
          "gitId": "waynefong0401"
        },
        "content": "        isDone \u003d true;"
      },
      {
        "lineNumber": 39,
        "author": {
          "gitId": "waynefong0401"
        },
        "content": "        return this;"
      },
      {
        "lineNumber": 40,
        "author": {
          "gitId": "waynefong0401"
        },
        "content": "    }"
      },
      {
        "lineNumber": 41,
        "author": {
          "gitId": "waynefong0401"
        },
        "content": ""
      },
      {
        "lineNumber": 42,
        "author": {
          "gitId": "waynefong0401"
        },
        "content": "    public abstract String getPrintableMsg();"
      },
      {
        "lineNumber": 43,
        "author": {
          "gitId": "waynefong0401"
        },
        "content": ""
      },
      {
        "lineNumber": 44,
        "author": {
          "gitId": "waynefong0401"
        },
        "content": "    public String getDescription() {"
      },
      {
        "lineNumber": 45,
        "author": {
          "gitId": "waynefong0401"
        },
        "content": "        return description;"
      },
      {
        "lineNumber": 46,
        "author": {
          "gitId": "waynefong0401"
        },
        "content": "    }"
      },
      {
        "lineNumber": 47,
        "author": {
          "gitId": "waynefong0401"
        },
        "content": "}"
      }
    ],
    "authorContributionMap": {
      "waynefong0401": 47
    }
  }
]
