{
  "authorDailyContributionsMap": {
    "Davidcwh": [
      {
        "insertions": 19,
        "deletions": 19,
        "date": "2019-09-27",
        "commitResults": [
          {
            "hash": "bb0591623a9559e0d88ed78aecc9e1aa13bbb990",
            "messageTitle": "Updated names, roles and links in AboutUs (no pictures yet)",
            "messageBody": "",
            "insertions": 19,
            "deletions": 19
          }
        ]
      },
      {
        "insertions": 4,
        "deletions": 4,
        "date": "2019-09-29",
        "commitResults": [
          {
            "hash": "e3c5ece8fa89ea01b3124a91aec4c5e4febfed0b",
            "messageTitle": "Updated pictures in AboutUs",
            "messageBody": "",
            "insertions": 4,
            "deletions": 4
          }
        ]
      },
      {
        "insertions": 220,
        "deletions": 19,
        "date": "2019-10-02",
        "commitResults": [
          {
            "hash": "05bb264c963957d4af600e2b631fddaec4695e3e",
            "messageTitle": "sync upstream with fork test",
            "messageBody": "",
            "insertions": 1,
            "deletions": 1
          },
          {
            "hash": "4e28cd36a1f61b161b575bf84a9cc6b228bb9d27",
            "messageTitle": "Updated Developer Guide (user stories, use cases, NFRs, glossary)",
            "messageBody": "",
            "insertions": 219,
            "deletions": 18
          }
        ]
      },
      {
        "insertions": 243,
        "deletions": 42,
        "date": "2019-10-03",
        "commitResults": [
          {
            "hash": "b1e97f53b67a9fc63afc41726d70bcd429ec2826",
            "messageTitle": "Updated names, roles and links in AboutUs (no pictures yet)",
            "messageBody": "",
            "insertions": 19,
            "deletions": 19
          },
          {
            "hash": "4f808afe83fd12a6360c79ec91bcbbf1b098dd07",
            "messageTitle": "Updated pictures in AboutUs",
            "messageBody": "",
            "insertions": 4,
            "deletions": 4
          },
          {
            "hash": "4a9a0f32fe57a11366cbdae50ad016d12b573ee2",
            "messageTitle": "sync upstream with fork test",
            "messageBody": "",
            "insertions": 1,
            "deletions": 1
          },
          {
            "hash": "9ef99e2f2cdc43f33765976902ecdc478a22d988",
            "messageTitle": "Updated Developer Guide (user stories, use cases, NFRs, glossary)",
            "messageBody": "",
            "insertions": 219,
            "deletions": 18
          }
        ]
      },
      {
        "insertions": 38,
        "deletions": 38,
        "date": "2019-10-07",
        "commitResults": [
          {
            "hash": "53b2b0cb3d4ce7a62b23b48bdca211173a83572a",
            "messageTitle": "Changed \"Financial Tracker\" to \"Billboard\" in User Guide",
            "messageBody": "",
            "insertions": 4,
            "deletions": 4
          },
          {
            "hash": "2636279e635c29e2b20018dc2a2813eaed281a91",
            "messageTitle": "Changed \"Financial Tracker\" to \"Billboard\" in Developer Guide",
            "messageBody": "",
            "insertions": 32,
            "deletions": 32
          },
          {
            "hash": "81aef8808ed43522f50a0a04278bc1a5e426f9a9",
            "messageTitle": "Changed \"Financial Tracker\" to \"Billboard\" in README",
            "messageBody": "",
            "insertions": 1,
            "deletions": 1
          },
          {
            "hash": "b5dec28ade936aed271cdce2809d5bd5fc333114",
            "messageTitle": "Minor change in Developer guide",
            "messageBody": "",
            "insertions": 1,
            "deletions": 1
          }
        ]
      },
      {
        "insertions": 9,
        "deletions": 38,
        "date": "2019-10-10",
        "commitResults": [
          {
            "hash": "f8f2f4d6b02c926edbacb232717c02decf6fd1e1",
            "messageTitle": "Fixed addressbooktest failures",
            "messageBody": "",
            "insertions": 4,
            "deletions": 6
          },
          {
            "hash": "d4024a16800c127ce94b747def90c17dafd0aa29",
            "messageTitle": "Fixed JsonAdaptedExpenseTest failures",
            "messageBody": "",
            "insertions": 4,
            "deletions": 31
          },
          {
            "hash": "370e6f81e5986a2937a6c8a127accab557a5f704",
            "messageTitle": "Resolved FindCommandTest failure",
            "messageBody": "",
            "insertions": 1,
            "deletions": 1
          }
        ]
      },
      {
        "insertions": 7,
        "deletions": 7,
        "date": "2019-10-11",
        "commitResults": [
          {
            "hash": "38f7c06349c9a237218e7f596b588c44c2e433a4",
            "messageTitle": "Unresolved JsonAddressBookStorageTest",
            "messageBody": "",
            "insertions": 7,
            "deletions": 7
          }
        ]
      }
    ],
    "xinmingzh": [
      {
        "insertions": 3,
        "deletions": 2,
        "date": "2019-10-01",
        "commitResults": [
          {
            "hash": "577181dfed5152869f7e29b656dbe0fa28775e6f",
            "messageTitle": "Personalize ContactUs page",
            "messageBody": "",
            "insertions": 3,
            "deletions": 2
          }
        ]
      },
      {
        "insertions": 21,
        "deletions": 16,
        "date": "2019-10-03",
        "commitResults": [
          {
            "hash": "7d4f02621dd1364dbd08e7d0dd6a85be4b98ad28",
            "messageTitle": "Update ui image for readme doc",
            "messageBody": "",
            "insertions": 4,
            "deletions": 4
          },
          {
            "hash": "449511e28e2c594af958266e4445903d49fdc805",
            "messageTitle": "Update readme and contact us doc",
            "messageBody": "",
            "insertions": 2,
            "deletions": 3
          },
          {
            "hash": "e5eb354644d5af80dcf9c0759cf6df7c28ce14af",
            "messageTitle": "Update readme: credit se-edu and add target users",
            "messageBody": "",
            "insertions": 6,
            "deletions": 0
          },
          {
            "hash": "85b85e300e802f27ae20bf54dbc49616c7ae57db",
            "messageTitle": "Personalize ContactUs page",
            "messageBody": "",
            "insertions": 3,
            "deletions": 2
          },
          {
            "hash": "e553ca9780195ca334fdf345ffd7a8573f08577c",
            "messageTitle": "Update ui image for readme doc",
            "messageBody": "",
            "insertions": 4,
            "deletions": 4
          },
          {
            "hash": "6666a5f44abf93b6d6cdde38f83e1e77978227d4",
            "messageTitle": "Update readme and contact us doc",
            "messageBody": "",
            "insertions": 2,
            "deletions": 3
          }
        ]
      },
      {
        "insertions": 1,
        "deletions": 1,
        "date": "2019-10-09",
        "commitResults": [
          {
            "hash": "7eee4c31ee9cfcfde201227503cbeda0b7333482",
            "messageTitle": "Update download link to app in user guide",
            "messageBody": "",
            "insertions": 1,
            "deletions": 1
          }
        ]
      }
    ],
    "waifonglee": [
      {
        "insertions": 6,
        "deletions": 4,
        "date": "2019-10-10",
        "commitResults": [
          {
            "hash": "19495111754ce3f6eab7968a5533be6a949d6516",
            "messageTitle": "resolve Namecontainskeywordspredicatetest failure",
            "messageBody": "",
            "insertions": 1,
            "deletions": 1
          },
          {
            "hash": "3691f04a5f8450c2ffa5e5d54ad309ec34c46f2a",
            "messageTitle": "fixed AddCommandParserTest error",
            "messageBody": "",
            "insertions": 5,
            "deletions": 3
          }
        ]
      },
      {
        "insertions": 133,
        "deletions": 190,
        "date": "2019-10-11",
        "commitResults": [
          {
            "hash": "049cf62ca05f16fa9a248abc31d2dbc85bafea9d",
            "messageTitle": "fixed checkstyleMain errors",
            "messageBody": "",
            "insertions": 74,
            "deletions": 179
          },
          {
            "hash": "73014534d981acd542e10a6852554527de71bbba",
            "messageTitle": "wrote parserutil Tests and made changes to some code to make desc optional",
            "messageBody": "",
            "insertions": 59,
            "deletions": 11
          }
        ]
      },
      {
        "insertions": 68,
        "deletions": 3,
        "date": "2019-10-13",
        "commitResults": [
          {
            "hash": "5189fe9b4c4df029a48b75dbee9f28a7cd67f12c",
            "messageTitle": "Implemented UniqueTagList partially",
            "messageBody": "",
            "insertions": 45,
            "deletions": 0
          },
          {
            "hash": "b623a6cc6a85d3a0b1ad3bbd0ddd8a11c999c12e",
            "messageTitle": "implemented retrieveTags in uniquetaglist",
            "messageBody": "",
            "insertions": 23,
            "deletions": 3
          }
        ]
      },
      {
        "insertions": 27,
        "deletions": 0,
        "date": "2019-10-14",
        "commitResults": [
          {
            "hash": "641f90ceed455c038b666636d0ba06f394ab0ebc",
            "messageTitle": "implement containstagpredicate.java",
            "messageBody": "",
            "insertions": 27,
            "deletions": 0
          }
        ]
      },
      {
        "insertions": 693,
        "deletions": 15,
        "date": "2019-10-15",
        "commitResults": [
          {
            "hash": "06720969e2337fd51fba4d622a95e618b28f5ca6",
            "messageTitle": "write tests and implementation of add tag",
            "messageBody": "",
            "insertions": 689,
            "deletions": 12
          },
          {
            "hash": "450b62acd38f373fa8959102229bf8a5c08334b7",
            "messageTitle": "change AddTagCommand Message_Usage",
            "messageBody": "",
            "insertions": 3,
            "deletions": 2
          },
          {
            "hash": "9bed2901e424696d3885002c48e42d6312d1dbe5",
            "messageTitle": "change method name of test in containsTagPredicateTest",
            "messageBody": "",
            "insertions": 1,
            "deletions": 1
          }
        ]
      }
    ],
    "waynefong0401": [
      {
        "insertions": 122,
        "deletions": 0,
        "date": "2019-09-19",
        "commitResults": [
          {
            "hash": "fa3e3e13439ef82d9b2372a80850f583443f8db1",
            "messageTitle": "Add abstract class record.java and expense.java which extends record",
            "messageBody": "",
            "insertions": 122,
            "deletions": 0
          }
        ]
      },
      {
        "insertions": 16,
        "deletions": 18,
        "date": "2019-09-30",
        "commitResults": [
          {
            "hash": "d93f24566c063066db5709f9fe423696e6640700",
            "messageTitle": "Correct Checkstyle error in  Expense.java and Record.java.",
            "messageBody": "",
            "insertions": 14,
            "deletions": 16
          },
          {
            "hash": "353ef71c6f01706c2660e550df0d9db2ebd351be",
            "messageTitle": "Correct grammar error",
            "messageBody": "",
            "insertions": 1,
            "deletions": 1
          },
          {
            "hash": "b138111820bad42edd9cb7b86b60929baed13484",
            "messageTitle": "Testing Travis",
            "messageBody": "",
            "insertions": 1,
            "deletions": 1
          }
        ]
      },
      {
        "insertions": 18,
        "deletions": 0,
        "date": "2019-10-03",
        "commitResults": [
          {
            "hash": "e504b86991a659ebff56dafa610c7ddf25869ede",
            "messageTitle": "Sample test class added for Expense.java",
            "messageBody": "",
            "insertions": 16,
            "deletions": 0
          },
          {
            "hash": "c6e737497e681588a04f24c0982a7bfe459eecff",
            "messageTitle": "Add empty return for test case",
            "messageBody": "",
            "insertions": 2,
            "deletions": 0
          }
        ]
      },
      {
        "insertions": 10,
        "deletions": 9,
        "date": "2019-10-04",
        "commitResults": [
          {
            "hash": "640ef3a2a244aa5c4df0aea248c611c843632c45",
            "messageTitle": "Add new line to EOF of ExpenseTest.java",
            "messageBody": "",
            "insertions": 1,
            "deletions": 1
          },
          {
            "hash": "f246ad4ac3d36f617534be08b87250a313f8b89b",
            "messageTitle": "Remove * import from test class",
            "messageBody": "",
            "insertions": 2,
            "deletions": 1
          },
          {
            "hash": "6649fa46f1ccebd16727d9054ea05fcc2900cb1c",
            "messageTitle": "comment out unused import",
            "messageBody": "",
            "insertions": 2,
            "deletions": 2
          },
          {
            "hash": "cdcf921a6b4303f8bab0890439ae535fdde1c611",
            "messageTitle": "no message",
            "messageBody": "",
            "insertions": 2,
            "deletions": 2
          },
          {
            "hash": "2553ddaaf33a4674b59f025812e6eddcdc420a27",
            "messageTitle": "no message",
            "messageBody": "",
            "insertions": 1,
            "deletions": 1
          },
          {
            "hash": "0c36f99d8988283018b92e97991463380d3c1dd0",
            "messageTitle": "Update site-name to \"Financial Tracker\" in build.gradle",
            "messageBody": "",
            "insertions": 1,
            "deletions": 1
          },
          {
            "hash": "f61c782e6241ce5c931c2d70c4d8b7e9c63e75cc",
            "messageTitle": "Update the github url",
            "messageBody": "",
            "insertions": 1,
            "deletions": 1
          }
        ]
      },
      {
        "insertions": 757,
        "deletions": 757,
        "date": "2019-10-07",
        "commitResults": [
          {
            "hash": "357f64a5faf6a468ee72421892ec567d0709a5e7",
            "messageTitle": "Changing address book to billboard.",
            "messageBody": "",
            "insertions": 757,
            "deletions": 756
          },
          {
            "hash": "ce56b3349eac554d92e7cb9dbd3cfe8563983317",
            "messageTitle": "Delete comment",
            "messageBody": "",
            "insertions": 0,
            "deletions": 1
          }
        ]
      },
      {
        "insertions": 1522,
        "deletions": 1458,
        "date": "2019-10-10",
        "commitResults": [
          {
            "hash": "e4771189c81b509ddecdba669141542068b54b3c",
            "messageTitle": "Change from Address book level 3 to Billboard",
            "messageBody": "",
            "insertions": 1349,
            "deletions": 1236
          },
          {
            "hash": "4abce9806cc578080ee5108850580fda709bb031",
            "messageTitle": "EditCmd debug finished",
            "messageBody": "",
            "insertions": 7,
            "deletions": 3
          },
          {
            "hash": "ddcf08cab7ce636aa3fb4022f3f1c36b824b488a",
            "messageTitle": "Debug all equals test case error",
            "messageBody": "",
            "insertions": 14,
            "deletions": 23
          },
          {
            "hash": "2f43272db8de0fd0aa10895786e4d697399d6b1d",
            "messageTitle": "Debug JsonAdaptedExpenseTest.java",
            "messageBody": "",
            "insertions": 136,
            "deletions": 161
          },
          {
            "hash": "b09b3c98f71a96d7a7699cab78bb3e0de8566d5b",
            "messageTitle": "Debug EditCommandParserTest.java, left one test case unsolved",
            "messageBody": "",
            "insertions": 16,
            "deletions": 35
          }
        ]
      },
      {
        "insertions": 43,
        "deletions": 48,
        "date": "2019-10-11",
        "commitResults": [
          {
            "hash": "8ad927f5a55577fdcf7ecf164e653caeb8c2e347",
            "messageTitle": "Correct checkstyle for test classes",
            "messageBody": "",
            "insertions": 43,
            "deletions": 48
          }
        ]
      }
    ],
    "weiijiie": [
      {
        "insertions": 1,
        "deletions": 1,
        "date": "2019-09-12",
        "commitResults": [
          {
            "hash": "15cf51106fcbc4b7ae56308934ac0e79a131422d",
            "messageTitle": "Change build status badge to reflect our own repo\u0027s build status",
            "messageBody": "",
            "insertions": 1,
            "deletions": 1
          }
        ]
      },
      {
        "insertions": 1,
        "deletions": 2,
        "date": "2019-09-13",
        "commitResults": [
          {
            "hash": "3b597d92704bfba0ec4f1407c3f01896daccef46",
            "messageTitle": "Remove gitter chat badge",
            "messageBody": "",
            "insertions": 0,
            "deletions": 1
          },
          {
            "hash": "4d0b91a47eca6ecad3630030b49c0c6b5796616a",
            "messageTitle": "Change coveralls badge to use badge for own repo",
            "messageBody": "",
            "insertions": 1,
            "deletions": 1
          }
        ]
      },
      {
        "insertions": 351,
        "deletions": 118,
        "date": "2019-10-02",
        "commitResults": [
          {
            "hash": "bf750708c99f2753ed64cf4d128234858c571248",
            "messageTitle": "Updated User Guide to project specific one",
            "messageBody": "",
            "insertions": 351,
            "deletions": 115
          },
          {
            "hash": "92e2e34c77b8d4af81a4997539146f7fa389e11e",
            "messageTitle": "Fixed extra section dividers issue",
            "messageBody": "",
            "insertions": 0,
            "deletions": 3
          }
        ]
      },
      {
        "insertions": 351,
        "deletions": 118,
        "date": "2019-10-03",
        "commitResults": [
          {
            "hash": "bb0df24a9f40600714dc477f4cf4f91415999573",
            "messageTitle": "Updated User Guide to project specific one",
            "messageBody": "",
            "insertions": 351,
            "deletions": 115
          },
          {
            "hash": "49d1658773d694f83e606be9d03ea084858b1346",
            "messageTitle": "Fixed extra section dividers issue",
            "messageBody": "",
            "insertions": 0,
            "deletions": 3
          }
        ]
      },
      {
        "insertions": 1242,
        "deletions": 1538,
        "date": "2019-10-10",
        "commitResults": [
          {
            "hash": "f47fb7027ce2064b630673383ab995df7a17566f",
            "messageTitle": "Refactoring names of some methods",
            "messageBody": "",
            "insertions": 569,
            "deletions": 744
          },
          {
            "hash": "89d8d96d03b671f3ff073d2e8c3aff31a3028135",
            "messageTitle": "Continued refactoring of names of methods and fixing invalid params",
            "messageBody": "Removed certain test cases that were no longer valid due to changing of\nmodels\n",
            "insertions": 515,
            "deletions": 622
          },
          {
            "hash": "da65c62bdd8205e34eca107038a7496d429ea77c",
            "messageTitle": "Final fix of compile errors resulting from model refactoring",
            "messageBody": "Changed most instances of assertTrue(a.equals(b)) to assertEquals(a, b).\nAlso changed a test tag slightly to resolve some test case failures\n",
            "insertions": 139,
            "deletions": 141
          },
          {
            "hash": "e112046410d4de373cb23e41611675c466cf1bf5",
            "messageTitle": "Fixed names in one line that was left out",
            "messageBody": "",
            "insertions": 5,
            "deletions": 5
          },
          {
            "hash": "e379a58124ceb7072ce81fd3a933f307869adfe7",
            "messageTitle": "Deleted obsolete test in UniqueExpenseListTest",
            "messageBody": "Expenses now have no concept of \"identity\"\n",
            "insertions": 0,
            "deletions": 8
          },
          {
            "hash": "8e11259f7a049c3f6c3d5d60e371946ce5f16635",
            "messageTitle": "Fixed failing test in EditCommandParserTest",
            "messageBody": "Test was failing because preix for name was not included in the\ntokenizer, causing a parse error\n",
            "insertions": 14,
            "deletions": 18
          }
        ]
      },
      {
        "insertions": 509,
        "deletions": 538,
        "date": "2019-10-11",
        "commitResults": [
          {
            "hash": "23199ecd7fdaa5ee717a355e4d6d3043b813f703",
            "messageTitle": "Fixed another failing test in EditCommandParserTest",
            "messageBody": "Test was failing because actual and expected values were just not\naligned properly. Changed actual to fit what should be expected.\n",
            "insertions": 6,
            "deletions": 3
          },
          {
            "hash": "5181de1eefe39392502bbcfe1f811cda2c5e83be",
            "messageTitle": "Fixed not setting name in constructor of EditExpenseDescriptorBuilder",
            "messageBody": "Left out setting of the name.\n",
            "insertions": 13,
            "deletions": 9
          },
          {
            "hash": "7f4740735e6a804ad96f5271a5f946751dec89dd",
            "messageTitle": "Fixed misleading variable name",
            "messageBody": "",
            "insertions": 12,
            "deletions": 35
          },
          {
            "hash": "81846fd9ca1eb2acbb7cc4ab6e378bb582b9b4f0",
            "messageTitle": "Fixed file path name which was causing failing test",
            "messageBody": "Also renamed JSON serialized expenses attribute to actually use\n\"expenses\" instead of the old \"persons\" and updated JSON files to match\n",
            "insertions": 10,
            "deletions": 9
          },
          {
            "hash": "dc1933316829435460c2229f4912581c4ffda01f",
            "messageTitle": "Fix unused imports in ParserUtilTest",
            "messageBody": "",
            "insertions": 2,
            "deletions": 5
          },
          {
            "hash": "50f5bbf25f3af611adede5bcbb99d697dc494ee1",
            "messageTitle": "Exhaustive renaming of Person to Expense and AddressBook to Billboard",
            "messageBody": "Rename almost all instances of Person and AddressBook in method, class,\nvariable names and file paths to Expense and AddressBook. Excluded\nUi classes to be refactored in the future when work on Ui begins.\n",
            "insertions": 464,
            "deletions": 473
          },
          {
            "hash": "8d966c8a9a7dc4704d95f2672b3735c22f740659",
            "messageTitle": "Fix small checkstyle error",
            "messageBody": "",
            "insertions": 2,
            "deletions": 2
          },
          {
            "hash": "18db6a1c3e3ce1667e8236118779c68eb7224ee6",
            "messageTitle": "Fix more small checkstyle errors",
            "messageBody": "",
            "insertions": 0,
            "deletions": 2
          }
        ]
      }
    ]
  },
  "authorFinalContributionMap": {
    "Davidcwh": 256,
    "xinmingzh": 13,
    "waifonglee": 850,
    "waynefong0401": 1168,
    "weiijiie": 1549
  },
  "authorFileTypeContributionMap": {
    "Davidcwh": {
      "docs": 250,
      "tests": 6,
      "functional": 0
    },
    "xinmingzh": {
      "docs": 13,
      "tests": 0,
      "functional": 0
    },
    "waifonglee": {
      "docs": 0,
      "tests": 422,
      "functional": 428
    },
    "waynefong0401": {
      "docs": 10,
      "tests": 468,
      "functional": 686,
      "other": 4
    },
    "weiijiie": {
      "docs": 347,
      "tests": 873,
      "functional": 329
    }
  },
  "authorContributionVariance": {
    "Davidcwh": 3388.4695,
    "xinmingzh": 33.739994,
    "waifonglee": 14475.75,
    "waynefong0401": 265671.72,
    "weiijiie": 217393.08
  },
  "authorDisplayNameMap": {
    "Davidcwh": "CS2103T-F12-4 CHIA  ... DAVID",
    "xinmingzh": "CS2103T-F12-4 ZHOU  ... NMING",
    "waifonglee": "CS2103T-F12-4 LEE W ...  FONG",
    "waynefong0401": "CS2103T-F12-4 FANG  ... EIWEN",
    "weiijiie": "CS2103T-F12-4 HUANG ... EIJIE"
  }
}
