[
  {
    "path": "README.adoc",
    "fileType": "docs",
    "lines": [
      {
        "lineNumber": 1,
        "author": {
          "gitId": "-"
        },
        "content": "\u003d Address Book (Level 3)"
      },
      {
        "lineNumber": 2,
        "author": {
          "gitId": "-"
        },
        "content": "ifdef::env-github,env-browser[:relfileprefix: docs/]"
      },
      {
        "lineNumber": 3,
        "author": {
          "gitId": "-"
        },
        "content": ""
      },
      {
        "lineNumber": 4,
        "author": {
          "gitId": "dvrylc"
        },
        "content": "https://travis-ci.org/AY1920S1-CS2103T-W11-3/main[image:https://travis-ci.org/AY1920S1-CS2103T-W11-3/main.svg?branch\u003dmaster[Build Status]]"
      },
      {
        "lineNumber": 5,
        "author": {
          "gitId": "-"
        },
        "content": "https://ci.appveyor.com/project/damithc/addressbook-level3[image:https://ci.appveyor.com/api/projects/status/3boko2x2vr5cc3w2?svg\u003dtrue[Build status]]"
      },
      {
        "lineNumber": 6,
        "author": {
          "gitId": "dvrylc"
        },
        "content": "https://coveralls.io/github/AY1920S1-CS2103T-W11-3/main?branch\u003dmaster[image:https://coveralls.io/repos/github/AY1920S1-CS2103T-W11-3/main/badge.svg?branch\u003dmaster[Coverage Status]]"
      },
      {
        "lineNumber": 7,
        "author": {
          "gitId": "-"
        },
        "content": "https://gitter.im/se-edu/Lobby[image:https://badges.gitter.im/se-edu/Lobby.svg[Gitter chat]]"
      },
      {
        "lineNumber": 8,
        "author": {
          "gitId": "-"
        },
        "content": ""
      },
      {
        "lineNumber": 9,
        "author": {
          "gitId": "-"
        },
        "content": "ifdef::env-github[]"
      },
      {
        "lineNumber": 10,
        "author": {
          "gitId": "-"
        },
        "content": "image::docs/images/Ui.png[width\u003d\"600\"]"
      },
      {
        "lineNumber": 11,
        "author": {
          "gitId": "-"
        },
        "content": "endif::[]"
      },
      {
        "lineNumber": 12,
        "author": {
          "gitId": "-"
        },
        "content": ""
      },
      {
        "lineNumber": 13,
        "author": {
          "gitId": "-"
        },
        "content": "ifndef::env-github[]"
      },
      {
        "lineNumber": 14,
        "author": {
          "gitId": "-"
        },
        "content": "image::images/Ui.png[width\u003d\"600\"]"
      },
      {
        "lineNumber": 15,
        "author": {
          "gitId": "-"
        },
        "content": "endif::[]"
      },
      {
        "lineNumber": 16,
        "author": {
          "gitId": "-"
        },
        "content": ""
      },
      {
        "lineNumber": 17,
        "author": {
          "gitId": "-"
        },
        "content": "* This is a desktop Address Book application. It has a GUI but most of the user interactions happen using a CLI (Command Line Interface)."
      },
      {
        "lineNumber": 18,
        "author": {
          "gitId": "-"
        },
        "content": "* It is a Java sample application intended for students learning Software Engineering while using Java as the main programming language."
      },
      {
        "lineNumber": 19,
        "author": {
          "gitId": "-"
        },
        "content": "* It is *written in OOP fashion*. It provides a *reasonably well-written* code example that is *significantly bigger* (around 6 KLoC)than what students usually write in beginner-level SE modules."
      },
      {
        "lineNumber": 20,
        "author": {
          "gitId": "-"
        },
        "content": ""
      },
      {
        "lineNumber": 21,
        "author": {
          "gitId": "-"
        },
        "content": "\u003d\u003d Site Map"
      },
      {
        "lineNumber": 22,
        "author": {
          "gitId": "-"
        },
        "content": ""
      },
      {
        "lineNumber": 23,
        "author": {
          "gitId": "-"
        },
        "content": "* \u003c\u003cUserGuide#, User Guide\u003e\u003e"
      },
      {
        "lineNumber": 24,
        "author": {
          "gitId": "-"
        },
        "content": "* \u003c\u003cDeveloperGuide#, Developer Guide\u003e\u003e"
      },
      {
        "lineNumber": 25,
        "author": {
          "gitId": "-"
        },
        "content": "* \u003c\u003cLearningOutcomes#, Learning Outcomes\u003e\u003e"
      },
      {
        "lineNumber": 26,
        "author": {
          "gitId": "-"
        },
        "content": "* \u003c\u003cAboutUs#, About Us\u003e\u003e"
      },
      {
        "lineNumber": 27,
        "author": {
          "gitId": "-"
        },
        "content": "* \u003c\u003cContactUs#, Contact Us\u003e\u003e"
      },
      {
        "lineNumber": 28,
        "author": {
          "gitId": "-"
        },
        "content": ""
      },
      {
        "lineNumber": 29,
        "author": {
          "gitId": "-"
        },
        "content": "\u003d\u003d Acknowledgements"
      },
      {
        "lineNumber": 30,
        "author": {
          "gitId": "-"
        },
        "content": ""
      },
      {
        "lineNumber": 31,
        "author": {
          "gitId": "-"
        },
        "content": "* Some parts of this sample application were inspired by the excellent http://code.makery.ch/library/javafx-8-tutorial/[Java FX tutorial] by"
      },
      {
        "lineNumber": 32,
        "author": {
          "gitId": "-"
        },
        "content": "_Marco Jakob_."
      },
      {
        "lineNumber": 33,
        "author": {
          "gitId": "-"
        },
        "content": "* Libraries used: https://openjfx.io/[JavaFX], https://github.com/FasterXML/jackson[Jackson], https://github.com/junit-team/junit5[JUnit5]"
      },
      {
        "lineNumber": 34,
        "author": {
          "gitId": "-"
        },
        "content": ""
      },
      {
        "lineNumber": 35,
        "author": {
          "gitId": "-"
        },
        "content": "\u003d\u003d Licence : link:LICENSE[MIT]"
      }
    ],
    "authorContributionMap": {
      "dvrylc": 2,
      "-": 33
    }
  },
  {
    "path": "docs/UserGuide.adoc",
    "fileType": "docs",
    "lines": [
      {
        "lineNumber": 1,
        "author": {
          "gitId": "walnads"
        },
        "content": "\u003d EatMe User Guide"
      },
      {
        "lineNumber": 2,
        "author": {
          "gitId": "-"
        },
        "content": ":site-section: UserGuide"
      },
      {
        "lineNumber": 3,
        "author": {
          "gitId": "-"
        },
        "content": ":toc:"
      },
      {
        "lineNumber": 4,
        "author": {
          "gitId": "-"
        },
        "content": ":toc-title:"
      },
      {
        "lineNumber": 5,
        "author": {
          "gitId": "-"
        },
        "content": ":toc-placement: preamble"
      },
      {
        "lineNumber": 6,
        "author": {
          "gitId": "-"
        },
        "content": ":sectnums:"
      },
      {
        "lineNumber": 7,
        "author": {
          "gitId": "-"
        },
        "content": ":imagesDir: images"
      },
      {
        "lineNumber": 8,
        "author": {
          "gitId": "-"
        },
        "content": ":stylesDir: stylesheets"
      },
      {
        "lineNumber": 9,
        "author": {
          "gitId": "-"
        },
        "content": ":xrefstyle: full"
      },
      {
        "lineNumber": 10,
        "author": {
          "gitId": "-"
        },
        "content": ":experimental:"
      },
      {
        "lineNumber": 11,
        "author": {
          "gitId": "-"
        },
        "content": "ifdef::env-github[]"
      },
      {
        "lineNumber": 12,
        "author": {
          "gitId": "-"
        },
        "content": ":tip-caption: :bulb:"
      },
      {
        "lineNumber": 13,
        "author": {
          "gitId": "-"
        },
        "content": ":note-caption: :information_source:"
      },
      {
        "lineNumber": 14,
        "author": {
          "gitId": "-"
        },
        "content": "endif::[]"
      },
      {
        "lineNumber": 15,
        "author": {
          "gitId": "walnads"
        },
        "content": ":repoURL: https://github.com/AY1920S1-CS2103T-W11-3/main"
      },
      {
        "lineNumber": 16,
        "author": {
          "gitId": "-"
        },
        "content": ""
      },
      {
        "lineNumber": 17,
        "author": {
          "gitId": "walnads"
        },
        "content": "By: `Team AY1920S1-CS2103T-W11-3`      Since: `September 2019`      Licence: `MIT`"
      },
      {
        "lineNumber": 18,
        "author": {
          "gitId": "-"
        },
        "content": ""
      },
      {
        "lineNumber": 19,
        "author": {
          "gitId": "-"
        },
        "content": "\u003d\u003d Introduction"
      },
      {
        "lineNumber": 20,
        "author": {
          "gitId": "-"
        },
        "content": ""
      },
      {
        "lineNumber": 21,
        "author": {
          "gitId": "walnads"
        },
        "content": "EatMe is for students who are trying to find *cheap and good places to eat or hang out*. EatMe will help you manage places you have been to, and keep track of your experience and expenditure. More importantly, EatMe is *optimized for those who prefer to work with a Command Line Interface* (CLI) while still having the benefits of a Graphical User Interface (GUI). If you can type fast, EatMe can get your tasks done faster than traditional GUI apps. Interested? Jump to the \u003c\u003cQuick Start\u003e\u003e to get started. Enjoy!"
      },
      {
        "lineNumber": 22,
        "author": {
          "gitId": "-"
        },
        "content": ""
      },
      {
        "lineNumber": 23,
        "author": {
          "gitId": "-"
        },
        "content": "\u003d\u003d Quick Start"
      },
      {
        "lineNumber": 24,
        "author": {
          "gitId": "-"
        },
        "content": ""
      },
      {
        "lineNumber": 25,
        "author": {
          "gitId": "-"
        },
        "content": ".  Ensure you have Java `11` or above installed in your Computer."
      },
      {
        "lineNumber": 26,
        "author": {
          "gitId": "walnads"
        },
        "content": ".  Download the latest `eatme.jar` link:{repoURL}/releases[here]."
      },
      {
        "lineNumber": 27,
        "author": {
          "gitId": "walnads"
        },
        "content": ".  Copy the file to the folder you want to use as the home folder for the EatMe app."
      },
      {
        "lineNumber": 28,
        "author": {
          "gitId": "-"
        },
        "content": ".  Double-click the file to start the app. The GUI should appear in a few seconds."
      },
      {
        "lineNumber": 29,
        "author": {
          "gitId": "-"
        },
        "content": "+"
      },
      {
        "lineNumber": 30,
        "author": {
          "gitId": "-"
        },
        "content": "image::Ui.png[width\u003d\"790\"]"
      },
      {
        "lineNumber": 31,
        "author": {
          "gitId": "-"
        },
        "content": "+"
      },
      {
        "lineNumber": 32,
        "author": {
          "gitId": "-"
        },
        "content": ".  Type the command in the command box and press kbd:[Enter] to execute it. +"
      },
      {
        "lineNumber": 33,
        "author": {
          "gitId": "-"
        },
        "content": "e.g. typing *`help`* and pressing kbd:[Enter] will open the help window."
      },
      {
        "lineNumber": 34,
        "author": {
          "gitId": "-"
        },
        "content": ".  Some example commands you can try:"
      },
      {
        "lineNumber": 35,
        "author": {
          "gitId": "-"
        },
        "content": ""
      },
      {
        "lineNumber": 36,
        "author": {
          "gitId": "walnads"
        },
        "content": "* **`add`**`\\n Two Chefs Eating Place \\a 116 Commonwealth Cres, #01-129 \\c Chinese` : adds an eatery named Two Chefs Eating Place"
      },
      {
        "lineNumber": 37,
        "author": {
          "gitId": "walnads"
        },
        "content": "* **`review`**`\\n Two Chefs Eating Place \\d Nice Condensed Milk Pork Ribs \\p 15 \\r 4` : adds a review to Two Chefs Eating Place"
      },
      {
        "lineNumber": 38,
        "author": {
          "gitId": "walnads"
        },
        "content": "* *`random`* : shows a random eatery (if you can\u0027t decide what to eat)"
      },
      {
        "lineNumber": 39,
        "author": {
          "gitId": "walnads"
        },
        "content": "* *`bye`* : exits the app"
      },
      {
        "lineNumber": 40,
        "author": {
          "gitId": "-"
        },
        "content": ""
      },
      {
        "lineNumber": 41,
        "author": {
          "gitId": "-"
        },
        "content": ".  Refer to \u003c\u003cFeatures\u003e\u003e for details of each command."
      },
      {
        "lineNumber": 42,
        "author": {
          "gitId": "-"
        },
        "content": ""
      },
      {
        "lineNumber": 43,
        "author": {
          "gitId": "-"
        },
        "content": "[[Features]]"
      },
      {
        "lineNumber": 44,
        "author": {
          "gitId": "-"
        },
        "content": "\u003d\u003d Features"
      },
      {
        "lineNumber": 45,
        "author": {
          "gitId": "-"
        },
        "content": ""
      },
      {
        "lineNumber": 46,
        "author": {
          "gitId": "-"
        },
        "content": "\u003d\u003d\u003d\u003d"
      },
      {
        "lineNumber": 47,
        "author": {
          "gitId": "-"
        },
        "content": "*Command Format*"
      },
      {
        "lineNumber": 48,
        "author": {
          "gitId": "-"
        },
        "content": ""
      },
      {
        "lineNumber": 49,
        "author": {
          "gitId": "walnads"
        },
        "content": "* Items in square brackets are the parameters to be supplied by the user e.g. in `add n\\ [name of eatery]`, `[name of eatery]` is a parameter which can be used as `add n\\Two Chefs Eating Place`."
      },
      {
        "lineNumber": 50,
        "author": {
          "gitId": "walnads"
        },
        "content": "* Parameters can be in any order e.g. if the command specifies `\\n [name of eatery] \\a [address] \\c [category]`, `\\a [address] \\n [name of eatery] \\c [category]` is also acceptable."
      },
      {
        "lineNumber": 51,
        "author": {
          "gitId": "-"
        },
        "content": "\u003d\u003d\u003d\u003d"
      },
      {
        "lineNumber": 52,
        "author": {
          "gitId": "-"
        },
        "content": ""
      },
      {
        "lineNumber": 53,
        "author": {
          "gitId": "walnads"
        },
        "content": "\u003d\u003d\u003d General"
      },
      {
        "lineNumber": 54,
        "author": {
          "gitId": "walnads"
        },
        "content": "\u003d\u003d\u003d\u003d Viewing help : `help`"
      },
      {
        "lineNumber": 55,
        "author": {
          "gitId": "-"
        },
        "content": ""
      },
      {
        "lineNumber": 56,
        "author": {
          "gitId": "-"
        },
        "content": "Format: `help`"
      },
      {
        "lineNumber": 57,
        "author": {
          "gitId": "-"
        },
        "content": ""
      },
      {
        "lineNumber": 58,
        "author": {
          "gitId": "walnads"
        },
        "content": "\u003d\u003d\u003d\u003d Exit the app : `bye`"
      },
      {
        "lineNumber": 59,
        "author": {
          "gitId": "-"
        },
        "content": ""
      },
      {
        "lineNumber": 60,
        "author": {
          "gitId": "walnads"
        },
        "content": "Format: `bye`"
      },
      {
        "lineNumber": 61,
        "author": {
          "gitId": "-"
        },
        "content": ""
      },
      {
        "lineNumber": 62,
        "author": {
          "gitId": "walnads"
        },
        "content": "\u003d\u003d\u003d CRUD"
      },
      {
        "lineNumber": 63,
        "author": {
          "gitId": "walnads"
        },
        "content": "\u003d\u003d\u003d\u003d Adding an eatery : `add`"
      },
      {
        "lineNumber": 64,
        "author": {
          "gitId": "walnads"
        },
        "content": ""
      },
      {
        "lineNumber": 65,
        "author": {
          "gitId": "walnads"
        },
        "content": "Adds an eatery in the app +"
      },
      {
        "lineNumber": 66,
        "author": {
          "gitId": "walnads"
        },
        "content": "Format: `add \\n [name of eatery] \\a [address] \\c [category]`"
      },
      {
        "lineNumber": 67,
        "author": {
          "gitId": "walnads"
        },
        "content": ""
      },
      {
        "lineNumber": 68,
        "author": {
          "gitId": "walnads"
        },
        "content": "Examples:"
      },
      {
        "lineNumber": 69,
        "author": {
          "gitId": "walnads"
        },
        "content": ""
      },
      {
        "lineNumber": 70,
        "author": {
          "gitId": "walnads"
        },
        "content": "* `add \\n Two Chefs Eating Place \\a 116 Commonwealth Cres, #01-129 \\c Chinese`"
      },
      {
        "lineNumber": 71,
        "author": {
          "gitId": "walnads"
        },
        "content": ""
      },
      {
        "lineNumber": 72,
        "author": {
          "gitId": "walnads"
        },
        "content": "\u003d\u003d\u003d\u003d Searching for an eatery : `search`"
      },
      {
        "lineNumber": 73,
        "author": {
          "gitId": "walnads"
        },
        "content": ""
      },
      {
        "lineNumber": 74,
        "author": {
          "gitId": "walnads"
        },
        "content": "Searches for an eatery based on name or tag. +"
      },
      {
        "lineNumber": 75,
        "author": {
          "gitId": "walnads"
        },
        "content": "Format: `search \\n [name of eatery]` or `search \\t [tag]`"
      },
      {
        "lineNumber": 76,
        "author": {
          "gitId": "walnads"
        },
        "content": ""
      },
      {
        "lineNumber": 77,
        "author": {
          "gitId": "walnads"
        },
        "content": "Examples:"
      },
      {
        "lineNumber": 78,
        "author": {
          "gitId": "walnads"
        },
        "content": ""
      },
      {
        "lineNumber": 79,
        "author": {
          "gitId": "walnads"
        },
        "content": "* `search \\n Two Chefs Eating Place`"
      },
      {
        "lineNumber": 80,
        "author": {
          "gitId": "walnads"
        },
        "content": "* `search \\t Chinese`"
      },
      {
        "lineNumber": 81,
        "author": {
          "gitId": "walnads"
        },
        "content": ""
      },
      {
        "lineNumber": 82,
        "author": {
          "gitId": "walnads"
        },
        "content": "\u003d\u003d\u003d\u003d Changing address of an eatery : `changeaddress`"
      },
      {
        "lineNumber": 83,
        "author": {
          "gitId": "walnads"
        },
        "content": ""
      },
      {
        "lineNumber": 84,
        "author": {
          "gitId": "walnads"
        },
        "content": "Changes the address of an eatery. +"
      },
      {
        "lineNumber": 85,
        "author": {
          "gitId": "walnads"
        },
        "content": "Format: `changeaddress \\n [name of eatery] \\a [new address]`"
      },
      {
        "lineNumber": 86,
        "author": {
          "gitId": "walnads"
        },
        "content": ""
      },
      {
        "lineNumber": 87,
        "author": {
          "gitId": "walnads"
        },
        "content": "Examples:"
      },
      {
        "lineNumber": 88,
        "author": {
          "gitId": "walnads"
        },
        "content": ""
      },
      {
        "lineNumber": 89,
        "author": {
          "gitId": "walnads"
        },
        "content": "* `changeaddress \\n Two Chefs Eating Place \\a 116 Commonwealth Cres, #01-130`"
      },
      {
        "lineNumber": 90,
        "author": {
          "gitId": "walnads"
        },
        "content": ""
      },
      {
        "lineNumber": 91,
        "author": {
          "gitId": "walnads"
        },
        "content": "\u003d\u003d\u003d\u003d Marking an eatery as closed : `close`"
      },
      {
        "lineNumber": 92,
        "author": {
          "gitId": "walnads"
        },
        "content": ""
      },
      {
        "lineNumber": 93,
        "author": {
          "gitId": "walnads"
        },
        "content": "Marks an eatery as permanently closed, deletes the eatery’s record. +"
      },
      {
        "lineNumber": 94,
        "author": {
          "gitId": "walnads"
        },
        "content": "Format: `close \\n [name of eatery]`"
      },
      {
        "lineNumber": 95,
        "author": {
          "gitId": "walnads"
        },
        "content": ""
      },
      {
        "lineNumber": 96,
        "author": {
          "gitId": "walnads"
        },
        "content": "Examples:"
      },
      {
        "lineNumber": 97,
        "author": {
          "gitId": "walnads"
        },
        "content": ""
      },
      {
        "lineNumber": 98,
        "author": {
          "gitId": "walnads"
        },
        "content": "* `close \\n Two Chefs Eating Place`"
      },
      {
        "lineNumber": 99,
        "author": {
          "gitId": "walnads"
        },
        "content": ""
      },
      {
        "lineNumber": 100,
        "author": {
          "gitId": "walnads"
        },
        "content": "\u003d\u003d\u003d\u003d Reviewing an eatery : `review`"
      },
      {
        "lineNumber": 101,
        "author": {
          "gitId": "walnads"
        },
        "content": ""
      },
      {
        "lineNumber": 102,
        "author": {
          "gitId": "walnads"
        },
        "content": "Leaves a review for an eatery. +"
      },
      {
        "lineNumber": 103,
        "author": {
          "gitId": "walnads"
        },
        "content": "Format: `review \\n [name of eatery] \\d [description] \\p [price per pax] \\r [rating]`"
      },
      {
        "lineNumber": 104,
        "author": {
          "gitId": "walnads"
        },
        "content": ""
      },
      {
        "lineNumber": 105,
        "author": {
          "gitId": "walnads"
        },
        "content": "Examples:"
      },
      {
        "lineNumber": 106,
        "author": {
          "gitId": "walnads"
        },
        "content": ""
      },
      {
        "lineNumber": 107,
        "author": {
          "gitId": "walnads"
        },
        "content": "* `review \\n Two Chefs Eating Place \\d Nice Condensed Milk Pork Ribs \\p 15 \\r 4`"
      },
      {
        "lineNumber": 108,
        "author": {
          "gitId": "walnads"
        },
        "content": ""
      },
      {
        "lineNumber": 109,
        "author": {
          "gitId": "walnads"
        },
        "content": "\u003d\u003d\u003d\u003d Tagging an eatery : `addtag`"
      },
      {
        "lineNumber": 110,
        "author": {
          "gitId": "walnads"
        },
        "content": ""
      },
      {
        "lineNumber": 111,
        "author": {
          "gitId": "walnads"
        },
        "content": "Adds tags to an eatery. +"
      },
      {
        "lineNumber": 112,
        "author": {
          "gitId": "walnads"
        },
        "content": "Format: `addtag \\n [name of eatery] \\t [tags, space-delimited]`"
      },
      {
        "lineNumber": 113,
        "author": {
          "gitId": "walnads"
        },
        "content": ""
      },
      {
        "lineNumber": 114,
        "author": {
          "gitId": "walnads"
        },
        "content": "Examples:"
      },
      {
        "lineNumber": 115,
        "author": {
          "gitId": "walnads"
        },
        "content": ""
      },
      {
        "lineNumber": 116,
        "author": {
          "gitId": "walnads"
        },
        "content": "* `addtag \\n Two Chefs Eating Place \\t Hawker`"
      },
      {
        "lineNumber": 117,
        "author": {
          "gitId": "walnads"
        },
        "content": ""
      },
      {
        "lineNumber": 118,
        "author": {
          "gitId": "walnads"
        },
        "content": "\u003d\u003d\u003d\u003d Removing tags from an eatery : `removetag`"
      },
      {
        "lineNumber": 119,
        "author": {
          "gitId": "walnads"
        },
        "content": ""
      },
      {
        "lineNumber": 120,
        "author": {
          "gitId": "walnads"
        },
        "content": "Removes tags from an eatery. +"
      },
      {
        "lineNumber": 121,
        "author": {
          "gitId": "walnads"
        },
        "content": "Format: `removetag \\n [name of eatery] \\t [tags, space-delimited]`"
      },
      {
        "lineNumber": 122,
        "author": {
          "gitId": "-"
        },
        "content": ""
      },
      {
        "lineNumber": 123,
        "author": {
          "gitId": "-"
        },
        "content": "Examples:"
      },
      {
        "lineNumber": 124,
        "author": {
          "gitId": "-"
        },
        "content": ""
      },
      {
        "lineNumber": 125,
        "author": {
          "gitId": "walnads"
        },
        "content": "* `removetag \\n Two Chefs Eating Place \\t Hawker`"
      },
      {
        "lineNumber": 126,
        "author": {
          "gitId": "walnads"
        },
        "content": ""
      },
      {
        "lineNumber": 127,
        "author": {
          "gitId": "walnads"
        },
        "content": "\u003d\u003d\u003d\u003d Viewing an eatery : `view`"
      },
      {
        "lineNumber": 128,
        "author": {
          "gitId": "walnads"
        },
        "content": ""
      },
      {
        "lineNumber": 129,
        "author": {
          "gitId": "walnads"
        },
        "content": "Shows an eatery’s entry containing its details, reviews, external reviews and a map of its location. +"
      },
      {
        "lineNumber": 130,
        "author": {
          "gitId": "walnads"
        },
        "content": "Format: `view \\n [name of eatery]`"
      },
      {
        "lineNumber": 131,
        "author": {
          "gitId": "walnads"
        },
        "content": ""
      },
      {
        "lineNumber": 132,
        "author": {
          "gitId": "walnads"
        },
        "content": "Examples:"
      },
      {
        "lineNumber": 133,
        "author": {
          "gitId": "-"
        },
        "content": ""
      },
      {
        "lineNumber": 134,
        "author": {
          "gitId": "walnads"
        },
        "content": "* `view \\n Two Chefs Eating Place`"
      },
      {
        "lineNumber": 135,
        "author": {
          "gitId": "-"
        },
        "content": ""
      },
      {
        "lineNumber": 136,
        "author": {
          "gitId": "walnads"
        },
        "content": "\u003d\u003d\u003d\u003d Getting a random eatery : `random`"
      },
      {
        "lineNumber": 137,
        "author": {
          "gitId": "-"
        },
        "content": ""
      },
      {
        "lineNumber": 138,
        "author": {
          "gitId": "walnads"
        },
        "content": "Shows a completely random restaurant, useful in case you cannot decide what to eat. +"
      },
      {
        "lineNumber": 139,
        "author": {
          "gitId": "walnads"
        },
        "content": "Format: `random`"
      },
      {
        "lineNumber": 140,
        "author": {
          "gitId": "-"
        },
        "content": ""
      },
      {
        "lineNumber": 141,
        "author": {
          "gitId": "walnads"
        },
        "content": "\u003d\u003d\u003d\u003d Viewing an eatery : `view`"
      },
      {
        "lineNumber": 142,
        "author": {
          "gitId": "-"
        },
        "content": ""
      },
      {
        "lineNumber": 143,
        "author": {
          "gitId": "walnads"
        },
        "content": "Shows an eatery’s entry containing its details, reviews, external reviews and a map of its location. +"
      },
      {
        "lineNumber": 144,
        "author": {
          "gitId": "walnads"
        },
        "content": "Format: `view \\n [name of eatery]`"
      },
      {
        "lineNumber": 145,
        "author": {
          "gitId": "-"
        },
        "content": ""
      },
      {
        "lineNumber": 146,
        "author": {
          "gitId": "-"
        },
        "content": "Examples:"
      },
      {
        "lineNumber": 147,
        "author": {
          "gitId": "-"
        },
        "content": ""
      },
      {
        "lineNumber": 148,
        "author": {
          "gitId": "walnads"
        },
        "content": "* `view \\n Two Chefs Eating Place`"
      },
      {
        "lineNumber": 149,
        "author": {
          "gitId": "walnads"
        },
        "content": ""
      },
      {
        "lineNumber": 150,
        "author": {
          "gitId": "walnads"
        },
        "content": "\u003d\u003d\u003d Import/Export"
      },
      {
        "lineNumber": 151,
        "author": {
          "gitId": "walnads"
        },
        "content": "\u003d\u003d\u003d\u003d Importing eateries : `import`"
      },
      {
        "lineNumber": 152,
        "author": {
          "gitId": "-"
        },
        "content": ""
      },
      {
        "lineNumber": 153,
        "author": {
          "gitId": "walnads"
        },
        "content": "Imports eateries from a text file. +"
      },
      {
        "lineNumber": 154,
        "author": {
          "gitId": "walnads"
        },
        "content": "Format: `import \\f [filename]`"
      },
      {
        "lineNumber": 155,
        "author": {
          "gitId": "walnads"
        },
        "content": ""
      },
      {
        "lineNumber": 156,
        "author": {
          "gitId": "walnads"
        },
        "content": "Examples:"
      },
      {
        "lineNumber": 157,
        "author": {
          "gitId": "-"
        },
        "content": ""
      },
      {
        "lineNumber": 158,
        "author": {
          "gitId": "walnads"
        },
        "content": "* `import \\f /home/user/eatme-backup-john.txt`"
      },
      {
        "lineNumber": 159,
        "author": {
          "gitId": "-"
        },
        "content": ""
      },
      {
        "lineNumber": 160,
        "author": {
          "gitId": "walnads"
        },
        "content": "\u003d\u003d\u003d\u003d Exporting eateries : `export`"
      },
      {
        "lineNumber": 161,
        "author": {
          "gitId": "walnads"
        },
        "content": ""
      },
      {
        "lineNumber": 162,
        "author": {
          "gitId": "walnads"
        },
        "content": "Exports eateries to a text file. +"
      },
      {
        "lineNumber": 163,
        "author": {
          "gitId": "walnads"
        },
        "content": "Format: `export \\f [filename]`"
      },
      {
        "lineNumber": 164,
        "author": {
          "gitId": "-"
        },
        "content": ""
      },
      {
        "lineNumber": 165,
        "author": {
          "gitId": "-"
        },
        "content": "Examples:"
      },
      {
        "lineNumber": 166,
        "author": {
          "gitId": "-"
        },
        "content": ""
      },
      {
        "lineNumber": 167,
        "author": {
          "gitId": "walnads"
        },
        "content": "* `export \\f /home/user/eatme-backup-john.txt`"
      },
      {
        "lineNumber": 168,
        "author": {
          "gitId": "walnads"
        },
        "content": ""
      },
      {
        "lineNumber": 169,
        "author": {
          "gitId": "walnads"
        },
        "content": "\u003d\u003d\u003d Visualisation"
      },
      {
        "lineNumber": 170,
        "author": {
          "gitId": "walnads"
        },
        "content": "\u003d\u003d\u003d\u003d Showing overall statistics : `stats`"
      },
      {
        "lineNumber": 171,
        "author": {
          "gitId": "walnads"
        },
        "content": ""
      },
      {
        "lineNumber": 172,
        "author": {
          "gitId": "walnads"
        },
        "content": "Presents a visual overview of the user’s eateries and reviews. +"
      },
      {
        "lineNumber": 173,
        "author": {
          "gitId": "walnads"
        },
        "content": "Format: `stats`"
      },
      {
        "lineNumber": 174,
        "author": {
          "gitId": "-"
        },
        "content": ""
      },
      {
        "lineNumber": 175,
        "author": {
          "gitId": "walnads"
        },
        "content": "\u003d\u003d\u003d Todo"
      },
      {
        "lineNumber": 176,
        "author": {
          "gitId": "walnads"
        },
        "content": "\u003d\u003d\u003d\u003d Changing between main and todo modes : `mode`"
      },
      {
        "lineNumber": 177,
        "author": {
          "gitId": "-"
        },
        "content": ""
      },
      {
        "lineNumber": 178,
        "author": {
          "gitId": "walnads"
        },
        "content": "Toggles between normal and todo modes. +"
      },
      {
        "lineNumber": 179,
        "author": {
          "gitId": "walnads"
        },
        "content": "Format: `mode`"
      },
      {
        "lineNumber": 180,
        "author": {
          "gitId": "-"
        },
        "content": ""
      },
      {
        "lineNumber": 181,
        "author": {
          "gitId": "walnads"
        },
        "content": "\u003d\u003d\u003d\u003d Adding a new todo eatery : `add`"
      },
      {
        "lineNumber": 182,
        "author": {
          "gitId": "walnads"
        },
        "content": ""
      },
      {
        "lineNumber": 183,
        "author": {
          "gitId": "walnads"
        },
        "content": "Adds a new eatery to the todo list. +"
      },
      {
        "lineNumber": 184,
        "author": {
          "gitId": "walnads"
        },
        "content": "Format: `add \\n [name of eatery] \\a [address]`"
      },
      {
        "lineNumber": 185,
        "author": {
          "gitId": "-"
        },
        "content": ""
      },
      {
        "lineNumber": 186,
        "author": {
          "gitId": "-"
        },
        "content": "Examples:"
      },
      {
        "lineNumber": 187,
        "author": {
          "gitId": "-"
        },
        "content": ""
      },
      {
        "lineNumber": 188,
        "author": {
          "gitId": "walnads"
        },
        "content": "* `add \\n Koma \\a Marina Bay Sands, 2 Bayfront Ave, #B1-67, 018972`"
      },
      {
        "lineNumber": 189,
        "author": {
          "gitId": "walnads"
        },
        "content": ""
      },
      {
        "lineNumber": 190,
        "author": {
          "gitId": "walnads"
        },
        "content": "\u003d\u003d\u003d\u003d Deleting a todo eatery : `delete`"
      },
      {
        "lineNumber": 191,
        "author": {
          "gitId": "-"
        },
        "content": ""
      },
      {
        "lineNumber": 192,
        "author": {
          "gitId": "walnads"
        },
        "content": "Removes an eatery from the todo list. +"
      },
      {
        "lineNumber": 193,
        "author": {
          "gitId": "walnads"
        },
        "content": "Format: `delete \\n [name of eatery]`"
      },
      {
        "lineNumber": 194,
        "author": {
          "gitId": "walnads"
        },
        "content": ""
      },
      {
        "lineNumber": 195,
        "author": {
          "gitId": "walnads"
        },
        "content": "Examples:"
      },
      {
        "lineNumber": 196,
        "author": {
          "gitId": "-"
        },
        "content": ""
      },
      {
        "lineNumber": 197,
        "author": {
          "gitId": "walnads"
        },
        "content": "* `delete \\n Koma`"
      },
      {
        "lineNumber": 198,
        "author": {
          "gitId": "-"
        },
        "content": ""
      },
      {
        "lineNumber": 199,
        "author": {
          "gitId": "walnads"
        },
        "content": "\u003d\u003d\u003d\u003d Marking a todo eatery as visited with optional saving : `visited`"
      },
      {
        "lineNumber": 200,
        "author": {
          "gitId": "walnads"
        },
        "content": ""
      },
      {
        "lineNumber": 201,
        "author": {
          "gitId": "walnads"
        },
        "content": "Marks a todo eatery as visited and provides a quick way to add it to the main list of eateries. +"
      },
      {
        "lineNumber": 202,
        "author": {
          "gitId": "walnads"
        },
        "content": "Format: `visited \\n [name of eatery]` or `visited \\n [name of eatery] \\s` (saves the eatery to the main list)"
      },
      {
        "lineNumber": 203,
        "author": {
          "gitId": "walnads"
        },
        "content": ""
      },
      {
        "lineNumber": 204,
        "author": {
          "gitId": "walnads"
        },
        "content": "Examples:"
      },
      {
        "lineNumber": 205,
        "author": {
          "gitId": "-"
        },
        "content": ""
      },
      {
        "lineNumber": 206,
        "author": {
          "gitId": "walnads"
        },
        "content": "* `visited \\n Koma`"
      },
      {
        "lineNumber": 207,
        "author": {
          "gitId": "walnads"
        },
        "content": "* `visited \\n Koma \\s`"
      },
      {
        "lineNumber": 208,
        "author": {
          "gitId": "-"
        },
        "content": ""
      },
      {
        "lineNumber": 209,
        "author": {
          "gitId": "walnads"
        },
        "content": "\u003d\u003d\u003d News Feed"
      },
      {
        "lineNumber": 210,
        "author": {
          "gitId": "walnads"
        },
        "content": "\u003d\u003d\u003d\u003d Adding a feed : `addfeed`"
      },
      {
        "lineNumber": 211,
        "author": {
          "gitId": "-"
        },
        "content": ""
      },
      {
        "lineNumber": 212,
        "author": {
          "gitId": "walnads"
        },
        "content": "Adds a new feed to the news feed. Expects the URL of an XML feed. +"
      },
      {
        "lineNumber": 213,
        "author": {
          "gitId": "walnads"
        },
        "content": "Format: `addfeed \\n [name of feed] \\u [url]`"
      },
      {
        "lineNumber": 214,
        "author": {
          "gitId": "-"
        },
        "content": ""
      },
      {
        "lineNumber": 215,
        "author": {
          "gitId": "walnads"
        },
        "content": "Examples:"
      },
      {
        "lineNumber": 216,
        "author": {
          "gitId": "walnads"
        },
        "content": ""
      },
      {
        "lineNumber": 217,
        "author": {
          "gitId": "walnads"
        },
        "content": "* `addfeed \\n [Seth Lui] \\u https://sethlui.com/feed`"
      },
      {
        "lineNumber": 218,
        "author": {
          "gitId": "walnads"
        },
        "content": ""
      },
      {
        "lineNumber": 219,
        "author": {
          "gitId": "walnads"
        },
        "content": "\u003d\u003d\u003d\u003d Removing a feed : `removefeed`"
      },
      {
        "lineNumber": 220,
        "author": {
          "gitId": "walnads"
        },
        "content": ""
      },
      {
        "lineNumber": 221,
        "author": {
          "gitId": "walnads"
        },
        "content": "Removes a feed from the news feed. +"
      },
      {
        "lineNumber": 222,
        "author": {
          "gitId": "walnads"
        },
        "content": "Format: `removefeed \\n [name of feed]`"
      },
      {
        "lineNumber": 223,
        "author": {
          "gitId": "walnads"
        },
        "content": ""
      },
      {
        "lineNumber": 224,
        "author": {
          "gitId": "walnads"
        },
        "content": "Examples:"
      },
      {
        "lineNumber": 225,
        "author": {
          "gitId": "-"
        },
        "content": ""
      },
      {
        "lineNumber": 226,
        "author": {
          "gitId": "walnads"
        },
        "content": "* `removefeed \\n Seth Lui`"
      },
      {
        "lineNumber": 227,
        "author": {
          "gitId": "-"
        },
        "content": ""
      },
      {
        "lineNumber": 228,
        "author": {
          "gitId": "-"
        },
        "content": "\u003d\u003d FAQ"
      },
      {
        "lineNumber": 229,
        "author": {
          "gitId": "-"
        },
        "content": ""
      },
      {
        "lineNumber": 230,
        "author": {
          "gitId": "-"
        },
        "content": "*Q*: How do I transfer my data to another Computer? +"
      },
      {
        "lineNumber": 231,
        "author": {
          "gitId": "walnads"
        },
        "content": "*A*: Install the app in the other computer and overwrite the empty data file it creates with the file that contains the data of your previous EatMe folder."
      }
    ],
    "authorContributionMap": {
      "walnads": 151,
      "-": 80
    }
  }
]
