{
  "authorDailyContributionsMap": {
    "ChengGeng97": [
      {
        "insertions": 1,
        "deletions": 1,
        "date": "2019-09-18",
        "commitResults": [
          {
            "hash": "37fd2a1790c8f2566b75743a6186c7a27ca216c2",
            "messageTitle": "Add trailing whitespace in readme so that initial pull request can be created",
            "messageBody": "",
            "insertions": 1,
            "deletions": 1
          }
        ]
      },
      {
        "insertions": 558,
        "deletions": 186,
        "date": "2019-10-03",
        "commitResults": [
          {
            "hash": "53d1ea9c3dadf024c844099433eaf1d61af526d0",
            "messageTitle": "Change the docs for Week 7 + our pictures",
            "messageBody": "",
            "insertions": 553,
            "deletions": 179
          },
          {
            "hash": "44ad5200cdfed598fd033d069c4d2353f6aab994",
            "messageTitle": "Fixed the trailing whitespace",
            "messageBody": "",
            "insertions": 5,
            "deletions": 7
          }
        ]
      },
      {
        "insertions": 715,
        "deletions": 349,
        "date": "2019-10-08",
        "commitResults": [
          {
            "hash": "c63305b16c3a0c6993086503b6b185f9d888c335",
            "messageTitle": "Implemented basic functionality for Notification class - Created new Notification class and necessary packages - Made MainApp initialise Notification in init method - Made LogicManager hold onto a reference to Notification, and update Notification\u0027s internal queue whenever a command is executed",
            "messageBody": "",
            "insertions": 329,
            "deletions": 2
          },
          {
            "hash": "c73bbdac3519c51e0925c1638a7d938ef406fed3",
            "messageTitle": "Attempt to pass Appveyor and Travis checks #1",
            "messageBody": "",
            "insertions": 46,
            "deletions": 30
          },
          {
            "hash": "8b9319db1e7b87e7e087fa8a932c9721c666f29b",
            "messageTitle": "Trying to make the branch show up",
            "messageBody": "",
            "insertions": 0,
            "deletions": 0
          },
          {
            "hash": "812498247b8fc78ccbf39dca65530efaae1d260d",
            "messageTitle": "Attempt to pass Appveyor and Travis Checks #2 - Changed the line endings of files from Windows to Unix - Changed test for LogicManager to account for new constructor",
            "messageBody": "",
            "insertions": 311,
            "deletions": 308
          },
          {
            "hash": "55152610af1a1dc23dce94bcec5ef0e3a2a17e55",
            "messageTitle": "Trying to do the PR properly",
            "messageBody": "",
            "insertions": 0,
            "deletions": 0
          },
          {
            "hash": "65b3739739fb12faacac236d865ad12f72457a8a",
            "messageTitle": "Deleted a useless file I added so that I could do the PR properly",
            "messageBody": "",
            "insertions": 0,
            "deletions": 0
          },
          {
            "hash": "2a64b39e8409368a9081ac7499da7b1e42282a60",
            "messageTitle": "Bugfix for JVM not quitting: explicitly make a call to System.Exit() in MainApp\u0027s stop() method.",
            "messageBody": "",
            "insertions": 5,
            "deletions": 2
          },
          {
            "hash": "4f16a45db889953cbf8c46a13327e6a48c3392e7",
            "messageTitle": "Bugfix for Icon not showing up in System Tray",
            "messageBody": "",
            "insertions": 24,
            "deletions": 7
          }
        ]
      }
    ],
    "Kyzure": [
      {
        "insertions": 359,
        "deletions": 100,
        "date": "2019-09-26",
        "commitResults": [
          {
            "hash": "0a5b7f0c1966ca9524c2dfc5906ccd18d8b15239",
            "messageTitle": "Added stub to test for UI and JavaFX",
            "messageBody": "",
            "insertions": 262,
            "deletions": 64
          },
          {
            "hash": "37fc1b5951ecad6e1d1e75a6d0133ad0304940c8",
            "messageTitle": "Changed the UI to such that the screen resize to fit both the event list and the command box + result box.",
            "messageBody": "",
            "insertions": 97,
            "deletions": 36
          }
        ]
      },
      {
        "insertions": 60,
        "deletions": 12,
        "date": "2019-09-27",
        "commitResults": [
          {
            "hash": "40c525fe94cfefe89bbcb845a58c8fb0d0388794",
            "messageTitle": "Change font and some resizing issues",
            "messageBody": "",
            "insertions": 60,
            "deletions": 12
          }
        ]
      },
      {
        "insertions": 98,
        "deletions": 59,
        "date": "2019-09-28",
        "commitResults": [
          {
            "hash": "997271db803537558ddbc0689a57455d2e6bc0f1",
            "messageTitle": "Removed ResultDisplay and added LogPanel and LogBox to have a history log for the programs output",
            "messageBody": "",
            "insertions": 98,
            "deletions": 59
          }
        ]
      },
      {
        "insertions": 125,
        "deletions": 301,
        "date": "2019-10-01",
        "commitResults": [
          {
            "hash": "c479ae98d3bcf7ed48e6a02f822c60a62df0fef4",
            "messageTitle": "Changed the name of certain files. Added methods to LogicManager and Logic Interface Combine ui and events together to display event (requires add event Command)",
            "messageBody": "",
            "insertions": 125,
            "deletions": 301
          }
        ]
      },
      {
        "insertions": 312,
        "deletions": 122,
        "date": "2019-10-02",
        "commitResults": [
          {
            "hash": "5e45bf9bc663ebf8d956cc4841ef8a8b72b1f054",
            "messageTitle": "Added java docs and fixed an ui problem",
            "messageBody": "",
            "insertions": 49,
            "deletions": 27
          },
          {
            "hash": "3d9072ae65e3c8e4f55fad8cf1685efb6fa14199",
            "messageTitle": "Updated the documents and added images (placeholder for those without images)",
            "messageBody": "",
            "insertions": 34,
            "deletions": 30
          },
          {
            "hash": "1987c737a2e15f8125e603a385c9da55001ad183",
            "messageTitle": "Added portfolio and updated AboutUs.adoc",
            "messageBody": "",
            "insertions": 28,
            "deletions": 24
          },
          {
            "hash": "32e99bc129fc5bc29499063938f19dea523abf38",
            "messageTitle": "Updated developer guide and added images for About Us page.",
            "messageBody": "",
            "insertions": 198,
            "deletions": 38
          },
          {
            "hash": "cecfc437ad3b8c27e123854ea922ba7f98f923bc",
            "messageTitle": "Updated the About Us doc to use png instead of jpg",
            "messageBody": "",
            "insertions": 3,
            "deletions": 3
          }
        ]
      },
      {
        "insertions": 337,
        "deletions": 203,
        "date": "2019-10-03",
        "commitResults": [
          {
            "hash": "80e3d3962f5f8775fcd2335c34efef003efe22ff",
            "messageTitle": "Updated Developer Guide and User Guide halfway (User Guide stopped at Done Task)",
            "messageBody": "",
            "insertions": 76,
            "deletions": 49
          },
          {
            "hash": "c8d2ddde186f428f2b333f1b5aabe21ba8539dd9",
            "messageTitle": "Updated User Guide Halfway",
            "messageBody": "",
            "insertions": 15,
            "deletions": 51
          },
          {
            "hash": "449fec76ae3db2e10a18a01627d1e25b45510e6e",
            "messageTitle": "Updates user guide and developer guide",
            "messageBody": "",
            "insertions": 246,
            "deletions": 103
          }
        ]
      },
      {
        "insertions": 201,
        "deletions": 175,
        "date": "2019-10-06",
        "commitResults": [
          {
            "hash": "b5ca64ea7a116765385a511e72ae8bf527a69739",
            "messageTitle": "Changed certain issues regarding the UI. Allows flexibility when adding Task list into the ListPanel",
            "messageBody": "",
            "insertions": 99,
            "deletions": 85
          },
          {
            "hash": "e9e5ec93a7b2029e584c5283e297c1ee505d451c",
            "messageTitle": "Fixed certain issues with UI regarding sizing. Now have flexibility to add Task List (#43)",
            "messageBody": "Changed certain issues regarding the UI. Allows flexibility when adding Task list into the ListPanel\r\n",
            "insertions": 102,
            "deletions": 90
          }
        ]
      },
      {
        "insertions": 321,
        "deletions": 30,
        "date": "2019-10-08",
        "commitResults": [
          {
            "hash": "18b3703264efa21d3d7ddf48da2ac65fbaa66521",
            "messageTitle": "Fixed the warnings regarding javaFX version. Added Calendar incomplete [Unable to take in EventSource now]",
            "messageBody": "",
            "insertions": 275,
            "deletions": 5
          },
          {
            "hash": "732645ba53ef36a41d6077c8876d6e1925cbbd24",
            "messageTitle": "Added Java Docs to pass gradle check.",
            "messageBody": "",
            "insertions": 46,
            "deletions": 25
          }
        ]
      },
      {
        "insertions": 235,
        "deletions": 107,
        "date": "2019-10-09",
        "commitResults": [
          {
            "hash": "0ead3f2af144307a92c986c37c89aa72df10bda2",
            "messageTitle": "Completed Calendar - Able to add up to 5 event per day for the month you are in. Still has bugs regarding adding events.",
            "messageBody": "",
            "insertions": 197,
            "deletions": 77
          },
          {
            "hash": "c776ebaac08a482b6044d2388d546784096ab8da",
            "messageTitle": "Completed the Calendar v1.2 - Able to tell you up to 5 events in each day of the calendar. The calendar only works for the current month you are in.",
            "messageBody": "",
            "insertions": 38,
            "deletions": 30
          }
        ]
      }
    ],
    "marcusteh1238": [
      {
        "insertions": 5,
        "deletions": 6,
        "date": "2019-09-18",
        "commitResults": [
          {
            "hash": "f4055c98de150eed0dc72f98d52edd324101fca3",
            "messageTitle": "Update README.adoc",
            "messageBody": "Remove Codacy badge as stated in the Travis tutorial\n",
            "insertions": 0,
            "deletions": 1
          },
          {
            "hash": "54a12ed501cee0b1eb04b7eb70d69b69f10fd4cf",
            "messageTitle": "Update README.adoc",
            "messageBody": "Update links in README.adoc to point to build status of this repo instead\n",
            "insertions": 3,
            "deletions": 3
          },
          {
            "hash": "243bcd28087a9ba4a18b42aa7065851a00225668",
            "messageTitle": "Remove trailing whitespace from README.adoc",
            "messageBody": "",
            "insertions": 1,
            "deletions": 1
          },
          {
            "hash": "eaae3c0fd3345f0d0fc18fb2cbca7ee5c8284b88",
            "messageTitle": "Add newline to the end of README.adoc",
            "messageBody": "",
            "insertions": 1,
            "deletions": 1
          }
        ]
      },
      {
        "insertions": 128,
        "deletions": 0,
        "date": "2019-10-08",
        "commitResults": [
          {
            "hash": "be0c58093f5d9d21388aea9fdd77dc35b4c99895",
            "messageTitle": "Create ics package with IcsParser class",
            "messageBody": "",
            "insertions": 11,
            "deletions": 0
          },
          {
            "hash": "443c556f7a158c4ab9343b2c96b5a491ab381bea",
            "messageTitle": "Add IcsException class",
            "messageBody": "",
            "insertions": 7,
            "deletions": 0
          },
          {
            "hash": "82c8456f9a0abf35675163dddeaf5f48cd4f16f5",
            "messageTitle": "Add functionality to create a basic Event",
            "messageBody": "",
            "insertions": 110,
            "deletions": 0
          }
        ]
      },
      {
        "insertions": 42,
        "deletions": 27,
        "date": "2019-10-09",
        "commitResults": [
          {
            "hash": "6215874f9359de8ee9957efc041f6c2ad1272114",
            "messageTitle": "Some code cleanup to fit the checkstyle",
            "messageBody": "",
            "insertions": 38,
            "deletions": 23
          },
          {
            "hash": "90f7bdd44709d0ff8756213c9e75921b18d57825",
            "messageTitle": "Rename .ics to ICS in comments",
            "messageBody": "",
            "insertions": 4,
            "deletions": 4
          }
        ]
      }
    ],
    "bruceskellator": [
      {
        "insertions": 326,
        "deletions": 37,
        "date": "2019-10-08",
        "commitResults": [
          {
            "hash": "4c08eea24b4e659c5cbbccb9d270827cda031252",
            "messageTitle": "Completed UndoableHistory class",
            "messageBody": "",
            "insertions": 133,
            "deletions": 2
          },
          {
            "hash": "5b988fd7add0dadedb57bf5f4459a3631561c2c6",
            "messageTitle": "Added support for UndoableHistory in ModelManager. Also added deep-copy constructors for EventList and EventSource classes. Undo functionality has been fully implemented",
            "messageBody": "",
            "insertions": 140,
            "deletions": 17
          },
          {
            "hash": "8f0c0ef224317684cbe5b8c3d00049b5f8c896c4",
            "messageTitle": "Edited the Developer and User guides for the undo/redo sections",
            "messageBody": "",
            "insertions": 26,
            "deletions": 17
          },
          {
            "hash": "9106170f201f184fc9958148f36a587688366fdb",
            "messageTitle": "Modified classes to pass Travis",
            "messageBody": "",
            "insertions": 27,
            "deletions": 1
          }
        ]
      }
    ],
    "WeomuCat": [
      {
        "insertions": 347,
        "deletions": 57,
        "date": "2019-09-25",
        "commitResults": [
          {
            "hash": "b24bd1445a40e94f36a38b4311ff589b8f080bd9",
            "messageTitle": "Added Events Skeleton.",
            "messageBody": "",
            "insertions": 316,
            "deletions": 26
          },
          {
            "hash": "d960d2c509e809b80f24b0dee87af77074e90e5e",
            "messageTitle": "Rename Event to EventSource.",
            "messageBody": "",
            "insertions": 31,
            "deletions": 31
          }
        ]
      },
      {
        "insertions": 314,
        "deletions": 328,
        "date": "2019-10-03",
        "commitResults": [
          {
            "hash": "cdd6a63082cb5da3142a8094493422c240f86a48",
            "messageTitle": "Simplify events, pass gradle checks.",
            "messageBody": "- Remove EventsBook, use EventList.\n- Added javadocs for events.\n- Fix tests.\n",
            "insertions": 218,
            "deletions": 230
          },
          {
            "hash": "ec4172688cabe453f50bdaff1b576b5ea7fd7b52",
            "messageTitle": "Fix trailing whitespace for .fxml",
            "messageBody": "",
            "insertions": 96,
            "deletions": 94
          },
          {
            "hash": "9ec6db48bb0a84bc21f6d5c05d6d78b4040e8eeb",
            "messageTitle": "Fix previous merge.",
            "messageBody": "",
            "insertions": 0,
            "deletions": 4
          }
        ]
      },
      {
        "insertions": 284,
        "deletions": 31,
        "date": "2019-10-05",
        "commitResults": [
          {
            "hash": "9d06b69bd8a6e96aca91edef29ba8352b675663d",
            "messageTitle": "Adding FullCommandParser.",
            "messageBody": "",
            "insertions": 268,
            "deletions": 6
          },
          {
            "hash": "cab7217a6eb9a06ee673439d5ca252c29329c851",
            "messageTitle": "Rename Time to DateTime.",
            "messageBody": "- EventSource: Make tags optional and rename time to startDateTime.\n",
            "insertions": 16,
            "deletions": 25
          }
        ]
      },
      {
        "insertions": 645,
        "deletions": 324,
        "date": "2019-10-06",
        "commitResults": [
          {
            "hash": "e8b74e7b9a946c24d552ca9a76ef6dc7daf4c3cb",
            "messageTitle": "Finish implementation of CommandParser.",
            "messageBody": "- Finish implementation of AddEventCommand.\n- No tests yet.\n",
            "insertions": 440,
            "deletions": 225
          },
          {
            "hash": "3ed042d0eff60e31e8dcf5a7cc0b5fec10196c7f",
            "messageTitle": "Added some command tests.",
            "messageBody": "",
            "insertions": 114,
            "deletions": 10
          },
          {
            "hash": "c646cb6b382aa72549db90d6e20a5fe33530b3e4",
            "messageTitle": "Fix checkstyle.",
            "messageBody": "",
            "insertions": 1,
            "deletions": 0
          },
          {
            "hash": "0daf967df7abc0cb751ff1e8e1b3c0b88c0b5899",
            "messageTitle": "Fix line endings.",
            "messageBody": "",
            "insertions": 84,
            "deletions": 84
          },
          {
            "hash": "e1de2b6dc66935be9e27e3216b7bbe26a5629133",
            "messageTitle": "Not sure what changed?",
            "messageBody": "",
            "insertions": 0,
            "deletions": 0
          },
          {
            "hash": "6836b4aaeddef63f56171358338745365ef2d278",
            "messageTitle": "Fix EventList not updating Ui.",
            "messageBody": "- Change arraylist to observablelist\n",
            "insertions": 3,
            "deletions": 3
          },
          {
            "hash": "c4a10bc95792dc8f7fd9343c083cd2091cb916e5",
            "messageTitle": "Fix checkstyle.",
            "messageBody": "",
            "insertions": 0,
            "deletions": 2
          },
          {
            "hash": "8d6ed64640664eeb2c73edd3cc1ccd73d14985d0",
            "messageTitle": "Add comments.",
            "messageBody": "",
            "insertions": 3,
            "deletions": 0
          }
        ]
      },
      {
        "insertions": 469,
        "deletions": 211,
        "date": "2019-10-07",
        "commitResults": [
          {
            "hash": "a0f77ff9b62c106991c1bc358defacf9a7d54d16",
            "messageTitle": "Added DeleteCommand.",
            "messageBody": "- Added variable arguments.\n- Added IndexParser.\n- Fix Arugments \u0026 Options optional check.\n- Javadocs not done.\n",
            "insertions": 406,
            "deletions": 185
          },
          {
            "hash": "f3cffc5d4f48df28758e7992b27784769ba943ff",
            "messageTitle": "Added javadocs and tests.",
            "messageBody": "",
            "insertions": 63,
            "deletions": 26
          }
        ]
      },
      {
        "insertions": 1133,
        "deletions": 303,
        "date": "2019-10-08",
        "commitResults": [
          {
            "hash": "575b462a375267b293e1f8113d875cd22f1eefca",
            "messageTitle": "Added EditEventCommand.",
            "messageBody": "- Abstract out commands, options and arugments with more builders.\n- Javadocs \u0026 tests not done.\n",
            "insertions": 587,
            "deletions": 194
          },
          {
            "hash": "38f590cd2261458b0f9476ca5402729fc7caad94",
            "messageTitle": "Added javadocs.",
            "messageBody": "",
            "insertions": 31,
            "deletions": 0
          },
          {
            "hash": "35558e904f53a920bbd278449b846613de05e97c",
            "messageTitle": "Small change to Argument build().",
            "messageBody": "- Change javadocs accordingly.\n",
            "insertions": 16,
            "deletions": 9
          },
          {
            "hash": "efdc71a03088bf8b594dafcd7d91bce1c111b977",
            "messageTitle": "Added single quote matching to CommandParser.",
            "messageBody": "",
            "insertions": 4,
            "deletions": 0
          },
          {
            "hash": "2b46c2b05a113e037c0fe1e45a954ed6369feda1",
            "messageTitle": "Small change to VariableArguments build().",
            "messageBody": "- Fix Argument build() parsing null values.\n",
            "insertions": 40,
            "deletions": 12
          },
          {
            "hash": "c3291c236e21b39f6bc912fabe47ffaff78a6b98",
            "messageTitle": "Added command tests.",
            "messageBody": "",
            "insertions": 455,
            "deletions": 88
          }
        ]
      },
      {
        "insertions": 567,
        "deletions": 4129,
        "date": "2019-10-11",
        "commitResults": [
          {
            "hash": "de70ba458d2b3cd0af47bf5a86915254d37576bd",
            "messageTitle": "Refactor Commands, added CommandManager.",
            "messageBody": "- Code is uncompilable, LogicManager yet to be refactored out.\n",
            "insertions": 191,
            "deletions": 40
          },
          {
            "hash": "2947c0ac1e42e87a58fd33cf4739c341d7e90e51",
            "messageTitle": "Refactor Ui \u0026 Logic, added listeners.",
            "messageBody": "- Coverage is quite bad now.\n- Storage is neglected for now.\n",
            "insertions": 376,
            "deletions": 4089
          }
        ]
      }
    ]
  },
  "authorFinalContributionMap": {
    "ChengGeng97": 648,
    "Kyzure": 858,
    "marcusteh1238": 3,
    "bruceskellator": 291,
    "WeomuCat": 2455
  },
  "authorFileTypeContributionMap": {
    "ChengGeng97": {
      "docs": 295,
      "tests": 0,
      "functional": 353
    },
    "Kyzure": {
      "docs": 173,
      "tests": 0,
      "functional": 684,
      "other": 1
    },
    "marcusteh1238": {
      "docs": 3,
      "tests": 0,
      "functional": 0
    },
    "bruceskellator": {
      "docs": 26,
      "tests": 0,
      "functional": 265
    },
    "WeomuCat": {
      "docs": 0,
      "tests": 517,
      "functional": 1938
    }
  },
  "authorContributionVariance": {
    "ChengGeng97": 44295.37,
    "Kyzure": 27962.098,
    "marcusteh1238": 557.33954,
    "bruceskellator": 3558.576,
    "WeomuCat": 663025.5
  },
  "authorDisplayNameMap": {
    "ChengGeng97": "CS2103T-F12-1 ONG C ...  GENG",
    "Kyzure": "CS2103T-F12-1 TIMOT ... HIWEN",
    "marcusteh1238": "CS2103T-F12-1 TEH H ... ARCUS",
    "bruceskellator": "CS2103T-F12-1 BRUCE ... E ONG",
    "WeomuCat": "CS2103T-F12-1 DENIS ...  TJIA"
  }
}
