{
  "authorDailyContributionsMap": {
    "tcgj": [
      {
        "insertions": 51,
        "deletions": 233,
        "date": "2019-10-01",
        "commitResults": [
          {
            "hash": "c22b0fbe4e083b812d7b4ce18a032e052c68a025",
            "messageTitle": "Remove trailing empty user story",
            "messageBody": "",
            "insertions": 0,
            "deletions": 2
          },
          {
            "hash": "98b65f8b7825efda75aab35cde6e6cf94a032ee5",
            "messageTitle": "Fix minor syntax errors",
            "messageBody": "",
            "insertions": 2,
            "deletions": 2
          },
          {
            "hash": "bf010064b6993ec1c77f13b297752b68cfe48b7b",
            "messageTitle": "Remove User Guide content (to be re-added individually for proper attribution)",
            "messageBody": "",
            "insertions": 0,
            "deletions": 229
          },
          {
            "hash": "4e1250074891daa864d019d74745b2e2c6a59b87",
            "messageTitle": "Add account and category guide",
            "messageBody": "",
            "insertions": 49,
            "deletions": 0
          }
        ]
      },
      {
        "insertions": 1,
        "deletions": 1,
        "date": "2019-10-02",
        "commitResults": [
          {
            "hash": "a26e0896f0e10791ba7002881cd87b531ee4c7c0",
            "messageTitle": "Fix readme se-edu attribution",
            "messageBody": "",
            "insertions": 1,
            "deletions": 1
          }
        ]
      },
      {
        "insertions": 368,
        "deletions": 67,
        "date": "2019-10-13",
        "commitResults": [
          {
            "hash": "7191a411cfde3005d7f0ace2af743f886269048f",
            "messageTitle": "Add Rule model",
            "messageBody": "",
            "insertions": 62,
            "deletions": 0
          },
          {
            "hash": "f65905b9e45b9c0caf7b4f0ddaf0c45f14e29713",
            "messageTitle": "Add javadocs for rule model",
            "messageBody": "",
            "insertions": 26,
            "deletions": 10
          },
          {
            "hash": "e32bf37a6147bdd18a77ede55da0f48b60fcc86f",
            "messageTitle": "Remove logic from Rule model",
            "messageBody": "",
            "insertions": 59,
            "deletions": 19
          },
          {
            "hash": "244727165b6ae0ad8dd046db31f8729cfd06233f",
            "messageTitle": "Update javadoc on rule model",
            "messageBody": "",
            "insertions": 6,
            "deletions": 2
          },
          {
            "hash": "343191bdcc1e45e7c451f89105f2db19e83d9c42",
            "messageTitle": "Add logic template for rules",
            "messageBody": "",
            "insertions": 38,
            "deletions": 0
          },
          {
            "hash": "804167f56cd88e18e4c10dd7fa1099e0fbbf8d39",
            "messageTitle": "Update rule model",
            "messageBody": "",
            "insertions": 143,
            "deletions": 29
          },
          {
            "hash": "9b4d9c825ecad69be8e4e2ca3fad98d5f074619c",
            "messageTitle": "Add simple expression template",
            "messageBody": "",
            "insertions": 33,
            "deletions": 5
          },
          {
            "hash": "9afb6e57af84fbb6767bedbdeb38e90541f99787",
            "messageTitle": "Fix javadoc comment typo",
            "messageBody": "",
            "insertions": 1,
            "deletions": 1
          },
          {
            "hash": "08d5bd2356551c90e3328d992569080457048109",
            "messageTitle": "Remove stray empty line",
            "messageBody": "",
            "insertions": 0,
            "deletions": 1
          }
        ]
      },
      {
        "insertions": 1846,
        "deletions": 1293,
        "date": "2019-10-16",
        "commitResults": [
          {
            "hash": "59d375af7a8d60065c40b7436f378e0743972cb4",
            "messageTitle": "Rename *Parser to *CommandParser",
            "messageBody": "",
            "insertions": 21,
            "deletions": 25
          },
          {
            "hash": "3c3172e90607b9a06b6f2dff39e3d5b2e774b849",
            "messageTitle": "Add toLong method for retrieving Amount",
            "messageBody": "",
            "insertions": 5,
            "deletions": 1
          },
          {
            "hash": "f94905dffe0413207aeef5ddc6023fff2f7ad424",
            "messageTitle": "Update expression predicate model to be in attribute-operator-value format",
            "messageBody": "",
            "insertions": 272,
            "deletions": 140
          },
          {
            "hash": "e466c9e531c42fc48e61184a42b4ff1c6db01c08",
            "messageTitle": "Add unique rule list",
            "messageBody": "",
            "insertions": 167,
            "deletions": 0
          },
          {
            "hash": "5933c69d3c521a45f920f20b6982f835ceb5ef08",
            "messageTitle": "Rename ParserUtil to CommandParserUtil",
            "messageBody": "",
            "insertions": 121,
            "deletions": 19
          },
          {
            "hash": "ac13a2800e2d51e6590b75386c5f4257cac7b43c",
            "messageTitle": "Add command processing of rules",
            "messageBody": "",
            "insertions": 211,
            "deletions": 31
          },
          {
            "hash": "39085fe789000c5247ce172372d8517fed88a61a",
            "messageTitle": "Rename predicate validation methods",
            "messageBody": "",
            "insertions": 2,
            "deletions": 2
          },
          {
            "hash": "d6208943c30f2cdaa65703428f7cee9fda653675",
            "messageTitle": "Add javadoc for predicate expression validation methods",
            "messageBody": "",
            "insertions": 9,
            "deletions": 2
          },
          {
            "hash": "8095cf65f288d96c7e09ed5a61776729fdbe049c",
            "messageTitle": "Rename base package to budgetbuddy",
            "messageBody": "",
            "insertions": 1023,
            "deletions": 1062
          },
          {
            "hash": "0fd820db1210cf767530feb90d8bcaefecfa688d",
            "messageTitle": "Rename MainApp string references from address book to budget buddy",
            "messageBody": "",
            "insertions": 6,
            "deletions": 6
          },
          {
            "hash": "86f1959f3e420a4b00689f3ca781113a3379ce06",
            "messageTitle": "Revert to original static imports",
            "messageBody": "",
            "insertions": 9,
            "deletions": 5
          }
        ]
      },
      {
        "insertions": 595,
        "deletions": 100,
        "date": "2019-10-20",
        "commitResults": [
          {
            "hash": "3fd9cd54e76f52a80634796cfcef7fb2be2e7ef3",
            "messageTitle": "Fix unique rule list get method check",
            "messageBody": "",
            "insertions": 1,
            "deletions": 1
          },
          {
            "hash": "7ad8bcd48c446752fc3ce8850afdbf358f99253b",
            "messageTitle": "Add RuleManager to handle rule list operations",
            "messageBody": "",
            "insertions": 138,
            "deletions": 6
          },
          {
            "hash": "e2181ea952b536b04d3490a3c3d2ce3836d5da10",
            "messageTitle": "Shift rule commands/commandparsers to inner package",
            "messageBody": "",
            "insertions": 16,
            "deletions": 5
          },
          {
            "hash": "4a5f1243c17e74745371b2a89be192ef12902627",
            "messageTitle": "Add new predicate expressions",
            "messageBody": "",
            "insertions": 210,
            "deletions": 21
          },
          {
            "hash": "19af8c215abe7ba92af7fec09ae4238328ccc3fb",
            "messageTitle": "Implement rule actions",
            "messageBody": "",
            "insertions": 184,
            "deletions": 48
          },
          {
            "hash": "eff025abfd8804c204b81957088ef7d869c3ea02",
            "messageTitle": "Fix RuleManager not added to test cases",
            "messageBody": "",
            "insertions": 45,
            "deletions": 18
          },
          {
            "hash": "c740a722d6004565d8aa884f9bf9fab14f5c14d6",
            "messageTitle": "Fix LoansManager comparing list with unmodifiable observable list",
            "messageBody": "",
            "insertions": 1,
            "deletions": 1
          }
        ]
      }
    ],
    "ChenJiehan318": [
      {
        "insertions": 43,
        "deletions": 2,
        "date": "2019-10-01",
        "commitResults": [
          {
            "hash": "48ab552d0b5def30a5a019e82b36f06fb438167d",
            "messageTitle": "remove leftover user story",
            "messageBody": "",
            "insertions": 0,
            "deletions": 2
          },
          {
            "hash": "cdebbc8f6b8d20f24153d6ee0de9926a1e2b02e2",
            "messageTitle": "Update UserGuide.adoc",
            "messageBody": "",
            "insertions": 43,
            "deletions": 0
          }
        ]
      },
      {
        "insertions": 2,
        "deletions": 1,
        "date": "2019-10-09",
        "commitResults": [
          {
            "hash": "572b4a67463289e071e1ff09c915dc0167a3e61a",
            "messageTitle": "change introduction of UserGuide",
            "messageBody": "",
            "insertions": 2,
            "deletions": 1
          }
        ]
      },
      {
        "insertions": 506,
        "deletions": 53,
        "date": "2019-10-12",
        "commitResults": [
          {
            "hash": "67f0d35aa4f02b996c6ba441c0311d0f4f345247",
            "messageTitle": "Add various classes for account",
            "messageBody": "",
            "insertions": 455,
            "deletions": 2
          },
          {
            "hash": "c47cb69bbc0462dccfd73b11db30735d8d296fb4",
            "messageTitle": "Fix checkstyle",
            "messageBody": "",
            "insertions": 20,
            "deletions": 16
          },
          {
            "hash": "89c633352e034c3143971f2812a4a2839e37ccd3",
            "messageTitle": "Implement ft-account and fix checkstyle",
            "messageBody": "",
            "insertions": 4,
            "deletions": 2
          },
          {
            "hash": "d1a5ad1e9bc55fc6640d953077777783a2f8565b",
            "messageTitle": "Fix Checkstyle",
            "messageBody": "",
            "insertions": 0,
            "deletions": 3
          },
          {
            "hash": "e203ce4101f0b0e9fd985e00b0eea4a1720028e2",
            "messageTitle": "edit javadoc",
            "messageBody": "",
            "insertions": 27,
            "deletions": 30
          }
        ]
      },
      {
        "insertions": 4,
        "deletions": 2,
        "date": "2019-10-13",
        "commitResults": [
          {
            "hash": "03b00285339a312b53dd93d99efab509a939b370",
            "messageTitle": "Update UserGuide",
            "messageBody": "",
            "insertions": 2,
            "deletions": 1
          },
          {
            "hash": "ba9d941fd5cb73f81d47c937d11a01815cd9c757",
            "messageTitle": "Re-package transaction",
            "messageBody": "",
            "insertions": 2,
            "deletions": 1
          }
        ]
      },
      {
        "insertions": 126,
        "deletions": 12,
        "date": "2019-10-15",
        "commitResults": [
          {
            "hash": "ba45f531b8432ffa272185258d24cb1e3b9843a5",
            "messageTitle": "change UserGuide url to BudgetBuddy",
            "messageBody": "",
            "insertions": 2,
            "deletions": 2
          },
          {
            "hash": "2239faea6c6052b0cce458a53f8f102740b93914",
            "messageTitle": "change icon and app name",
            "messageBody": "",
            "insertions": 116,
            "deletions": 2
          },
          {
            "hash": "f89b8760745dab0d41a79288a997c5fd5ccd58ba",
            "messageTitle": "remove PersonListPanel",
            "messageBody": "",
            "insertions": 7,
            "deletions": 7
          },
          {
            "hash": "ec4740bf2161885fa64760dc2b6d4c405ddb84fa",
            "messageTitle": "change theme",
            "messageBody": "",
            "insertions": 1,
            "deletions": 1
          }
        ]
      }
    ],
    "cambrian-dk": [
      {
        "insertions": 45,
        "deletions": 0,
        "date": "2019-10-01",
        "commitResults": [
          {
            "hash": "4d52d3317ba827b122112a1a4a9aea0b2d91d13f",
            "messageTitle": "Add transactions",
            "messageBody": "",
            "insertions": 45,
            "deletions": 0
          }
        ]
      },
      {
        "insertions": 731,
        "deletions": 74,
        "date": "2019-10-13",
        "commitResults": [
          {
            "hash": "4426473edd4337ec315ff0cbaee0432ed9081839",
            "messageTitle": "Add support for transactions",
            "messageBody": "",
            "insertions": 298,
            "deletions": 0
          },
          {
            "hash": "7282d73105e0776d00f3eeb2289637efa2ad38fc",
            "messageTitle": "fix checkstyle errors and add javadoc comments",
            "messageBody": "",
            "insertions": 46,
            "deletions": 33
          },
          {
            "hash": "b201c03f6d5b6c58c21e7fa7f83ed8d7a661c6c1",
            "messageTitle": "Add support for transactions",
            "messageBody": "",
            "insertions": 298,
            "deletions": 0
          },
          {
            "hash": "a1fb7d2d0dcc5420c14b7bdd501874499d0e3661",
            "messageTitle": "fix checkstyle errors and add javadoc comments",
            "messageBody": "",
            "insertions": 46,
            "deletions": 33
          },
          {
            "hash": "1f1d54dd2c127ef6e81912e2db26ab85e633e2d4",
            "messageTitle": "Add directions and include direction in transactions",
            "messageBody": "",
            "insertions": 40,
            "deletions": 4
          },
          {
            "hash": "7dca8a03bf08811b2e6083401bf0bcad45193ab5",
            "messageTitle": "Add changes requested in pull request, and update Direction into Transaction",
            "messageBody": "",
            "insertions": 1,
            "deletions": 1
          },
          {
            "hash": "e61c5363246b4afdb309aa84f86f3a7b993af74d",
            "messageTitle": "Fix typo",
            "messageBody": "",
            "insertions": 0,
            "deletions": 1
          },
          {
            "hash": "ca180ef1909e0d99f7473f766aae4ef1800693d0",
            "messageTitle": "Update user guide",
            "messageBody": "",
            "insertions": 2,
            "deletions": 2
          }
        ]
      }
    ],
    "kenneth-fung": [
      {
        "insertions": 248,
        "deletions": 145,
        "date": "2019-09-30",
        "commitResults": [
          {
            "hash": "66f2a6c715c35ca3114d2db65b37d92651884bfc",
            "messageTitle": "Update ReadMe, Contact, About, User Guide",
            "messageBody": "",
            "insertions": 240,
            "deletions": 135
          },
          {
            "hash": "0e842f8a1d2c9bb1e76e4036cc74640e049508a6",
            "messageTitle": "Fix broken image link in user guide",
            "messageBody": "",
            "insertions": 5,
            "deletions": 5
          },
          {
            "hash": "d5700af441c4687d9084b2852f5bcff3bcdc9577",
            "messageTitle": "Update About page and User Guide",
            "messageBody": "",
            "insertions": 3,
            "deletions": 5
          }
        ]
      },
      {
        "insertions": 223,
        "deletions": 23,
        "date": "2019-10-01",
        "commitResults": [
          {
            "hash": "96ee663bed79a611571a80e612336cfd6e275b99",
            "messageTitle": "Update DeveloperGuide.adoc",
            "messageBody": "",
            "insertions": 170,
            "deletions": 23
          },
          {
            "hash": "40e687fb2f4dc7465fe3eaf27ba3e868b388b897",
            "messageTitle": "Update UserGuide.adoc",
            "messageBody": "Updated the introduction, quick start and command format.\r\nAdded loans.",
            "insertions": 53,
            "deletions": 0
          }
        ]
      },
      {
        "insertions": 955,
        "deletions": 1165,
        "date": "2019-10-12",
        "commitResults": [
          {
            "hash": "5ce2697d67014074ec58891683ba302fb919bf9b",
            "messageTitle": "Add Loan model and LoanList",
            "messageBody": "",
            "insertions": 431,
            "deletions": 0
          },
          {
            "hash": "9e1d4a289daad0af2b82509eb26df0194d035fc4",
            "messageTitle": "Fix checkstyle errors",
            "messageBody": "",
            "insertions": 46,
            "deletions": 10
          },
          {
            "hash": "e3b5572a4b935f0b1d80d8bada530f3c58133cfc",
            "messageTitle": "Remove Address from Person package",
            "messageBody": "",
            "insertions": 69,
            "deletions": 353
          },
          {
            "hash": "45054dabee47709a2b3a47fb3c29bd3c32616fa6",
            "messageTitle": "Remove Email from Person and reorder imports Imports reordered based on checkstyle.",
            "messageBody": "",
            "insertions": 88,
            "deletions": 384
          },
          {
            "hash": "fe372ed69874eab8e82777af506cc6fbbbe2fb34",
            "messageTitle": "Remove Phone from Person",
            "messageBody": "",
            "insertions": 57,
            "deletions": 398
          },
          {
            "hash": "96ae6d7b56827bf879d259e4d21e462a029f0d96",
            "messageTitle": "Add LoansManager and modify UniquePersonList",
            "messageBody": "",
            "insertions": 264,
            "deletions": 20
          }
        ]
      },
      {
        "insertions": 955,
        "deletions": 1165,
        "date": "2019-10-13",
        "commitResults": [
          {
            "hash": "39953bcdb26dca2063d81da9e2d86eae773e3bd7",
            "messageTitle": "Add Loan model and LoanList",
            "messageBody": "",
            "insertions": 431,
            "deletions": 0
          },
          {
            "hash": "0a3b43f42b9be69c5d822344ced031fe53094a45",
            "messageTitle": "Fix checkstyle errors",
            "messageBody": "",
            "insertions": 46,
            "deletions": 10
          },
          {
            "hash": "1c4581fb86441280b90c2bbc710797b2a7e17122",
            "messageTitle": "Remove Address from Person package",
            "messageBody": "",
            "insertions": 69,
            "deletions": 353
          },
          {
            "hash": "7a5de60b64000135ecaf1af4092e7fff3c195ade",
            "messageTitle": "Remove Email from Person and reorder imports Imports reordered based on checkstyle.",
            "messageBody": "",
            "insertions": 88,
            "deletions": 384
          },
          {
            "hash": "685d4d48bab71b4ab7ccf49b4eb6790e3d1810fc",
            "messageTitle": "Remove Phone from Person",
            "messageBody": "",
            "insertions": 57,
            "deletions": 398
          },
          {
            "hash": "bf6dd55318175431607fddf949fc1242beb43bbd",
            "messageTitle": "Add LoansManager and modify UniquePersonList",
            "messageBody": "",
            "insertions": 264,
            "deletions": 20
          }
        ]
      },
      {
        "insertions": 1033,
        "deletions": 210,
        "date": "2019-10-15",
        "commitResults": [
          {
            "hash": "e838b06dffee9207446cee65cf34a734156b8190",
            "messageTitle": "Fix missing import in AddCommandParserTest",
            "messageBody": "",
            "insertions": 1,
            "deletions": 0
          },
          {
            "hash": "0f218040540b27cbc6b8a7f53c505c0b9f55f7af",
            "messageTitle": "Change Loan\u0027s Direction \u0026 Amount references",
            "messageBody": "",
            "insertions": 4,
            "deletions": 99
          },
          {
            "hash": "aafa5b6cbeb9219764d5e6f233cf7159f5415bd3",
            "messageTitle": "Change Loan\u0027s Status to enum",
            "messageBody": "",
            "insertions": 9,
            "deletions": 25
          },
          {
            "hash": "220c772f93435a60d1b1a722e5d32f2898d69721",
            "messageTitle": "Add LoanNotFoundException",
            "messageBody": "",
            "insertions": 14,
            "deletions": 5
          },
          {
            "hash": "8b01941d8031b1eb8193d61936f4a39942c00ae3",
            "messageTitle": "Integrate LoansManager into main Model",
            "messageBody": "",
            "insertions": 87,
            "deletions": 29
          },
          {
            "hash": "632e71e9d8367e03763252ecf60ba2710a876d23",
            "messageTitle": "Add commands for loans",
            "messageBody": "",
            "insertions": 714,
            "deletions": 19
          },
          {
            "hash": "33552a0e517015bc8bf28d5bdd3620b16098fbb5",
            "messageTitle": "Add parser for AddLoanCommand",
            "messageBody": "",
            "insertions": 171,
            "deletions": 23
          },
          {
            "hash": "5c743784d13da003517881f1d0da8fb2b5aad25b",
            "messageTitle": "Add loan list parser and fix add loan bug",
            "messageBody": "",
            "insertions": 22,
            "deletions": 2
          },
          {
            "hash": "76a42b794451551023f01fece9c616529fcaf915",
            "messageTitle": "Fix checkstyle errors",
            "messageBody": "",
            "insertions": 3,
            "deletions": 2
          },
          {
            "hash": "62612a05d24fe0c7cb8206f19f6af72a463a8eaa",
            "messageTitle": "Update loans section of user guide",
            "messageBody": "",
            "insertions": 8,
            "deletions": 6
          }
        ]
      },
      {
        "insertions": 767,
        "deletions": 506,
        "date": "2019-10-19",
        "commitResults": [
          {
            "hash": "0de595ed68f108635aa52e8b94808aa841bfad9d",
            "messageTitle": "Move loan package from person to model package",
            "messageBody": "",
            "insertions": 31,
            "deletions": 31
          },
          {
            "hash": "9781f20ff49866aff897fda68bc6a39de7ac991f",
            "messageTitle": "Revamp MultiLoanCommand implementation",
            "messageBody": "",
            "insertions": 242,
            "deletions": 140
          },
          {
            "hash": "f95da0fd1c22e2b4ae006d71ac2e83894858ea4c",
            "messageTitle": "Change multi-loan input syntax",
            "messageBody": "",
            "insertions": 22,
            "deletions": 18
          },
          {
            "hash": "c3c656ab860376d5936296578f8eb29415130ec2",
            "messageTitle": "Add MultiLoanCommandParser and loan delete parser",
            "messageBody": "",
            "insertions": 79,
            "deletions": 0
          },
          {
            "hash": "af68d0057b7ac298a7a4436e37521b23bf4fecdc",
            "messageTitle": "Rename loan command and parser classes",
            "messageBody": "",
            "insertions": 52,
            "deletions": 52
          },
          {
            "hash": "2e637176937a04946f33c41496672a99b8894d02",
            "messageTitle": "Add parsers for loan paid/unpaid/delete Add Javadoc comments",
            "messageBody": "",
            "insertions": 76,
            "deletions": 1
          },
          {
            "hash": "d4c3d80aef74d5f012e1893851b7f8b3531bc1d9",
            "messageTitle": "Implement parser for loan edit command",
            "messageBody": "",
            "insertions": 104,
            "deletions": 29
          },
          {
            "hash": "a89a955966835c5d4ab6424c2a4c2a99903edc44",
            "messageTitle": "Add overridden hashCode for PersonLoanIndexPair",
            "messageBody": "",
            "insertions": 7,
            "deletions": 0
          },
          {
            "hash": "4673f7fdfeab013453ba170b7e16626649feabd5",
            "messageTitle": "Update build.gradle and change font color to black",
            "messageBody": "",
            "insertions": 2,
            "deletions": 2
          },
          {
            "hash": "78588ac69461fdfcbdacc5cf0ce74e1d8592fd49",
            "messageTitle": "Implement numerous fixes for multi-loan commands",
            "messageBody": "",
            "insertions": 50,
            "deletions": 13
          },
          {
            "hash": "524640a2e91403604dd059d251130bff9d890906",
            "messageTitle": "Fix Amount\u0027s cents display to always be 2 d.p.",
            "messageBody": "",
            "insertions": 5,
            "deletions": 2
          },
          {
            "hash": "dac1e6508718f30af4d9a556923fb52d2077796b",
            "messageTitle": "Change Loan\u0027s Description to reference Amount\u0027s",
            "messageBody": "",
            "insertions": 8,
            "deletions": 67
          },
          {
            "hash": "1693aa252bf6c926fccd53904532cf5e99e10567",
            "messageTitle": "Remove Loan\u0027s Date stub and switch to Java\u0027s Date",
            "messageBody": "",
            "insertions": 28,
            "deletions": 43
          },
          {
            "hash": "c8eba5686bbbf64796a2bde815ca421352deb21e",
            "messageTitle": "Improve parsing of Amount",
            "messageBody": "",
            "insertions": 17,
            "deletions": 7
          },
          {
            "hash": "122915ee027b22a633372ba7a428984469c996df",
            "messageTitle": "Refactor Name into class in attributes package",
            "messageBody": "",
            "insertions": 33,
            "deletions": 89
          },
          {
            "hash": "9aa019f69af1dca255fefacefaf9cbd65dd87b0a",
            "messageTitle": "Improve Amount\u0027s toString() method",
            "messageBody": "",
            "insertions": 1,
            "deletions": 7
          },
          {
            "hash": "6d15fe33244fefeac3fb28d9606461c9e52d3d0f",
            "messageTitle": "Catch additional parsing errors for Amount",
            "messageBody": "",
            "insertions": 9,
            "deletions": 4
          },
          {
            "hash": "5ad176318e3edaad2ab1581263172cf0c45b349a",
            "messageTitle": "Fix checkstyle error (missing whitespace)",
            "messageBody": "",
            "insertions": 1,
            "deletions": 1
          }
        ]
      }
    ],
    "thwnus": [
      {
        "insertions": 5,
        "deletions": 9,
        "date": "2019-09-17",
        "commitResults": [
          {
            "hash": "ef81029ef3a7c34e1768604b0c5c2aca205c0143",
            "messageTitle": "Update readme",
            "messageBody": "",
            "insertions": 5,
            "deletions": 9
          }
        ]
      },
      {
        "insertions": 1,
        "deletions": 1,
        "date": "2019-09-30",
        "commitResults": [
          {
            "hash": "1e80ac38fb52d06bd695d4e3fc795245cd6d4d1f",
            "messageTitle": "Update team contact email",
            "messageBody": "",
            "insertions": 1,
            "deletions": 1
          }
        ]
      },
      {
        "insertions": 63,
        "deletions": 25,
        "date": "2019-10-01",
        "commitResults": [
          {
            "hash": "8d093b468e6d38e7854deca1bf63d5778a816172",
            "messageTitle": "Add reports and import/export to user guide",
            "messageBody": "",
            "insertions": 39,
            "deletions": 0
          },
          {
            "hash": "c59d9b87c3d4b2ae9d4808c5e31c9df89c38e10f",
            "messageTitle": "Re-order user guide",
            "messageBody": "",
            "insertions": 24,
            "deletions": 25
          }
        ]
      },
      {
        "insertions": 4,
        "deletions": 5,
        "date": "2019-10-08",
        "commitResults": [
          {
            "hash": "aa01d0398d66e51dca74e3d04e64967d8f24e6be",
            "messageTitle": "Update project website configuration",
            "messageBody": "",
            "insertions": 2,
            "deletions": 3
          },
          {
            "hash": "1551e39ceb21d975dccaaae8339115123cdc60dc",
            "messageTitle": "Change SOC to SoC",
            "messageBody": "",
            "insertions": 1,
            "deletions": 1
          },
          {
            "hash": "7d8515b306e81a6f5ad8a2a21e74c0808db882cb",
            "messageTitle": "Change another SOC to SoC",
            "messageBody": "",
            "insertions": 1,
            "deletions": 1
          }
        ]
      },
      {
        "insertions": 204,
        "deletions": 78,
        "date": "2019-10-12",
        "commitResults": [
          {
            "hash": "1a7e6d1100f4843094606394121e9e5cf15307a4",
            "messageTitle": "Reorganise command parsing package",
            "messageBody": "",
            "insertions": 37,
            "deletions": 17
          },
          {
            "hash": "b0dbb58a6e53bd1e63128c25f6caf2edb0cbf6d7",
            "messageTitle": "Use ServiceLoader to find CommandParsers",
            "messageBody": "",
            "insertions": 145,
            "deletions": 22
          },
          {
            "hash": "96a89c9b8b06bfd68fed293b4fda41b965b0dd36",
            "messageTitle": "Support two-word commands",
            "messageBody": "",
            "insertions": 22,
            "deletions": 39
          }
        ]
      },
      {
        "insertions": 129,
        "deletions": 0,
        "date": "2019-10-15",
        "commitResults": [
          {
            "hash": "db88aec0c38326b93ad04a9eddf75082c84a4ced",
            "messageTitle": "Add simple script manager",
            "messageBody": "",
            "insertions": 74,
            "deletions": 0
          },
          {
            "hash": "20dd0850886bbacc4873388ae5cc89711e5800fc",
            "messageTitle": "Add a command to evaluate a script",
            "messageBody": "",
            "insertions": 55,
            "deletions": 0
          }
        ]
      }
    ]
  },
  "authorFinalContributionMap": {
    "tcgj": 2403,
    "ChenJiehan318": 521,
    "cambrian-dk": 361,
    "kenneth-fung": 2138,
    "thwnus": 313
  },
  "authorFileTypeContributionMap": {
    "tcgj": {
      "docs": 46,
      "tests": 534,
      "functional": 1823
    },
    "ChenJiehan318": {
      "docs": 34,
      "tests": 0,
      "functional": 487
    },
    "cambrian-dk": {
      "docs": 35,
      "tests": 0,
      "functional": 326
    },
    "kenneth-fung": {
      "docs": 264,
      "tests": 88,
      "functional": 1785,
      "other": 1
    },
    "thwnus": {
      "docs": 40,
      "tests": 4,
      "functional": 267,
      "other": 2
    }
  },
  "authorContributionVariance": {
    "tcgj": 225448.1,
    "ChenJiehan318": 7134.704,
    "cambrian-dk": 14088.768,
    "kenneth-fung": 247868.8,
    "thwnus": 2179.7405
  },
  "authorDisplayNameMap": {
    "tcgj": "CS2103T-W13-4 CHONG ... G JUN",
    "ChenJiehan318": "CS2103T-W13-4 CHEN  ... IEHAN",
    "cambrian-dk": "CS2103T-W13-4 DARYL ... I KAI",
    "kenneth-fung": "CS2103T-W13-4 KENNE ... EN YU",
    "thwnus": "CS2103T-W13-4 TEE H ... O WEI"
  }
}
