{
  "authorDailyContributionsMap": {
    "tcgj": [
      {
        "insertions": 51,
        "deletions": 233,
        "date": "2019-10-01",
        "commitResults": [
          {
            "hash": "c22b0fbe4e083b812d7b4ce18a032e052c68a025",
            "messageTitle": "Remove trailing empty user story",
            "messageBody": "",
            "insertions": 0,
            "deletions": 2
          },
          {
            "hash": "98b65f8b7825efda75aab35cde6e6cf94a032ee5",
            "messageTitle": "Fix minor syntax errors",
            "messageBody": "",
            "insertions": 2,
            "deletions": 2
          },
          {
            "hash": "bf010064b6993ec1c77f13b297752b68cfe48b7b",
            "messageTitle": "Remove User Guide content (to be re-added individually for proper attribution)",
            "messageBody": "",
            "insertions": 0,
            "deletions": 229
          },
          {
            "hash": "4e1250074891daa864d019d74745b2e2c6a59b87",
            "messageTitle": "Add account and category guide",
            "messageBody": "",
            "insertions": 49,
            "deletions": 0
          }
        ]
      },
      {
        "insertions": 1,
        "deletions": 1,
        "date": "2019-10-02",
        "commitResults": [
          {
            "hash": "a26e0896f0e10791ba7002881cd87b531ee4c7c0",
            "messageTitle": "Fix readme se-edu attribution",
            "messageBody": "",
            "insertions": 1,
            "deletions": 1
          }
        ]
      },
      {
        "insertions": 368,
        "deletions": 67,
        "date": "2019-10-13",
        "commitResults": [
          {
            "hash": "7191a411cfde3005d7f0ace2af743f886269048f",
            "messageTitle": "Add Rule model",
            "messageBody": "",
            "insertions": 62,
            "deletions": 0
          },
          {
            "hash": "f65905b9e45b9c0caf7b4f0ddaf0c45f14e29713",
            "messageTitle": "Add javadocs for rule model",
            "messageBody": "",
            "insertions": 26,
            "deletions": 10
          },
          {
            "hash": "e32bf37a6147bdd18a77ede55da0f48b60fcc86f",
            "messageTitle": "Remove logic from Rule model",
            "messageBody": "",
            "insertions": 59,
            "deletions": 19
          },
          {
            "hash": "244727165b6ae0ad8dd046db31f8729cfd06233f",
            "messageTitle": "Update javadoc on rule model",
            "messageBody": "",
            "insertions": 6,
            "deletions": 2
          },
          {
            "hash": "343191bdcc1e45e7c451f89105f2db19e83d9c42",
            "messageTitle": "Add logic template for rules",
            "messageBody": "",
            "insertions": 38,
            "deletions": 0
          },
          {
            "hash": "804167f56cd88e18e4c10dd7fa1099e0fbbf8d39",
            "messageTitle": "Update rule model",
            "messageBody": "",
            "insertions": 143,
            "deletions": 29
          },
          {
            "hash": "9b4d9c825ecad69be8e4e2ca3fad98d5f074619c",
            "messageTitle": "Add simple expression template",
            "messageBody": "",
            "insertions": 33,
            "deletions": 5
          },
          {
            "hash": "9afb6e57af84fbb6767bedbdeb38e90541f99787",
            "messageTitle": "Fix javadoc comment typo",
            "messageBody": "",
            "insertions": 1,
            "deletions": 1
          },
          {
            "hash": "08d5bd2356551c90e3328d992569080457048109",
            "messageTitle": "Remove stray empty line",
            "messageBody": "",
            "insertions": 0,
            "deletions": 1
          }
        ]
      }
    ],
    "ChenJiehan318": [
      {
        "insertions": 43,
        "deletions": 2,
        "date": "2019-10-01",
        "commitResults": [
          {
            "hash": "48ab552d0b5def30a5a019e82b36f06fb438167d",
            "messageTitle": "remove leftover user story",
            "messageBody": "",
            "insertions": 0,
            "deletions": 2
          },
          {
            "hash": "cdebbc8f6b8d20f24153d6ee0de9926a1e2b02e2",
            "messageTitle": "Update UserGuide.adoc",
            "messageBody": "",
            "insertions": 43,
            "deletions": 0
          }
        ]
      },
      {
        "insertions": 2,
        "deletions": 1,
        "date": "2019-10-09",
        "commitResults": [
          {
            "hash": "572b4a67463289e071e1ff09c915dc0167a3e61a",
            "messageTitle": "change introduction of UserGuide",
            "messageBody": "",
            "insertions": 2,
            "deletions": 1
          }
        ]
      },
      {
        "insertions": 506,
        "deletions": 53,
        "date": "2019-10-12",
        "commitResults": [
          {
            "hash": "67f0d35aa4f02b996c6ba441c0311d0f4f345247",
            "messageTitle": "Add various classes for account",
            "messageBody": "",
            "insertions": 455,
            "deletions": 2
          },
          {
            "hash": "c47cb69bbc0462dccfd73b11db30735d8d296fb4",
            "messageTitle": "Fix checkstyle",
            "messageBody": "",
            "insertions": 20,
            "deletions": 16
          },
          {
            "hash": "89c633352e034c3143971f2812a4a2839e37ccd3",
            "messageTitle": "Implement ft-account and fix checkstyle",
            "messageBody": "",
            "insertions": 4,
            "deletions": 2
          },
          {
            "hash": "d1a5ad1e9bc55fc6640d953077777783a2f8565b",
            "messageTitle": "Fix Checkstyle",
            "messageBody": "",
            "insertions": 0,
            "deletions": 3
          },
          {
            "hash": "e203ce4101f0b0e9fd985e00b0eea4a1720028e2",
            "messageTitle": "edit javadoc",
            "messageBody": "",
            "insertions": 27,
            "deletions": 30
          }
        ]
      },
      {
        "insertions": 4,
        "deletions": 2,
        "date": "2019-10-13",
        "commitResults": [
          {
            "hash": "03b00285339a312b53dd93d99efab509a939b370",
            "messageTitle": "Update UserGuide",
            "messageBody": "",
            "insertions": 2,
            "deletions": 1
          },
          {
            "hash": "ba9d941fd5cb73f81d47c937d11a01815cd9c757",
            "messageTitle": "Re-package transaction",
            "messageBody": "",
            "insertions": 2,
            "deletions": 1
          }
        ]
      }
    ],
    "cambrian-dk": [
      {
        "insertions": 45,
        "deletions": 0,
        "date": "2019-10-01",
        "commitResults": [
          {
            "hash": "4d52d3317ba827b122112a1a4a9aea0b2d91d13f",
            "messageTitle": "Add transactions",
            "messageBody": "",
            "insertions": 45,
            "deletions": 0
          }
        ]
      },
      {
        "insertions": 731,
        "deletions": 74,
        "date": "2019-10-13",
        "commitResults": [
          {
            "hash": "4426473edd4337ec315ff0cbaee0432ed9081839",
            "messageTitle": "Add support for transactions",
            "messageBody": "",
            "insertions": 298,
            "deletions": 0
          },
          {
            "hash": "7282d73105e0776d00f3eeb2289637efa2ad38fc",
            "messageTitle": "fix checkstyle errors and add javadoc comments",
            "messageBody": "",
            "insertions": 46,
            "deletions": 33
          },
          {
            "hash": "b201c03f6d5b6c58c21e7fa7f83ed8d7a661c6c1",
            "messageTitle": "Add support for transactions",
            "messageBody": "",
            "insertions": 298,
            "deletions": 0
          },
          {
            "hash": "a1fb7d2d0dcc5420c14b7bdd501874499d0e3661",
            "messageTitle": "fix checkstyle errors and add javadoc comments",
            "messageBody": "",
            "insertions": 46,
            "deletions": 33
          },
          {
            "hash": "1f1d54dd2c127ef6e81912e2db26ab85e633e2d4",
            "messageTitle": "Add directions and include direction in transactions",
            "messageBody": "",
            "insertions": 40,
            "deletions": 4
          },
          {
            "hash": "7dca8a03bf08811b2e6083401bf0bcad45193ab5",
            "messageTitle": "Add changes requested in pull request, and update Direction into Transaction",
            "messageBody": "",
            "insertions": 1,
            "deletions": 1
          },
          {
            "hash": "e61c5363246b4afdb309aa84f86f3a7b993af74d",
            "messageTitle": "Fix typo",
            "messageBody": "",
            "insertions": 0,
            "deletions": 1
          },
          {
            "hash": "ca180ef1909e0d99f7473f766aae4ef1800693d0",
            "messageTitle": "Update user guide",
            "messageBody": "",
            "insertions": 2,
            "deletions": 2
          }
        ]
      }
    ],
    "kenneth-fung": [
      {
        "insertions": 248,
        "deletions": 145,
        "date": "2019-09-30",
        "commitResults": [
          {
            "hash": "66f2a6c715c35ca3114d2db65b37d92651884bfc",
            "messageTitle": "Update ReadMe, Contact, About, User Guide",
            "messageBody": "",
            "insertions": 240,
            "deletions": 135
          },
          {
            "hash": "0e842f8a1d2c9bb1e76e4036cc74640e049508a6",
            "messageTitle": "Fix broken image link in user guide",
            "messageBody": "",
            "insertions": 5,
            "deletions": 5
          },
          {
            "hash": "d5700af441c4687d9084b2852f5bcff3bcdc9577",
            "messageTitle": "Update About page and User Guide",
            "messageBody": "",
            "insertions": 3,
            "deletions": 5
          }
        ]
      },
      {
        "insertions": 223,
        "deletions": 23,
        "date": "2019-10-01",
        "commitResults": [
          {
            "hash": "96ee663bed79a611571a80e612336cfd6e275b99",
            "messageTitle": "Update DeveloperGuide.adoc",
            "messageBody": "",
            "insertions": 170,
            "deletions": 23
          },
          {
            "hash": "40e687fb2f4dc7465fe3eaf27ba3e868b388b897",
            "messageTitle": "Update UserGuide.adoc",
            "messageBody": "Updated the introduction, quick start and command format.\r\nAdded loans.",
            "insertions": 53,
            "deletions": 0
          }
        ]
      },
      {
        "insertions": 955,
        "deletions": 1165,
        "date": "2019-10-13",
        "commitResults": [
          {
            "hash": "39953bcdb26dca2063d81da9e2d86eae773e3bd7",
            "messageTitle": "Add Loan model and LoanList",
            "messageBody": "",
            "insertions": 431,
            "deletions": 0
          },
          {
            "hash": "0a3b43f42b9be69c5d822344ced031fe53094a45",
            "messageTitle": "Fix checkstyle errors",
            "messageBody": "",
            "insertions": 46,
            "deletions": 10
          },
          {
            "hash": "1c4581fb86441280b90c2bbc710797b2a7e17122",
            "messageTitle": "Remove Address from Person package",
            "messageBody": "",
            "insertions": 69,
            "deletions": 353
          },
          {
            "hash": "7a5de60b64000135ecaf1af4092e7fff3c195ade",
            "messageTitle": "Remove Email from Person and reorder imports Imports reordered based on checkstyle.",
            "messageBody": "",
            "insertions": 88,
            "deletions": 384
          },
          {
            "hash": "685d4d48bab71b4ab7ccf49b4eb6790e3d1810fc",
            "messageTitle": "Remove Phone from Person",
            "messageBody": "",
            "insertions": 57,
            "deletions": 398
          },
          {
            "hash": "bf6dd55318175431607fddf949fc1242beb43bbd",
            "messageTitle": "Add LoansManager and modify UniquePersonList",
            "messageBody": "",
            "insertions": 264,
            "deletions": 20
          }
        ]
      }
    ],
    "thwnus": [
      {
        "insertions": 5,
        "deletions": 9,
        "date": "2019-09-17",
        "commitResults": [
          {
            "hash": "ef81029ef3a7c34e1768604b0c5c2aca205c0143",
            "messageTitle": "Update readme",
            "messageBody": "",
            "insertions": 5,
            "deletions": 9
          }
        ]
      },
      {
        "insertions": 1,
        "deletions": 1,
        "date": "2019-09-30",
        "commitResults": [
          {
            "hash": "1e80ac38fb52d06bd695d4e3fc795245cd6d4d1f",
            "messageTitle": "Update team contact email",
            "messageBody": "",
            "insertions": 1,
            "deletions": 1
          }
        ]
      },
      {
        "insertions": 63,
        "deletions": 25,
        "date": "2019-10-01",
        "commitResults": [
          {
            "hash": "8d093b468e6d38e7854deca1bf63d5778a816172",
            "messageTitle": "Add reports and import/export to user guide",
            "messageBody": "",
            "insertions": 39,
            "deletions": 0
          },
          {
            "hash": "c59d9b87c3d4b2ae9d4808c5e31c9df89c38e10f",
            "messageTitle": "Re-order user guide",
            "messageBody": "",
            "insertions": 24,
            "deletions": 25
          }
        ]
      },
      {
        "insertions": 4,
        "deletions": 5,
        "date": "2019-10-08",
        "commitResults": [
          {
            "hash": "aa01d0398d66e51dca74e3d04e64967d8f24e6be",
            "messageTitle": "Update project website configuration",
            "messageBody": "",
            "insertions": 2,
            "deletions": 3
          },
          {
            "hash": "1551e39ceb21d975dccaaae8339115123cdc60dc",
            "messageTitle": "Change SOC to SoC",
            "messageBody": "",
            "insertions": 1,
            "deletions": 1
          },
          {
            "hash": "7d8515b306e81a6f5ad8a2a21e74c0808db882cb",
            "messageTitle": "Change another SOC to SoC",
            "messageBody": "",
            "insertions": 1,
            "deletions": 1
          }
        ]
      },
      {
        "insertions": 204,
        "deletions": 78,
        "date": "2019-10-12",
        "commitResults": [
          {
            "hash": "1a7e6d1100f4843094606394121e9e5cf15307a4",
            "messageTitle": "Reorganise command parsing package",
            "messageBody": "",
            "insertions": 37,
            "deletions": 17
          },
          {
            "hash": "b0dbb58a6e53bd1e63128c25f6caf2edb0cbf6d7",
            "messageTitle": "Use ServiceLoader to find CommandParsers",
            "messageBody": "",
            "insertions": 145,
            "deletions": 22
          },
          {
            "hash": "96a89c9b8b06bfd68fed293b4fda41b965b0dd36",
            "messageTitle": "Support two-word commands",
            "messageBody": "",
            "insertions": 22,
            "deletions": 39
          }
        ]
      }
    ]
  },
  "authorFinalContributionMap": {
    "tcgj": 347,
    "ChenJiehan318": 477,
    "cambrian-dk": 382,
    "kenneth-fung": 1077,
    "thwnus": 233
  },
  "authorFileTypeContributionMap": {
    "tcgj": {
      "docs": 46,
      "tests": 0,
      "functional": 301
    },
    "ChenJiehan318": {
      "docs": 34,
      "tests": 0,
      "functional": 443
    },
    "cambrian-dk": {
      "docs": 35,
      "tests": 0,
      "functional": 347
    },
    "kenneth-fung": {
      "docs": 256,
      "tests": 64,
      "functional": 757
    },
    "thwnus": {
      "docs": 40,
      "tests": 8,
      "functional": 183,
      "other": 2
    }
  },
  "authorContributionVariance": {
    "tcgj": 6742.236,
    "ChenJiehan318": 8017.43,
    "cambrian-dk": 16606.234,
    "kenneth-fung": 118659.15,
    "thwnus": 2195.8704
  },
  "authorDisplayNameMap": {
    "tcgj": "CS2103T-W13-4 CHONG ... G JUN",
    "ChenJiehan318": "CS2103T-W13-4 CHEN  ... IEHAN",
    "cambrian-dk": "CS2103T-W13-4 DARYL ... I KAI",
    "kenneth-fung": "CS2103T-W13-4 KENNE ... EN YU",
    "thwnus": "CS2103T-W13-4 TEE H ... O WEI"
  }
}
