{
  "authorDailyContributionsMap": {
    "brianyenna": [
      {
        "insertions": 138,
        "deletions": 79,
        "date": "2019-10-03",
        "commitResults": [
          {
            "hash": "c1bf3a89192e7d3d41b24a9cffc84e8a3d8b1991",
            "messageTitle": "Update user guide (#26)",
            "messageBody": "* Update build.gradle file (minor changes)\n\n* Complete set-up for project (as per the Developer Guide)\n\n* Update README.adoc with Travis CI build status\n\n* Update some files to ensure that ./config/travis/run-checks.sh runs fine\n\n* Create the 4 different ListStorages. Create AlfredStorage. Create AlfredStorageManager (halfway done).\n\n* Creation of all necessary Storage classes (with the exception of the TeamListStorage handler classes)\n\n* Added Storage classes for TeamList\n\n* Fix bracket issue\n\n* Update Storage classes with appropriate JSON adaptation\n\n* Update User Guide\n\n* Update README.adoc\n",
            "insertions": 138,
            "deletions": 79
          }
        ]
      },
      {
        "insertions": 2431,
        "deletions": 972,
        "date": "2019-10-06",
        "commitResults": [
          {
            "hash": "56a85083b4bd7ad22d42670fa1a8fc938d43db33",
            "messageTitle": "Morph storage (#11)",
            "messageBody": "* Update build.gradle file (minor changes)\r\n\r\n* Complete set-up for project (as per the Developer Guide)\r\n\r\n* Update README.adoc with Travis CI build status\r\n\r\n* Update some files to ensure that ./config/travis/run-checks.sh runs fine\r\n\r\n* Create the 4 different ListStorages. Create AlfredStorage. Create AlfredStorageManager (halfway done).\r\n\r\n* Creation of all necessary Storage classes (with the exception of the TeamListStorage handler classes)\r\n\r\n* Added Storage classes for TeamList\r\n\r\n* Fix bracket issue\r\n",
            "insertions": 1457,
            "deletions": 5
          },
          {
            "hash": "3b0f26a26c872861e0448068cc36fa6332c37c79",
            "messageTitle": "Morph storage (#18)",
            "messageBody": "* Update build.gradle file (minor changes)\r\n\r\n* Complete set-up for project (as per the Developer Guide)\r\n\r\n* Update README.adoc with Travis CI build status\r\n\r\n* Update some files to ensure that ./config/travis/run-checks.sh runs fine\r\n\r\n* Create the 4 different ListStorages. Create AlfredStorage. Create AlfredStorageManager (halfway done).\r\n\r\n* Creation of all necessary Storage classes (with the exception of the TeamListStorage handler classes)\r\n\r\n* Added Storage classes for TeamList\r\n\r\n* Fix bracket issue\r\n\r\n* Update Storage classes with appropriate JSON adaptation\r\n",
            "insertions": 231,
            "deletions": 126
          },
          {
            "hash": "f95b35bb881bb595d4a37258b4dbbd6d24151f95",
            "messageTitle": "Update user guide (#26)",
            "messageBody": "* Update build.gradle file (minor changes)\r\n\r\n* Complete set-up for project (as per the Developer Guide)\r\n\r\n* Update README.adoc with Travis CI build status\r\n\r\n* Update some files to ensure that ./config/travis/run-checks.sh runs fine\r\n\r\n* Create the 4 different ListStorages. Create AlfredStorage. Create AlfredStorageManager (halfway done).\r\n\r\n* Creation of all necessary Storage classes (with the exception of the TeamListStorage handler classes)\r\n\r\n* Added Storage classes for TeamList\r\n\r\n* Fix bracket issue\r\n\r\n* Update Storage classes with appropriate JSON adaptation\r\n\r\n* Update User Guide\r\n\r\n* Update README.adoc\r\n",
            "insertions": 6,
            "deletions": 2
          },
          {
            "hash": "17bbcefb1e757c4d9a94746955c9dfb02fd3ed75",
            "messageTitle": "Fix Storage Compilation Errors (#42)",
            "messageBody": "* Update build.gradle file (minor changes)\r\n\r\n* Complete set-up for project (as per the Developer Guide)\r\n\r\n* Update README.adoc with Travis CI build status\r\n\r\n* Update some files to ensure that ./config/travis/run-checks.sh runs fine\r\n\r\n* Create the 4 different ListStorages. Create AlfredStorage. Create AlfredStorageManager (halfway done).\r\n\r\n* Creation of all necessary Storage classes (with the exception of the TeamListStorage handler classes)\r\n\r\n* Added Storage classes for TeamList\r\n\r\n* Fix bracket issue\r\n\r\n* Update Storage classes with appropriate JSON adaptation\r\n\r\n* Update User Guide\r\n\r\n* Fixed all compilation problems\r\n",
            "insertions": 171,
            "deletions": 99
          },
          {
            "hash": "e00e8d543bd65dce68c8e3afe69140db4b424f87",
            "messageTitle": "Fix compileTestJava (#45)",
            "messageBody": "* Update build.gradle file (minor changes)\r\n\r\n* Complete set-up for project (as per the Developer Guide)\r\n\r\n* Update README.adoc with Travis CI build status\r\n\r\n* Update some files to ensure that ./config/travis/run-checks.sh runs fine\r\n\r\n* Create the 4 different ListStorages. Create AlfredStorage. Create AlfredStorageManager (halfway done).\r\n\r\n* Creation of all necessary Storage classes (with the exception of the TeamListStorage handler classes)\r\n\r\n* Added Storage classes for TeamList\r\n\r\n* Fix bracket issue\r\n\r\n* Update Storage classes with appropriate JSON adaptation\r\n\r\n* Update User Guide\r\n\r\n* Fixed all compilation problems\r\n\r\n* Stop-gap fix for compileTestJava\r\n\r\n* Stop-gap measures to fix compileTestJava while fixing codebase\r\n",
            "insertions": 434,
            "deletions": 370
          },
          {
            "hash": "780f6c7b8c171aa215133ba1c05aead1f6c48aea",
            "messageTitle": "Implement Basic Storage Tests and Fix Compile Errors (#57)",
            "messageBody": "* Update build.gradle file (minor changes)\r\n\r\n* Complete set-up for project (as per the Developer Guide)\r\n\r\n* Update README.adoc with Travis CI build status\r\n\r\n* Update some files to ensure that ./config/travis/run-checks.sh runs fine\r\n\r\n* Create the 4 different ListStorages. Create AlfredStorage. Create AlfredStorageManager (halfway done).\r\n\r\n* Creation of all necessary Storage classes (with the exception of the TeamListStorage handler classes)\r\n\r\n* Added Storage classes for TeamList\r\n\r\n* Fix bracket issue\r\n\r\n* Update Storage classes with appropriate JSON adaptation\r\n\r\n* Update User Guide\r\n\r\n* Fixed all compilation problems\r\n\r\n* Stop-gap fix for compileTestJava\r\n\r\n* Stop-gap measures to fix compileTestJava while fixing codebase\r\n\r\n* Ensure that ParticipantList can be saved and read from file\r\n\r\n* Remove all dependencies on Issues and IssueList for Storage\r\n\r\n* Create TypicalMentors.java file\r\n\r\n* Update SubjectName enum values\r\n\r\n* Update TypicalMentors.java\r\n\r\n* Fix compileTestJava compilation errors\r\n",
            "insertions": 132,
            "deletions": 370
          }
        ]
      },
      {
        "insertions": 551,
        "deletions": 99,
        "date": "2019-10-11",
        "commitResults": [
          {
            "hash": "20f1f478e024fd760a170dab422f17d64e76d241",
            "messageTitle": "Update storage (#78)",
            "messageBody": "",
            "insertions": 551,
            "deletions": 99
          }
        ]
      },
      {
        "insertions": 650,
        "deletions": 8,
        "date": "2019-10-17",
        "commitResults": [
          {
            "hash": "68b9fc969f365281562d3a55671806fdddae6627",
            "messageTitle": "Implement model history (#104)",
            "messageBody": "* Create HistoryRecord and HistoryManager. Update entities and objects within entities with deep copy() method\r\n\r\n* Update all Commands with a call to Model#updateHistory()\r\n\r\n* Update javadoc for ModelManager#updateHistory() method\r\n\r\n* Update constructor for ModelHistoryRecord with deep copies of the EntityLists\r\n\r\n* Fix checkstyle and update ModelManagerStub with placeholder updateHistory() method\r\n\r\n* Update the exceptions thrown in the EntityList classes\r\n\r\n* Update javadocs\r\n",
            "insertions": 444,
            "deletions": 7
          },
          {
            "hash": "723597292c6d843cf22108b8c369b5efd8750b5a",
            "messageTitle": "Implement model history tests (#108)",
            "messageBody": "* Create HistoryRecord and HistoryManager. Update entities and objects within entities with deep copy() method\r\n\r\n* Update all Commands with a call to Model#updateHistory()\r\n\r\n* Update javadoc for ModelManager#updateHistory() method\r\n\r\n* Update constructor for ModelHistoryRecord with deep copies of the EntityLists\r\n\r\n* Fix checkstyle and update ModelManagerStub with placeholder updateHistory() method\r\n\r\n* Create tets for ModelHistoryManager\r\n\r\n* Update ModelHistoryManager tests (for undo command)\r\n\r\n* Update MentorList.java. Fix minor problem/artifact from git merge\r\n",
            "insertions": 133,
            "deletions": 1
          },
          {
            "hash": "abafaf64c3a48be7ec8fc985e4b219520ef3a364",
            "messageTitle": "Implement undo command (#107)",
            "messageBody": "* Create HistoryRecord and HistoryManager. Update entities and objects within entities with deep copy() method\r\n\r\n* Update all Commands with a call to Model#updateHistory()\r\n\r\n* Update javadoc for ModelManager#updateHistory() method\r\n\r\n* Update constructor for ModelHistoryRecord with deep copies of the EntityLists\r\n\r\n* Fix checkstyle and update ModelManagerStub with placeholder updateHistory() method\r\n\r\n* Create tets for ModelHistoryManager\r\n\r\n* Update ModelHistoryManager tests (for undo command)\r\n\r\n* Create UndoCommand class\r\n\r\n* Fix checkstyle violations\r\n\r\n* Added undo command command word to Alfred Parser. Effects are now visible on GUI\r\n\r\n* Fix checkstyle error\r\n",
            "insertions": 73,
            "deletions": 0
          }
        ]
      },
      {
        "insertions": 251,
        "deletions": 113,
        "date": "2019-10-19",
        "commitResults": [
          {
            "hash": "182ebc6cf86fb94384566b7abb6cfa3b142e41e6",
            "messageTitle": "Fix storage bugs (#123)",
            "messageBody": "* Fix bug causing addTeam command to fail. Issue has been identified to be the saving of Optional\u003cMentor\u003e object in TeamList\r\n\r\n* Remove debug statements\r\n\r\n* Remove debug statements\r\n\r\n* Update all Storage files with more cleaner exception throwing and handling\r\n\r\n* Change comment typo\r\n",
            "insertions": 134,
            "deletions": 100
          },
          {
            "hash": "cc5ecf818e5d6d430a9a3b169dcb639719d3c947",
            "messageTitle": "Fix problem of default values populating teamlist.json and write edge test cases (#124)",
            "messageBody": "* Fix bug causing addTeam command to fail. Issue has been identified to be the saving of Optional\u003cMentor\u003e object in TeamList\r\n\r\n* Remove debug statements\r\n\r\n* Remove debug statements\r\n\r\n* Update all Storage files with more cleaner exception throwing and handling\r\n\r\n* Change comment typo\r\n\r\n* Fixed JsonTeamListStorageTest bug that causes teamlist.json to be populated with default values everytime a test is run\r\n\r\n* Update JsonTeamListStorage with tests for Optional\u003cMentor\u003e and empty ParticipantList\r\n\r\n* Refactor JsonTeamListStorageTest and update javadocs\r\n",
            "insertions": 117,
            "deletions": 13
          }
        ]
      }
    ],
    "Abhiman2211": [
      {
        "insertions": 84,
        "deletions": 54,
        "date": "2019-10-03",
        "commitResults": [
          {
            "hash": "8a31fd6678ad0583b01519085476a495d4094cbe",
            "messageTitle": "Update UserGuide Introduction and Quickstart",
            "messageBody": "",
            "insertions": 13,
            "deletions": 8
          },
          {
            "hash": "963f24653bac778efdf22256cdb2fb6d25d81231",
            "messageTitle": "Update UserGuide Section 4",
            "messageBody": "",
            "insertions": 71,
            "deletions": 46
          }
        ]
      },
      {
        "insertions": 994,
        "deletions": 345,
        "date": "2019-10-06",
        "commitResults": [
          {
            "hash": "eaaf812bec6298631c8e9259afb25f29589cdac2",
            "messageTitle": "Alfred Add Command Parsers (#32)",
            "messageBody": "* Add Alfred-specific parser classes.\r\n\r\n* Modify prefixes.\r\n\r\n* Implement Add Command Parsers.\r\n",
            "insertions": 901,
            "deletions": 225
          },
          {
            "hash": "f16a39af4fffbf89b7f909cf2fe22ae8898014b1",
            "messageTitle": "Fix add participant parser (#47)",
            "messageBody": "",
            "insertions": 93,
            "deletions": 120
          }
        ]
      },
      {
        "insertions": 39,
        "deletions": 10,
        "date": "2019-10-10",
        "commitResults": [
          {
            "hash": "6683dcae29b12690c8c644c966adca35c4aa4859",
            "messageTitle": "Edit add command parsers (#62)",
            "messageBody": "",
            "insertions": 39,
            "deletions": 10
          }
        ]
      },
      {
        "insertions": 487,
        "deletions": 296,
        "date": "2019-10-17",
        "commitResults": [
          {
            "hash": "5bff88aba3ad5a2efcc691b7c9a8ac3f13cd07a0",
            "messageTitle": "Add Alfred Parsers (#98)",
            "messageBody": "",
            "insertions": 487,
            "deletions": 296
          }
        ]
      },
      {
        "insertions": 280,
        "deletions": 153,
        "date": "2019-10-20",
        "commitResults": [
          {
            "hash": "833eaa5e24aa72a2de31eef3855ff36d61413686",
            "messageTitle": "Update UserGuide.adoc",
            "messageBody": "",
            "insertions": 26,
            "deletions": 22
          },
          {
            "hash": "a0fcb525c1bdfe9b9da68c1b4776c175b4975376",
            "messageTitle": "Enhance Standardisation of Commands (#127)",
            "messageBody": "",
            "insertions": 254,
            "deletions": 131
          }
        ]
      },
      {
        "insertions": 1105,
        "deletions": 58,
        "date": "2019-10-23",
        "commitResults": [
          {
            "hash": "342ca70368bfa8942d0d38485d8090712c60e07a",
            "messageTitle": "Rename Alfred parser util methods (#130)",
            "messageBody": "",
            "insertions": 1071,
            "deletions": 49
          },
          {
            "hash": "806c0d149975adedf604ca16d7632102f64b9124",
            "messageTitle": "Update User Guide",
            "messageBody": "Add guide to leaderboard and scoring features.",
            "insertions": 34,
            "deletions": 9
          }
        ]
      }
    ],
    "hcwong": [
      {
        "insertions": 109,
        "deletions": 51,
        "date": "2019-10-03",
        "commitResults": [
          {
            "hash": "f686b606d1790dd2259ee763ffd70824192e816d",
            "messageTitle": "Fix checkStyle errors",
            "messageBody": "",
            "insertions": 5,
            "deletions": 4
          },
          {
            "hash": "830001a353d2b8f9c84b0f999340485e47e799ec",
            "messageTitle": "Make changes to developer guide for week 7 milestone (#25)",
            "messageBody": "",
            "insertions": 91,
            "deletions": 37
          },
          {
            "hash": "b1375265448fa9b0486d022e59f4ea912f93e9e6",
            "messageTitle": "Fix typos on DG (#39)",
            "messageBody": "",
            "insertions": 13,
            "deletions": 10
          }
        ]
      },
      {
        "insertions": 3053,
        "deletions": 982,
        "date": "2019-10-06",
        "commitResults": [
          {
            "hash": "b327fad48018a0ceb5dfa5318f0b5ad792defd82",
            "messageTitle": "Implement Model public methods (#7)",
            "messageBody": "* Implemented Entity abstract class\r\n\r\n* Add EntityList Interface\r\n\r\n* Add method to check for existence\r\n\r\n* Refactor EntityListInterface\r\n\r\n* Demo flow of how controller will call model via modelManager\r\n\r\n* Add team object\r\n\r\n* Create mentor class\r\n\r\n* Add issue type\r\n\r\n* Add the 4 lists. Now they are fairly repetitive, but do not want to prematurely optimize\r\n\r\n* Modify the Model API to reflect latest changes\r\n\r\n* Rename ID to Id and expose viewMinimal and viewDetailed methods\r\n\r\n* Add equals, toString, hash for all\r\n\r\n* Add line\r\n",
            "insertions": 1818,
            "deletions": 90
          },
          {
            "hash": "a22ba257a4300077df63f082f1fea779942e6027",
            "messageTitle": "Refactor/model api (#19)",
            "messageBody": "* Move all the CRUD methods from EntityList to ModelManager\r\n\r\n* Remove the override methods from the various EntityLists as they are now superflous\r\n\r\n* Remove circular references from entity objects\r\n\r\n* Created ReadableEntityList to abstract and implemented Participant methods\r\n\r\n* Implement API for all 4 entities. Pending only saving and load of model\r\n\r\n* Standardize all entities to have only 1 constructor as per Brian\u0027s comment\r\n\r\n* Make model throw AlfredRuntimeException\r\n\r\n* Rename package to use lowercase\r\n\r\n* Uncomment old person type methods to reduce errors\r\n",
            "insertions": 1063,
            "deletions": 783
          },
          {
            "hash": "944b5505ebaf07df314dac68eccd5e11b918524b",
            "messageTitle": "Move generate id to readable entityList so that controller and parser can call it (#31)",
            "messageBody": "",
            "insertions": 9,
            "deletions": 7
          },
          {
            "hash": "6d48fa5128e9a46c5dae2285a312549919b259d2",
            "messageTitle": "Fix remaining checkstyle errors (#58)",
            "messageBody": "",
            "insertions": 132,
            "deletions": 98
          },
          {
            "hash": "32914041f967f57b7b038f8065a9d61d2907a8c3",
            "messageTitle": "Chore/skip tests (#48)",
            "messageBody": "",
            "insertions": 31,
            "deletions": 4
          }
        ]
      },
      {
        "insertions": 33,
        "deletions": 20,
        "date": "2019-10-07",
        "commitResults": [
          {
            "hash": "c4c585e1fc1db65faaca72260e1706d3f8d820a5",
            "messageTitle": "Replace the \u003d\u003d with .equals (#60)",
            "messageBody": "",
            "insertions": 33,
            "deletions": 20
          }
        ]
      },
      {
        "insertions": 206,
        "deletions": 172,
        "date": "2019-10-10",
        "commitResults": [
          {
            "hash": "e96548f3c15cb4cd311df67992e4f30172154282",
            "messageTitle": "Task/update exceptions (#52)",
            "messageBody": "* Move exceptions\r\n\r\n* Update Exceptions\r\n\r\n* Fix conflicts after rebase\r\n",
            "insertions": 206,
            "deletions": 172
          }
        ]
      },
      {
        "insertions": 397,
        "deletions": 81,
        "date": "2019-10-11",
        "commitResults": [
          {
            "hash": "b58f2ff23f389fba9e8c724598defa766c997403",
            "messageTitle": "Add model tests and add cross updating when CRUD operation (#61)",
            "messageBody": "",
            "insertions": 397,
            "deletions": 81
          }
        ]
      },
      {
        "insertions": 243,
        "deletions": 133,
        "date": "2019-10-12",
        "commitResults": [
          {
            "hash": "5d0a849237cfc172dbb99e93a43b55f621842959",
            "messageTitle": "Make generateId static and move model initialization to modelManager (#65)",
            "messageBody": "",
            "insertions": 243,
            "deletions": 133
          }
        ]
      },
      {
        "insertions": 94,
        "deletions": 82,
        "date": "2019-10-13",
        "commitResults": [
          {
            "hash": "c610996e76004be755b24bb10f18703fabf67981",
            "messageTitle": "Hotfix to expose FilteredList for find command (#88)",
            "messageBody": "",
            "insertions": 94,
            "deletions": 82
          }
        ]
      },
      {
        "insertions": 624,
        "deletions": 93,
        "date": "2019-10-14",
        "commitResults": [
          {
            "hash": "319d7fbf534bcc248806ffe0b7f65d23b7c91072",
            "messageTitle": "Customize error message (#82)",
            "messageBody": "",
            "insertions": 200,
            "deletions": 70
          },
          {
            "hash": "298ec04ff490773dbcec2de3803fb40699bb0fbf",
            "messageTitle": "Implement looser definition of equality (#85)",
            "messageBody": "",
            "insertions": 424,
            "deletions": 23
          }
        ]
      },
      {
        "insertions": 460,
        "deletions": 33,
        "date": "2019-10-17",
        "commitResults": [
          {
            "hash": "2568308d38187f86dc4033a2a03afdd09715b574",
            "messageTitle": "Implement find command (#86)",
            "messageBody": "* Implement find function on model\r\n\r\n* Add tests\r\n\r\n* Implement commands\r\n\r\n* Implement parser for find command\r\n\r\n* Rename parsers and add it into alfredparser\r\n\r\n* Make message usage clearer\r\n\r\n* Fix typo\r\n",
            "insertions": 460,
            "deletions": 33
          }
        ]
      },
      {
        "insertions": 13,
        "deletions": 3,
        "date": "2019-10-19",
        "commitResults": [
          {
            "hash": "dd41337a9e308715e2b68daa037bdb4cb5bb7529",
            "messageTitle": "Fixes the ID generation of entity objects (#125)",
            "messageBody": "",
            "insertions": 13,
            "deletions": 3
          }
        ]
      }
    ],
    "john0227": [
      {
        "insertions": 36,
        "deletions": 31,
        "date": "2019-10-03",
        "commitResults": [
          {
            "hash": "ff91bb2e9a246f224a27affdd2c0f52005c01f1e",
            "messageTitle": "Changes to AboutUs.adoc and ContactUs.adoc (#29)",
            "messageBody": "* Made changes to fit team\u0027s scope.\r\n\r\n* Added AddCommands and DeleteCommands.\r\n\r\n* Added Edit Commands\r\n\r\n* Added List and View commands.\r\n\r\n* Corrected repoUrl\r\n\r\n* Made changes to follow Joshua\u0027s implementations. Contains vaguely-implemented methods.\r\n\r\n* Changed parameters from EntityList to Model. Made some changes to follow Joshua\u0027s implementations.\r\n\r\n* Moved ENTITY_TYPE to a static constant stored in CliSyntax.\r\n\r\n* Updated code to use viewMinimal() and viewDetailed().\r\n\r\n* Minor changes\r\n\r\n* Implemented potential ways of executing each Participant command.\r\n\r\n* Merge from upstream\r\n\r\n* Updated code to use Model#updateParticipant\u0027s return value.\r\n\r\n* Removed Commands associated with Issues.\r\n\r\n* Removed Commands associated with Issues.\r\n\r\n(cherry picked from commit cef69759ba683ab153084b6e274ea11472a12365)\r\n\r\n* Imported Entities and other objects.\r\n\r\n* Updated AboutUs.adoc and ContactUs.adoc\r\n",
            "insertions": 33,
            "deletions": 29
          },
          {
            "hash": "baae9f8d8bd97c662458a57b4f8cb2e1e3903add",
            "messageTitle": "Made corrections to teammate names (#35)",
            "messageBody": "",
            "insertions": 2,
            "deletions": 2
          },
          {
            "hash": "4aed57c3e18a178acaf223444ead4945692856e9",
            "messageTitle": "Update README.adoc to show Netlify status",
            "messageBody": "",
            "insertions": 1,
            "deletions": 0
          }
        ]
      },
      {
        "insertions": 3,
        "deletions": 3,
        "date": "2019-10-04",
        "commitResults": [
          {
            "hash": "800c4b443599ab4e9c0987541f28c82d2bba3dab",
            "messageTitle": "Corrected Netlify status badge snippet",
            "messageBody": "",
            "insertions": 1,
            "deletions": 1
          },
          {
            "hash": "be8c36a43457f1839a36051579310f13d646fe31",
            "messageTitle": "Update README.adoc",
            "messageBody": "",
            "insertions": 1,
            "deletions": 1
          },
          {
            "hash": "96ead6d1d344e580e2a4df56ecb9adb7f6a2ed99",
            "messageTitle": "Update README.adoc",
            "messageBody": "",
            "insertions": 1,
            "deletions": 1
          }
        ]
      },
      {
        "insertions": 1311,
        "deletions": 470,
        "date": "2019-10-06",
        "commitResults": [
          {
            "hash": "f03788dd3c9bd5c16379704f0da102e89a9d3305",
            "messageTitle": "Implemented Participant Commands (#14)",
            "messageBody": "* Made changes to fit team\u0027s scope.\r\n\r\n* Added AddCommands and DeleteCommands.\r\n\r\n* Added Edit Commands\r\n\r\n* Added List and View commands.\r\n\r\n* Corrected repoUrl\r\n\r\n* Made changes to follow Joshua\u0027s implementations. Contains vaguely-implemented methods.\r\n\r\n* Changed parameters from EntityList to Model. Made some changes to follow Joshua\u0027s implementations.\r\n\r\n* Moved ENTITY_TYPE to a static constant stored in CliSyntax.\r\n\r\n* Updated code to use viewMinimal() and viewDetailed().\r\n\r\n* Minor changes\r\n\r\n* Implemented potential ways of executing each Participant command.\r\n\r\n* Removed Commands associated with Issues.\r\n\r\n(cherry picked from commit cef69759ba683ab153084b6e274ea11472a12365)\r\n",
            "insertions": 791,
            "deletions": 1
          },
          {
            "hash": "d84feec614f84cb0ae57709a7ef88ca173d7e787",
            "messageTitle": "Updated EditParticipantCommand",
            "messageBody": "Updated code to use return value of editParticipant()",
            "insertions": 4,
            "deletions": 2
          },
          {
            "hash": "5227da8a4a05ef9fcdc7f88e02a3f85ee5d586e5",
            "messageTitle": "Imported Entities and other objects (#2)",
            "messageBody": "* Made changes to fit team\u0027s scope.\r\n\r\n* Added AddCommands and DeleteCommands.\r\n\r\n* Added Edit Commands\r\n\r\n* Added List and View commands.\r\n\r\n* Corrected repoUrl\r\n\r\n* Made changes to follow Joshua\u0027s implementations. Contains vaguely-implemented methods.\r\n\r\n* Changed parameters from EntityList to Model. Made some changes to follow Joshua\u0027s implementations.\r\n\r\n* Moved ENTITY_TYPE to a static constant stored in CliSyntax.\r\n\r\n* Updated code to use viewMinimal() and viewDetailed().\r\n\r\n* Minor changes\r\n\r\n* Implemented potential ways of executing each Participant command.\r\n\r\n* Merge from upstream\r\n\r\n* Updated code to use Model#updateParticipant\u0027s return value.\r\n\r\n* Removed Commands associated with Issues.\r\n\r\n* Removed Commands associated with Issues.\r\n\r\n(cherry picked from commit cef69759ba683ab153084b6e274ea11472a12365)\r\n\r\n* Imported Entities and other objects.\r\n",
            "insertions": 30,
            "deletions": 7
          },
          {
            "hash": "549a720a1e43f193e59f7bdb2604b99c7c582255",
            "messageTitle": "Checkstyle: Commands and Parsers (#51)",
            "messageBody": "",
            "insertions": 256,
            "deletions": 180
          },
          {
            "hash": "e10c066e80a36962b06a38cbe478844d78c45625",
            "messageTitle": "Checkstyle EntityList (#53)",
            "messageBody": "",
            "insertions": 222,
            "deletions": 274
          },
          {
            "hash": "0c85b33cace4affc04ecb22ccfe09ddffe3b6ce6",
            "messageTitle": "Checkstyle: SubjectName.java (#54)",
            "messageBody": "",
            "insertions": 8,
            "deletions": 6
          }
        ]
      },
      {
        "insertions": 928,
        "deletions": 137,
        "date": "2019-10-11",
        "commitResults": [
          {
            "hash": "e2a3dc6299c1176ad25d45e80d2cfc1ff3a7bd4a",
            "messageTitle": "MentorCommands and TeamCommands (#63)",
            "messageBody": "",
            "insertions": 928,
            "deletions": 137
          }
        ]
      },
      {
        "insertions": 2534,
        "deletions": 297,
        "date": "2019-10-14",
        "commitResults": [
          {
            "hash": "8733b63e56bb3d56cb4837483ecf4868c01b185e",
            "messageTitle": "Implemented tests for commands (#79)",
            "messageBody": "",
            "insertions": 2534,
            "deletions": 297
          }
        ]
      },
      {
        "insertions": 17,
        "deletions": 24,
        "date": "2019-10-19",
        "commitResults": [
          {
            "hash": "fe211bddfc7f5562742c4b9d5fba0b43e6aea5ef",
            "messageTitle": "Updates on AlfredParserUtil (#116)",
            "messageBody": "",
            "insertions": 16,
            "deletions": 23
          },
          {
            "hash": "46dc184ca2192178641df9f0b86fc18ba4c7a684",
            "messageTitle": "Update ProjectType.java",
            "messageBody": "",
            "insertions": 1,
            "deletions": 1
          }
        ]
      }
    ],
    "Joanna-YJA": [
      {
        "insertions": 147,
        "deletions": 22,
        "date": "2019-10-03",
        "commitResults": [
          {
            "hash": "73bbafb4507730a85d2c7c3ccd22d077165e1a66",
            "messageTitle": "Change developer guide (#38)",
            "messageBody": "",
            "insertions": 147,
            "deletions": 22
          }
        ]
      },
      {
        "insertions": 1632,
        "deletions": 1148,
        "date": "2019-10-06",
        "commitResults": [
          {
            "hash": "4894d6292a9936c02fe9a0ca0ce2f5f4068a0070",
            "messageTitle": "Change Exception and UI class",
            "messageBody": "",
            "insertions": 558,
            "deletions": 353
          },
          {
            "hash": "63e4d3bcd7846dd73e53e1e7bc9935c3bc48def3",
            "messageTitle": "Revert \"Change Exception and UI class\" (#16)",
            "messageBody": "This reverts commit 6e60a08e38ad76f4c6ad054c54ef605bb195e123.",
            "insertions": 353,
            "deletions": 558
          },
          {
            "hash": "1df27abde4c7376443a3eb1378921eb707d8204e",
            "messageTitle": "Final changes to Feat/change exception class (#17)",
            "messageBody": "* Exception interface updates\r\n\r\n* Exception interface updates v1.1\r\n\r\n* add parenthesis\r\n\r\n* Update DataConversionException.java\r\n\r\n* Update ParseException.java\r\n\r\n* Update DuplicateEntityException.java\r\n\r\n* Update Messages.java\r\n",
            "insertions": 107,
            "deletions": 21
          },
          {
            "hash": "87e168328683468788aa862be488daa9d2e6b691",
            "messageTitle": "Feat/validate objects (#15)",
            "messageBody": "* Added object validation\r\n\r\n* Edited code after review\r\n",
            "insertions": 309,
            "deletions": 47
          },
          {
            "hash": "f868ebbec7442b38e256cefd169cd400603a47b2",
            "messageTitle": "Feat/checkstyle (#55)",
            "messageBody": "",
            "insertions": 305,
            "deletions": 168
          },
          {
            "hash": "312829c35f64330db711ed2a8f36f73465a1552e",
            "messageTitle": "Feat/checkstyle (#56)",
            "messageBody": "",
            "insertions": 0,
            "deletions": 1
          }
        ]
      },
      {
        "insertions": 291,
        "deletions": 0,
        "date": "2019-10-14",
        "commitResults": [
          {
            "hash": "69b16ca55dff5fd20d25a02b51131f43427fc960",
            "messageTitle": "Add entity card and entity panel (#89)",
            "messageBody": "",
            "insertions": 291,
            "deletions": 0
          }
        ]
      },
      {
        "insertions": 532,
        "deletions": 191,
        "date": "2019-10-17",
        "commitResults": [
          {
            "hash": "52cc14dfc7cbd4a15db8e0a4cb80902872dbf0ea",
            "messageTitle": "Feat/display entity list (#100)",
            "messageBody": "* Changed files to allow user interface ti display proper content during initialisation\r\n\r\n* Fix checkstyle\r\n\r\n* Update MESSAGE_USAGE of commands\r\n\r\n* update Massage Usag for command\r\n\r\n* Update UI to show CommandResult\r\n\r\n* Fix checkstyle\r\n\r\n* Morph User Interface to display entity list\r\n\r\n* Change Entity list displayed for commands\r\n\r\n* Fix bug\r\n\r\n* Fix compile error\r\n\r\n* Fix compile error\r\n\r\n* Update MentorList.java\r\n\r\n* Fix checkstyle\r\n\r\n* Fix checkstyle\r\n\r\n* Update AddMentorCommand.java\r\n\r\n* Fix checkstyle\r\n\r\n* Fix checkstyle\r\n\r\n* Fix checkstyle\r\n\r\n* Fix bug\r\n\r\n* Fix checkstyle\r\n",
            "insertions": 532,
            "deletions": 191
          }
        ]
      }
    ]
  },
  "authorFinalContributionMap": {
    "brianyenna": 3086,
    "Abhiman2211": 2302,
    "hcwong": 3396,
    "john0227": 4044,
    "Joanna-YJA": 1494
  },
  "authorFileTypeContributionMap": {
    "brianyenna": {
      "docs": 82,
      "tests": 1184,
      "functional": 1816,
      "other": 4
    },
    "Abhiman2211": {
      "docs": 118,
      "tests": 1020,
      "functional": 1164
    },
    "hcwong": {
      "docs": 52,
      "tests": 632,
      "functional": 2665,
      "other": 47
    },
    "john0227": {
      "docs": 38,
      "tests": 2384,
      "functional": 1622
    },
    "Joanna-YJA": {
      "docs": 133,
      "tests": 3,
      "functional": 1358
    }
  },
  "authorContributionVariance": {
    "brianyenna": 250666.95,
    "Abhiman2211": 76038.02,
    "hcwong": 346334.12,
    "john0227": 242256.05,
    "Joanna-YJA": 167441.14
  },
  "authorDisplayNameMap": {
    "brianyenna": "CS2103T-F11-1 YEN R ... BRIAN",
    "Abhiman2211": "CS2103T-F11-1 ABHIM ... YADAV",
    "hcwong": "CS2103T-F11-1 JOSHU ... CHIEN",
    "john0227": "CS2103T-F11-1 KYUNG ... O MIN",
    "Joanna-YJA": "CS2103T-F11-1 YAP J ... A AUN"
  }
}
