{
  "authorDailyContributionsMap": {
    "LivingOnEdge": [],
    "moziliar": [
      {
        "insertions": 268,
        "deletions": 85,
        "date": "2019-10-01",
        "commitResults": [
          {
            "hash": "dd350dff70675c1cdae06b490c2b406c2480f26b",
            "messageTitle": "Update User Guide (#30)",
            "messageBody": "* Edit User Guide\r\n\r\n* Fix User Guide\r\n",
            "insertions": 268,
            "deletions": 85
          }
        ]
      }
    ],
    "jonchan51": [
      {
        "insertions": 6,
        "deletions": 6,
        "date": "2019-09-13",
        "commitResults": [
          {
            "hash": "34f8b9a5e6f6681fea1afce7f22d755f93de732e",
            "messageTitle": "Update badges on README",
            "messageBody": "",
            "insertions": 6,
            "deletions": 6
          }
        ]
      },
      {
        "insertions": 832,
        "deletions": 832,
        "date": "2019-09-28",
        "commitResults": [
          {
            "hash": "7ff27b53dfa0f437f6f14850c5ac504124c90784",
            "messageTitle": "Refactor Person to Meme",
            "messageBody": "",
            "insertions": 480,
            "deletions": 480
          },
          {
            "hash": "da42424c4841d2d7ac5a2bd5dd2a37a6c160dcc8",
            "messageTitle": "Refactor UniquePersonList to UniqueMemeList",
            "messageBody": "",
            "insertions": 116,
            "deletions": 116
          },
          {
            "hash": "66c04abc57e9cde9d9e8f0ae8ebac988cb616058",
            "messageTitle": "Rename person package to meme",
            "messageBody": "",
            "insertions": 105,
            "deletions": 105
          },
          {
            "hash": "3b4875d4ef26ffd32f10d361c3d8b1b1da937c10",
            "messageTitle": "Rename to Meme in UI components",
            "messageBody": "",
            "insertions": 25,
            "deletions": 25
          },
          {
            "hash": "20cd74926e0a611c73d2e328dd8c2683eb70cb4e",
            "messageTitle": "Refactor EditPersonDescriptor to EditMemeDescriptor",
            "messageBody": "",
            "insertions": 66,
            "deletions": 66
          },
          {
            "hash": "47bf88efd4085a923ac8399520a580027854f8e7",
            "messageTitle": "Refactor JsonAdaptedPerson to JsonAdaptedMeme",
            "messageBody": "",
            "insertions": 40,
            "deletions": 40
          }
        ]
      },
      {
        "insertions": 1535,
        "deletions": 1533,
        "date": "2019-09-29",
        "commitResults": [
          {
            "hash": "73d04b91f22576c5949cdedb3a1d5e07b5dbebcb",
            "messageTitle": "Refactor Person to Meme in tests",
            "messageBody": "",
            "insertions": 295,
            "deletions": 295
          },
          {
            "hash": "e4fe7c99f3d025b45059dc0dc6374de8b017d549",
            "messageTitle": "Refactor AddressBook to MemeBook",
            "messageBody": "",
            "insertions": 153,
            "deletions": 152
          },
          {
            "hash": "4ae81a696c6a85658b9667cf8f1b21a90f2adc26",
            "messageTitle": "Refactor Address to MemeBook in non-storage",
            "messageBody": "",
            "insertions": 87,
            "deletions": 87
          },
          {
            "hash": "bde5fbeb6d2def9409806fc0280257bb7e199a66",
            "messageTitle": "Refactor AddressBook to MemeBook in Storage",
            "messageBody": "",
            "insertions": 105,
            "deletions": 105
          },
          {
            "hash": "cc9d137ec5f6f1264d2d77ae66ff8f74acd2d6c4",
            "messageTitle": "Refactor AddressBook to MemeBook in tests",
            "messageBody": "",
            "insertions": 59,
            "deletions": 59
          },
          {
            "hash": "7c871f143c3eb3c37d0ab549c33390b227f42bee",
            "messageTitle": "Clean up Person and Address Book remnants",
            "messageBody": "",
            "insertions": 59,
            "deletions": 58
          },
          {
            "hash": "6915545fd166a9389fb91d9388bc0c77c1c3fa1e",
            "messageTitle": "Rename address to weme package",
            "messageBody": "",
            "insertions": 777,
            "deletions": 777
          }
        ]
      },
      {
        "insertions": 10,
        "deletions": 10,
        "date": "2019-09-30",
        "commitResults": [
          {
            "hash": "df182cea2c11722c284a13b8d866d929d03d09e6",
            "messageTitle": "Change addressBookFilePath to wemeFilePath",
            "messageBody": "",
            "insertions": 10,
            "deletions": 10
          }
        ]
      }
    ],
    "gary-lgy": [],
    "cutieprobe": []
  },
  "authorFinalContributionMap": {
    "LivingOnEdge": 0,
    "moziliar": 268,
    "jonchan51": 1841,
    "gary-lgy": 0,
    "cutieprobe": 0
  },
  "authorFileTypeContributionMap": {
    "LivingOnEdge": {
      "docs": 0,
      "tests": 0,
      "functional": 0
    },
    "moziliar": {
      "docs": 268,
      "tests": 0,
      "functional": 0
    },
    "jonchan51": {
      "docs": 19,
      "tests": 1044,
      "functional": 776,
      "other": 2
    },
    "gary-lgy": {
      "docs": 0,
      "tests": 0,
      "functional": 0
    },
    "cutieprobe": {
      "docs": 0,
      "tests": 0,
      "functional": 0
    }
  },
  "authorContributionVariance": {
    "LivingOnEdge": 0.0,
    "moziliar": 4608.321,
    "jonchan51": 434967.44,
    "gary-lgy": 0.0,
    "cutieprobe": 0.0
  },
  "authorDisplayNameMap": {
    "LivingOnEdge": "CS2103-T16-3 BILL  ...  CHEE",
    "moziliar": "CS2103-T16-3 MO ZO ... NGRAN",
    "jonchan51": "CS2103-T16-3 CHAN  ... ATHAN",
    "gary-lgy": "CS2103-T16-3 LIU G ... GYUAN",
    "cutieprobe": "CS2103-T16-3 LIU Z ...  ZIMU"
  }
}
