{
  "authorDailyContributionsMap": {
    "LivingOnEdge": [
      {
        "insertions": 138,
        "deletions": 42,
        "date": "2019-10-02",
        "commitResults": [
          {
            "hash": "791f7149f336ac4e4c13ecabe6a334b4de00230a",
            "messageTitle": "Update Developer Guide",
            "messageBody": "",
            "insertions": 138,
            "deletions": 42
          }
        ]
      },
      {
        "insertions": 214,
        "deletions": 250,
        "date": "2019-10-07",
        "commitResults": [
          {
            "hash": "299753ded0eb95c47b56af3e773d2323cbb50a71",
            "messageTitle": "Change Address to Description",
            "messageBody": "Allow Empty Description upon Meme creation\n\nAdd Invalid name Test\n\nFix json file EOF new line\n\nEdit Message Usage for AddCommand\n\nEdit Message Usage for AddCommand\n",
            "insertions": 214,
            "deletions": 250
          }
        ]
      },
      {
        "insertions": 88,
        "deletions": 0,
        "date": "2019-10-16",
        "commitResults": [
          {
            "hash": "4205c148e6453b0a6c45c5b1361103de35d7f6ed",
            "messageTitle": "Add StageCommand",
            "messageBody": "",
            "insertions": 88,
            "deletions": 0
          }
        ]
      }
    ],
    "moziliar": [
      {
        "insertions": 268,
        "deletions": 85,
        "date": "2019-10-01",
        "commitResults": [
          {
            "hash": "dd350dff70675c1cdae06b490c2b406c2480f26b",
            "messageTitle": "Update User Guide (#30)",
            "messageBody": "* Edit User Guide\r\n\r\n* Fix User Guide\r\n",
            "insertions": 268,
            "deletions": 85
          }
        ]
      },
      {
        "insertions": 1,
        "deletions": 1,
        "date": "2019-10-03",
        "commitResults": [
          {
            "hash": "7223a38c8f575086d5094a993c7e34d4a6d28a37",
            "messageTitle": "Update UserGuide.adoc",
            "messageBody": "Standardize the naming of the documents.",
            "insertions": 1,
            "deletions": 1
          }
        ]
      },
      {
        "insertions": 623,
        "deletions": 678,
        "date": "2019-10-11",
        "commitResults": [
          {
            "hash": "3298da8f943390badf930ecc661bce80fb70b09f",
            "messageTitle": "Change name to image url (#38)",
            "messageBody": "* Replace name with path\r\n\r\n* Change NameContainsKeywordPredicate to TagContainsKeywordPredicate\r\n",
            "insertions": 623,
            "deletions": 678
          }
        ]
      },
      {
        "insertions": 13,
        "deletions": 44,
        "date": "2019-10-17",
        "commitResults": [
          {
            "hash": "cdee65f5c37e6e90d5db31866e43f0b2a8e20d4e",
            "messageTitle": "Remove filepath from EditCommand",
            "messageBody": "",
            "insertions": 13,
            "deletions": 44
          }
        ]
      },
      {
        "insertions": 5,
        "deletions": 5,
        "date": "2019-10-18",
        "commitResults": [
          {
            "hash": "2357f8125182e627cf41dbe2fc3f354dc56ec51f",
            "messageTitle": "Fix Edit message",
            "messageBody": "",
            "insertions": 3,
            "deletions": 3
          },
          {
            "hash": "665638d3c8d871bdb961fe12b5ac01d0ff99c4f9",
            "messageTitle": "Fix Edit message",
            "messageBody": "",
            "insertions": 2,
            "deletions": 2
          }
        ]
      },
      {
        "insertions": 870,
        "deletions": 54,
        "date": "2019-10-23",
        "commitResults": [
          {
            "hash": "676fd8e5d83fe8088fa4647d4fad342c75143c21",
            "messageTitle": "Add Like Memes Feature",
            "messageBody": "",
            "insertions": 869,
            "deletions": 53
          },
          {
            "hash": "1e97218cd3c4f90656a3c11fdb5f0ad7ab302e1c",
            "messageTitle": "Fix bug",
            "messageBody": "",
            "insertions": 1,
            "deletions": 1
          }
        ]
      }
    ],
    "jonchan51": [
      {
        "insertions": 6,
        "deletions": 6,
        "date": "2019-09-13",
        "commitResults": [
          {
            "hash": "34f8b9a5e6f6681fea1afce7f22d755f93de732e",
            "messageTitle": "Update badges on README",
            "messageBody": "",
            "insertions": 6,
            "deletions": 6
          }
        ]
      },
      {
        "insertions": 832,
        "deletions": 832,
        "date": "2019-09-28",
        "commitResults": [
          {
            "hash": "7ff27b53dfa0f437f6f14850c5ac504124c90784",
            "messageTitle": "Refactor Person to Meme",
            "messageBody": "",
            "insertions": 480,
            "deletions": 480
          },
          {
            "hash": "da42424c4841d2d7ac5a2bd5dd2a37a6c160dcc8",
            "messageTitle": "Refactor UniquePersonList to UniqueMemeList",
            "messageBody": "",
            "insertions": 116,
            "deletions": 116
          },
          {
            "hash": "66c04abc57e9cde9d9e8f0ae8ebac988cb616058",
            "messageTitle": "Rename person package to meme",
            "messageBody": "",
            "insertions": 105,
            "deletions": 105
          },
          {
            "hash": "3b4875d4ef26ffd32f10d361c3d8b1b1da937c10",
            "messageTitle": "Rename to Meme in UI components",
            "messageBody": "",
            "insertions": 25,
            "deletions": 25
          },
          {
            "hash": "20cd74926e0a611c73d2e328dd8c2683eb70cb4e",
            "messageTitle": "Refactor EditPersonDescriptor to EditMemeDescriptor",
            "messageBody": "",
            "insertions": 66,
            "deletions": 66
          },
          {
            "hash": "47bf88efd4085a923ac8399520a580027854f8e7",
            "messageTitle": "Refactor JsonAdaptedPerson to JsonAdaptedMeme",
            "messageBody": "",
            "insertions": 40,
            "deletions": 40
          }
        ]
      },
      {
        "insertions": 1536,
        "deletions": 1534,
        "date": "2019-09-29",
        "commitResults": [
          {
            "hash": "73d04b91f22576c5949cdedb3a1d5e07b5dbebcb",
            "messageTitle": "Refactor Person to Meme in tests",
            "messageBody": "",
            "insertions": 295,
            "deletions": 295
          },
          {
            "hash": "e4fe7c99f3d025b45059dc0dc6374de8b017d549",
            "messageTitle": "Refactor AddressBook to MemeBook",
            "messageBody": "",
            "insertions": 153,
            "deletions": 152
          },
          {
            "hash": "4ae81a696c6a85658b9667cf8f1b21a90f2adc26",
            "messageTitle": "Refactor Address to MemeBook in non-storage",
            "messageBody": "",
            "insertions": 87,
            "deletions": 87
          },
          {
            "hash": "bde5fbeb6d2def9409806fc0280257bb7e199a66",
            "messageTitle": "Refactor AddressBook to MemeBook in Storage",
            "messageBody": "",
            "insertions": 105,
            "deletions": 105
          },
          {
            "hash": "cc9d137ec5f6f1264d2d77ae66ff8f74acd2d6c4",
            "messageTitle": "Refactor AddressBook to MemeBook in tests",
            "messageBody": "",
            "insertions": 59,
            "deletions": 59
          },
          {
            "hash": "7c871f143c3eb3c37d0ab549c33390b227f42bee",
            "messageTitle": "Clean up Person and Address Book remnants",
            "messageBody": "",
            "insertions": 60,
            "deletions": 59
          },
          {
            "hash": "6915545fd166a9389fb91d9388bc0c77c1c3fa1e",
            "messageTitle": "Rename address to weme package",
            "messageBody": "",
            "insertions": 777,
            "deletions": 777
          }
        ]
      },
      {
        "insertions": 10,
        "deletions": 10,
        "date": "2019-09-30",
        "commitResults": [
          {
            "hash": "df182cea2c11722c284a13b8d866d929d03d09e6",
            "messageTitle": "Change addressBookFilePath to wemeFilePath",
            "messageBody": "",
            "insertions": 10,
            "deletions": 10
          }
        ]
      },
      {
        "insertions": 590,
        "deletions": 321,
        "date": "2019-10-13",
        "commitResults": [
          {
            "hash": "3012cf7c8330eb123021742654938d3fdd8dddc3",
            "messageTitle": "Add Context (#40)",
            "messageBody": "* Add context switching\r\n\r\nWorks by changing parsers to switch to the specified context.\r\n\r\n* Change to TabCommand\r\n\r\n* Add tests for tabs\r\n\r\n* Rename Parsers\r\n",
            "insertions": 585,
            "deletions": 315
          },
          {
            "hash": "e97f5bb6bcb651d2323955a10560ced371950f00",
            "messageTitle": "Update repo links in docs and build.gradle",
            "messageBody": "",
            "insertions": 5,
            "deletions": 6
          }
        ]
      },
      {
        "insertions": 388,
        "deletions": 10,
        "date": "2019-10-16",
        "commitResults": [
          {
            "hash": "a8c63ab7eb94af2e3e75dfd7daf378fa04299932",
            "messageTitle": "Add basic Undo Redo Commands",
            "messageBody": "Undo Redo currently just reverts the meme entries. Support for other\nresources (templates) and statistics, along with file deletion will need\nto be integrated later.\n",
            "insertions": 273,
            "deletions": 10
          },
          {
            "hash": "dc510faa6ac9eaeb4229e1807deb226d83bb7598",
            "messageTitle": "Add tests for Undo Redo",
            "messageBody": "",
            "insertions": 115,
            "deletions": 0
          }
        ]
      },
      {
        "insertions": 143,
        "deletions": 17,
        "date": "2019-10-21",
        "commitResults": [
          {
            "hash": "e282f6066fa8c911a92369b7729906393d48e7cb",
            "messageTitle": "Fix SampleDataUtil (#67)",
            "messageBody": "* Fix SampleDataUtil",
            "insertions": 99,
            "deletions": 17
          },
          {
            "hash": "1efeedd35527c3086f6834c9b039ebe47e71f65b",
            "messageTitle": "Add file cleanup on exit (#65)",
            "messageBody": "Closes #62 as delete no longer needs to touch files.\r\n",
            "insertions": 44,
            "deletions": 0
          }
        ]
      },
      {
        "insertions": 82,
        "deletions": 79,
        "date": "2019-10-22",
        "commitResults": [
          {
            "hash": "30a36438085ddd53a56a54141179a4fda7569ad0",
            "messageTitle": "Change file hash to UUID (#68)",
            "messageBody": "Previously we were using SHA-1 to hash the entire image when adding\r\nimages to weme. However, this means that you cannot have duplicated\r\nimages (which should not actually be our responsibility), and it makes\r\nit more difficult to undo and redo newly added entries. By using UUID\r\ninstead, we can just stick to a file cleanup on exit to clear\r\nunreferenced images, which is much cleaner than manually adding special\r\ncases to each command for undo and redo.\r\n",
            "insertions": 82,
            "deletions": 79
          }
        ]
      },
      {
        "insertions": 173,
        "deletions": 120,
        "date": "2019-10-23",
        "commitResults": [
          {
            "hash": "dca80a1c2c0a08d809a1a82b071a9d8248b8e06f",
            "messageTitle": "Add documentation for Undo Redo Command (#70)",
            "messageBody": "",
            "insertions": 106,
            "deletions": 61
          },
          {
            "hash": "93b72df2d2d1dbad9f7abd1ad1980092dbcd7579",
            "messageTitle": "Update general DG",
            "messageBody": "",
            "insertions": 67,
            "deletions": 59
          }
        ]
      }
    ],
    "gary-lgy": [
      {
        "insertions": 81,
        "deletions": 59,
        "date": "2019-10-02",
        "commitResults": [
          {
            "hash": "d99a59b989f1bfd539053d6c7e86b6c29f53bd2e",
            "messageTitle": "Edit Developer Guide",
            "messageBody": "1. Reorder user stories to put more basic ones on top\n2. Fine-tune use cases\n3. Change AddressBook to Weme\n4. Use american spelling\n5. Correct typos\n",
            "insertions": 81,
            "deletions": 59
          }
        ]
      },
      {
        "insertions": 81,
        "deletions": 67,
        "date": "2019-10-12",
        "commitResults": [
          {
            "hash": "bcbb8995466bfa8981f18a4cf16628eba3a5f103",
            "messageTitle": "Change UI to display memes in GridView",
            "messageBody": "",
            "insertions": 81,
            "deletions": 67
          }
        ]
      },
      {
        "insertions": 47,
        "deletions": 47,
        "date": "2019-10-13",
        "commitResults": [
          {
            "hash": "e7c691cd0936e75ff000758f79ce2eeacfc4983c",
            "messageTitle": "Clean up remnants of \u0027address\u0027 and \u0027person\u0027",
            "messageBody": "",
            "insertions": 47,
            "deletions": 47
          }
        ]
      },
      {
        "insertions": 350,
        "deletions": 44,
        "date": "2019-10-16",
        "commitResults": [
          {
            "hash": "38e38e1c0e77571f354ea20660a92a9dface9cb4",
            "messageTitle": "Let model and logic store SimpleObjectProperty\u003cModelContext\u003e",
            "messageBody": "",
            "insertions": 20,
            "deletions": 22
          },
          {
            "hash": "0de4363bb2b5960263082a38a6b7f366753284e5",
            "messageTitle": "Implement tabs",
            "messageBody": "",
            "insertions": 306,
            "deletions": 22
          },
          {
            "hash": "73af69e40ba8f6ddedddc3e0d5be1345d820dbbd",
            "messageTitle": "Add TabCommand test",
            "messageBody": "",
            "insertions": 24,
            "deletions": 0
          }
        ]
      },
      {
        "insertions": 462,
        "deletions": 50,
        "date": "2019-10-17",
        "commitResults": [
          {
            "hash": "c157da976228287cbe0fc663cb1e7803cbf70c16",
            "messageTitle": "Add meme and template image location to user preferences",
            "messageBody": "",
            "insertions": 65,
            "deletions": 20
          },
          {
            "hash": "029bcae31b5fc0013c199dc5ca0a7e4abef846e1",
            "messageTitle": "Change AddCommand logic to handle file copying",
            "messageBody": "",
            "insertions": 397,
            "deletions": 30
          }
        ]
      },
      {
        "insertions": 979,
        "deletions": 134,
        "date": "2019-10-22",
        "commitResults": [
          {
            "hash": "e85aac7ba4113285791253f97f24625c6a19d3d1",
            "messageTitle": "Add Template class",
            "messageBody": "",
            "insertions": 156,
            "deletions": 14
          },
          {
            "hash": "0425782f0a3a386d1dfaaf516c962392ef78b531",
            "messageTitle": "Add templates into model",
            "messageBody": "",
            "insertions": 333,
            "deletions": 77
          },
          {
            "hash": "9ad992cbf9a545b833697bb0d0c1bfb7c554d2f9",
            "messageTitle": "Make templates and memebook json seriablable",
            "messageBody": "",
            "insertions": 225,
            "deletions": 31
          },
          {
            "hash": "bab980b8e246cce8706e73724b71fb58aa6503f3",
            "messageTitle": "Add sample templates to preload data",
            "messageBody": "",
            "insertions": 78,
            "deletions": 11
          },
          {
            "hash": "a40d1dcf880d47527d5ef0311ce479fc83e98480",
            "messageTitle": "Add template grid view",
            "messageBody": "",
            "insertions": 187,
            "deletions": 1
          }
        ]
      },
      {
        "insertions": 242,
        "deletions": 29,
        "date": "2019-10-23",
        "commitResults": [
          {
            "hash": "9cbed0256a207396050fb3121ea2d7be491623e7",
            "messageTitle": "Add templates section to Developer\u0027s Guide",
            "messageBody": "",
            "insertions": 202,
            "deletions": 28
          },
          {
            "hash": "134fca3b29e9452913645a3cc4c322dcf9b0129f",
            "messageTitle": "Make separate class diagram for templates section",
            "messageBody": "",
            "insertions": 40,
            "deletions": 1
          }
        ]
      }
    ],
    "cutieprobe": [
      {
        "insertions": 330,
        "deletions": 42,
        "date": "2019-10-02",
        "commitResults": [
          {
            "hash": "549dc16f8c6d1263bc8a67bde6c6d1e7f421c22c",
            "messageTitle": "Update AboutUs",
            "messageBody": "",
            "insertions": 25,
            "deletions": 23
          },
          {
            "hash": "edf712e3b0fcea7f58f8918720703c1d4b77d2be",
            "messageTitle": "Update ContactUs",
            "messageBody": "",
            "insertions": 1,
            "deletions": 1
          },
          {
            "hash": "990952637b9d193f4981893a672b72ebb91edc16",
            "messageTitle": "Update README",
            "messageBody": "",
            "insertions": 304,
            "deletions": 18
          }
        ]
      },
      {
        "insertions": 89,
        "deletions": 713,
        "date": "2019-10-06",
        "commitResults": [
          {
            "hash": "516a93473ff82e66155810dbffdaef334f55f8b1",
            "messageTitle": "Remove Email and Phone field",
            "messageBody": "",
            "insertions": 89,
            "deletions": 713
          }
        ]
      },
      {
        "insertions": 34,
        "deletions": 3,
        "date": "2019-10-16",
        "commitResults": [
          {
            "hash": "9c0c49f26ee2b4d6e71cf0861afcbbc50bc5b805",
            "messageTitle": "Add support for result box live refreshing on change of inputs",
            "messageBody": "",
            "insertions": 34,
            "deletions": 3
          }
        ]
      }
    ]
  },
  "authorFinalContributionMap": {
    "LivingOnEdge": 272,
    "moziliar": 1682,
    "jonchan51": 2466,
    "gary-lgy": 2092,
    "cutieprobe": 82
  },
  "authorFileTypeContributionMap": {
    "LivingOnEdge": {
      "docs": 66,
      "tests": 56,
      "functional": 150
    },
    "moziliar": {
      "docs": 265,
      "tests": 440,
      "functional": 976,
      "other": 1
    },
    "jonchan51": {
      "docs": 87,
      "tests": 1077,
      "functional": 1193,
      "other": 109
    },
    "gary-lgy": {
      "docs": 167,
      "tests": 416,
      "functional": 1348,
      "other": 161
    },
    "cutieprobe": {
      "docs": 46,
      "tests": 2,
      "functional": 34
    }
  },
  "authorContributionVariance": {
    "LivingOnEdge": 5089.104,
    "moziliar": 52674.344,
    "jonchan51": 258081.3,
    "gary-lgy": 33983.1,
    "cutieprobe": 15675.09
  },
  "authorDisplayNameMap": {
    "LivingOnEdge": "CS2103-T16-3 BILL  ...  CHEE",
    "moziliar": "CS2103-T16-3 MO ZO ... NGRAN",
    "jonchan51": "CS2103-T16-3 CHAN  ... ATHAN",
    "gary-lgy": "CS2103-T16-3 LIU G ... GYUAN",
    "cutieprobe": "CS2103-T16-3 LIU Z ...  ZIMU"
  }
}
