{
  "authorDailyContributionsMap": {
    "limerencee": [
      {
        "insertions": 0,
        "deletions": 1,
        "date": "2019-09-08",
        "commitResults": [
          {
            "hash": "4d38aa45fb0405e027ac79a5c9379c279b110802",
            "messageTitle": "Remove the codacy badge from README",
            "messageBody": "",
            "insertions": 0,
            "deletions": 1
          }
        ]
      },
      {
        "insertions": 75,
        "deletions": 162,
        "date": "2019-09-22",
        "commitResults": [
          {
            "hash": "490b5b4363abfe0bce443f4273e14f2c1505fa3a",
            "messageTitle": "Changed more documents context to THRIFT (#51)",
            "messageBody": "* Changed documents context to THRIFT\r\n\r\n* Modified UserGuide and AboutUs\r\n\r\nImproved wording clarity in UserGuide and refined my role in AboutUs.\r\n\r\n* Updated UserGuide\r\n\r\nModified wording and formatting for \u0027Delete\u0027 command.\r\n\r\n* Updated UserGuide\r\n",
            "insertions": 75,
            "deletions": 162
          }
        ]
      }
    ],
    "krusagiz": [],
    "lightz96": [
      {
        "insertions": 13,
        "deletions": 15,
        "date": "2019-09-20",
        "commitResults": [
          {
            "hash": "033b8d7df707602c77069b43fa36aa78a3ffe83c",
            "messageTitle": "Removes SE-EDU branding (#46)",
            "messageBody": "* Removes SE-EDU branding\r\n\r\n* Updates UserGuide and DeveloperGuide\r\n\r\n* Updates travis ci badge\r\n\r\n* Updates appveyor badge\r\n\r\n* Updates appveyor badge\r\n\r\n* Updates coveralls badge\r\n\r\n* Adds netlify badge and removes learning outcomes link\r\n",
            "insertions": 13,
            "deletions": 15
          }
        ]
      },
      {
        "insertions": 301,
        "deletions": 64,
        "date": "2019-09-24",
        "commitResults": [
          {
            "hash": "7d8fc36dad07d60edb57ff7ae732b681fb694608",
            "messageTitle": "Update documentation (#59)",
            "messageBody": "* Adds MIT license and Updates badges logo\r\n\r\n* Updates AboutUs and creates dummy portfolio\r\n\r\n* Update Ui image\r\n\r\n* Update user guide\r\n\r\n* Update aboutus and user guide\r\n\r\n* Update developer guide and minor changes to user guide and aboutus\r\n\r\n* Change to LF\r\n\r\n* Add newline at EOF for my portfolio\r\n",
            "insertions": 301,
            "deletions": 64
          }
        ]
      }
    ],
    "lye-jw": [],
    "kensonoenqh": []
  },
  "authorFinalContributionMap": {
    "limerencee": 67,
    "krusagiz": 0,
    "lightz96": 292,
    "lye-jw": 0,
    "kensonoenqh": 0
  },
  "authorFileTypeContributionMap": {
    "limerencee": {
      "docs": 67,
      "tests": 0,
      "functional": 0
    },
    "krusagiz": {
      "docs": 0,
      "tests": 0,
      "functional": 0
    },
    "lightz96": {
      "docs": 290,
      "tests": 0,
      "functional": 0,
      "other": 2
    },
    "lye-jw": {
      "docs": 0,
      "tests": 0,
      "functional": 0
    },
    "kensonoenqh": {
      "docs": 0,
      "tests": 0,
      "functional": 0
    }
  },
  "authorContributionVariance": {
    "limerencee": 2799.4072,
    "krusagiz": 0.0,
    "lightz96": 6625.269,
    "lye-jw": 0.0,
    "kensonoenqh": 0.0
  },
  "authorDisplayNameMap": {
    "limerencee": "CS2103T-W12-2 POH J ... A HAO",
    "krusagiz": "CS2103T-W12-2 ANG C ... ELVIN",
    "lightz96": "CS2103T-W12-2 LEE B ... QIANG",
    "lye-jw": "CS2103T-W12-2 LYE J ... N WEN",
    "kensonoenqh": "CS2103T-W12-2 OEN Q ... ENSON"
  }
}
