{
  "authorDailyContributionsMap": {
    "limerencee": [
      {
        "insertions": 0,
        "deletions": 1,
        "date": "2019-09-08",
        "commitResults": [
          {
            "hash": "4d38aa45fb0405e027ac79a5c9379c279b110802",
            "messageTitle": "Remove the codacy badge from README",
            "messageBody": "",
            "insertions": 0,
            "deletions": 1
          }
        ]
      },
      {
        "insertions": 75,
        "deletions": 162,
        "date": "2019-09-22",
        "commitResults": [
          {
            "hash": "490b5b4363abfe0bce443f4273e14f2c1505fa3a",
            "messageTitle": "Changed more documents context to THRIFT (#51)",
            "messageBody": "* Changed documents context to THRIFT\r\n\r\n* Modified UserGuide and AboutUs\r\n\r\nImproved wording clarity in UserGuide and refined my role in AboutUs.\r\n\r\n* Updated UserGuide\r\n\r\nModified wording and formatting for \u0027Delete\u0027 command.\r\n\r\n* Updated UserGuide\r\n",
            "insertions": 75,
            "deletions": 162
          }
        ]
      },
      {
        "insertions": 60,
        "deletions": 13,
        "date": "2019-09-26",
        "commitResults": [
          {
            "hash": "ba422b079ef333b42cdb86149f8ed56d09b5c2a2",
            "messageTitle": "Updated DeveloperGuide to include use cases for features that I am working on",
            "messageBody": "",
            "insertions": 59,
            "deletions": 8
          },
          {
            "hash": "0d919b79b6629da2325c52c9920d832cf6ba6fe0",
            "messageTitle": "Updated DG appendix",
            "messageBody": "",
            "insertions": 1,
            "deletions": 5
          }
        ]
      },
      {
        "insertions": 4018,
        "deletions": 3796,
        "date": "2019-09-27",
        "commitResults": [
          {
            "hash": "a823da0747d3ae2eabe85dcad5e8af884cabb006",
            "messageTitle": "Mass Codebase Refactor (#62)",
            "messageBody": "* Changed documents context to THRIFT\r\n\r\n* Modified UserGuide and AboutUs\r\n\r\nImproved wording clarity in UserGuide and refined my role in AboutUs.\r\n\r\n* Renamed \u0027model\u0027 package to \u0027transaction\u0027 and began refactoring\r\n\r\nAdded Transaction related classes and a new utility class which contains functions for converting currencies around.\r\n\r\n* Renamed package from \u0027seedu.address\u0027 to \u0027thrift\u0027\r\n\r\n* Added tests for Transaction class attributes\r\n\r\n* Mass refactor to change Person class to Transaction class\r\n\r\nAlso added Income and Expense classes, and replaced all instances of Person class references to either Transaction, Expense or Income class. This commit passes the JUnit test cases.\r\n\r\n* Initial refactor complete\r\n\r\nApplication is able to run and able to add expense\r\n",
            "insertions": 4018,
            "deletions": 3796
          }
        ]
      },
      {
        "insertions": 20,
        "deletions": 20,
        "date": "2019-09-28",
        "commitResults": [
          {
            "hash": "78481c90ce44e72e77d5fe8435b1819ae037aa0a",
            "messageTitle": "Changed command syntax in UG for \u0027add expense\u0027 and \u0027add income\u0027 into one word (#74)",
            "messageBody": "* Changed documents context to THRIFT\r\n\r\n* Modified UserGuide and AboutUs\r\n\r\nImproved wording clarity in UserGuide and refined my role in AboutUs.\r\n\r\n* Renamed \u0027model\u0027 package to \u0027transaction\u0027 and began refactoring\r\n\r\nAdded Transaction related classes and a new utility class which contains functions for converting currencies around.\r\n\r\n* Renamed package from \u0027seedu.address\u0027 to \u0027thrift\u0027\r\n\r\n* Added tests for Transaction class attributes\r\n\r\n* Mass refactor to change Person class to Transaction class\r\n\r\nAlso added Income and Expense classes, and replaced all instances of Person class references to either Transaction, Expense or Income class. This commit passes the JUnit test cases.\r\n\r\n* Initial refactor complete\r\n\r\nApplication is able to run and able to add expense\r\n\r\n* Updated UG syntax for adding transactions\r\n\r\n\u0027add expense\u0027 -\u003e \u0027add_expense\u0027 and \u0027add income\u0027 -\u003e \u0027add_income\u0027\r\n\r\n* Fixed typo in UG\r\n",
            "insertions": 20,
            "deletions": 20
          }
        ]
      },
      {
        "insertions": 23,
        "deletions": 24,
        "date": "2019-10-01",
        "commitResults": [
          {
            "hash": "ebb4642063faeed8ca4e7d2dccef022b15d4b18a",
            "messageTitle": "Edited UGDG to ensure consistency (#82)",
            "messageBody": "* Edited UGDG to ensure consistency.\r\n\r\n* Corrected casing for \u0027Transaction\u0027 to \u0027transaction\u0027\r\n",
            "insertions": 23,
            "deletions": 24
          }
        ]
      },
      {
        "insertions": 239,
        "deletions": 54,
        "date": "2019-10-08",
        "commitResults": [
          {
            "hash": "74331ae6190707049ff3c63dd16b9a7e035d3be4",
            "messageTitle": "TransactionCard modifications and added new Balance UI (#89)",
            "messageBody": "Added \u0027Balance\u0027 Ui pane, Modified TransactionCard into ExpenseTransactionCard and IncomeTransactionCard, Formatted the layout of ExpenseTransactionCard and IncomeTransactionCard",
            "insertions": 239,
            "deletions": 54
          }
        ]
      },
      {
        "insertions": 454,
        "deletions": 38,
        "date": "2019-10-09",
        "commitResults": [
          {
            "hash": "1002a7d624f84419ae4f2d3fbee6be9ca18e13f2",
            "messageTitle": "Added \u0027add_income\u0027 command (#93)",
            "messageBody": "* Added add_income command and tests\r\n\r\nOther changes:\r\n1. Improved the way large money values are shown: \"1000000.00\" - \"1,000,000.00\".\r\n2. The raw transaction value (\"1000000.00\" instead of \"1,000,000.00\") is now stored into the JSON data file instead of the formatted one, to ease restoration of transaction objects upon application startup.\r\n\r\n* Added comments for AddTransactionCommandParser class\r\n\r\nAlso changed the arguments AddTransactionCommandParser#parseTransactionDate() as it does not require ArgumentMultimap to return the TransactionDate.\r\n",
            "insertions": 454,
            "deletions": 38
          }
        ]
      },
      {
        "insertions": 353,
        "deletions": 14,
        "date": "2019-10-11",
        "commitResults": [
          {
            "hash": "fddc4ceca26fd435edf82263399c4506ee435dca",
            "messageTitle": "UI improvements to remove text truncation which results in the appearance of ellipses. (#101)",
            "messageBody": "* Bugfix for big transaction values storing incorrectly into JSON\r\n\r\n* Balance bar at the bottom now shows label for monthly budget.\r\n\r\n1. Enabled text-wrap for the various labels in an Expense/IncomeTransactionCard.\r\n2. Added a DateUtils library for ease of making Java\u0027s Date to work.\r\n3. Adjusted the main UI for abit.\r\n\r\n* Removed unused css styles\r\n\r\n* Fixed a bug where there is no minWidth for Value labels, causing unsightly overflows\r\n\r\n* Removed unused methods in DateUtils and formatted comments to comply with coding standards.\r\n\r\n* Added tests for DateUtils class\r\n",
            "insertions": 353,
            "deletions": 14
          }
        ]
      },
      {
        "insertions": 303,
        "deletions": 68,
        "date": "2019-10-12",
        "commitResults": [
          {
            "hash": "c56422e45fd0d924a5f36ba9bd922158083aec16",
            "messageTitle": "Added Remark field into Transactions using the prefix \u0027r/\u0027",
            "messageBody": "1. Updated AddExpenseCommandParser, AddIncomeCommandParser and UpdateCommandParser to work with the new field.\n2. Updated UI Transaction cards to display the Remark value.\n3. Updated all relevant tests and made test for Remark.\n4. Updated JsonAdaptedTransaction to ensure that the new field is saved and restored properly.\n5. Updated UG and fixed the output for add_expense and add_income portions.\n",
            "insertions": 253,
            "deletions": 56
          },
          {
            "hash": "055cb142b6559a31867f627ab8ea4f812e38c05e",
            "messageTitle": "Changed command usage messages for add_expense, add_income and update",
            "messageBody": "",
            "insertions": 7,
            "deletions": 4
          },
          {
            "hash": "2852496e8354d0a2f383182d7adfefa10fff4ee2",
            "messageTitle": "Forgot to stage UpdateCommand in previous commit.",
            "messageBody": "",
            "insertions": 1,
            "deletions": 0
          },
          {
            "hash": "bdd687e774c02b4a6b6db2d8d564427a71621445",
            "messageTitle": "Refactored delete command to require i/ prefix (#104)",
            "messageBody": "* Refactored delete command to require i/ prefix\r\n\r\nAlso added proper tests for the new delete command.\r\n\r\n* Fixed formatting and method name chage from commit abaf355\r\n",
            "insertions": 42,
            "deletions": 8
          }
        ]
      },
      {
        "insertions": 72,
        "deletions": 9,
        "date": "2019-10-17",
        "commitResults": [
          {
            "hash": "605cf732cf6ee815e44b9b7f85e7054880d04abf",
            "messageTitle": "Fixed the bug where updating similar transaction would result in unintended behaviour (#132)",
            "messageBody": "* Fixed a bug whereby when updating similar transactions, the first occurrence would update instead\r\n\r\n* Added JUnit tests for new update method\r\n",
            "insertions": 70,
            "deletions": 5
          },
          {
            "hash": "265b916e3a7718073e8cf5c59cf72c3e01513ba7",
            "messageTitle": "Fixed a bug whereby when deleting similar transactions, the first occurrence would be deleted instead (#138)",
            "messageBody": "",
            "insertions": 2,
            "deletions": 4
          }
        ]
      }
    ],
    "krusagiz": [
      {
        "insertions": 110,
        "deletions": 3,
        "date": "2019-09-28",
        "commitResults": [
          {
            "hash": "9a7704245ac5beb6f07f4cc90dad198736deef1e",
            "messageTitle": "Added photo, Modified AboutUs and UserGuide (#69)",
            "messageBody": "* Added photo, Modified AboutUs and UserGuide\r\n\r\n* Fixed line endings\r\n\r\n* Added photo, Modified AboutUs and UserGuide\r\n\r\n* Fixed line endings\r\n\r\n* Added some whitespace to AboutUs\r\n\r\n* Changed format for convert and re-added tags lost to conflict\r\n\r\n* Changed prefix for convert command\r\n\r\n* Changed variables names and prefixes of convert command\r\n",
            "insertions": 110,
            "deletions": 3
          }
        ]
      },
      {
        "insertions": 179,
        "deletions": 4,
        "date": "2019-09-30",
        "commitResults": [
          {
            "hash": "92b27e17c2b34c721263e4bb92c0066a3cbe5722",
            "messageTitle": "Added use cases to DG and added logo (#79)",
            "messageBody": "* Added Use cases to DG and added logo\r\n\r\n- Logo files added to repo\r\n- Logo added to DG and UG\r\n\r\n* Edited DeveloperGuide.adoc and logos\r\n\r\n- SVG versions of the logos are now included\r\n\r\n* Added SVG to .gitattributes\r\n\r\n* Added Illustrator file back to repo\r\n\r\n* Added my test cases to the DG\r\n\r\n* Removed an unnecessary period\r\n",
            "insertions": 179,
            "deletions": 4
          }
        ]
      },
      {
        "insertions": 739,
        "deletions": 17,
        "date": "2019-10-13",
        "commitResults": [
          {
            "hash": "cd6183bc200a5ab0e8d1a3b788a5e53868a28210",
            "messageTitle": "Added Tag/Untag Command (#112)",
            "messageBody": "* Tag command added\r\n\r\n* Tag command added\r\n\r\n* Added UntagCommand\r\n\r\n- TagCommand modified\r\n\r\n* Created TagCommand tests\r\n\r\n* Created UntagCommand Tests\r\n\r\n- Modified TagCommand tests\r\n\r\n* Fixed checkstyle\r\n\r\n* Changed Tag/Untag command section in UserGuide slightly\r\n\r\n* Fixed coding standard violations\r\n\r\n* Adjusted some method signature indentations\r\n\r\n* Fixed JavaDocs whitespace\r\n",
            "insertions": 697,
            "deletions": 2
          },
          {
            "hash": "e085c29892fc9dfee75ec5ec896522d0b2b10816",
            "messageTitle": "Added non-alphanumeric exception catch to Tag/Untag commands (#114)",
            "messageBody": "* Tag command added\r\n\r\n* Tag command added\r\n\r\n* Added UntagCommand\r\n\r\n- TagCommand modified\r\n\r\n* Created TagCommand tests\r\n\r\n* Created UntagCommand Tests\r\n\r\n- Modified TagCommand tests\r\n\r\n* Fixed checkstyle\r\n\r\n* Changed Tag/Untag command section in UserGuide slightly\r\n\r\n* Fixed coding standard violations\r\n\r\n* Adjusted some method signature indentations\r\n\r\n* Fixed JavaDocs whitespace\r\n\r\n* Added exception catch for non-alphanumeric tag names\r\n\r\n* Fixed merge\r\n",
            "insertions": 42,
            "deletions": 15
          }
        ]
      },
      {
        "insertions": 62,
        "deletions": 34,
        "date": "2019-10-15",
        "commitResults": [
          {
            "hash": "6a2528a4abb9748210dc0b0d77b05e99cc84a408",
            "messageTitle": "General Bugfix for Tag/Untag (#118)",
            "messageBody": "* Added check for multiple index given for Tag/Untag\r\n\r\n- Added new getSingleValue method in ArgumentMultimap\r\nto get a singular value that is checked for extras\r\n- Added new message format in Messages\r\n\r\n* Changed constant name\r\n\r\n* Fixed unused imports\r\n\r\n* SLAP Tag/Untag Parser\r\n\r\n* Removed unused exception catch\r\n",
            "insertions": 62,
            "deletions": 34
          }
        ]
      }
    ],
    "lightz96": [
      {
        "insertions": 13,
        "deletions": 15,
        "date": "2019-09-20",
        "commitResults": [
          {
            "hash": "033b8d7df707602c77069b43fa36aa78a3ffe83c",
            "messageTitle": "Removes SE-EDU branding (#46)",
            "messageBody": "* Removes SE-EDU branding\r\n\r\n* Updates UserGuide and DeveloperGuide\r\n\r\n* Updates travis ci badge\r\n\r\n* Updates appveyor badge\r\n\r\n* Updates appveyor badge\r\n\r\n* Updates coveralls badge\r\n\r\n* Adds netlify badge and removes learning outcomes link\r\n",
            "insertions": 13,
            "deletions": 15
          }
        ]
      },
      {
        "insertions": 301,
        "deletions": 64,
        "date": "2019-09-24",
        "commitResults": [
          {
            "hash": "7d8fc36dad07d60edb57ff7ae732b681fb694608",
            "messageTitle": "Update documentation (#59)",
            "messageBody": "* Adds MIT license and Updates badges logo\r\n\r\n* Updates AboutUs and creates dummy portfolio\r\n\r\n* Update Ui image\r\n\r\n* Update user guide\r\n\r\n* Update aboutus and user guide\r\n\r\n* Update developer guide and minor changes to user guide and aboutus\r\n\r\n* Change to LF\r\n\r\n* Add newline at EOF for my portfolio\r\n",
            "insertions": 301,
            "deletions": 64
          }
        ]
      },
      {
        "insertions": 631,
        "deletions": 1119,
        "date": "2019-09-28",
        "commitResults": [
          {
            "hash": "b6b469dbd4f98ea0ed030f3698f18516b44e7280",
            "messageTitle": "Refactor code and comments from Person to Transaction, Address Book to Thrift (#76)",
            "messageBody": "* Follow up on the comments mentioned in PR #62\r\n\r\n* Remove Person class\r\n\r\n* Removes Address class\r\n\r\n* Removes Phone class\r\n\r\n* Removes Name class\r\n\r\n* Removes Email class\r\n\r\n* Validate the description field in JsonAdaptedTransaction\r\n\r\n* Rename to ThriftBuilder\r\n\r\n* Rename to JsonSerializableThrift\r\n\r\n* Rename from JsonAddressBookStorage to JsonThriftStorage\r\n\r\n* Rename AddressBookStorage to ThriftStorage\r\n\r\n* Rename AddressBookParser to ThriftParser\r\n\r\n* Rename AddressBook to Thrift\r\n\r\n* Change ordering of imports\r\n\r\n* Change ordering of imports\r\n\r\n* Change ordering of imports for tests\r\n\r\n* Rename ReadOnlyAddressBook to ReadOnlyThrift\r\n\r\n* Modify the JsonSerializableAddressBookTest folder name\r\n\r\n* Rename the tests in test/data\r\n\r\n* Rename to Thrift for the logic portion\r\n\r\n* Update UserPrefs to use Thrift instead of Address book\r\n\r\n* Update the userguide url in the app\r\n\r\n* Update the naming for UI\r\n\r\n* Rename withDescription() to withTransaction in ThriftBuilder\r\n\r\n* Rename to Thrift\r\n\r\n* Rename to Transaction instead of Person\r\n\r\n* Update coding standards\r\n\r\n* Rename Person to Transaction, Address Book to Thrift in all JUnit tests\r\n\r\n* Rename to thrift in javadoc\r\n\r\n* Update the icon filepath\r\n\r\n* Added JUnit test for Messages.java\r\n",
            "insertions": 631,
            "deletions": 1119
          }
        ]
      },
      {
        "insertions": 177,
        "deletions": 15,
        "date": "2019-10-01",
        "commitResults": [
          {
            "hash": "fd4ae8d7fae12b82204836c706315bea2e4ae290",
            "messageTitle": "Update Developer Guide and User Guide (#83)",
            "messageBody": "* Removes duplicate commands in command summary and updates the link for undoable commands\r\n\r\n* Adds test cases in DG\r\n\r\n* Adds one more test case for redo command\r\n\r\n* Update formatting for redo and undo test cases\r\n",
            "insertions": 177,
            "deletions": 15
          }
        ]
      },
      {
        "insertions": 385,
        "deletions": 69,
        "date": "2019-10-08",
        "commitResults": [
          {
            "hash": "f909741a24ee14b3befd44960d63b16013ad3df0",
            "messageTitle": "Add undo feature for add_expense command (#90)",
            "messageBody": "* Remove MessageTest\r\n\r\n* Add dummy undocommand\r\n\r\n* Rename persons to transactions\r\n\r\n* Add PastUndoableCommands with the ability to store and retrieve command\r\n\r\n* Add undo feature for add_expense command\r\n",
            "insertions": 385,
            "deletions": 69
          }
        ]
      },
      {
        "insertions": 136,
        "deletions": 4,
        "date": "2019-10-11",
        "commitResults": [
          {
            "hash": "adef72f86f1c96a0ab7bfe119c8eb6688b3efb64",
            "messageTitle": "Undo feature for delete command (#99)",
            "messageBody": "* Add undo feature for delete command\r\n\r\n* Update the test cases\r\n\r\n* Update javadoc\r\n",
            "insertions": 136,
            "deletions": 4
          }
        ]
      },
      {
        "insertions": 730,
        "deletions": 87,
        "date": "2019-10-12",
        "commitResults": [
          {
            "hash": "008026e736f45ee4fc8e1dc970ae50ec5ba650ca",
            "messageTitle": "Undo add_income command (#107)",
            "messageBody": "* Add undo feature for add_income command\r\n\r\n* Add assertion and logging\r\n\r\n* Modify incorrect assertion\r\n",
            "insertions": 105,
            "deletions": 1
          },
          {
            "hash": "8b7aecc73f34c23a130c70fa1bdee3426e44e1a4",
            "messageTitle": "Redo add_expense command (#110)",
            "messageBody": "* Modify the implementation and tests for undo add_expense and add_income\r\n\r\n* Modify the model for redo feature\r\n\r\n* Add dummy RedoCommand\r\n\r\n* Add Redo feature for add_expense command and its corresponding tests\r\n\r\n* Resolve issue raised\r\n",
            "insertions": 435,
            "deletions": 42
          },
          {
            "hash": "6e3a7f3a62805f9e0d52e6392da81ccd1f04f592",
            "messageTitle": "Redo add_income command (#111)",
            "messageBody": "* Add Undo feature for add_income command\r\n\r\n* Remove unused import\r\n\r\n* Display full transaction list after executing undo/redo command\r\n\r\n* Resolves undo feature for delete command bug\r\n\r\n* Updates javadoc and tests\r\n\r\n* Add back the method getLastTransaction()\r\n",
            "insertions": 190,
            "deletions": 44
          }
        ]
      },
      {
        "insertions": 103,
        "deletions": 7,
        "date": "2019-10-13",
        "commitResults": [
          {
            "hash": "25f7a592e6260067ab54c97912ad595a84d00ec8",
            "messageTitle": "Redo delete command (#115)",
            "messageBody": "* Update the badges\r\n\r\n* Redo feature for delete command\r\n",
            "insertions": 103,
            "deletions": 7
          }
        ]
      },
      {
        "insertions": 91,
        "deletions": 5,
        "date": "2019-10-15",
        "commitResults": [
          {
            "hash": "9857680e03923784402db883f0f311bbad07dd55",
            "messageTitle": "Undo and redo feature for Update command (#117)",
            "messageBody": "* Add undo feature for update command\r\n\r\n* Resolve Value#equals bug\r\n\r\n* Add redo feature for update command\r\n\r\n* Resolves typo\r\n",
            "insertions": 91,
            "deletions": 5
          }
        ]
      }
    ],
    "lye-jw": [
      {
        "insertions": 132,
        "deletions": 10,
        "date": "2019-09-26",
        "commitResults": [
          {
            "hash": "2ecf4e593585ff697912a9054c516c736fd8e521",
            "messageTitle": "Update AboutUs.adoc and UserGuide.adoc (Jian Wen) (#56)",
            "messageBody": "* Update AboutUs.doc (Jian Wen)\r\n\r\n* Update UserGuide.adoc\r\n\r\n* Update lye-jw.adoc Portfolio file\r\n\r\n* Refine UserGuide\r\n\r\n* Fix checkStyle issue\r\n",
            "insertions": 132,
            "deletions": 10
          }
        ]
      },
      {
        "insertions": 47,
        "deletions": 8,
        "date": "2019-09-28",
        "commitResults": [
          {
            "hash": "f262476f923fe004edabb9770436f962f7b5d7fa",
            "messageTitle": "Add on Update and Clone use cases in DeveloperGuide (#77)",
            "messageBody": "",
            "insertions": 47,
            "deletions": 8
          }
        ]
      },
      {
        "insertions": 32,
        "deletions": 0,
        "date": "2019-09-29",
        "commitResults": [
          {
            "hash": "8edc9f1340a8254f55686fa15c210843c63f36bc",
            "messageTitle": "Add test cases for update and clone in DeveloperGuide (#78)",
            "messageBody": "",
            "insertions": 32,
            "deletions": 0
          }
        ]
      },
      {
        "insertions": 322,
        "deletions": 287,
        "date": "2019-10-10",
        "commitResults": [
          {
            "hash": "12569ab95c4b7e0ca2b6c73f74f94df8a0241c1e",
            "messageTitle": "Refactor Edit to Update and modify EditCommand syntax (#94)",
            "messageBody": "* Refactor instances of edit \u0026 classes to update\r\n\r\n* Refactor Edit to Update and modify update syntax\r\n\r\n* Modify tests to reflect changes in syntax\r\n\r\n* Fix checkstyle issues\r\n\r\n* Add 2 new use cases to DeveloperGuide\r\n\r\n* Fix issues raised in review\r\n",
            "insertions": 322,
            "deletions": 287
          }
        ]
      },
      {
        "insertions": 36,
        "deletions": 18,
        "date": "2019-10-12",
        "commitResults": [
          {
            "hash": "abaf355a1511d9119a363dc46daa8baa28e2c074",
            "messageTitle": "Include original transaction in status message after update (#102)",
            "messageBody": "* Refactor instances of edit \u0026 classes to update\r\n\r\n* Refactor Edit to Update and modify update syntax\r\n\r\n* Modify tests to reflect changes in syntax\r\n\r\n* Fix checkstyle issues\r\n\r\n* Add 2 new use cases to DeveloperGuide\r\n\r\n* Fix issues raised in review\r\n\r\n* Display original transaction of updated transaction in status message\r\n\r\n* Update failing tests\r\n",
            "insertions": 36,
            "deletions": 18
          }
        ]
      },
      {
        "insertions": 58,
        "deletions": 13,
        "date": "2019-10-13",
        "commitResults": [
          {
            "hash": "02ffd5147a0d628c6649825617a2d03c57f228e3",
            "messageTitle": "Improve UI indication for update operation (#113)",
            "messageBody": "* Implement scroll to TransactionCard of transaction after update\r\n\r\n* Add correct implementation of scroll to updated item UI feature\r\n\r\n* Rectify failing tests and checkstyle issues\r\n\r\n* Fix issues raised by reviews reviewed\r\n",
            "insertions": 58,
            "deletions": 13
          }
        ]
      },
      {
        "insertions": 41,
        "deletions": 40,
        "date": "2019-10-15",
        "commitResults": [
          {
            "hash": "62697288f14eff2646a319633792a6e4898ceae1",
            "messageTitle": "Fix and add new tests for Update",
            "messageBody": "",
            "insertions": 41,
            "deletions": 40
          }
        ]
      }
    ],
    "kensonoenqh": [
      {
        "insertions": 50,
        "deletions": 0,
        "date": "2019-09-26",
        "commitResults": [
          {
            "hash": "7fe651d7ca0b7ed5aeafe7e7219b6b6c18f6088e",
            "messageTitle": "Updated developer guide with one use case (#64)",
            "messageBody": "* Updated developer guide with one use case\r\n\r\n* Commit the image file that i forgot.\r\n",
            "insertions": 20,
            "deletions": 0
          },
          {
            "hash": "a0cad8267c4bb7bcb93cd64611fa396f0950d19f",
            "messageTitle": "Updated UserGuide.adoc and AboutUs.adoc (#63)",
            "messageBody": "* Updated UserGuide.adoc and AboutUs.adoc\r\n\r\n* removed remaining budget line in userguide as per jiahaos suggestion.\r\n\r\n* Fixed typo, also edited help command because i edited it by mistake before.\r\n\r\n* Fixed typo from resolving conflict in UserGuide\r\n\r\n* Added one new line to end of userguide\r\n\r\n* Improved user guide for format\r\n",
            "insertions": 30,
            "deletions": 0
          }
        ]
      },
      {
        "insertions": 19,
        "deletions": 17,
        "date": "2019-09-30",
        "commitResults": [
          {
            "hash": "4b5c7cb6aa5cf06a6243786ce94f2f4c7fb10f89",
            "messageTitle": "Kenson-DG (#80)",
            "messageBody": "* Updated developer guide with one use case\r\n\r\n* Commit the image file that i forgot.\r\n\r\n* Added my test cases for listing transactions.\r\n\r\n* Resolved the rest of the conflicts i missed out, and edited tagging a little (seems like some error conflict)\r\n\r\n* Edited a few typos and errors.\r\n\r\n* Remove monthly expenses\r\n\r\n* added +s to follow formatting\r\n\r\n* removed fullstop\r\n",
            "insertions": 19,
            "deletions": 17
          }
        ]
      },
      {
        "insertions": 52,
        "deletions": 1,
        "date": "2019-10-15",
        "commitResults": [
          {
            "hash": "ee2a07830ad2b03b56f22a3dbf34d059bb61db0c",
            "messageTitle": "Kenson list extension (#119)",
            "messageBody": "* added ListCommandParser to read arguments after command \"list\"\r\n\r\n* Further edit listcommand to return exceptions when bad input or wrong prefixes are used.\r\n\r\n* Cleaned up ListCommand to make 1.3 changes easier.\r\n\r\n* Tried to SLAP parse by creating getCommand. edited the conditions to make it more clean..\r\n\r\n* Changed getCommand to private.\r\n",
            "insertions": 52,
            "deletions": 1
          }
        ]
      }
    ]
  },
  "authorFinalContributionMap": {
    "limerencee": 4839,
    "krusagiz": 999,
    "lightz96": 2346,
    "lye-jw": 577,
    "kensonoenqh": 105
  },
  "authorFileTypeContributionMap": {
    "limerencee": {
      "docs": 136,
      "tests": 2393,
      "functional": 2308,
      "other": 2
    },
    "krusagiz": {
      "docs": 249,
      "tests": 356,
      "functional": 394
    },
    "lightz96": {
      "docs": 446,
      "tests": 1145,
      "functional": 753,
      "other": 2
    },
    "lye-jw": {
      "docs": 189,
      "tests": 260,
      "functional": 128
    },
    "kensonoenqh": {
      "docs": 53,
      "tests": 0,
      "functional": 52
    }
  },
  "authorContributionVariance": {
    "limerencee": 1415156.9,
    "krusagiz": 14181.699,
    "lightz96": 89905.49,
    "lye-jw": 9134.789,
    "kensonoenqh": 146.30893
  },
  "authorDisplayNameMap": {
    "limerencee": "CS2103T-W12-2 POH J ... A HAO",
    "krusagiz": "CS2103T-W12-2 ANG C ... ELVIN",
    "lightz96": "CS2103T-W12-2 LEE B ... QIANG",
    "lye-jw": "CS2103T-W12-2 LYE J ... N WEN",
    "kensonoenqh": "CS2103T-W12-2 OEN Q ... ENSON"
  }
}
