{
  "authorDailyContributionsMap": {
    "limerencee": [
      {
        "insertions": 0,
        "deletions": 1,
        "date": "2019-09-08",
        "commitResults": [
          {
            "hash": "4d38aa45fb0405e027ac79a5c9379c279b110802",
            "messageTitle": "Remove the codacy badge from README",
            "messageBody": "",
            "insertions": 0,
            "deletions": 1
          }
        ]
      },
      {
        "insertions": 75,
        "deletions": 162,
        "date": "2019-09-22",
        "commitResults": [
          {
            "hash": "490b5b4363abfe0bce443f4273e14f2c1505fa3a",
            "messageTitle": "Changed more documents context to THRIFT (#51)",
            "messageBody": "* Changed documents context to THRIFT\r\n\r\n* Modified UserGuide and AboutUs\r\n\r\nImproved wording clarity in UserGuide and refined my role in AboutUs.\r\n\r\n* Updated UserGuide\r\n\r\nModified wording and formatting for \u0027Delete\u0027 command.\r\n\r\n* Updated UserGuide\r\n",
            "insertions": 75,
            "deletions": 162
          }
        ]
      },
      {
        "insertions": 60,
        "deletions": 13,
        "date": "2019-09-26",
        "commitResults": [
          {
            "hash": "ba422b079ef333b42cdb86149f8ed56d09b5c2a2",
            "messageTitle": "Updated DeveloperGuide to include use cases for features that I am working on",
            "messageBody": "",
            "insertions": 59,
            "deletions": 8
          },
          {
            "hash": "0d919b79b6629da2325c52c9920d832cf6ba6fe0",
            "messageTitle": "Updated DG appendix",
            "messageBody": "",
            "insertions": 1,
            "deletions": 5
          }
        ]
      },
      {
        "insertions": 4018,
        "deletions": 3796,
        "date": "2019-09-27",
        "commitResults": [
          {
            "hash": "a823da0747d3ae2eabe85dcad5e8af884cabb006",
            "messageTitle": "Mass Codebase Refactor (#62)",
            "messageBody": "* Changed documents context to THRIFT\r\n\r\n* Modified UserGuide and AboutUs\r\n\r\nImproved wording clarity in UserGuide and refined my role in AboutUs.\r\n\r\n* Renamed \u0027model\u0027 package to \u0027transaction\u0027 and began refactoring\r\n\r\nAdded Transaction related classes and a new utility class which contains functions for converting currencies around.\r\n\r\n* Renamed package from \u0027seedu.address\u0027 to \u0027thrift\u0027\r\n\r\n* Added tests for Transaction class attributes\r\n\r\n* Mass refactor to change Person class to Transaction class\r\n\r\nAlso added Income and Expense classes, and replaced all instances of Person class references to either Transaction, Expense or Income class. This commit passes the JUnit test cases.\r\n\r\n* Initial refactor complete\r\n\r\nApplication is able to run and able to add expense\r\n",
            "insertions": 4018,
            "deletions": 3796
          }
        ]
      },
      {
        "insertions": 20,
        "deletions": 20,
        "date": "2019-09-28",
        "commitResults": [
          {
            "hash": "78481c90ce44e72e77d5fe8435b1819ae037aa0a",
            "messageTitle": "Changed command syntax in UG for \u0027add expense\u0027 and \u0027add income\u0027 into one word (#74)",
            "messageBody": "* Changed documents context to THRIFT\r\n\r\n* Modified UserGuide and AboutUs\r\n\r\nImproved wording clarity in UserGuide and refined my role in AboutUs.\r\n\r\n* Renamed \u0027model\u0027 package to \u0027transaction\u0027 and began refactoring\r\n\r\nAdded Transaction related classes and a new utility class which contains functions for converting currencies around.\r\n\r\n* Renamed package from \u0027seedu.address\u0027 to \u0027thrift\u0027\r\n\r\n* Added tests for Transaction class attributes\r\n\r\n* Mass refactor to change Person class to Transaction class\r\n\r\nAlso added Income and Expense classes, and replaced all instances of Person class references to either Transaction, Expense or Income class. This commit passes the JUnit test cases.\r\n\r\n* Initial refactor complete\r\n\r\nApplication is able to run and able to add expense\r\n\r\n* Updated UG syntax for adding transactions\r\n\r\n\u0027add expense\u0027 -\u003e \u0027add_expense\u0027 and \u0027add income\u0027 -\u003e \u0027add_income\u0027\r\n\r\n* Fixed typo in UG\r\n",
            "insertions": 20,
            "deletions": 20
          }
        ]
      },
      {
        "insertions": 23,
        "deletions": 24,
        "date": "2019-10-01",
        "commitResults": [
          {
            "hash": "ebb4642063faeed8ca4e7d2dccef022b15d4b18a",
            "messageTitle": "Edited UGDG to ensure consistency (#82)",
            "messageBody": "* Edited UGDG to ensure consistency.\r\n\r\n* Corrected casing for \u0027Transaction\u0027 to \u0027transaction\u0027\r\n",
            "insertions": 23,
            "deletions": 24
          }
        ]
      },
      {
        "insertions": 239,
        "deletions": 54,
        "date": "2019-10-08",
        "commitResults": [
          {
            "hash": "74331ae6190707049ff3c63dd16b9a7e035d3be4",
            "messageTitle": "TransactionCard modifications and added new Balance UI (#89)",
            "messageBody": "Added \u0027Balance\u0027 Ui pane, Modified TransactionCard into ExpenseTransactionCard and IncomeTransactionCard, Formatted the layout of ExpenseTransactionCard and IncomeTransactionCard",
            "insertions": 239,
            "deletions": 54
          }
        ]
      },
      {
        "insertions": 454,
        "deletions": 38,
        "date": "2019-10-09",
        "commitResults": [
          {
            "hash": "1002a7d624f84419ae4f2d3fbee6be9ca18e13f2",
            "messageTitle": "Added \u0027add_income\u0027 command (#93)",
            "messageBody": "* Added add_income command and tests\r\n\r\nOther changes:\r\n1. Improved the way large money values are shown: \"1000000.00\" - \"1,000,000.00\".\r\n2. The raw transaction value (\"1000000.00\" instead of \"1,000,000.00\") is now stored into the JSON data file instead of the formatted one, to ease restoration of transaction objects upon application startup.\r\n\r\n* Added comments for AddTransactionCommandParser class\r\n\r\nAlso changed the arguments AddTransactionCommandParser#parseTransactionDate() as it does not require ArgumentMultimap to return the TransactionDate.\r\n",
            "insertions": 454,
            "deletions": 38
          }
        ]
      }
    ],
    "krusagiz": [
      {
        "insertions": 110,
        "deletions": 3,
        "date": "2019-09-28",
        "commitResults": [
          {
            "hash": "9a7704245ac5beb6f07f4cc90dad198736deef1e",
            "messageTitle": "Added photo, Modified AboutUs and UserGuide (#69)",
            "messageBody": "* Added photo, Modified AboutUs and UserGuide\r\n\r\n* Fixed line endings\r\n\r\n* Added photo, Modified AboutUs and UserGuide\r\n\r\n* Fixed line endings\r\n\r\n* Added some whitespace to AboutUs\r\n\r\n* Changed format for convert and re-added tags lost to conflict\r\n\r\n* Changed prefix for convert command\r\n\r\n* Changed variables names and prefixes of convert command\r\n",
            "insertions": 110,
            "deletions": 3
          }
        ]
      },
      {
        "insertions": 179,
        "deletions": 4,
        "date": "2019-09-30",
        "commitResults": [
          {
            "hash": "92b27e17c2b34c721263e4bb92c0066a3cbe5722",
            "messageTitle": "Added use cases to DG and added logo (#79)",
            "messageBody": "* Added Use cases to DG and added logo\r\n\r\n- Logo files added to repo\r\n- Logo added to DG and UG\r\n\r\n* Edited DeveloperGuide.adoc and logos\r\n\r\n- SVG versions of the logos are now included\r\n\r\n* Added SVG to .gitattributes\r\n\r\n* Added Illustrator file back to repo\r\n\r\n* Added my test cases to the DG\r\n\r\n* Removed an unnecessary period\r\n",
            "insertions": 179,
            "deletions": 4
          }
        ]
      }
    ],
    "lightz96": [
      {
        "insertions": 13,
        "deletions": 15,
        "date": "2019-09-20",
        "commitResults": [
          {
            "hash": "033b8d7df707602c77069b43fa36aa78a3ffe83c",
            "messageTitle": "Removes SE-EDU branding (#46)",
            "messageBody": "* Removes SE-EDU branding\r\n\r\n* Updates UserGuide and DeveloperGuide\r\n\r\n* Updates travis ci badge\r\n\r\n* Updates appveyor badge\r\n\r\n* Updates appveyor badge\r\n\r\n* Updates coveralls badge\r\n\r\n* Adds netlify badge and removes learning outcomes link\r\n",
            "insertions": 13,
            "deletions": 15
          }
        ]
      },
      {
        "insertions": 301,
        "deletions": 64,
        "date": "2019-09-24",
        "commitResults": [
          {
            "hash": "7d8fc36dad07d60edb57ff7ae732b681fb694608",
            "messageTitle": "Update documentation (#59)",
            "messageBody": "* Adds MIT license and Updates badges logo\r\n\r\n* Updates AboutUs and creates dummy portfolio\r\n\r\n* Update Ui image\r\n\r\n* Update user guide\r\n\r\n* Update aboutus and user guide\r\n\r\n* Update developer guide and minor changes to user guide and aboutus\r\n\r\n* Change to LF\r\n\r\n* Add newline at EOF for my portfolio\r\n",
            "insertions": 301,
            "deletions": 64
          }
        ]
      },
      {
        "insertions": 631,
        "deletions": 1119,
        "date": "2019-09-28",
        "commitResults": [
          {
            "hash": "b6b469dbd4f98ea0ed030f3698f18516b44e7280",
            "messageTitle": "Refactor code and comments from Person to Transaction, Address Book to Thrift (#76)",
            "messageBody": "* Follow up on the comments mentioned in PR #62\r\n\r\n* Remove Person class\r\n\r\n* Removes Address class\r\n\r\n* Removes Phone class\r\n\r\n* Removes Name class\r\n\r\n* Removes Email class\r\n\r\n* Validate the description field in JsonAdaptedTransaction\r\n\r\n* Rename to ThriftBuilder\r\n\r\n* Rename to JsonSerializableThrift\r\n\r\n* Rename from JsonAddressBookStorage to JsonThriftStorage\r\n\r\n* Rename AddressBookStorage to ThriftStorage\r\n\r\n* Rename AddressBookParser to ThriftParser\r\n\r\n* Rename AddressBook to Thrift\r\n\r\n* Change ordering of imports\r\n\r\n* Change ordering of imports\r\n\r\n* Change ordering of imports for tests\r\n\r\n* Rename ReadOnlyAddressBook to ReadOnlyThrift\r\n\r\n* Modify the JsonSerializableAddressBookTest folder name\r\n\r\n* Rename the tests in test/data\r\n\r\n* Rename to Thrift for the logic portion\r\n\r\n* Update UserPrefs to use Thrift instead of Address book\r\n\r\n* Update the userguide url in the app\r\n\r\n* Update the naming for UI\r\n\r\n* Rename withDescription() to withTransaction in ThriftBuilder\r\n\r\n* Rename to Thrift\r\n\r\n* Rename to Transaction instead of Person\r\n\r\n* Update coding standards\r\n\r\n* Rename Person to Transaction, Address Book to Thrift in all JUnit tests\r\n\r\n* Rename to thrift in javadoc\r\n\r\n* Update the icon filepath\r\n\r\n* Added JUnit test for Messages.java\r\n",
            "insertions": 631,
            "deletions": 1119
          }
        ]
      },
      {
        "insertions": 177,
        "deletions": 15,
        "date": "2019-10-01",
        "commitResults": [
          {
            "hash": "fd4ae8d7fae12b82204836c706315bea2e4ae290",
            "messageTitle": "Update Developer Guide and User Guide (#83)",
            "messageBody": "* Removes duplicate commands in command summary and updates the link for undoable commands\r\n\r\n* Adds test cases in DG\r\n\r\n* Adds one more test case for redo command\r\n\r\n* Update formatting for redo and undo test cases\r\n",
            "insertions": 177,
            "deletions": 15
          }
        ]
      },
      {
        "insertions": 385,
        "deletions": 69,
        "date": "2019-10-08",
        "commitResults": [
          {
            "hash": "f909741a24ee14b3befd44960d63b16013ad3df0",
            "messageTitle": "Add undo feature for add_expense command (#90)",
            "messageBody": "* Remove MessageTest\r\n\r\n* Add dummy undocommand\r\n\r\n* Rename persons to transactions\r\n\r\n* Add PastUndoableCommands with the ability to store and retrieve command\r\n\r\n* Add undo feature for add_expense command\r\n",
            "insertions": 385,
            "deletions": 69
          }
        ]
      }
    ],
    "lye-jw": [
      {
        "insertions": 132,
        "deletions": 10,
        "date": "2019-09-26",
        "commitResults": [
          {
            "hash": "2ecf4e593585ff697912a9054c516c736fd8e521",
            "messageTitle": "Update AboutUs.adoc and UserGuide.adoc (Jian Wen) (#56)",
            "messageBody": "* Update AboutUs.doc (Jian Wen)\r\n\r\n* Update UserGuide.adoc\r\n\r\n* Update lye-jw.adoc Portfolio file\r\n\r\n* Refine UserGuide\r\n\r\n* Fix checkStyle issue\r\n",
            "insertions": 132,
            "deletions": 10
          }
        ]
      },
      {
        "insertions": 47,
        "deletions": 8,
        "date": "2019-09-28",
        "commitResults": [
          {
            "hash": "f262476f923fe004edabb9770436f962f7b5d7fa",
            "messageTitle": "Add on Update and Clone use cases in DeveloperGuide (#77)",
            "messageBody": "",
            "insertions": 47,
            "deletions": 8
          }
        ]
      },
      {
        "insertions": 32,
        "deletions": 0,
        "date": "2019-09-29",
        "commitResults": [
          {
            "hash": "8edc9f1340a8254f55686fa15c210843c63f36bc",
            "messageTitle": "Add test cases for update and clone in DeveloperGuide (#78)",
            "messageBody": "",
            "insertions": 32,
            "deletions": 0
          }
        ]
      }
    ],
    "kensonoenqh": [
      {
        "insertions": 50,
        "deletions": 0,
        "date": "2019-09-26",
        "commitResults": [
          {
            "hash": "7fe651d7ca0b7ed5aeafe7e7219b6b6c18f6088e",
            "messageTitle": "Updated developer guide with one use case (#64)",
            "messageBody": "* Updated developer guide with one use case\r\n\r\n* Commit the image file that i forgot.\r\n",
            "insertions": 20,
            "deletions": 0
          },
          {
            "hash": "a0cad8267c4bb7bcb93cd64611fa396f0950d19f",
            "messageTitle": "Updated UserGuide.adoc and AboutUs.adoc (#63)",
            "messageBody": "* Updated UserGuide.adoc and AboutUs.adoc\r\n\r\n* removed remaining budget line in userguide as per jiahaos suggestion.\r\n\r\n* Fixed typo, also edited help command because i edited it by mistake before.\r\n\r\n* Fixed typo from resolving conflict in UserGuide\r\n\r\n* Added one new line to end of userguide\r\n\r\n* Improved user guide for format\r\n",
            "insertions": 30,
            "deletions": 0
          }
        ]
      },
      {
        "insertions": 19,
        "deletions": 17,
        "date": "2019-09-30",
        "commitResults": [
          {
            "hash": "4b5c7cb6aa5cf06a6243786ce94f2f4c7fb10f89",
            "messageTitle": "Kenson-DG (#80)",
            "messageBody": "* Updated developer guide with one use case\r\n\r\n* Commit the image file that i forgot.\r\n\r\n* Added my test cases for listing transactions.\r\n\r\n* Resolved the rest of the conflicts i missed out, and edited tagging a little (seems like some error conflict)\r\n\r\n* Edited a few typos and errors.\r\n\r\n* Remove monthly expenses\r\n\r\n* added +s to follow formatting\r\n\r\n* removed fullstop\r\n",
            "insertions": 19,
            "deletions": 17
          }
        ]
      }
    ]
  },
  "authorFinalContributionMap": {
    "limerencee": 4496,
    "krusagiz": 236,
    "lightz96": 1397,
    "lye-jw": 166,
    "kensonoenqh": 50
  },
  "authorFileTypeContributionMap": {
    "limerencee": {
      "docs": 142,
      "tests": 2340,
      "functional": 2012,
      "other": 2
    },
    "krusagiz": {
      "docs": 236,
      "tests": 0,
      "functional": 0
    },
    "lightz96": {
      "docs": 452,
      "tests": 550,
      "functional": 393,
      "other": 2
    },
    "lye-jw": {
      "docs": 166,
      "tests": 0,
      "functional": 0
    },
    "kensonoenqh": {
      "docs": 50,
      "tests": 0,
      "functional": 0
    }
  },
  "authorContributionVariance": {
    "limerencee": 1737384.1,
    "krusagiz": 1284.7372,
    "lightz96": 94432.59,
    "lye-jw": 666.78265,
    "kensonoenqh": 105.249146
  },
  "authorDisplayNameMap": {
    "limerencee": "CS2103T-W12-2 POH J ... A HAO",
    "krusagiz": "CS2103T-W12-2 ANG C ... ELVIN",
    "lightz96": "CS2103T-W12-2 LEE B ... QIANG",
    "lye-jw": "CS2103T-W12-2 LYE J ... N WEN",
    "kensonoenqh": "CS2103T-W12-2 OEN Q ... ENSON"
  }
}
