{
  "authorDailyContributionsMap": {
    "fatclarence": [
      {
        "insertions": 223,
        "deletions": 335,
        "date": "2019-09-23",
        "commitResults": [
          {
            "hash": "f954647b91c4b212afc1789e0b7533c03cfab85d",
            "messageTitle": "edit readme for tp",
            "messageBody": "",
            "insertions": 162,
            "deletions": 102
          },
          {
            "hash": "827dbd3c5be300499a7116dbce11d74587d60cb0",
            "messageTitle": "edit ui.png in readme.adoc",
            "messageBody": "",
            "insertions": 7,
            "deletions": 5
          },
          {
            "hash": "8f4d24720020ddb67b8f9f7b039f4ff403cca309",
            "messageTitle": "delete learning outcomes doc",
            "messageBody": "",
            "insertions": 0,
            "deletions": 216
          },
          {
            "hash": "27ed9cffd4706cbd124cba86076c9d94c3d7e9c5",
            "messageTitle": "Update README.adoc",
            "messageBody": "",
            "insertions": 1,
            "deletions": 1
          },
          {
            "hash": "e70a2c0b1bb878556b20d6452452ebdd4d330769",
            "messageTitle": "edit user stories in developer guide",
            "messageBody": "",
            "insertions": 53,
            "deletions": 11
          }
        ]
      },
      {
        "insertions": 1708,
        "deletions": 1895,
        "date": "2019-10-09",
        "commitResults": [
          {
            "hash": "001d915ea38b9d56790099e7e68eb2d4710db83c",
            "messageTitle": "store unfinished address refactor",
            "messageBody": "",
            "insertions": 1283,
            "deletions": 1282
          },
          {
            "hash": "a7dbb10cafb110dda6874ad717e26457f9d9dd47",
            "messageTitle": "complete addressbook edits till commands in test",
            "messageBody": "",
            "insertions": 87,
            "deletions": 121
          },
          {
            "hash": "8b73d11f09554c4f068ef4cf0928c80aaff2827b",
            "messageTitle": "refactor addressbook to menu or savenus",
            "messageBody": "",
            "insertions": 338,
            "deletions": 492
          }
        ]
      },
      {
        "insertions": 426,
        "deletions": 392,
        "date": "2019-10-10",
        "commitResults": [
          {
            "hash": "109c36d371bb3fc892a7100b23b0ea8ccb8e8b88",
            "messageTitle": "fix details of refactoring for savenus",
            "messageBody": "",
            "insertions": 2,
            "deletions": 2
          },
          {
            "hash": "ee52f18242ff0440c04ac5b6790b6d825f67fad8",
            "messageTitle": "refactor all instances of amy and bob, update test cases",
            "messageBody": "",
            "insertions": 409,
            "deletions": 374
          },
          {
            "hash": "dee8fee726ad37467745dc59feee4188a22a8430",
            "messageTitle": "fix indentation and remaining amy and bob refactoring",
            "messageBody": "",
            "insertions": 15,
            "deletions": 16
          }
        ]
      },
      {
        "insertions": 39,
        "deletions": 15,
        "date": "2019-10-14",
        "commitResults": [
          {
            "hash": "f1f3d6ad1d9db5edc1c1f7975bd839f2e20ccfa3",
            "messageTitle": "add scroll to most recent added food item and edit userguide url",
            "messageBody": "",
            "insertions": 39,
            "deletions": 15
          }
        ]
      },
      {
        "insertions": 72,
        "deletions": 1,
        "date": "2019-10-15",
        "commitResults": [
          {
            "hash": "95c9d40e7e41c575d32a2ea8434cb1394218c7ae",
            "messageTitle": "add history command",
            "messageBody": "",
            "insertions": 72,
            "deletions": 1
          }
        ]
      },
      {
        "insertions": 65,
        "deletions": 71,
        "date": "2019-10-16",
        "commitResults": [
          {
            "hash": "6d50e5c2199c399bc9be03b366658e74a22f6552",
            "messageTitle": "remove commandhistory test for now",
            "messageBody": "",
            "insertions": 1,
            "deletions": 54
          },
          {
            "hash": "60637c4111ab9f97b06c5c66622b4a9897fa66f2",
            "messageTitle": "add history command and add test for HistoryCommand",
            "messageBody": "",
            "insertions": 63,
            "deletions": 14
          },
          {
            "hash": "cb5694210bad5287e48d18714739d4ae95c0267e",
            "messageTitle": "remove system output print for testing purpose",
            "messageBody": "",
            "insertions": 1,
            "deletions": 3
          }
        ]
      },
      {
        "insertions": 68,
        "deletions": 19,
        "date": "2019-10-17",
        "commitResults": [
          {
            "hash": "306f003634b5bf43baab9043c73314b4161ac0f5",
            "messageTitle": "changes made to javadoc till section 3",
            "messageBody": "",
            "insertions": 67,
            "deletions": 18
          },
          {
            "hash": "87bd22361d0764670d9e9a8fb4f6d5ca2b693d64",
            "messageTitle": "fix checkstyle",
            "messageBody": "",
            "insertions": 1,
            "deletions": 1
          }
        ]
      },
      {
        "insertions": 1,
        "deletions": 0,
        "date": "2019-10-18",
        "commitResults": [
          {
            "hash": "6b6afb386bab00ea76adf12201c53025787d8ce9",
            "messageTitle": "make all methods in CommandHistory static",
            "messageBody": "",
            "insertions": 1,
            "deletions": 0
          }
        ]
      },
      {
        "insertions": 310,
        "deletions": 35,
        "date": "2019-10-19",
        "commitResults": [
          {
            "hash": "90eaa866ff13ae14de42a3f9f81e55285b337935",
            "messageTitle": "refactor menuparser to savenusparser",
            "messageBody": "",
            "insertions": 32,
            "deletions": 16
          },
          {
            "hash": "420d094b21b8f6b237b926ee2e69312b91894564",
            "messageTitle": "establish skeletal structure for adding savings change menuparser to savenusparser change pay to deduct for future refactoring add savings.json to be used as savings account",
            "messageBody": "",
            "insertions": 278,
            "deletions": 19
          }
        ]
      },
      {
        "insertions": 228,
        "deletions": 56,
        "date": "2019-10-20",
        "commitResults": [
          {
            "hash": "dcf5fccd6b847b472946cb4c7a13ea1e5cb3137e",
            "messageTitle": "edit testcase for JsonAdaptedPurchaseTest",
            "messageBody": "",
            "insertions": 1,
            "deletions": 1
          },
          {
            "hash": "f786e2fe48b7b02cdd1e5c936e8616ede4bbeab7",
            "messageTitle": "commit before adding storing of savings into account",
            "messageBody": "",
            "insertions": 1,
            "deletions": 4
          },
          {
            "hash": "65fef57c8d8d22d60274ff08379acb9e96c711c9",
            "messageTitle": "set up ReadOnlySavingsAccount and SavingsHistory",
            "messageBody": "",
            "insertions": 223,
            "deletions": 48
          },
          {
            "hash": "85d3d2a0872ed9d2b76d8c48fa7542766df7eada",
            "messageTitle": "fix problems with deduction in wallet after merge",
            "messageBody": "",
            "insertions": 3,
            "deletions": 3
          }
        ]
      },
      {
        "insertions": 737,
        "deletions": 214,
        "date": "2019-10-21",
        "commitResults": [
          {
            "hash": "757bd616b42e81e0d8bb605539aeece59c2321cc",
            "messageTitle": "complete basic save command with persistence refactor remaining addressbook cases enable maintaining of savings history in savings.json",
            "messageBody": "",
            "insertions": 478,
            "deletions": 158
          },
          {
            "hash": "836215d5772cd2b56e38e086640564adda822852",
            "messageTitle": "update javadoc for withdraw and save commands",
            "messageBody": "",
            "insertions": 161,
            "deletions": 49
          },
          {
            "hash": "bc951ad700e4e5e97987b747988b416fd30f4896",
            "messageTitle": "resolve conflicts in UserGuide",
            "messageBody": "",
            "insertions": 24,
            "deletions": 2
          },
          {
            "hash": "8214cb788efbf1cc4fd2961a9c696bd5d6c2a980",
            "messageTitle": "attempt to resolve merge conflict",
            "messageBody": "",
            "insertions": 38,
            "deletions": 4
          },
          {
            "hash": "e127fb0df4fa37e499cfbb548b63f25e5dc658a1",
            "messageTitle": "fix clear command to clear purchasing history and savings",
            "messageBody": "",
            "insertions": 36,
            "deletions": 1
          }
        ]
      }
    ],
    "seanlowjk": [
      {
        "insertions": 67,
        "deletions": 350,
        "date": "2019-09-19",
        "commitResults": [
          {
            "hash": "19e2a8b2e902e7aae58da18553a89eb9fa9d4ea7",
            "messageTitle": "Remove Address Field",
            "messageBody": "",
            "insertions": 67,
            "deletions": 350
          }
        ]
      },
      {
        "insertions": 783,
        "deletions": 783,
        "date": "2019-09-22",
        "commitResults": [
          {
            "hash": "289553098172ac8b742fec8b3c867063c029ea03",
            "messageTitle": "Refactor Person files to Food",
            "messageBody": "",
            "insertions": 783,
            "deletions": 783
          }
        ]
      },
      {
        "insertions": 737,
        "deletions": 950,
        "date": "2019-09-23",
        "commitResults": [
          {
            "hash": "c5eee375c386800a0d35fd6e42aac8827f05bc09",
            "messageTitle": "Edit ContactUs.adoc",
            "messageBody": "",
            "insertions": 8,
            "deletions": 3
          },
          {
            "hash": "84460e425476d9e2a5f82354c933e9d1c7655422",
            "messageTitle": "Fix Icon for GitHub URL",
            "messageBody": "",
            "insertions": 2,
            "deletions": 2
          },
          {
            "hash": "0317e46b2f2d1642057cc43eee924071a661ca35",
            "messageTitle": "Refactoring of Person to Food",
            "messageBody": "",
            "insertions": 602,
            "deletions": 602
          },
          {
            "hash": "203b04b3192fde919a64493043a0cb938cbd7bed",
            "messageTitle": "Fix Checkstyle Warnings",
            "messageBody": "",
            "insertions": 17,
            "deletions": 17
          },
          {
            "hash": "b9751462c4e8a79a12db75213bf70c5db99fbbea",
            "messageTitle": "Add newline at MainWindow",
            "messageBody": "",
            "insertions": 1,
            "deletions": 1
          },
          {
            "hash": "56cae689e12dc025abdd214f05f20d35acb648bf",
            "messageTitle": "Fix Gradle build and Remove LearningOutcomes.adoc",
            "messageBody": "",
            "insertions": 0,
            "deletions": 216
          },
          {
            "hash": "3a3e8881ad2107ea6c32d75b73f90ec1e349d7de",
            "messageTitle": "Fix bugs and naming issues",
            "messageBody": "",
            "insertions": 106,
            "deletions": 108
          },
          {
            "hash": "396b822cc967a6ad544b4df06bee65bbadeea88c",
            "messageTitle": "Add newline at DeveloperGuide.adoc",
            "messageBody": "",
            "insertions": 1,
            "deletions": 1
          }
        ]
      },
      {
        "insertions": 0,
        "deletions": 1,
        "date": "2019-09-25",
        "commitResults": [
          {
            "hash": "49795e9ee23b5df6c555ab1db746324a94f91fcd",
            "messageTitle": "Fix $address and LICENSE",
            "messageBody": "",
            "insertions": 0,
            "deletions": 1
          }
        ]
      },
      {
        "insertions": 2,
        "deletions": 1,
        "date": "2019-10-04",
        "commitResults": [
          {
            "hash": "d99a69c914d5e31a31cf21d18d833ee307122ce5",
            "messageTitle": "Fix Icon and App Title",
            "messageBody": "",
            "insertions": 2,
            "deletions": 1
          }
        ]
      },
      {
        "insertions": 269,
        "deletions": 269,
        "date": "2019-10-05",
        "commitResults": [
          {
            "hash": "a1750e2284203cc9fe363b2cca802139ac27c9ce",
            "messageTitle": "Rename instances of Phone to Price",
            "messageBody": "",
            "insertions": 263,
            "deletions": 263
          },
          {
            "hash": "3ccae94c1cf2d33a1c438df8001da77ba52296ee",
            "messageTitle": "Fix Price Regex",
            "messageBody": "",
            "insertions": 6,
            "deletions": 6
          }
        ]
      },
      {
        "insertions": 50,
        "deletions": 29,
        "date": "2019-10-07",
        "commitResults": [
          {
            "hash": "7d78528d1d5dc55a41b9cf22d460e9327ed4c95e",
            "messageTitle": "Fix Tests and Output",
            "messageBody": "",
            "insertions": 45,
            "deletions": 25
          },
          {
            "hash": "c56568a6be094653d109905bb600107cf31a1ac5",
            "messageTitle": "Add Dollar Sign for clarity",
            "messageBody": "",
            "insertions": 5,
            "deletions": 4
          }
        ]
      },
      {
        "insertions": 314,
        "deletions": 45,
        "date": "2019-10-08",
        "commitResults": [
          {
            "hash": "743f2be82bd1f583109e467871036346998864ac",
            "messageTitle": "Add Category Field",
            "messageBody": "",
            "insertions": 314,
            "deletions": 45
          }
        ]
      },
      {
        "insertions": 171,
        "deletions": 46,
        "date": "2019-10-10",
        "commitResults": [
          {
            "hash": "e40fc9da33829a8e270e17c564fde8f98d233c36",
            "messageTitle": "Increase Test Coverage",
            "messageBody": "",
            "insertions": 99,
            "deletions": 17
          },
          {
            "hash": "ff1938e468365ccbee324248ef99302a267dcf9d",
            "messageTitle": "Add Tests for Food and Fields",
            "messageBody": "",
            "insertions": 72,
            "deletions": 29
          }
        ]
      },
      {
        "insertions": 379,
        "deletions": 7,
        "date": "2019-10-12",
        "commitResults": [
          {
            "hash": "3f61417ef3bae11282234c950c2d8ba489aed4c5",
            "messageTitle": "Add Sorting Command for Testing",
            "messageBody": "",
            "insertions": 335,
            "deletions": 7
          },
          {
            "hash": "ceb45e95c5a29df4aa850ab3d84fc200e63f0fe1",
            "messageTitle": "Fix equals() method for SortCommand",
            "messageBody": "",
            "insertions": 44,
            "deletions": 0
          }
        ]
      },
      {
        "insertions": 491,
        "deletions": 15,
        "date": "2019-10-13",
        "commitResults": [
          {
            "hash": "11f7408a711da8675a3bcf54adff0a760508b5de",
            "messageTitle": "Add ASC and DESC components",
            "messageBody": "",
            "insertions": 68,
            "deletions": 9
          },
          {
            "hash": "be300f8206b1218b7ef7d7666af92d18b3d6eba4",
            "messageTitle": "Add Basic Tests",
            "messageBody": "",
            "insertions": 157,
            "deletions": 0
          },
          {
            "hash": "c06af59f6a0903b547787ea51c8e46765f65407f",
            "messageTitle": "Fix Food and Fields Tests",
            "messageBody": "",
            "insertions": 130,
            "deletions": 0
          },
          {
            "hash": "7bd49f471885a6a7be35147b966324ec4e083f02",
            "messageTitle": "Fix Error Messages Language",
            "messageBody": "",
            "insertions": 6,
            "deletions": 6
          },
          {
            "hash": "65bda10a2a3d99e542385c390bb151a4cf865a72",
            "messageTitle": "Edit Tests and Add Default Command",
            "messageBody": "",
            "insertions": 130,
            "deletions": 0
          }
        ]
      },
      {
        "insertions": 741,
        "deletions": 86,
        "date": "2019-10-15",
        "commitResults": [
          {
            "hash": "70341f1bf92542133c428d0f39cffd3c6291b76e",
            "messageTitle": "Fix Dependencies",
            "messageBody": "",
            "insertions": 99,
            "deletions": 81
          },
          {
            "hash": "ef092f4a3ab7f25829448c9202ed78ce04a9853a",
            "messageTitle": "Add Quantifiers",
            "messageBody": "",
            "insertions": 5,
            "deletions": 0
          },
          {
            "hash": "d57d1601676a875bbd49d941866bbc26910ced83",
            "messageTitle": "Add filter command",
            "messageBody": "",
            "insertions": 412,
            "deletions": 0
          },
          {
            "hash": "39727c2c24a6b44c200005af290c23e0b3ed507f",
            "messageTitle": "Fix Bugs and Basic tests",
            "messageBody": "",
            "insertions": 225,
            "deletions": 5
          }
        ]
      },
      {
        "insertions": 132,
        "deletions": 1,
        "date": "2019-10-16",
        "commitResults": [
          {
            "hash": "f62db33eda2fc2332846df97248cd35c97211318",
            "messageTitle": "Add More tests",
            "messageBody": "",
            "insertions": 132,
            "deletions": 1
          }
        ]
      },
      {
        "insertions": 442,
        "deletions": 112,
        "date": "2019-10-17",
        "commitResults": [
          {
            "hash": "996be1c65a520a3ac4b2883ed63239317cc893c4",
            "messageTitle": "Fix Messages and Methods",
            "messageBody": "",
            "insertions": 8,
            "deletions": 15
          },
          {
            "hash": "a6c7f91b3dfcda680a1df79bd1f1159dc6edbd87",
            "messageTitle": "Add Tests for Logic",
            "messageBody": "",
            "insertions": 211,
            "deletions": 21
          },
          {
            "hash": "0d71eea6ac17e2974f16a98b45a6ae7af78c2490",
            "messageTitle": "Fix tests based on comments",
            "messageBody": "",
            "insertions": 8,
            "deletions": 28
          },
          {
            "hash": "a60748b2f8c3a715cee10e1a355b15596fef571c",
            "messageTitle": "Fix Checkstyle and Tests",
            "messageBody": "",
            "insertions": 9,
            "deletions": 4
          },
          {
            "hash": "5ec4c6899a19919f8bd4567e900e2701cd103bd7",
            "messageTitle": "Edit README.adoc",
            "messageBody": "",
            "insertions": 2,
            "deletions": 2
          },
          {
            "hash": "cac427a6b127822d40780c6404cde9c50d9eabca",
            "messageTitle": "Edit User Guide",
            "messageBody": "",
            "insertions": 34,
            "deletions": 4
          },
          {
            "hash": "a7f39ea16cd6268ca9da02d5a5a5ca35c06d982a",
            "messageTitle": "Fixed Example",
            "messageBody": "",
            "insertions": 1,
            "deletions": 1
          },
          {
            "hash": "82a0da45867c6817d86052910bde75c1611994b3",
            "messageTitle": "Increase Test Coverage",
            "messageBody": "",
            "insertions": 169,
            "deletions": 29
          },
          {
            "hash": "e945ee4ab496ea98e52b98d99b6954b6b7d01948",
            "messageTitle": "Fix Tests",
            "messageBody": "",
            "insertions": 0,
            "deletions": 8
          }
        ]
      },
      {
        "insertions": 14,
        "deletions": 3,
        "date": "2019-10-18",
        "commitResults": [
          {
            "hash": "ffa4e8e0d63b2105f1249fad7889a891d6b11172",
            "messageTitle": "Move Comparators",
            "messageBody": "",
            "insertions": 14,
            "deletions": 3
          }
        ]
      },
      {
        "insertions": 1160,
        "deletions": 282,
        "date": "2019-10-19",
        "commitResults": [
          {
            "hash": "6a21e83aa7271e7487025a07880f0ae8fa5d9abc",
            "messageTitle": "Add makesort and customsort commands",
            "messageBody": "",
            "insertions": 139,
            "deletions": 6
          },
          {
            "hash": "ee560f138fe210a7f949c5aacc645ab830bedfdb",
            "messageTitle": "Fix Parsers",
            "messageBody": "",
            "insertions": 285,
            "deletions": 217
          },
          {
            "hash": "bdf9a2b863e8f67a5a576328e19fd8e701bce972",
            "messageTitle": "Add Saving Functionality for makesort",
            "messageBody": "",
            "insertions": 416,
            "deletions": 54
          },
          {
            "hash": "a65b4fe605ea7ef3a99d98dbc1d1b324015f951d",
            "messageTitle": "Update Tests",
            "messageBody": "",
            "insertions": 315,
            "deletions": 2
          },
          {
            "hash": "24af38d83807ae83b94683998539dc5566f2f02e",
            "messageTitle": "Fix Opening Hours Bug",
            "messageBody": "",
            "insertions": 5,
            "deletions": 3
          }
        ]
      },
      {
        "insertions": 302,
        "deletions": 5,
        "date": "2019-10-20",
        "commitResults": [
          {
            "hash": "ddc8efb775bf0ced22b3c4ab3cd7a06e830141cf",
            "messageTitle": "Add AutoSort command",
            "messageBody": "",
            "insertions": 163,
            "deletions": 2
          },
          {
            "hash": "aa665f833c31127e2d235f85f40596b97bacb7bb",
            "messageTitle": "Add Tests",
            "messageBody": "",
            "insertions": 139,
            "deletions": 3
          }
        ]
      },
      {
        "insertions": 8,
        "deletions": 91,
        "date": "2019-10-21",
        "commitResults": [
          {
            "hash": "2a665c47933349b70c5e42a8cd1b90d2c4e504dc",
            "messageTitle": "Make DG Changes",
            "messageBody": "",
            "insertions": 7,
            "deletions": 3
          },
          {
            "hash": "268e619e4cff1627e0a9cd7940e7c880adcd9949",
            "messageTitle": "Make further DG Changes",
            "messageBody": "",
            "insertions": 0,
            "deletions": 85
          },
          {
            "hash": "30c8b32f44b0ca49559707fe7f4a29394040388d",
            "messageTitle": "Edit DefaultCommand",
            "messageBody": "",
            "insertions": 1,
            "deletions": 1
          },
          {
            "hash": "c9d44d86ff0b292a073fb32b42a85fd3ee10f2aa",
            "messageTitle": "Fix checkstyle",
            "messageBody": "",
            "insertions": 0,
            "deletions": 2
          }
        ]
      }
    ],
    "robytanama": [
      {
        "insertions": 132,
        "deletions": 106,
        "date": "2019-09-22",
        "commitResults": [
          {
            "hash": "01496b6bcc56c8872734f965ee3c5f93e76a8c8c",
            "messageTitle": "Minor UI Changes",
            "messageBody": "",
            "insertions": 106,
            "deletions": 91
          },
          {
            "hash": "40180e61f47810f2203416c08c6157462def747e",
            "messageTitle": "Minor UI Changes - Bug fixes",
            "messageBody": "",
            "insertions": 0,
            "deletions": 5
          },
          {
            "hash": "0b1b78e453f9dfe602f514b9bfab89d1bd2e6b32",
            "messageTitle": "UI Fix",
            "messageBody": "",
            "insertions": 26,
            "deletions": 10
          }
        ]
      },
      {
        "insertions": 87,
        "deletions": 44,
        "date": "2019-09-23",
        "commitResults": [
          {
            "hash": "d4062a4a64642b9f1d8ae9618b8178ab7d5718ef",
            "messageTitle": "Delete unnecessary files.",
            "messageBody": "",
            "insertions": 2,
            "deletions": 2
          },
          {
            "hash": "65869344015671f558d64e724f96bcb0a897aa65",
            "messageTitle": "Update About Us",
            "messageBody": "",
            "insertions": 23,
            "deletions": 22
          },
          {
            "hash": "617ab99e618dbdf4a36bdda998db895e75e9593a",
            "messageTitle": "Update dev guide",
            "messageBody": "",
            "insertions": 62,
            "deletions": 20
          }
        ]
      },
      {
        "insertions": 750,
        "deletions": 288,
        "date": "2019-10-09",
        "commitResults": [
          {
            "hash": "fc37e55e344c9fc2108fa826589a7c953151bd55",
            "messageTitle": "Add Opening Hours and Restrictions field",
            "messageBody": "",
            "insertions": 449,
            "deletions": 206
          },
          {
            "hash": "43aedc927345948155c7955d86ef4e9a8bde9030",
            "messageTitle": "Add extra test cases",
            "messageBody": "",
            "insertions": 82,
            "deletions": 5
          },
          {
            "hash": "de7002402366eee8229e469a9c32198595a02811",
            "messageTitle": "Fix Codacy checkstyle issues",
            "messageBody": "",
            "insertions": 42,
            "deletions": 30
          },
          {
            "hash": "41f8709a9e0c0ed5af2fc7e2f4cd4fedbf5e7894",
            "messageTitle": "Fix Checkstyle issues with the imports",
            "messageBody": "",
            "insertions": 3,
            "deletions": 1
          },
          {
            "hash": "b2450115f818b839d3934de3d091fc1b544d7b3c",
            "messageTitle": "Fixed import order",
            "messageBody": "",
            "insertions": 18,
            "deletions": 20
          },
          {
            "hash": "eafde8940019911624df79f5e02c3e8a24128df3",
            "messageTitle": "Fixed import order again",
            "messageBody": "",
            "insertions": 3,
            "deletions": 3
          },
          {
            "hash": "de2db823a3bb705783e43e73387175e90177bca7",
            "messageTitle": "Fix the prefix",
            "messageBody": "",
            "insertions": 1,
            "deletions": 1
          },
          {
            "hash": "9f2065fc1c1532baf31410526a0d5ca4c64a4329",
            "messageTitle": "Add tests back",
            "messageBody": "",
            "insertions": 123,
            "deletions": 0
          },
          {
            "hash": "7ae374b04ab31486c759ece2daad7d8f88c21b68",
            "messageTitle": "Fixed import order",
            "messageBody": "",
            "insertions": 1,
            "deletions": 1
          },
          {
            "hash": "d16646e40fbc801087a4d42c736fa93ad45ced4c",
            "messageTitle": "Fixed the test cases",
            "messageBody": "",
            "insertions": 27,
            "deletions": 20
          },
          {
            "hash": "b74aa535cf168d0721deaaacc61f52de4736336d",
            "messageTitle": "Fix indentation",
            "messageBody": "",
            "insertions": 1,
            "deletions": 1
          }
        ]
      },
      {
        "insertions": 10,
        "deletions": 5,
        "date": "2019-10-12",
        "commitResults": [
          {
            "hash": "91b0cc6ca5aa83ba2e53aff8de6a18356c8df98e",
            "messageTitle": "Update AboutUs.adoc",
            "messageBody": "",
            "insertions": 10,
            "deletions": 5
          }
        ]
      },
      {
        "insertions": 80,
        "deletions": 97,
        "date": "2019-10-13",
        "commitResults": [
          {
            "hash": "e017f90057adad6b702dfeefbe7ae065032232c1",
            "messageTitle": "Update UI for wallet",
            "messageBody": "",
            "insertions": 79,
            "deletions": 96
          },
          {
            "hash": "cc1b948891018272a39d13c539327c66c000a131",
            "messageTitle": "Update FoodCard.java",
            "messageBody": "",
            "insertions": 1,
            "deletions": 1
          }
        ]
      },
      {
        "insertions": 132,
        "deletions": 0,
        "date": "2019-10-14",
        "commitResults": [
          {
            "hash": "8d0a36ad4469a3e15d31abf05cd0adb88bd6c6ac",
            "messageTitle": "Backbone for info command",
            "messageBody": "",
            "insertions": 132,
            "deletions": 0
          }
        ]
      },
      {
        "insertions": 1441,
        "deletions": 54,
        "date": "2019-10-15",
        "commitResults": [
          {
            "hash": "b7370df74269430438f2233a7a461cedf1361e1d",
            "messageTitle": "Complete info command",
            "messageBody": "",
            "insertions": 375,
            "deletions": 36
          },
          {
            "hash": "3e5a93d8fc4a56352fcde9a42fb8659b7fa272b2",
            "messageTitle": "Add test for InfoCommand",
            "messageBody": "",
            "insertions": 157,
            "deletions": 3
          },
          {
            "hash": "dda4754a7818a1b787eb00586b3e516ed445edeb",
            "messageTitle": "add more test for InfoCommand",
            "messageBody": "",
            "insertions": 31,
            "deletions": 0
          },
          {
            "hash": "5d7f2ea5e2212dc82911ca5762e125f30c67862b",
            "messageTitle": "add even more test for InfoCommand",
            "messageBody": "",
            "insertions": 445,
            "deletions": 0
          },
          {
            "hash": "36a4e21438933cac6fcea244c294da8095f05acb",
            "messageTitle": "fix test checkstyle",
            "messageBody": "",
            "insertions": 3,
            "deletions": 4
          },
          {
            "hash": "f67738d07373e1345e5ea91f9cefdee74d62af95",
            "messageTitle": "add InfoCommand test",
            "messageBody": "",
            "insertions": 13,
            "deletions": 0
          },
          {
            "hash": "906b4eb92121d4d87d8920342fa837fb181b9253",
            "messageTitle": "Fix checkstyle for InfoCommandTest",
            "messageBody": "",
            "insertions": 0,
            "deletions": 1
          },
          {
            "hash": "0972dac58cabf4017b63e12e35aed6fa1310dbc2",
            "messageTitle": "Improve test coverall",
            "messageBody": "",
            "insertions": 84,
            "deletions": 0
          },
          {
            "hash": "db4079068f25c65e5e40384021f85e10e1b4ef1e",
            "messageTitle": "Improve more test coverall",
            "messageBody": "",
            "insertions": 153,
            "deletions": 2
          },
          {
            "hash": "c31db5e9a95ab0fc73063ded9ca857edb90df3af",
            "messageTitle": "Carrying the team test coveralls",
            "messageBody": "",
            "insertions": 176,
            "deletions": 1
          },
          {
            "hash": "b3a29cc6f0dae18d9f576cd7b65ceddcda309baf",
            "messageTitle": "Carrying the team test coveralls with better checkstyle",
            "messageBody": "",
            "insertions": 4,
            "deletions": 7
          }
        ]
      },
      {
        "insertions": 43,
        "deletions": 48,
        "date": "2019-10-19",
        "commitResults": [
          {
            "hash": "840de0eb21dc48cfc7909a397a69f860d02d9ad8",
            "messageTitle": "UI Changes",
            "messageBody": "",
            "insertions": 36,
            "deletions": 41
          },
          {
            "hash": "98f1e6d02fb5ab52ca3ca0114bab69f729346045",
            "messageTitle": "Centre the window",
            "messageBody": "",
            "insertions": 7,
            "deletions": 6
          },
          {
            "hash": "92badf3c2ca54915336a7bde3e13efe3fb5583be",
            "messageTitle": "Fix checkstyle issue",
            "messageBody": "",
            "insertions": 0,
            "deletions": 1
          }
        ]
      },
      {
        "insertions": 115,
        "deletions": 83,
        "date": "2019-10-20",
        "commitResults": [
          {
            "hash": "4e78a146e7f6024949b1d0b47f79e42f79ffc269",
            "messageTitle": "Shrink window to fit smaller screens",
            "messageBody": "",
            "insertions": 33,
            "deletions": 29
          },
          {
            "hash": "46e5c6aad22b92133907191c33aa1573f2d6825d",
            "messageTitle": "Improve ui",
            "messageBody": "",
            "insertions": 72,
            "deletions": 44
          },
          {
            "hash": "52a0561a554ca63140f36ffbf7feded9540440da",
            "messageTitle": "More ui improvement",
            "messageBody": "",
            "insertions": 9,
            "deletions": 9
          },
          {
            "hash": "79e657b9b12ba4750051a9233d0d068a649e447d",
            "messageTitle": "Move the status bar back",
            "messageBody": "",
            "insertions": 1,
            "deletions": 1
          }
        ]
      }
    ],
    "jon-chua": [
      {
        "insertions": 125,
        "deletions": 20,
        "date": "2019-09-23",
        "commitResults": [
          {
            "hash": "2f46e44fb8544d8b9f2089ef78f9ee7016be460a",
            "messageTitle": "Update README.adoc badges",
            "messageBody": "Update Travis, Appveyor, Coveralls and Codacy badges, and remove Glitter badge.",
            "insertions": 4,
            "deletions": 5
          },
          {
            "hash": "1b15201ad4f56582dfb9333481ffb0fbd9062dcf",
            "messageTitle": "Update README.adoc",
            "messageBody": "Update README.adoc to include target users, marketing blurb, acknowledgements and remove learning outcomes.",
            "insertions": 9,
            "deletions": 7
          },
          {
            "hash": "d01a9345b4f6a52fd2a59deee31751d60fe36718",
            "messageTitle": "Update DeveloperGuide.adoc",
            "messageBody": "Update DeveloperGuide.adoc to add target user profile and value proposition",
            "insertions": 4,
            "deletions": 2
          },
          {
            "hash": "b311167ae3e7c9128dafd234841e33e4baa23de8",
            "messageTitle": "Update DeveloperGuide.adoc",
            "messageBody": "Update DeveloperGuide.adoc to add sample use cases",
            "insertions": 108,
            "deletions": 6
          }
        ]
      },
      {
        "insertions": 338,
        "deletions": 344,
        "date": "2019-10-08",
        "commitResults": [
          {
            "hash": "9b8d4b969d4ab4dee1efc644ede97e93bb373b12",
            "messageTitle": "Refactor Email to Description",
            "messageBody": "",
            "insertions": 308,
            "deletions": 313
          },
          {
            "hash": "edf672f68d915d7368e0876c8c7a43468625f740",
            "messageTitle": "Comply with checkstyle",
            "messageBody": "",
            "insertions": 4,
            "deletions": 3
          },
          {
            "hash": "c47db76257d99e0597879934fde2b25c8f68eaa6",
            "messageTitle": "Change Description to an optional field",
            "messageBody": "",
            "insertions": 17,
            "deletions": 8
          },
          {
            "hash": "b83baaf79b9c88ee76b620e0f05d43402d9d67a5",
            "messageTitle": "Refactor description default value to a static variable",
            "messageBody": "",
            "insertions": 9,
            "deletions": 20
          }
        ]
      },
      {
        "insertions": 338,
        "deletions": 74,
        "date": "2019-10-10",
        "commitResults": [
          {
            "hash": "2b90b81f38189b1ea1f9d0acd240dfa396dfae33",
            "messageTitle": "Add location field",
            "messageBody": "",
            "insertions": 338,
            "deletions": 74
          }
        ]
      },
      {
        "insertions": 96,
        "deletions": 25,
        "date": "2019-10-12",
        "commitResults": [
          {
            "hash": "10f96469bb5153347f10865f7063fca7d419b7cc",
            "messageTitle": "Add recommendation function skeleton",
            "messageBody": "",
            "insertions": 50,
            "deletions": 1
          },
          {
            "hash": "fa64a34ba289f7a4462ef4978a0862024319f651",
            "messageTitle": "Add sorting function skeleton for recommendations",
            "messageBody": "",
            "insertions": 45,
            "deletions": 10
          },
          {
            "hash": "19a954133f5a020c2a94fdc35003ee7be151bd85",
            "messageTitle": "Edit command comments",
            "messageBody": "",
            "insertions": 1,
            "deletions": 14
          }
        ]
      },
      {
        "insertions": 342,
        "deletions": 58,
        "date": "2019-10-13",
        "commitResults": [
          {
            "hash": "97c4849ea4c95e502fac631a76b05d8cdc9cc347",
            "messageTitle": "Use optionals for recommendation comparator",
            "messageBody": "",
            "insertions": 36,
            "deletions": 13
          },
          {
            "hash": "8e1679da7fa81ad6bb5d68567caa2fe7341c69c3",
            "messageTitle": "Reset recommendation comparator after add command was used",
            "messageBody": "",
            "insertions": 5,
            "deletions": 2
          },
          {
            "hash": "cadf419c3d955a04734de551d049c0b667be6273",
            "messageTitle": "Reset predicate after adding food",
            "messageBody": "",
            "insertions": 1,
            "deletions": 2
          },
          {
            "hash": "b9ed42d96e6d02e7054b5b46a9360ee34edf258c",
            "messageTitle": "Refactored recommendation system and added tests",
            "messageBody": "",
            "insertions": 253,
            "deletions": 37
          },
          {
            "hash": "c1e37348d1d289da67e2608a5762add12fe08cdd",
            "messageTitle": "Refactor recommendation system default predicate and comparator",
            "messageBody": "",
            "insertions": 5,
            "deletions": 2
          },
          {
            "hash": "b1ee73af28e4110e6c214c5df21cd773c638726d",
            "messageTitle": "Add skeleton recommendation values",
            "messageBody": "",
            "insertions": 42,
            "deletions": 2
          }
        ]
      },
      {
        "insertions": 465,
        "deletions": 80,
        "date": "2019-10-15",
        "commitResults": [
          {
            "hash": "e9685563285355a1e8a60da220383e3a144303f9",
            "messageTitle": "Add like command skeleton",
            "messageBody": "",
            "insertions": 163,
            "deletions": 0
          },
          {
            "hash": "ad3a40b41fd73a9064c189d64a1f19077ea60bf1",
            "messageTitle": "Add commands for like and dislike",
            "messageBody": "",
            "insertions": 263,
            "deletions": 62
          },
          {
            "hash": "2a21e867f5dea099d63ac2ffaa61d2d66624b031",
            "messageTitle": "Comply with checkstyle",
            "messageBody": "",
            "insertions": 39,
            "deletions": 18
          }
        ]
      },
      {
        "insertions": 639,
        "deletions": 317,
        "date": "2019-10-16",
        "commitResults": [
          {
            "hash": "070c7eadaf3a0f6aa9195cc35024dc3c9772c495",
            "messageTitle": "Add tests for like and dislike command",
            "messageBody": "",
            "insertions": 352,
            "deletions": 32
          },
          {
            "hash": "a5bdbee49148f7c3c6d77b7442e05f2e6bd05e49",
            "messageTitle": "Refactor tests into one file",
            "messageBody": "",
            "insertions": 240,
            "deletions": 246
          },
          {
            "hash": "a7888adf2d2f78adcd7e499b139a4d6c296ca77c",
            "messageTitle": "Update command variables and behaviour",
            "messageBody": "",
            "insertions": 47,
            "deletions": 39
          }
        ]
      },
      {
        "insertions": 244,
        "deletions": 11,
        "date": "2019-10-17",
        "commitResults": [
          {
            "hash": "20cf472bffa9716307b070823bfb0b6a7365e6e5",
            "messageTitle": "Add tests for PreferenceCommandParser",
            "messageBody": "",
            "insertions": 213,
            "deletions": 1
          },
          {
            "hash": "35ba7aa21f0c2af1f66638db8e85a7eebf4da539",
            "messageTitle": "Update User Guide with likes and dislikes",
            "messageBody": "",
            "insertions": 23,
            "deletions": 1
          },
          {
            "hash": "09b5b6be9035e6c802bd33d7e62feaa99d29fb1d",
            "messageTitle": "Update AboutUs.adoc",
            "messageBody": "",
            "insertions": 8,
            "deletions": 9
          }
        ]
      },
      {
        "insertions": 1337,
        "deletions": 390,
        "date": "2019-10-18",
        "commitResults": [
          {
            "hash": "75b88291ec645fb1f1cb16276cb6c3daa101afe4",
            "messageTitle": "Add storage functionality to like/dislike command",
            "messageBody": "",
            "insertions": 597,
            "deletions": 131
          },
          {
            "hash": "879364382296155f151cafc2ce2b6e1f1499b1e2",
            "messageTitle": "Update storage to save strings",
            "messageBody": "",
            "insertions": 116,
            "deletions": 41
          },
          {
            "hash": "f9dd5b4a79c8edf3696092100c50fa3e392c2324",
            "messageTitle": "Add tests for JsonAdaptedRecs",
            "messageBody": "",
            "insertions": 177,
            "deletions": 21
          },
          {
            "hash": "4dd6f965f9af54ed4397da910ccaaef4fa7885ef",
            "messageTitle": "Add tests for JsonRecsStorage and minor refactoring",
            "messageBody": "",
            "insertions": 309,
            "deletions": 104
          },
          {
            "hash": "15ed7aba03fa0d833c749a809af4024a601ad1f1",
            "messageTitle": "Fix merge conflicts with the previous PR",
            "messageBody": "",
            "insertions": 3,
            "deletions": 2
          },
          {
            "hash": "67d55bd72e37112a84dff2f65f3a0b40fe232ba3",
            "messageTitle": "Add list functionality for like and dislike",
            "messageBody": "",
            "insertions": 118,
            "deletions": 83
          },
          {
            "hash": "69bc229ab4e720873423634a27a19f64794f6c74",
            "messageTitle": "Update user guide",
            "messageBody": "",
            "insertions": 11,
            "deletions": 3
          },
          {
            "hash": "60f0bd4f524e534bb3bb2a88a2a64682ed5529bb",
            "messageTitle": "Further edit user guide",
            "messageBody": "",
            "insertions": 4,
            "deletions": 4
          },
          {
            "hash": "9f08c8c7c0671cb19acd60bfbfa150da9a6cc52b",
            "messageTitle": "Fix bugs where edit command would not execute properly",
            "messageBody": "",
            "insertions": 2,
            "deletions": 1
          }
        ]
      },
      {
        "insertions": 44,
        "deletions": 2,
        "date": "2019-10-19",
        "commitResults": [
          {
            "hash": "ba572a3e03ce083440ea4cf07c2d478a56d91a29",
            "messageTitle": "Add more tests for recommendation system",
            "messageBody": "",
            "insertions": 44,
            "deletions": 2
          }
        ]
      },
      {
        "insertions": 993,
        "deletions": 108,
        "date": "2019-10-20",
        "commitResults": [
          {
            "hash": "2e7a7c1dfde85c4633848ccc1a2dd0de3d9ecd4a",
            "messageTitle": "Convert RecommendationSystem to a singleton",
            "messageBody": "",
            "insertions": 45,
            "deletions": 50
          },
          {
            "hash": "13d639a5bda8a7e349c3505196684665b5ce0790",
            "messageTitle": "Update recommendation system",
            "messageBody": "",
            "insertions": 3,
            "deletions": 13
          },
          {
            "hash": "0ef5784a8b0a7da9e78ac8902f96e95a96aebb31",
            "messageTitle": "Add removelike and removedislike functionality",
            "messageBody": "",
            "insertions": 883,
            "deletions": 26
          },
          {
            "hash": "a075033a267acf32ff99974c68fc7e9bc7c69c69",
            "messageTitle": "Fix merge conflicts",
            "messageBody": "",
            "insertions": 11,
            "deletions": 10
          },
          {
            "hash": "dc42a03592bcdf2b2d8ed0ada44daf12e4074eea",
            "messageTitle": "Update user guide with removelike and removedislike",
            "messageBody": "",
            "insertions": 40,
            "deletions": 6
          },
          {
            "hash": "e995c5c29205ed1edbf2b3a530e23599f9043703",
            "messageTitle": "Minor edit",
            "messageBody": "",
            "insertions": 2,
            "deletions": 1
          },
          {
            "hash": "0ca33890203d764999215fe9bd5bc73c05a04af0",
            "messageTitle": "More edits to user guide",
            "messageBody": "",
            "insertions": 9,
            "deletions": 2
          }
        ]
      },
      {
        "insertions": 92,
        "deletions": 29,
        "date": "2019-10-21",
        "commitResults": [
          {
            "hash": "9bde85fa0f974f43d78bf0b56edcb1004f1b3659",
            "messageTitle": "Further updates to user guide",
            "messageBody": "",
            "insertions": 80,
            "deletions": 21
          },
          {
            "hash": "d910baf63641316646e8d8f26340db7365a5134d",
            "messageTitle": "Minor edits to User Guide",
            "messageBody": "",
            "insertions": 4,
            "deletions": 4
          },
          {
            "hash": "395cd7e3afbc947aaf5d435153773b9e2cdac65d",
            "messageTitle": "Update command summary",
            "messageBody": "",
            "insertions": 8,
            "deletions": 4
          }
        ]
      }
    ],
    "Raikonen": [
      {
        "insertions": 5,
        "deletions": 5,
        "date": "2019-09-17",
        "commitResults": [
          {
            "hash": "9f113cef0b1e360164d56723d0707ec82e18930e",
            "messageTitle": "Configure project",
            "messageBody": "",
            "insertions": 5,
            "deletions": 5
          }
        ]
      },
      {
        "insertions": 7,
        "deletions": 8,
        "date": "2019-10-04",
        "commitResults": [
          {
            "hash": "0174184d8925edad5c1f119b3276d89326ffb548",
            "messageTitle": "Update AboutUs Doc",
            "messageBody": "",
            "insertions": 6,
            "deletions": 7
          },
          {
            "hash": "d3922d07bdc1cad6f6b54e7bcf09a073896ceff1",
            "messageTitle": "Update Developer Guide repo link",
            "messageBody": "",
            "insertions": 1,
            "deletions": 1
          }
        ]
      },
      {
        "insertions": 118,
        "deletions": 8,
        "date": "2019-10-08",
        "commitResults": [
          {
            "hash": "ad8966433954a50ff40879390a984218bee205d4",
            "messageTitle": "Add previous command functionality",
            "messageBody": "",
            "insertions": 91,
            "deletions": 1
          },
          {
            "hash": "3ec9634d434081e1b47523b2c50e67f8f553770a",
            "messageTitle": "Fix checkstyle errors",
            "messageBody": "",
            "insertions": 27,
            "deletions": 7
          }
        ]
      },
      {
        "insertions": 393,
        "deletions": 35,
        "date": "2019-10-10",
        "commitResults": [
          {
            "hash": "32ff30b289d0aa144e0942157c4892e2655edec8",
            "messageTitle": "Add Wallet Model",
            "messageBody": "",
            "insertions": 280,
            "deletions": 14
          },
          {
            "hash": "04d3b1125e850bfbf1886c5944da4d7e71b0fd3f",
            "messageTitle": "Fix wallet model, not observable yet",
            "messageBody": "",
            "insertions": 113,
            "deletions": 21
          }
        ]
      },
      {
        "insertions": 701,
        "deletions": 373,
        "date": "2019-10-11",
        "commitResults": [
          {
            "hash": "a9b1d32799d477e9c9ea4ab48c727df9adbc53c1",
            "messageTitle": "Implement Observable Budget, Observable DaysToExpire and Budget Command",
            "messageBody": "",
            "insertions": 320,
            "deletions": 141
          },
          {
            "hash": "1eff9b3e5a654b5377df01c0dc6be06817622bdc",
            "messageTitle": "Add auto-updating feature for DaysToExpire everytime the app is started",
            "messageBody": "",
            "insertions": 21,
            "deletions": 4
          },
          {
            "hash": "b2de95b085de622e7e88b2c40f9f4cd6933b3cf1",
            "messageTitle": "Rename Budget to RemainingBudget to avoid confusion",
            "messageBody": "",
            "insertions": 170,
            "deletions": 150
          },
          {
            "hash": "56b6fc7b1343d6c97f3c9906f566022cecd23999",
            "messageTitle": " Fix price and budget validation regex to catch incorrect leading zeroes",
            "messageBody": "",
            "insertions": 58,
            "deletions": 27
          },
          {
            "hash": "dda66268b8cb1313c572ae888eff38cb59757758",
            "messageTitle": "Fix checkstyle and existing tests",
            "messageBody": "",
            "insertions": 65,
            "deletions": 33
          },
          {
            "hash": "810ba92396da44997aa46d13535017e336117f3b",
            "messageTitle": "Follow Law of Demeter",
            "messageBody": "",
            "insertions": 52,
            "deletions": 4
          },
          {
            "hash": "16d00dd370286bf7e60e5eb1fe805c50b004b122",
            "messageTitle": "Undo wrong refactoring",
            "messageBody": "",
            "insertions": 15,
            "deletions": 14
          }
        ]
      },
      {
        "insertions": 312,
        "deletions": 89,
        "date": "2019-10-12",
        "commitResults": [
          {
            "hash": "7bd0f8b384d95284fdff28ccbeb763375056c901",
            "messageTitle": "Add exception handling for very large budget amount and duration",
            "messageBody": "",
            "insertions": 115,
            "deletions": 71
          },
          {
            "hash": "035e5a4c540674fd9ac20496d4f56dffbcc95286",
            "messageTitle": "Remove trailing whitespace for AboutUs adoc",
            "messageBody": "",
            "insertions": 1,
            "deletions": 1
          },
          {
            "hash": "73fb5aa9a5deff3de35e17842245e9420bb212b6",
            "messageTitle": "Bugfix for large budget duration exception handling",
            "messageBody": "",
            "insertions": 16,
            "deletions": 12
          },
          {
            "hash": "ce661f0572ff696bad71c8d6543dbb420697de59",
            "messageTitle": "Add Budget related tests",
            "messageBody": "",
            "insertions": 180,
            "deletions": 5
          }
        ]
      },
      {
        "insertions": 685,
        "deletions": 172,
        "date": "2019-10-13",
        "commitResults": [
          {
            "hash": "e6be87fc8028b4ea5bc8d413057f5d243f092d16",
            "messageTitle": "Add Purchase and PurchaseHistory models",
            "messageBody": "",
            "insertions": 183,
            "deletions": 0
          },
          {
            "hash": "d6bc8a48404de52dbe2469651a74158731c21def",
            "messageTitle": "Fix checkstyle",
            "messageBody": "",
            "insertions": 40,
            "deletions": 28
          },
          {
            "hash": "acfb8e770f3347c1a75d63539795d0d165792ead",
            "messageTitle": "Make Wallet mutable",
            "messageBody": "",
            "insertions": 98,
            "deletions": 60
          },
          {
            "hash": "459a2dc32f601a470ee347973f909a871f59cd47",
            "messageTitle": "Add TimeOfPurchase and created Jackson-friendly model for Purchase",
            "messageBody": "",
            "insertions": 222,
            "deletions": 31
          },
          {
            "hash": "4891627970e23e8cb8fe3864d28f384c50ada7e3",
            "messageTitle": "Add parser for Buy Command",
            "messageBody": "",
            "insertions": 63,
            "deletions": 12
          },
          {
            "hash": "754f40585d6bf34326775b4347ed479a20be17a7",
            "messageTitle": "Add serialisability for purchases and some preliminary tests",
            "messageBody": "",
            "insertions": 41,
            "deletions": 13
          },
          {
            "hash": "ba517c44e7f5886e72fc8e397ba19aefbdd7a0c7",
            "messageTitle": "Fix checkstyle and some tests",
            "messageBody": "",
            "insertions": 38,
            "deletions": 28
          }
        ]
      },
      {
        "insertions": 764,
        "deletions": 144,
        "date": "2019-10-14",
        "commitResults": [
          {
            "hash": "c4b650f87652a24761dea506c6a52d3d8b856a0d",
            "messageTitle": "Add GUI for Purchase History",
            "messageBody": "",
            "insertions": 233,
            "deletions": 23
          },
          {
            "hash": "c47b8a6445497112bf3d0ff1ff969548c9fb0c4b",
            "messageTitle": "Link buy command to update wallet, update price and budget regex to allow $0",
            "messageBody": "",
            "insertions": 62,
            "deletions": 8
          },
          {
            "hash": "28e32fad34934d80d0ed4443b447257f331528ec",
            "messageTitle": "Add cap to price of $5000.00",
            "messageBody": "",
            "insertions": 6,
            "deletions": 2
          },
          {
            "hash": "fe658eef980828c5acaf007d9a3e51f9af38dd6a",
            "messageTitle": "Fix pay function in wallet not working for some values",
            "messageBody": "",
            "insertions": 6,
            "deletions": 3
          },
          {
            "hash": "3115bf723b075e2a69eeb3006a5a7285241e3e03",
            "messageTitle": "Fix checkstyle and update existing tests",
            "messageBody": "",
            "insertions": 16,
            "deletions": 7
          },
          {
            "hash": "752a4d2ed6460c814849e54164151ca1953fa4af",
            "messageTitle": "Add wallet related tests",
            "messageBody": "",
            "insertions": 218,
            "deletions": 0
          },
          {
            "hash": "41d48f2b201bb526349dd1ddd36cfaa2109a765f",
            "messageTitle": "BugFix for parsing double leading to loss of precision",
            "messageBody": "",
            "insertions": 34,
            "deletions": 31
          },
          {
            "hash": "efa040857bb4bc26d6f2e321bf7f2cc8e8d577d7",
            "messageTitle": "Fix existing tests",
            "messageBody": "",
            "insertions": 37,
            "deletions": 29
          },
          {
            "hash": "3f3050561f0178a1f2b8ec6f87b9dc4a0d9f2cef",
            "messageTitle": "Add tests for Buy Command and Parser",
            "messageBody": "",
            "insertions": 152,
            "deletions": 41
          }
        ]
      },
      {
        "insertions": 57,
        "deletions": 36,
        "date": "2019-10-15",
        "commitResults": [
          {
            "hash": "fb299b5a95eb9208657c5d4c32c5b5e6ce9458e2",
            "messageTitle": "Change time formatter",
            "messageBody": "",
            "insertions": 57,
            "deletions": 36
          }
        ]
      },
      {
        "insertions": 277,
        "deletions": 92,
        "date": "2019-10-16",
        "commitResults": [
          {
            "hash": "8f6b9ec16dcfe93f30bdce86932c51cc73f80055",
            "messageTitle": "Add more buy command tests",
            "messageBody": "",
            "insertions": 47,
            "deletions": 30
          },
          {
            "hash": "f2b48bd911233ed0ede56ee864477137ddc3cd10",
            "messageTitle": "Add purchase-related tests",
            "messageBody": "",
            "insertions": 230,
            "deletions": 62
          }
        ]
      },
      {
        "insertions": 22,
        "deletions": 29,
        "date": "2019-10-17",
        "commitResults": [
          {
            "hash": "e531e3df60c06cab5b8075c78204b331fad05ffa",
            "messageTitle": "Make CommandHistory fully static",
            "messageBody": "",
            "insertions": 22,
            "deletions": 29
          }
        ]
      },
      {
        "insertions": 987,
        "deletions": 346,
        "date": "2019-10-19",
        "commitResults": [
          {
            "hash": "9c3458b03f9e6e138a8fc08a6c2557680d7b1520",
            "messageTitle": "Store entire Food object in Purchases",
            "messageBody": "",
            "insertions": 50,
            "deletions": 121
          },
          {
            "hash": "1290c02da230d7458c95ce290ce9163a8b2968cf",
            "messageTitle": "Convert CommandHistory into a Singleton class",
            "messageBody": "",
            "insertions": 37,
            "deletions": 24
          },
          {
            "hash": "3b0073a0dfb375fe94e77d59fb41b28e4b14570b",
            "messageTitle": "Move PurchaseHistory out of menu",
            "messageBody": "",
            "insertions": 900,
            "deletions": 201
          }
        ]
      },
      {
        "insertions": 193,
        "deletions": 19,
        "date": "2019-10-20",
        "commitResults": [
          {
            "hash": "aefbdc5d3f1830a90747173c95f81973fc7d7800",
            "messageTitle": "Fix failing test",
            "messageBody": "",
            "insertions": 2,
            "deletions": 3
          },
          {
            "hash": "030999b7a34ce67ab1c0a4f9e10765904e5fac4e",
            "messageTitle": "Add TopUp Command",
            "messageBody": "",
            "insertions": 191,
            "deletions": 16
          }
        ]
      },
      {
        "insertions": 46,
        "deletions": 13,
        "date": "2019-10-21",
        "commitResults": [
          {
            "hash": "52d6ed359e1d65607bac5dab68789aefc96a866d",
            "messageTitle": "Add tests",
            "messageBody": "",
            "insertions": 31,
            "deletions": 0
          },
          {
            "hash": "8556fc47279f3a3c4990d9de48391cadae1f7700",
            "messageTitle": "Fix Checkstyle",
            "messageBody": "",
            "insertions": 6,
            "deletions": 5
          },
          {
            "hash": "8e386a14a3d1dfd12008df30adb8f2e645e31713",
            "messageTitle": "Fix typos",
            "messageBody": "",
            "insertions": 5,
            "deletions": 5
          },
          {
            "hash": "22c388ce5df7bb5c8bc0cb70057b88d68f93012f",
            "messageTitle": "Make UI fullscreen default",
            "messageBody": "",
            "insertions": 1,
            "deletions": 1
          },
          {
            "hash": "37abbc2fc1d9877b5708fcd27045b3f28150ea4d",
            "messageTitle": "Fix merge conflicts",
            "messageBody": "",
            "insertions": 3,
            "deletions": 2
          }
        ]
      }
    ]
  },
  "authorFinalContributionMap": {
    "fatclarence": 3017,
    "seanlowjk": 4421,
    "robytanama": 1989,
    "jon-chua": 3721,
    "Raikonen": 3210
  },
  "authorFileTypeContributionMap": {
    "fatclarence": {
      "docs": 406,
      "tests": 1047,
      "functional": 1561,
      "other": 3
    },
    "seanlowjk": {
      "docs": 78,
      "tests": 2196,
      "functional": 2146,
      "other": 1
    },
    "robytanama": {
      "docs": 25,
      "tests": 990,
      "functional": 974
    },
    "jon-chua": {
      "docs": 117,
      "tests": 1837,
      "functional": 1767
    },
    "Raikonen": {
      "docs": 2,
      "tests": 1193,
      "functional": 2015
    }
  },
  "authorContributionVariance": {
    "fatclarence": 305706.25,
    "seanlowjk": 167953.5,
    "robytanama": 69872.73,
    "jon-chua": 117313.42,
    "Raikonen": 93028.22
  },
  "authorDisplayNameMap": {
    "fatclarence": "CS2103T-F13-2 KOH W ... RENCE",
    "seanlowjk": "CS2103T-F13-2 LOW J ...  SEAN",
    "robytanama": "CS2103T-F13-2 ROBY  ... ANAMA",
    "jon-chua": "CS2103T-F13-2 CHUA  ... , JON",
    "Raikonen": "CS2103T-F13-2 CHOO  ...  YUAN"
  }
}
