{
  "authorDailyContributionsMap": {
    "fatclarence": [
      {
        "insertions": 223,
        "deletions": 335,
        "date": "2019-09-23",
        "commitResults": [
          {
            "hash": "f954647b91c4b212afc1789e0b7533c03cfab85d",
            "messageTitle": "edit readme for tp",
            "messageBody": "",
            "insertions": 162,
            "deletions": 102
          },
          {
            "hash": "827dbd3c5be300499a7116dbce11d74587d60cb0",
            "messageTitle": "edit ui.png in readme.adoc",
            "messageBody": "",
            "insertions": 7,
            "deletions": 5
          },
          {
            "hash": "8f4d24720020ddb67b8f9f7b039f4ff403cca309",
            "messageTitle": "delete learning outcomes doc",
            "messageBody": "",
            "insertions": 0,
            "deletions": 216
          },
          {
            "hash": "27ed9cffd4706cbd124cba86076c9d94c3d7e9c5",
            "messageTitle": "Update README.adoc",
            "messageBody": "",
            "insertions": 1,
            "deletions": 1
          },
          {
            "hash": "e70a2c0b1bb878556b20d6452452ebdd4d330769",
            "messageTitle": "edit user stories in developer guide",
            "messageBody": "",
            "insertions": 53,
            "deletions": 11
          }
        ]
      }
    ],
    "seanlowjk": [
      {
        "insertions": 10,
        "deletions": 5,
        "date": "2019-09-23",
        "commitResults": [
          {
            "hash": "c5eee375c386800a0d35fd6e42aac8827f05bc09",
            "messageTitle": "Edit ContactUs.adoc",
            "messageBody": "",
            "insertions": 8,
            "deletions": 3
          },
          {
            "hash": "84460e425476d9e2a5f82354c933e9d1c7655422",
            "messageTitle": "Fix Icon for GitHub URL",
            "messageBody": "",
            "insertions": 2,
            "deletions": 2
          }
        ]
      }
    ],
    "robytanama": [
      {
        "insertions": 132,
        "deletions": 106,
        "date": "2019-09-22",
        "commitResults": [
          {
            "hash": "01496b6bcc56c8872734f965ee3c5f93e76a8c8c",
            "messageTitle": "Minor UI Changes",
            "messageBody": "",
            "insertions": 106,
            "deletions": 91
          },
          {
            "hash": "40180e61f47810f2203416c08c6157462def747e",
            "messageTitle": "Minor UI Changes - Bug fixes",
            "messageBody": "",
            "insertions": 0,
            "deletions": 5
          },
          {
            "hash": "0b1b78e453f9dfe602f514b9bfab89d1bd2e6b32",
            "messageTitle": "UI Fix",
            "messageBody": "",
            "insertions": 26,
            "deletions": 10
          }
        ]
      },
      {
        "insertions": 87,
        "deletions": 44,
        "date": "2019-09-23",
        "commitResults": [
          {
            "hash": "d4062a4a64642b9f1d8ae9618b8178ab7d5718ef",
            "messageTitle": "Delete unnecessary files.",
            "messageBody": "",
            "insertions": 2,
            "deletions": 2
          },
          {
            "hash": "65869344015671f558d64e724f96bcb0a897aa65",
            "messageTitle": "Update About Us",
            "messageBody": "",
            "insertions": 23,
            "deletions": 22
          },
          {
            "hash": "617ab99e618dbdf4a36bdda998db895e75e9593a",
            "messageTitle": "Update dev guide",
            "messageBody": "",
            "insertions": 62,
            "deletions": 20
          }
        ]
      }
    ],
    "jon-chua": [
      {
        "insertions": 125,
        "deletions": 20,
        "date": "2019-09-23",
        "commitResults": [
          {
            "hash": "2f46e44fb8544d8b9f2089ef78f9ee7016be460a",
            "messageTitle": "Update README.adoc badges",
            "messageBody": "Update Travis, Appveyor, Coveralls and Codacy badges, and remove Glitter badge.",
            "insertions": 4,
            "deletions": 5
          },
          {
            "hash": "1b15201ad4f56582dfb9333481ffb0fbd9062dcf",
            "messageTitle": "Update README.adoc",
            "messageBody": "Update README.adoc to include target users, marketing blurb, acknowledgements and remove learning outcomes.",
            "insertions": 9,
            "deletions": 7
          },
          {
            "hash": "d01a9345b4f6a52fd2a59deee31751d60fe36718",
            "messageTitle": "Update DeveloperGuide.adoc",
            "messageBody": "Update DeveloperGuide.adoc to add target user profile and value proposition",
            "insertions": 4,
            "deletions": 2
          },
          {
            "hash": "b311167ae3e7c9128dafd234841e33e4baa23de8",
            "messageTitle": "Update DeveloperGuide.adoc",
            "messageBody": "Update DeveloperGuide.adoc to add sample use cases",
            "insertions": 108,
            "deletions": 6
          }
        ]
      }
    ],
    "Raikonen": []
  },
  "authorFinalContributionMap": {
    "fatclarence": 220,
    "seanlowjk": 9,
    "robytanama": 136,
    "jon-chua": 114,
    "Raikonen": 0
  },
  "authorFileTypeContributionMap": {
    "fatclarence": {
      "docs": 220,
      "tests": 0,
      "functional": 0
    },
    "seanlowjk": {
      "docs": 8,
      "tests": 0,
      "functional": 0,
      "other": 1
    },
    "robytanama": {
      "docs": 29,
      "tests": 0,
      "functional": 107
    },
    "jon-chua": {
      "docs": 114,
      "tests": 0,
      "functional": 0
    },
    "Raikonen": {
      "docs": 0,
      "tests": 0,
      "functional": 0
    }
  },
  "authorContributionVariance": {
    "fatclarence": 16337.0,
    "seanlowjk": 11.805556,
    "robytanama": 3680.0278,
    "jon-chua": 1103.1636,
    "Raikonen": 0.0
  },
  "authorDisplayNameMap": {
    "fatclarence": "CS2103T-F13-2 KOH W ... RENCE",
    "seanlowjk": "CS2103T-F13-2 LOW J ...  SEAN",
    "robytanama": "CS2103T-F13-2 ROBY  ... ANAMA",
    "jon-chua": "CS2103T-F13-2 CHUA  ... , JON",
    "Raikonen": "CS2103T-F13-2 CHOO  ...  YUAN"
  }
}
