{
  "authorDailyContributionsMap": {
    "ZiHawkEye": [
      {
        "insertions": 366,
        "deletions": 4,
        "date": "2019-09-21",
        "commitResults": [
          {
            "hash": "3b831ecbc32046c644ba9e922be334f495ca31f0",
            "messageTitle": "Added Student and Matric classes with tests",
            "messageBody": "",
            "insertions": 366,
            "deletions": 4
          }
        ]
      },
      {
        "insertions": 525,
        "deletions": 3,
        "date": "2019-09-23",
        "commitResults": [
          {
            "hash": "67dfd48e9e7eacf9ce652cae6e905208e2eefcfd",
            "messageTitle": "Added Module, Tutorial and associated classes and tests",
            "messageBody": "",
            "insertions": 525,
            "deletions": 3
          }
        ]
      }
    ],
    "Ellieyee": [
      {
        "insertions": 2,
        "deletions": 2,
        "date": "2019-09-12",
        "commitResults": [
          {
            "hash": "df635a3be809c5feda9006c6f56eeb5b72c914e3",
            "messageTitle": "Update README.adoc",
            "messageBody": "",
            "insertions": 1,
            "deletions": 1
          },
          {
            "hash": "3927c278e4c86f62b2d943ee8b7ff1150d5652ef",
            "messageTitle": "Update README.adoc",
            "messageBody": "",
            "insertions": 1,
            "deletions": 1
          }
        ]
      },
      {
        "insertions": 71,
        "deletions": 358,
        "date": "2019-09-19",
        "commitResults": [
          {
            "hash": "74b79745444e6cef0e5ac580f8f6ecb7198af19b",
            "messageTitle": "Remove Address Field in AddressBook (#2)",
            "messageBody": "* Update documentation to match fork\r\n\r\n* Test Travis\r\n\r\n* Modify README\r\n\r\n* Modify build.gradle site-name (#4)\r\n\r\n* Safely deleting Address field\r\n\r\n* Remove unnecessary imports\r\n\r\n* Fix AddressBook testing units\r\n",
            "insertions": 71,
            "deletions": 358
          }
        ]
      },
      {
        "insertions": 140,
        "deletions": 965,
        "date": "2019-09-20",
        "commitResults": [
          {
            "hash": "d7aae7af33e646c44a705fb8234b097e7073dced",
            "messageTitle": "Remove Tags subsystem",
            "messageBody": "",
            "insertions": 71,
            "deletions": 566
          },
          {
            "hash": "00a26d3d4e05c84ac9c20a99b9a8cfc8c5405af3",
            "messageTitle": "Remove Phone subsystem",
            "messageBody": "",
            "insertions": 66,
            "deletions": 396
          },
          {
            "hash": "1b821620359a6647e9b1be105156dc62a0eac288",
            "messageTitle": "Update T.Arence UI icon",
            "messageBody": "",
            "insertions": 3,
            "deletions": 3
          }
        ]
      },
      {
        "insertions": 1303,
        "deletions": 1310,
        "date": "2019-09-21",
        "commitResults": [
          {
            "hash": "f0710bc3dc5421a8aaab66044ca9e4fd4d3e46c7",
            "messageTitle": "Rename package to tarence and addressbook to studentbook (#11)",
            "messageBody": "",
            "insertions": 1303,
            "deletions": 1310
          }
        ]
      },
      {
        "insertions": 469,
        "deletions": 536,
        "date": "2019-09-22",
        "commitResults": [
          {
            "hash": "c5ed3b0f6aeef88bef56438f45fe14274c617f30",
            "messageTitle": "Refactor *StudentBook* to *Application* and remove Clear Command Logic (#12)",
            "messageBody": "* Remove Clear Command subsystem\r\n\r\n* App: refactor *StudentBook* to *Application*\r\n",
            "insertions": 469,
            "deletions": 536
          }
        ]
      }
    ],
    "AhmadHatziq": [
      {
        "insertions": 3,
        "deletions": 3,
        "date": "2019-09-19",
        "commitResults": [
          {
            "hash": "5b98dc8f0b2f9d235c20a7b3b1354e506390200a",
            "messageTitle": "Initial commit",
            "messageBody": "",
            "insertions": 1,
            "deletions": 1
          },
          {
            "hash": "9f9db515258ee0bd100077ad52a8b31443c406fe",
            "messageTitle": "Commit to salvage Address code into main",
            "messageBody": "",
            "insertions": 1,
            "deletions": 1
          },
          {
            "hash": "5c9bdeea7766120e14ae743d55b395c10d8a8f2b",
            "messageTitle": "All tests passed on main branch",
            "messageBody": "",
            "insertions": 1,
            "deletions": 1
          }
        ]
      },
      {
        "insertions": 872,
        "deletions": 113,
        "date": "2019-09-26",
        "commitResults": [
          {
            "hash": "a62d55e28493c5a44f17daff0f9c99d4bfe218ab",
            "messageTitle": "Add sample tutorial, module, timetable \u0026 student to SampleDataUtil",
            "messageBody": "",
            "insertions": 82,
            "deletions": 0
          },
          {
            "hash": "3a4fb371efd77c9ab5ccded9fb61c396b84ce4b8",
            "messageTitle": "Fix typo in javadoc of MatricNum constructor",
            "messageBody": "",
            "insertions": 1,
            "deletions": 1
          },
          {
            "hash": "46e95f9cabe07c8bb43f9de17440ca5fe6865866",
            "messageTitle": "Add \"addModule\" with skeleton functionality.",
            "messageBody": "",
            "insertions": 52,
            "deletions": 0
          },
          {
            "hash": "db8f52a91e7c197cc549efbfb202f0fd83058167",
            "messageTitle": "Hook up \"addModule\" to UI",
            "messageBody": "",
            "insertions": 7,
            "deletions": 1
          },
          {
            "hash": "6df1fe383a05f537f8554e69ac3a741ab99809dc",
            "messageTitle": "Fix import statement in Address.java",
            "messageBody": "",
            "insertions": 1,
            "deletions": 1
          },
          {
            "hash": "0fa9d37f30f6eba439f288584392befebe52a2cf",
            "messageTitle": "Add MESSAGE_USAGE to AddModuleCommand",
            "messageBody": "",
            "insertions": 8,
            "deletions": 1
          },
          {
            "hash": "7c83e68b4ba6c2d16d546cabc2aafda6b6fcd857",
            "messageTitle": "Fix comment in AddStudentCommandParser",
            "messageBody": "",
            "insertions": 1,
            "deletions": 1
          },
          {
            "hash": "0784023b7fe8ab5a4984f59fc9906d9fae27479e",
            "messageTitle": "Add parser for AddModuleCommand",
            "messageBody": "",
            "insertions": 53,
            "deletions": 0
          },
          {
            "hash": "027d43d9750422b36d5dbf88d47aec9cacf1b45d",
            "messageTitle": "Add Boolean isSameModule to Module class",
            "messageBody": "",
            "insertions": 13,
            "deletions": 0
          },
          {
            "hash": "5e8361737862d960130cea1e2344186ea6b768dd",
            "messageTitle": "Add incomplete implementation of UniqueModuleList",
            "messageBody": "",
            "insertions": 82,
            "deletions": 1
          },
          {
            "hash": "4e3eeef0e208cab70cfef3ba02d167957b942e7d",
            "messageTitle": "Add AddTutorialCommand class \u0026 hooked up to ApplicationParser",
            "messageBody": "",
            "insertions": 54,
            "deletions": 2
          },
          {
            "hash": "48c0c872255570a151b7781a8f04c80d1070f430",
            "messageTitle": "Change Module attribute from \u0027final\u0027 no \u0027not final\u0027",
            "messageBody": "",
            "insertions": 1,
            "deletions": 1
          },
          {
            "hash": "57471b797bd241ae853ef1490888e26ee8a4e167",
            "messageTitle": "Edit checkStyle",
            "messageBody": "",
            "insertions": 1,
            "deletions": 1
          },
          {
            "hash": "5f59d56f7ffdb37dba305586c1b32151b8e2feef",
            "messageTitle": "Add parsing of addTutorial command. Proper usage: addTutorial tn/TUTORIAL_NAME d/DAY w/WEEKS st/START_TIME dur/DURATION_IN_MINS Sample usage: addTutorial tn/Lab Session d/Monday w/1,2,3,4 st/1200 dur/120",
            "messageBody": "",
            "insertions": 184,
            "deletions": 6
          },
          {
            "hash": "55ddbf8cc44ee9cf8d70a395872c6234c95bf34a",
            "messageTitle": "Change AddModuleCommand to use user-String instead of sample Module from util",
            "messageBody": "",
            "insertions": 2,
            "deletions": 2
          },
          {
            "hash": "262f37caffecfbcafb4f22d02c1dbdf69ac8b81a",
            "messageTitle": "Update Commands \u0026 Parsers",
            "messageBody": "",
            "insertions": 23,
            "deletions": 4
          },
          {
            "hash": "43fe9972fddce3d21b55fff3cef74d5578d52a74",
            "messageTitle": "Add a Module list to the application model",
            "messageBody": "",
            "insertions": 46,
            "deletions": 8
          },
          {
            "hash": "89a3427069223251cb37dd894e41a7793b4075b4",
            "messageTitle": "Update checkStyle",
            "messageBody": "",
            "insertions": 92,
            "deletions": 19
          },
          {
            "hash": "526e7be37118c171dbb69a483eba3119a8e661bf",
            "messageTitle": "Fix invalid comment in Module class",
            "messageBody": "",
            "insertions": 1,
            "deletions": 1
          },
          {
            "hash": "c3ce1ec9aac0e3e67c4d972abd49c50536dfcb9c",
            "messageTitle": "Add incomplete test methods",
            "messageBody": "",
            "insertions": 12,
            "deletions": 0
          },
          {
            "hash": "7ed20036eff5346f215f23e74035f42965fc44b7",
            "messageTitle": "Add functionality to \"addTutorial\" command. Sample Usage: addTutorial tn/TUTORIAL_NAME d/TUTORIAL_DAY w/TUTORIAL_WEEKS st/START_TIME dur/TUTORIAL_DURATION Sample command: addTutorial tn/Lab Session d/Monday w/1,2,3,4 st/1200 dur/120",
            "messageBody": "",
            "insertions": 155,
            "deletions": 5
          },
          {
            "hash": "114ecb776420dc9284bf97a6b59023a0126da98f",
            "messageTitle": "Fix incomplete comment in AddTutorialCommanParser",
            "messageBody": "",
            "insertions": 1,
            "deletions": 1
          },
          {
            "hash": "97b7774f219e302aac7730fbb30353e298409f5a",
            "messageTitle": "Remove aeedu.address files",
            "messageBody": "",
            "insertions": 0,
            "deletions": 57
          }
        ]
      }
    ],
    "lumos309": [
      {
        "insertions": 4,
        "deletions": 4,
        "date": "2019-09-18",
        "commitResults": [
          {
            "hash": "7136a60b30dc002a6e2fcb2ff5ae442207442666",
            "messageTitle": "Update documentation",
            "messageBody": "",
            "insertions": 4,
            "deletions": 4
          }
        ]
      },
      {
        "insertions": 374,
        "deletions": 58,
        "date": "2019-09-23",
        "commitResults": [
          {
            "hash": "fa6024d8931810fa09f7a4f754506151bb71b085",
            "messageTitle": "Add \"addStudent\" command",
            "messageBody": "",
            "insertions": 336,
            "deletions": 46
          },
          {
            "hash": "fea4e385cb1769e7edef1297c23e8abee9237353",
            "messageTitle": "Fix code formatting",
            "messageBody": "",
            "insertions": 26,
            "deletions": 6
          },
          {
            "hash": "f20b4617eff3f321a70008e2a59aec25ec940831",
            "messageTitle": "Fix formatting - max line length",
            "messageBody": "",
            "insertions": 4,
            "deletions": 2
          },
          {
            "hash": "4eb41c9648b05a7ef7f0ebb1b86f22266d79a603",
            "messageTitle": "Fix formatting - max line length",
            "messageBody": "",
            "insertions": 2,
            "deletions": 2
          },
          {
            "hash": "0e2fb1f3107fc90949c422bee9906f6f46cf5ad7",
            "messageTitle": "Fix for parse_invalidValue_failure test failing",
            "messageBody": "",
            "insertions": 6,
            "deletions": 2
          }
        ]
      },
      {
        "insertions": 213,
        "deletions": 75,
        "date": "2019-09-24",
        "commitResults": [
          {
            "hash": "448d5c504ecff37bd0494a70b9fb549cc825c8d1",
            "messageTitle": "Add test for parsing MatricNum and NusnetId",
            "messageBody": "",
            "insertions": 28,
            "deletions": 2
          },
          {
            "hash": "49c0685654e9bdf7cf4d569fff46ddd54922d65c",
            "messageTitle": "Remove unused imports",
            "messageBody": "",
            "insertions": 0,
            "deletions": 2
          },
          {
            "hash": "fd7eb798229f00ca6668abb1baae26a773a1f16e",
            "messageTitle": "Change delete to deleteStudent; allow command synonyms",
            "messageBody": "",
            "insertions": 166,
            "deletions": 59
          },
          {
            "hash": "119bc8926ffcd04f4931ac7b916aab76ff266a46",
            "messageTitle": "Fix checkstyle errors",
            "messageBody": "",
            "insertions": 19,
            "deletions": 12
          }
        ]
      }
    ]
  },
  "authorFinalContributionMap": {
    "ZiHawkEye": 933,
    "Ellieyee": 1341,
    "AhmadHatziq": 826,
    "lumos309": 464
  },
  "authorFileTypeContributionMap": {
    "ZiHawkEye": {
      "docs": 0,
      "tests": 418,
      "functional": 515
    },
    "Ellieyee": {
      "docs": 14,
      "tests": 741,
      "functional": 582,
      "other": 4
    },
    "AhmadHatziq": {
      "docs": 0,
      "tests": 24,
      "functional": 802
    },
    "lumos309": {
      "docs": 1,
      "tests": 81,
      "functional": 382
    }
  },
  "authorContributionVariance": {
    "ZiHawkEye": 17965.896,
    "Ellieyee": 379855.0,
    "AhmadHatziq": 43975.96,
    "lumos309": 11637.842
  },
  "authorDisplayNameMap": {
    "ZiHawkEye": "CS2103-T14-2 YEW K ... I ZHE",
    "Ellieyee": "CS2103-T14-2 ELLIE ... EN NA",
    "AhmadHatziq": "CS2103-T14-2 AHMAD ... HAMAD",
    "lumos309": "CS2103-T14-2 TAN Y ... YUGIN"
  }
}
