{
  "authorDailyContributionsMap": {
    "ZiHawkEye": [],
    "Ellieyee": [
      {
        "insertions": 2,
        "deletions": 2,
        "date": "2019-09-12",
        "commitResults": [
          {
            "hash": "df635a3be809c5feda9006c6f56eeb5b72c914e3",
            "messageTitle": "Update README.adoc",
            "messageBody": "",
            "insertions": 1,
            "deletions": 1
          },
          {
            "hash": "3927c278e4c86f62b2d943ee8b7ff1150d5652ef",
            "messageTitle": "Update README.adoc",
            "messageBody": "",
            "insertions": 1,
            "deletions": 1
          }
        ]
      },
      {
        "insertions": 71,
        "deletions": 358,
        "date": "2019-09-19",
        "commitResults": [
          {
            "hash": "74b79745444e6cef0e5ac580f8f6ecb7198af19b",
            "messageTitle": "Remove Address Field in AddressBook (#2)",
            "messageBody": "* Update documentation to match fork\r\n\r\n* Test Travis\r\n\r\n* Modify README\r\n\r\n* Modify build.gradle site-name (#4)\r\n\r\n* Safely deleting Address field\r\n\r\n* Remove unnecessary imports\r\n\r\n* Fix AddressBook testing units\r\n",
            "insertions": 71,
            "deletions": 358
          }
        ]
      },
      {
        "insertions": 140,
        "deletions": 965,
        "date": "2019-09-20",
        "commitResults": [
          {
            "hash": "d7aae7af33e646c44a705fb8234b097e7073dced",
            "messageTitle": "Remove Tags subsystem",
            "messageBody": "",
            "insertions": 71,
            "deletions": 566
          },
          {
            "hash": "00a26d3d4e05c84ac9c20a99b9a8cfc8c5405af3",
            "messageTitle": "Remove Phone subsystem",
            "messageBody": "",
            "insertions": 66,
            "deletions": 396
          },
          {
            "hash": "1b821620359a6647e9b1be105156dc62a0eac288",
            "messageTitle": "Update T.Arence UI icon",
            "messageBody": "",
            "insertions": 3,
            "deletions": 3
          }
        ]
      }
    ],
    "AhmadHatziq": [],
    "lumos309": []
  },
  "authorFinalContributionMap": {
    "ZiHawkEye": 0,
    "Ellieyee": 99,
    "AhmadHatziq": 0,
    "lumos309": 0
  },
  "authorFileTypeContributionMap": {
    "ZiHawkEye": {
      "java": 0,
      "adoc": 0,
      "fxml": 0,
      "sh": 0,
      "bat": 0,
      "gradle": 0,
      "txt": 0
    },
    "Ellieyee": {
      "java": 91,
      "adoc": 5,
      "fxml": 2,
      "sh": 0,
      "bat": 0,
      "gradle": 1,
      "txt": 0
    },
    "AhmadHatziq": {
      "java": 0,
      "adoc": 0,
      "fxml": 0,
      "sh": 0,
      "bat": 0,
      "gradle": 0,
      "txt": 0
    },
    "lumos309": {
      "java": 0,
      "adoc": 0,
      "fxml": 0,
      "sh": 0,
      "bat": 0,
      "gradle": 0,
      "txt": 0
    }
  },
  "authorContributionVariance": {
    "ZiHawkEye": 0.0,
    "Ellieyee": 83159.05,
    "AhmadHatziq": 0.0,
    "lumos309": 0.0
  },
  "authorDisplayNameMap": {
    "ZiHawkEye": "CS2103-T14-2 YEW K ... I ZHE",
    "Ellieyee": "CS2103-T14-2 ELLIE ... EN NA",
    "AhmadHatziq": "CS2103-T14-2 AHMAD ... HAMAD",
    "lumos309": "CS2103-T14-2 TAN Y ... YUGIN"
  }
}
