{
  "authorDailyContributionsMap": {
    "ZiHawkEye": [
      {
        "insertions": 366,
        "deletions": 4,
        "date": "2019-09-21",
        "commitResults": [
          {
            "hash": "3b831ecbc32046c644ba9e922be334f495ca31f0",
            "messageTitle": "Added Student and Matric classes with tests",
            "messageBody": "",
            "insertions": 366,
            "deletions": 4
          }
        ]
      },
      {
        "insertions": 525,
        "deletions": 3,
        "date": "2019-09-23",
        "commitResults": [
          {
            "hash": "67dfd48e9e7eacf9ce652cae6e905208e2eefcfd",
            "messageTitle": "Added Module, Tutorial and associated classes and tests",
            "messageBody": "",
            "insertions": 525,
            "deletions": 3
          }
        ]
      },
      {
        "insertions": 629,
        "deletions": 82,
        "date": "2019-10-07",
        "commitResults": [
          {
            "hash": "af702090f180dab44d4fdd76d2ec4a1409426d02",
            "messageTitle": "Added Attendance, missing tests for Tutorial and associated subclasses.",
            "messageBody": "",
            "insertions": 629,
            "deletions": 82
          }
        ]
      },
      {
        "insertions": 885,
        "deletions": 70,
        "date": "2019-10-09",
        "commitResults": [
          {
            "hash": "b291878eb74b9c64ea0858771dbba024ea83ddb3",
            "messageTitle": "Added ability to mark attendance (#55)",
            "messageBody": "* Added ability to mark attendance\r\n\r\n* Added stub tests for MarkAttendanceCommand and MarkAttendanceCommandParser\r\n",
            "insertions": 885,
            "deletions": 70
          }
        ]
      },
      {
        "insertions": 348,
        "deletions": 31,
        "date": "2019-10-10",
        "commitResults": [
          {
            "hash": "3144998592ed0dd162323548ae0ad2735628b69f",
            "messageTitle": "Added ability to mark attendance of entire tutorial, process user input of multiple commands (#57)",
            "messageBody": "* Added ability to mark attendance\r\n\r\n* Added stub tests for MarkAttendanceCommand and MarkAttendanceCommandParser\r\n\r\n* Added ability to add multiple pending commands\r\n\r\n* Added ability to mark attendance of all students in a tutorial\r\n\r\n* Added ability for user to input multiple commands\r\n",
            "insertions": 348,
            "deletions": 31
          }
        ]
      },
      {
        "insertions": 1014,
        "deletions": 80,
        "date": "2019-10-15",
        "commitResults": [
          {
            "hash": "84ef70b750ba4bc0eb10259fe8746e3c9ea8aa25",
            "messageTitle": "Added ability to export Attendance, index support for MarkAttendance and bug fixes (#63)",
            "messageBody": "* Added ability to mark attendance\r\n\r\n* Added stub tests for MarkAttendanceCommand and MarkAttendanceCommandParser\r\n\r\n* Added ability to add multiple pending commands\r\n\r\n* Added ability to mark attendance of all students in a tutorial\r\n\r\n* Added ability for user to input multiple commands\r\n\r\n* Added ability to export attendance\r\n\r\n* Fixed bug where attendance marking is cancelled after no command is inputted\r\nThrows CommandException when invalid week is entered to mark attendance\r\n\r\n* Added index functionality for MarkAttendanceCommand, ExportAttendanceCommand\r\nAdded tests for MarkAttendanceCommand, MarkAttendanceCommandParser,\r\nExportAttendanceCommand, ExportAttendanceCommandParser\r\n\r\n* Added ability to remove Student from Attendance\r\n",
            "insertions": 1014,
            "deletions": 80
          }
        ]
      }
    ],
    "Ellieyee": [
      {
        "insertions": 2,
        "deletions": 2,
        "date": "2019-09-12",
        "commitResults": [
          {
            "hash": "df635a3be809c5feda9006c6f56eeb5b72c914e3",
            "messageTitle": "Update README.adoc",
            "messageBody": "",
            "insertions": 1,
            "deletions": 1
          },
          {
            "hash": "3927c278e4c86f62b2d943ee8b7ff1150d5652ef",
            "messageTitle": "Update README.adoc",
            "messageBody": "",
            "insertions": 1,
            "deletions": 1
          }
        ]
      },
      {
        "insertions": 71,
        "deletions": 358,
        "date": "2019-09-19",
        "commitResults": [
          {
            "hash": "74b79745444e6cef0e5ac580f8f6ecb7198af19b",
            "messageTitle": "Remove Address Field in AddressBook (#2)",
            "messageBody": "* Update documentation to match fork\r\n\r\n* Test Travis\r\n\r\n* Modify README\r\n\r\n* Modify build.gradle site-name (#4)\r\n\r\n* Safely deleting Address field\r\n\r\n* Remove unnecessary imports\r\n\r\n* Fix AddressBook testing units\r\n",
            "insertions": 71,
            "deletions": 358
          }
        ]
      },
      {
        "insertions": 140,
        "deletions": 965,
        "date": "2019-09-20",
        "commitResults": [
          {
            "hash": "d7aae7af33e646c44a705fb8234b097e7073dced",
            "messageTitle": "Remove Tags subsystem",
            "messageBody": "",
            "insertions": 71,
            "deletions": 566
          },
          {
            "hash": "00a26d3d4e05c84ac9c20a99b9a8cfc8c5405af3",
            "messageTitle": "Remove Phone subsystem",
            "messageBody": "",
            "insertions": 66,
            "deletions": 396
          },
          {
            "hash": "1b821620359a6647e9b1be105156dc62a0eac288",
            "messageTitle": "Update T.Arence UI icon",
            "messageBody": "",
            "insertions": 3,
            "deletions": 3
          }
        ]
      },
      {
        "insertions": 1303,
        "deletions": 1310,
        "date": "2019-09-21",
        "commitResults": [
          {
            "hash": "f0710bc3dc5421a8aaab66044ca9e4fd4d3e46c7",
            "messageTitle": "Rename package to tarence and addressbook to studentbook (#11)",
            "messageBody": "",
            "insertions": 1303,
            "deletions": 1310
          }
        ]
      },
      {
        "insertions": 469,
        "deletions": 536,
        "date": "2019-09-22",
        "commitResults": [
          {
            "hash": "c5ed3b0f6aeef88bef56438f45fe14274c617f30",
            "messageTitle": "Refactor *StudentBook* to *Application* and remove Clear Command Logic (#12)",
            "messageBody": "* Remove Clear Command subsystem\r\n\r\n* App: refactor *StudentBook* to *Application*\r\n",
            "insertions": 469,
            "deletions": 536
          }
        ]
      },
      {
        "insertions": 434,
        "deletions": 44,
        "date": "2019-09-29",
        "commitResults": [
          {
            "hash": "4600471bbfb085b69525de2e0683c29a2967b35b",
            "messageTitle": "Modify UI to display student and tutorial lists (#21)",
            "messageBody": "",
            "insertions": 434,
            "deletions": 44
          }
        ]
      },
      {
        "insertions": 26,
        "deletions": 34,
        "date": "2019-09-30",
        "commitResults": [
          {
            "hash": "81922186aa78656832829350ece3cff59868cfa0",
            "messageTitle": "Update ContactUs page (#23)",
            "messageBody": "",
            "insertions": 1,
            "deletions": 2
          },
          {
            "hash": "6faa1398fb3310f5ec4bcb9e3e4dbea30ea23ae9",
            "messageTitle": "Update README.adoc and AboutUs.adoc (#24)",
            "messageBody": "* Update README\r\n\r\n* Update AboutUs.adoc\r\n\r\n* Fix AboutUs Github link\r\n",
            "insertions": 23,
            "deletions": 30
          },
          {
            "hash": "82c72135ba3f5f0ace1096e65fec45c7bfc064bd",
            "messageTitle": "Fix Coveralls badge link (#25)",
            "messageBody": "",
            "insertions": 1,
            "deletions": 1
          },
          {
            "hash": "ca66c9ed53fcaa029227fb0c4285d55802edb3c0",
            "messageTitle": "Fix Travis Badge link (#26)",
            "messageBody": "",
            "insertions": 1,
            "deletions": 1
          }
        ]
      },
      {
        "insertions": 1274,
        "deletions": 81,
        "date": "2019-10-02",
        "commitResults": [
          {
            "hash": "3ef627122f5800fe142059266f729a349982e0e7",
            "messageTitle": "Link ui to display students and tutorials (#33)",
            "messageBody": "* Display tutorial list on UI\r\n\r\n* Display Student List in UI\r\n",
            "insertions": 1274,
            "deletions": 81
          }
        ]
      },
      {
        "insertions": 380,
        "deletions": 28,
        "date": "2019-10-07",
        "commitResults": [
          {
            "hash": "6479e06e15064c8a37b2582f0be373ef554395ab",
            "messageTitle": "Include index shortcut for AddStudentCommand (#49)",
            "messageBody": "",
            "insertions": 380,
            "deletions": 28
          }
        ]
      },
      {
        "insertions": 328,
        "deletions": 41,
        "date": "2019-10-08",
        "commitResults": [
          {
            "hash": "1a11dd0b475acb3dda10417af8c1ebf7d6667db7",
            "messageTitle": "Update list command (#53)",
            "messageBody": "* Update TutorialCard to display Module code\r\n\r\n* Update List command to display in UI\r\n",
            "insertions": 328,
            "deletions": 41
          }
        ]
      },
      {
        "insertions": 800,
        "deletions": 198,
        "date": "2019-10-11",
        "commitResults": [
          {
            "hash": "f29a5094ab507a8a997d236f546808b9891fa8ef",
            "messageTitle": "Update ui link (#58)",
            "messageBody": "* Link deleteCommand to UI and fix module/tutorial deletion bugs\r\n\r\n* Update EditCommand to update tutorial and module list\r\n\r\n* Fix checkstyle\r\n\r\n* Fix editCommandParser\r\n",
            "insertions": 800,
            "deletions": 198
          }
        ]
      },
      {
        "insertions": 489,
        "deletions": 35,
        "date": "2019-10-16",
        "commitResults": [
          {
            "hash": "e027f9c75cba6b372aa9d0c9e0dfa5bccf5d35d4",
            "messageTitle": "Attendance display (#65)",
            "messageBody": "* Add attendance display\r\n\r\n* Refactored commandResult based on feedback\r\n",
            "insertions": 166,
            "deletions": 27
          },
          {
            "hash": "650c0541ae64c41339cd6923c27af45bdf15f1cb",
            "messageTitle": "Display attendance command (#66)",
            "messageBody": "* Add DisplayAttendanceCommand feature\r\n\r\n* Add DisplayAttendanceCommandParser\r\n\r\n* Enhance GUI display\r\n",
            "insertions": 323,
            "deletions": 8
          }
        ]
      },
      {
        "insertions": 7,
        "deletions": 5,
        "date": "2019-10-17",
        "commitResults": [
          {
            "hash": "cab38543aeb65ccdbd565d91dac0bf492d5de64d",
            "messageTitle": "Minor GUI support (#69)",
            "messageBody": "* Add class list label\r\n\r\n* Add minor GUI support for mainwindow\r\n",
            "insertions": 7,
            "deletions": 5
          }
        ]
      },
      {
        "insertions": 133,
        "deletions": 32,
        "date": "2019-10-20",
        "commitResults": [
          {
            "hash": "c2822e3540b160c5518ba56271e90c0129b18b48",
            "messageTitle": "Add find command support and displayAttendance shortcut (#81)",
            "messageBody": "",
            "insertions": 133,
            "deletions": 32
          }
        ]
      }
    ],
    "AhmadHatziq": [
      {
        "insertions": 3,
        "deletions": 3,
        "date": "2019-09-19",
        "commitResults": [
          {
            "hash": "5b98dc8f0b2f9d235c20a7b3b1354e506390200a",
            "messageTitle": "Initial commit",
            "messageBody": "",
            "insertions": 1,
            "deletions": 1
          },
          {
            "hash": "9f9db515258ee0bd100077ad52a8b31443c406fe",
            "messageTitle": "Commit to salvage Address code into main",
            "messageBody": "",
            "insertions": 1,
            "deletions": 1
          },
          {
            "hash": "5c9bdeea7766120e14ae743d55b395c10d8a8f2b",
            "messageTitle": "All tests passed on main branch",
            "messageBody": "",
            "insertions": 1,
            "deletions": 1
          }
        ]
      },
      {
        "insertions": 872,
        "deletions": 113,
        "date": "2019-09-26",
        "commitResults": [
          {
            "hash": "a62d55e28493c5a44f17daff0f9c99d4bfe218ab",
            "messageTitle": "Add sample tutorial, module, timetable \u0026 student to SampleDataUtil",
            "messageBody": "",
            "insertions": 82,
            "deletions": 0
          },
          {
            "hash": "3a4fb371efd77c9ab5ccded9fb61c396b84ce4b8",
            "messageTitle": "Fix typo in javadoc of MatricNum constructor",
            "messageBody": "",
            "insertions": 1,
            "deletions": 1
          },
          {
            "hash": "46e95f9cabe07c8bb43f9de17440ca5fe6865866",
            "messageTitle": "Add \"addModule\" with skeleton functionality.",
            "messageBody": "",
            "insertions": 52,
            "deletions": 0
          },
          {
            "hash": "db8f52a91e7c197cc549efbfb202f0fd83058167",
            "messageTitle": "Hook up \"addModule\" to UI",
            "messageBody": "",
            "insertions": 7,
            "deletions": 1
          },
          {
            "hash": "6df1fe383a05f537f8554e69ac3a741ab99809dc",
            "messageTitle": "Fix import statement in Address.java",
            "messageBody": "",
            "insertions": 1,
            "deletions": 1
          },
          {
            "hash": "0fa9d37f30f6eba439f288584392befebe52a2cf",
            "messageTitle": "Add MESSAGE_USAGE to AddModuleCommand",
            "messageBody": "",
            "insertions": 8,
            "deletions": 1
          },
          {
            "hash": "7c83e68b4ba6c2d16d546cabc2aafda6b6fcd857",
            "messageTitle": "Fix comment in AddStudentCommandParser",
            "messageBody": "",
            "insertions": 1,
            "deletions": 1
          },
          {
            "hash": "0784023b7fe8ab5a4984f59fc9906d9fae27479e",
            "messageTitle": "Add parser for AddModuleCommand",
            "messageBody": "",
            "insertions": 53,
            "deletions": 0
          },
          {
            "hash": "027d43d9750422b36d5dbf88d47aec9cacf1b45d",
            "messageTitle": "Add Boolean isSameModule to Module class",
            "messageBody": "",
            "insertions": 13,
            "deletions": 0
          },
          {
            "hash": "5e8361737862d960130cea1e2344186ea6b768dd",
            "messageTitle": "Add incomplete implementation of UniqueModuleList",
            "messageBody": "",
            "insertions": 82,
            "deletions": 1
          },
          {
            "hash": "4e3eeef0e208cab70cfef3ba02d167957b942e7d",
            "messageTitle": "Add AddTutorialCommand class \u0026 hooked up to ApplicationParser",
            "messageBody": "",
            "insertions": 54,
            "deletions": 2
          },
          {
            "hash": "48c0c872255570a151b7781a8f04c80d1070f430",
            "messageTitle": "Change Module attribute from \u0027final\u0027 no \u0027not final\u0027",
            "messageBody": "",
            "insertions": 1,
            "deletions": 1
          },
          {
            "hash": "57471b797bd241ae853ef1490888e26ee8a4e167",
            "messageTitle": "Edit checkStyle",
            "messageBody": "",
            "insertions": 1,
            "deletions": 1
          },
          {
            "hash": "5f59d56f7ffdb37dba305586c1b32151b8e2feef",
            "messageTitle": "Add parsing of addTutorial command. Proper usage: addTutorial tn/TUTORIAL_NAME d/DAY w/WEEKS st/START_TIME dur/DURATION_IN_MINS Sample usage: addTutorial tn/Lab Session d/Monday w/1,2,3,4 st/1200 dur/120",
            "messageBody": "",
            "insertions": 184,
            "deletions": 6
          },
          {
            "hash": "55ddbf8cc44ee9cf8d70a395872c6234c95bf34a",
            "messageTitle": "Change AddModuleCommand to use user-String instead of sample Module from util",
            "messageBody": "",
            "insertions": 2,
            "deletions": 2
          },
          {
            "hash": "262f37caffecfbcafb4f22d02c1dbdf69ac8b81a",
            "messageTitle": "Update Commands \u0026 Parsers",
            "messageBody": "",
            "insertions": 23,
            "deletions": 4
          },
          {
            "hash": "43fe9972fddce3d21b55fff3cef74d5578d52a74",
            "messageTitle": "Add a Module list to the application model",
            "messageBody": "",
            "insertions": 46,
            "deletions": 8
          },
          {
            "hash": "89a3427069223251cb37dd894e41a7793b4075b4",
            "messageTitle": "Update checkStyle",
            "messageBody": "",
            "insertions": 92,
            "deletions": 19
          },
          {
            "hash": "526e7be37118c171dbb69a483eba3119a8e661bf",
            "messageTitle": "Fix invalid comment in Module class",
            "messageBody": "",
            "insertions": 1,
            "deletions": 1
          },
          {
            "hash": "c3ce1ec9aac0e3e67c4d972abd49c50536dfcb9c",
            "messageTitle": "Add incomplete test methods",
            "messageBody": "",
            "insertions": 12,
            "deletions": 0
          },
          {
            "hash": "7ed20036eff5346f215f23e74035f42965fc44b7",
            "messageTitle": "Add functionality to \"addTutorial\" command. Sample Usage: addTutorial tn/TUTORIAL_NAME d/TUTORIAL_DAY w/TUTORIAL_WEEKS st/START_TIME dur/TUTORIAL_DURATION Sample command: addTutorial tn/Lab Session d/Monday w/1,2,3,4 st/1200 dur/120",
            "messageBody": "",
            "insertions": 155,
            "deletions": 5
          },
          {
            "hash": "114ecb776420dc9284bf97a6b59023a0126da98f",
            "messageTitle": "Fix incomplete comment in AddTutorialCommanParser",
            "messageBody": "",
            "insertions": 1,
            "deletions": 1
          },
          {
            "hash": "97b7774f219e302aac7730fbb30353e298409f5a",
            "messageTitle": "Remove aeedu.address files",
            "messageBody": "",
            "insertions": 0,
            "deletions": 57
          }
        ]
      },
      {
        "insertions": 228,
        "deletions": 75,
        "date": "2019-09-30",
        "commitResults": [
          {
            "hash": "21a14006ff27741103aad8adb65be08bf38609d9",
            "messageTitle": "Update User Guide \u0026 Developer Guide (NFR, Use Case, Stories, Glossary) (#27)",
            "messageBody": "* Update UserGuide.adoc \u0026 DeveloperGuide.adoc",
            "insertions": 228,
            "deletions": 75
          }
        ]
      },
      {
        "insertions": 238,
        "deletions": 39,
        "date": "2019-10-02",
        "commitResults": [
          {
            "hash": "5e0b575ee36169b0e871634bc88a29edb473016e",
            "messageTitle": "Update Developer Guide (#35)",
            "messageBody": "* Update Developer Guide\r\n",
            "insertions": 238,
            "deletions": 39
          }
        ]
      },
      {
        "insertions": 484,
        "deletions": 12,
        "date": "2019-10-13",
        "commitResults": [
          {
            "hash": "b17fb31fe1313e9114c1366822bdcabbf2bf4851",
            "messageTitle": "Added storage functionality. (#59)",
            "messageBody": "",
            "insertions": 484,
            "deletions": 12
          }
        ]
      }
    ],
    "lumos309": [
      {
        "insertions": 4,
        "deletions": 4,
        "date": "2019-09-18",
        "commitResults": [
          {
            "hash": "7136a60b30dc002a6e2fcb2ff5ae442207442666",
            "messageTitle": "Update documentation",
            "messageBody": "",
            "insertions": 4,
            "deletions": 4
          }
        ]
      },
      {
        "insertions": 374,
        "deletions": 58,
        "date": "2019-09-23",
        "commitResults": [
          {
            "hash": "fa6024d8931810fa09f7a4f754506151bb71b085",
            "messageTitle": "Add \"addStudent\" command",
            "messageBody": "",
            "insertions": 336,
            "deletions": 46
          },
          {
            "hash": "fea4e385cb1769e7edef1297c23e8abee9237353",
            "messageTitle": "Fix code formatting",
            "messageBody": "",
            "insertions": 26,
            "deletions": 6
          },
          {
            "hash": "f20b4617eff3f321a70008e2a59aec25ec940831",
            "messageTitle": "Fix formatting - max line length",
            "messageBody": "",
            "insertions": 4,
            "deletions": 2
          },
          {
            "hash": "4eb41c9648b05a7ef7f0ebb1b86f22266d79a603",
            "messageTitle": "Fix formatting - max line length",
            "messageBody": "",
            "insertions": 2,
            "deletions": 2
          },
          {
            "hash": "0e2fb1f3107fc90949c422bee9906f6f46cf5ad7",
            "messageTitle": "Fix for parse_invalidValue_failure test failing",
            "messageBody": "",
            "insertions": 6,
            "deletions": 2
          }
        ]
      },
      {
        "insertions": 213,
        "deletions": 75,
        "date": "2019-09-24",
        "commitResults": [
          {
            "hash": "448d5c504ecff37bd0494a70b9fb549cc825c8d1",
            "messageTitle": "Add test for parsing MatricNum and NusnetId",
            "messageBody": "",
            "insertions": 28,
            "deletions": 2
          },
          {
            "hash": "49c0685654e9bdf7cf4d569fff46ddd54922d65c",
            "messageTitle": "Remove unused imports",
            "messageBody": "",
            "insertions": 0,
            "deletions": 2
          },
          {
            "hash": "fd7eb798229f00ca6668abb1baae26a773a1f16e",
            "messageTitle": "Change delete to deleteStudent; allow command synonyms",
            "messageBody": "",
            "insertions": 166,
            "deletions": 59
          },
          {
            "hash": "119bc8926ffcd04f4931ac7b916aab76ff266a46",
            "messageTitle": "Fix checkstyle errors",
            "messageBody": "",
            "insertions": 19,
            "deletions": 12
          }
        ]
      },
      {
        "insertions": 649,
        "deletions": 105,
        "date": "2019-09-29",
        "commitResults": [
          {
            "hash": "5f52a55536cb5d0a241682c9c59229005610ee3f",
            "messageTitle": "Modify add commands to link Student/Tutorial/Module",
            "messageBody": "",
            "insertions": 628,
            "deletions": 75
          },
          {
            "hash": "5adb4a9320ad2ca19eb2db111bbee18116374d53",
            "messageTitle": "Fix checkstyle violations",
            "messageBody": "",
            "insertions": 4,
            "deletions": 2
          },
          {
            "hash": "77d7fe2a67b7a541f5d7eca7bcafa29d1274c0d7",
            "messageTitle": "Fix checkstyle violations",
            "messageBody": "",
            "insertions": 17,
            "deletions": 28
          }
        ]
      },
      {
        "insertions": 56,
        "deletions": 37,
        "date": "2019-09-30",
        "commitResults": [
          {
            "hash": "b57afd8dc9ae1b759d8497eb792e17bb73abbd1b",
            "messageTitle": "Update UniqueModule/TutorialList methods, fix tests (#28)",
            "messageBody": "",
            "insertions": 56,
            "deletions": 37
          }
        ]
      },
      {
        "insertions": 211,
        "deletions": 131,
        "date": "2019-10-01",
        "commitResults": [
          {
            "hash": "84dd8d78866c6b1c68110be859ff9e4ce062ac17",
            "messageTitle": "Add tests for AddTutorialCommand (#30)",
            "messageBody": "* Update UniqueModule/TutorialList methods, fix tests\r\n\r\n* Add tests for AddTutorialCommand",
            "insertions": 211,
            "deletions": 131
          }
        ]
      },
      {
        "insertions": 778,
        "deletions": 74,
        "date": "2019-10-02",
        "commitResults": [
          {
            "hash": "8fad9de82e5607cb839b8fdf2cb4b604fc5687e8",
            "messageTitle": "Add commands for deleting tutorials and modules (#36)",
            "messageBody": "",
            "insertions": 778,
            "deletions": 74
          }
        ]
      },
      {
        "insertions": 227,
        "deletions": 4,
        "date": "2019-10-08",
        "commitResults": [
          {
            "hash": "8253fd3132a7b23bfacc3652e09cd481347409ea",
            "messageTitle": "Allow multiple input formats for addTutorial weeks (#52)",
            "messageBody": "* Updated UniqueModule/TutorialList methods\r\n\r\n* Update UniqueModule/TutorialList methods, fix tests\r\n\r\n* Add test for AddTutorialCommand\r\n\r\n* Fix checkstyle\r\n\r\n* Update tests for AddTutorialCommand\r\n\r\n* Add commands for deleting tutorials and modules\r\n\r\n* Accept multiple input types for addTutorialCommand weeks\r\n",
            "insertions": 227,
            "deletions": 4
          }
        ]
      },
      {
        "insertions": 416,
        "deletions": 95,
        "date": "2019-10-09",
        "commitResults": [
          {
            "hash": "beb18b716c112d1a9c7c0e83597508c8cc67e07b",
            "messageTitle": "Add user prompt when deleting non-empty module/tutorial (#54)",
            "messageBody": "* Updated UniqueModule/TutorialList methods\r\n\r\n* Update UniqueModule/TutorialList methods, fix tests\r\n\r\n* Add test for AddTutorialCommand\r\n\r\n* Fix checkstyle\r\n\r\n* Update tests for AddTutorialCommand\r\n\r\n* Add commands for deleting tutorials and modules\r\n\r\n* Accept multiple input types for addTutorialCommand weeks\r\n\r\n* Add confirmation prompt for deleting non-empty modules \u0026 tutorials\r\n\r\n* Fix \"y/n\" recognition, proper module/tutorial deletion\r\n",
            "insertions": 416,
            "deletions": 95
          }
        ]
      },
      {
        "insertions": 558,
        "deletions": 49,
        "date": "2019-10-13",
        "commitResults": [
          {
            "hash": "4b7045e320900971bc5505491121506514b03423",
            "messageTitle": "Add suggested commands for AddTutorialCommand (#60)",
            "messageBody": "* Updated UniqueModule/TutorialList methods\r\n\r\n* Update UniqueModule/TutorialList methods, fix tests\r\n\r\n* Add test for AddTutorialCommand\r\n\r\n* Fix checkstyle\r\n\r\n* Update tests for AddTutorialCommand\r\n\r\n* Add commands for deleting tutorials and modules\r\n\r\n* Accept multiple input types for addTutorialCommand weeks\r\n\r\n* Add confirmation prompt for deleting non-empty modules \u0026 tutorials\r\n\r\n* Fix \"y/n\" recognition, proper module/tutorial deletion\r\n\r\n* Add suggested commands for AddTutorialCommand\r\n",
            "insertions": 558,
            "deletions": 49
          }
        ]
      },
      {
        "insertions": 354,
        "deletions": 32,
        "date": "2019-10-15",
        "commitResults": [
          {
            "hash": "01e680cdf76ef155506af1e0d355287534e72d7f",
            "messageTitle": "Add suggested corrections for three command types (#62)",
            "messageBody": "* Updated UniqueModule/TutorialList methods\r\n\r\n* Update UniqueModule/TutorialList methods, fix tests\r\n\r\n* Add test for AddTutorialCommand\r\n\r\n* Fix checkstyle\r\n\r\n* Update tests for AddTutorialCommand\r\n\r\n* Add commands for deleting tutorials and modules\r\n\r\n* Accept multiple input types for addTutorialCommand weeks\r\n\r\n* Add confirmation prompt for deleting non-empty modules \u0026 tutorials\r\n\r\n* Fix \"y/n\" recognition, proper module/tutorial deletion\r\n\r\n* Add suggested commands for AddTutorialCommand\r\n\r\n* Add suggested corrections for three command types\r\n",
            "insertions": 354,
            "deletions": 32
          }
        ]
      },
      {
        "insertions": 455,
        "deletions": 16,
        "date": "2019-10-17",
        "commitResults": [
          {
            "hash": "a568e68f7bd163d3a156e02bfd675099e215afad",
            "messageTitle": "Add suggested corrections, test for attendance marking (#67)",
            "messageBody": "* Updated UniqueModule/TutorialList methods\r\n\r\n* Update UniqueModule/TutorialList methods, fix tests\r\n\r\n* Add test for AddTutorialCommand\r\n\r\n* Fix checkstyle\r\n\r\n* Update tests for AddTutorialCommand\r\n\r\n* Add commands for deleting tutorials and modules\r\n\r\n* Accept multiple input types for addTutorialCommand weeks\r\n\r\n* Add confirmation prompt for deleting non-empty modules \u0026 tutorials\r\n\r\n* Fix \"y/n\" recognition, proper module/tutorial deletion\r\n\r\n* Add suggested commands for AddTutorialCommand\r\n\r\n* Add suggested corrections for three command types\r\n\r\n* Add suggested commands for MarkAttendanceCommand (partial)\r\n\r\n* Add suggested commands and tests for MarkAttendanceCommand\r\n\r\n* Add suggested commands for displaying attendance\r\n\r\n* Fix test failing\r\n\r\n* Fix checkstyle\r\n\r\n* Comment out failing test for now\r\n\r\n* Fix checkstyle\r\n\r\n* Comment out failing test for now\r\n",
            "insertions": 455,
            "deletions": 16
          }
        ]
      }
    ]
  },
  "authorFinalContributionMap": {
    "ZiHawkEye": 3622,
    "Ellieyee": 4823,
    "AhmadHatziq": 1652,
    "lumos309": 3788
  },
  "authorFileTypeContributionMap": {
    "ZiHawkEye": {
      "docs": 0,
      "tests": 1800,
      "functional": 1820,
      "other": 2
    },
    "Ellieyee": {
      "docs": 34,
      "tests": 2461,
      "functional": 2324,
      "other": 4
    },
    "AhmadHatziq": {
      "docs": 412,
      "tests": 32,
      "functional": 1208
    },
    "lumos309": {
      "docs": 1,
      "tests": 1485,
      "functional": 2299,
      "other": 3
    }
  },
  "authorContributionVariance": {
    "ZiHawkEye": 62478.734,
    "Ellieyee": 242120.86,
    "AhmadHatziq": 28663.795,
    "lumos309": 48742.64
  },
  "authorDisplayNameMap": {
    "ZiHawkEye": "CS2103-T14-2 YEW K ... I ZHE",
    "Ellieyee": "CS2103-T14-2 ELLIE ... EN NA",
    "AhmadHatziq": "CS2103-T14-2 AHMAD ... HAMAD",
    "lumos309": "CS2103-T14-2 TAN Y ... YUGIN"
  }
}
