{
  "authorDailyContributionsMap": {
    "shawnkoh": [],
    "belbel98": [],
    "HoWeiChin": [],
    "ooimingsheng": [
      {
        "insertions": 1,
        "deletions": 1,
        "date": "2019-09-14",
        "commitResults": [
          {
            "hash": "0988274316006181a309853c3b943327f8e2e6e8",
            "messageTitle": "Update ReadMe Build Status badge",
            "messageBody": "",
            "insertions": 1,
            "deletions": 1
          }
        ]
      },
      {
        "insertions": 1,
        "deletions": 2,
        "date": "2019-09-15",
        "commitResults": [
          {
            "hash": "de717597f7f040d5c357a321b111db5ff9eb13df",
            "messageTitle": "Remove codacy badge to test travis enabling auto-publishing of documentation",
            "messageBody": "",
            "insertions": 1,
            "deletions": 2
          }
        ]
      }
    ]
  },
  "authorFinalContributionMap": {
    "shawnkoh": 0,
    "belbel98": 0,
    "HoWeiChin": 0,
    "ooimingsheng": 2
  },
  "authorFileTypeContributionMap": {
    "shawnkoh": {
      "docs": 0,
      "tests": 0,
      "functional": 0
    },
    "belbel98": {
      "docs": 0,
      "tests": 0,
      "functional": 0
    },
    "HoWeiChin": {
      "docs": 0,
      "tests": 0,
      "functional": 0
    },
    "ooimingsheng": {
      "docs": 2,
      "tests": 0,
      "functional": 0
    }
  },
  "authorContributionVariance": {
    "shawnkoh": 0.0,
    "belbel98": 0.0,
    "HoWeiChin": 0.0,
    "ooimingsheng": 1.05
  },
  "authorDisplayNameMap": {
    "shawnkoh": "CS2103-T11-3 KOH Z ... SHAWN",
    "belbel98": "CS2103-T11-3 CHRIS ...  TENG",
    "HoWeiChin": "CS2103-T11-3 HO WE ...  CHIN",
    "ooimingsheng": "CS2103-T11-3 OOI M ... SHENG"
  }
}
