{
  "authorDailyContributionsMap": {
    "shawnkoh": [],
    "belbel98": [
      {
        "insertions": 521,
        "deletions": 289,
        "date": "2019-09-30",
        "commitResults": [
          {
            "hash": "aae6a55cebd718d46754c004ec79b3421783f764",
            "messageTitle": "Update Project Website (#4)",
            "messageBody": "* Update project website\r\n\r\nSpecifically the AboutUs, ContactUs, and README page.\r\n\r\n* Edit AboutUs page\r\n\r\nChanged \u0027prof\u0027 to \u0027professor\u0027\r\nMade changes to responsibilities, and added component ic for everyone.\r\n",
            "insertions": 52,
            "deletions": 258
          },
          {
            "hash": "f7d6ca2480c96df459afd223376593b438f58aba",
            "messageTitle": "Tutorial adding command (#9)",
            "messageBody": "* Update .gitignore\r\n\r\n* Enhance RemarkCommand\r\n\r\nCompleted steps up till this step on the tutorial\r\n\r\n* Add Remark class to the model\r\n\r\n* Add placeholder element for remark to the UI\r\n\r\n* Modify Person to support Remark field\r\n\r\n* Update Storage\r\n\r\nAdd Remark field to JsonAdaptedPerson class\r\n\r\n* Finalise UI - Connect Remark field to PersonCard\r\n\r\n* Modify RemarkCommand execute() method\r\n",
            "insertions": 469,
            "deletions": 31
          }
        ]
      }
    ],
    "HoWeiChin": [
      {
        "insertions": 180,
        "deletions": 103,
        "date": "2019-10-02",
        "commitResults": [
          {
            "hash": "03981b564e0bb1d3b3d1f06956caff4a59c1f449",
            "messageTitle": "User guide for powerlifting coordinator  (#22)",
            "messageBody": "* Update UserGuide.adoc\r\n\r\n* Update UserGuide.adoc\r\n\r\n* Update UserGuide.adoc\r\n\r\n* Update UserGuide.adoc\r\n\r\n* Update UserGuide.adoc\r\n\r\n* Update UserGuide.adoc\r\n\r\n* Update UserGuide.adoc\r\n\r\n* Update UserGuide.adoc\r\n\r\n* Update UserGuide.adoc\r\n\r\n* Update UserGuide.adoc\r\n\r\n* Update UserGuide.adoc\r\n\r\n* Update UserGuide.adoc\r\n\r\n* Update UserGuide.adoc\r\n\r\n* Update UserGuide.adoc\r\n\r\n* Update UserGuide.adoc\r\n\r\n* Update UserGuide.adoc\r\n\r\n* Update UserGuide.adoc\r\n\r\n* Update UserGuide.adoc\r\n\r\n* Update UserGuide.adoc\r\n",
            "insertions": 180,
            "deletions": 103
          }
        ]
      }
    ],
    "ooimingsheng": [
      {
        "insertions": 1,
        "deletions": 1,
        "date": "2019-09-14",
        "commitResults": [
          {
            "hash": "0988274316006181a309853c3b943327f8e2e6e8",
            "messageTitle": "Update ReadMe Build Status badge",
            "messageBody": "",
            "insertions": 1,
            "deletions": 1
          }
        ]
      },
      {
        "insertions": 1,
        "deletions": 2,
        "date": "2019-09-15",
        "commitResults": [
          {
            "hash": "de717597f7f040d5c357a321b111db5ff9eb13df",
            "messageTitle": "Remove codacy badge to test travis enabling auto-publishing of documentation",
            "messageBody": "",
            "insertions": 1,
            "deletions": 2
          }
        ]
      },
      {
        "insertions": 669,
        "deletions": 500,
        "date": "2019-09-30",
        "commitResults": [
          {
            "hash": "d2c2dcf035178d48d493f3cd0a8b4e51ce1370b7",
            "messageTitle": "Revert \"Tutorial adding command (#9)\" (#10)",
            "messageBody": "This reverts commit f7d6ca2480c96df459afd223376593b438f58aba.",
            "insertions": 31,
            "deletions": 469
          },
          {
            "hash": "4699ee0d7a978f70fdc3e2c103ace229a2ad5edf",
            "messageTitle": "Edit developer guide (#3)",
            "messageBody": "* Change repo url\r\n\r\n* Update developer guide to include user stories, user profile,  non-functional requirements, use cases\r\n\r\n* Edit repository URL\r\n\r\n* Edit repository URL to correct URL\r\n\r\nsorry the previous commit was incorrect\r\n",
            "insertions": 638,
            "deletions": 31
          }
        ]
      }
    ]
  },
  "authorFinalContributionMap": {
    "shawnkoh": 0,
    "belbel98": 52,
    "HoWeiChin": 162,
    "ooimingsheng": 637
  },
  "authorFileTypeContributionMap": {
    "shawnkoh": {
      "docs": 0,
      "tests": 0,
      "functional": 0
    },
    "belbel98": {
      "docs": 52,
      "tests": 0,
      "functional": 0
    },
    "HoWeiChin": {
      "docs": 162,
      "tests": 0,
      "functional": 0
    },
    "ooimingsheng": {
      "docs": 637,
      "tests": 0,
      "functional": 0
    }
  },
  "authorContributionVariance": {
    "shawnkoh": 0.0,
    "belbel98": 23400.0,
    "HoWeiChin": 2856.398,
    "ooimingsheng": 48723.215
  },
  "authorDisplayNameMap": {
    "shawnkoh": "CS2103-T11-3 KOH Z ... SHAWN",
    "belbel98": "CS2103-T11-3 CHRIS ...  TENG",
    "HoWeiChin": "CS2103-T11-3 HO WE ...  CHIN",
    "ooimingsheng": "CS2103-T11-3 OOI M ... SHENG"
  }
}
