{
  "authorDailyContributionsMap": {
    "shawnlsj97": [
      {
        "insertions": 5,
        "deletions": 4,
        "date": "2019-09-24",
        "commitResults": [
          {
            "hash": "78d68564eb131c1fb00601f6954c1bc83405a600",
            "messageTitle": "Test travis setup",
            "messageBody": "",
            "insertions": 0,
            "deletions": 0
          },
          {
            "hash": "f7a9dd35a0fb8ec9e0e4191985a3f3c5689cf6e2",
            "messageTitle": "Test travis",
            "messageBody": "",
            "insertions": 1,
            "deletions": 0
          },
          {
            "hash": "2517b14630ee0b3f7defd13f61f1905cad71fce1",
            "messageTitle": "Test travis",
            "messageBody": "",
            "insertions": 1,
            "deletions": 1
          },
          {
            "hash": "eb0000b2579ea1f6c9f5f4ccd54268707eabf081",
            "messageTitle": "Update badges to own repo",
            "messageBody": "",
            "insertions": 2,
            "deletions": 2
          },
          {
            "hash": "550f3614d899d4240c7c9a1fa52e3fc92bc24114",
            "messageTitle": "Update badges to own repo",
            "messageBody": "",
            "insertions": 1,
            "deletions": 1
          }
        ]
      },
      {
        "insertions": 16,
        "deletions": 17,
        "date": "2019-10-02",
        "commitResults": [
          {
            "hash": "f1bc75d91dbbf9d33e174279fb5fc93706b98978",
            "messageTitle": "Update README acknowledgement",
            "messageBody": "",
            "insertions": 2,
            "deletions": 1
          },
          {
            "hash": "19679660faf152d17fd09a32fca04ca6118b14c2",
            "messageTitle": "Update README",
            "messageBody": "",
            "insertions": 6,
            "deletions": 7
          },
          {
            "hash": "57400b4e6a8e5800e0961efb7eda9b0bcffdb89f",
            "messageTitle": "Remove test file",
            "messageBody": "",
            "insertions": 0,
            "deletions": 1
          },
          {
            "hash": "bc9de585eb6a1d17f099e2d0e5fb317b87496b13",
            "messageTitle": "Update README fav icon",
            "messageBody": "",
            "insertions": 1,
            "deletions": 0
          },
          {
            "hash": "11fe7cebf9c01ca339fb29c9c79c6335cb5e6120",
            "messageTitle": "Update README",
            "messageBody": "",
            "insertions": 2,
            "deletions": 3
          },
          {
            "hash": "1900fe9d1eae43eab69dc9e6693ea301cc293ea6",
            "messageTitle": "Update README badges and remove website header",
            "messageBody": "",
            "insertions": 3,
            "deletions": 2
          },
          {
            "hash": "d85d5812de40db719712ce689e6037069c31b06e",
            "messageTitle": "Update acknowledgement",
            "messageBody": "",
            "insertions": 1,
            "deletions": 1
          },
          {
            "hash": "a171d12a7742ab4d395cb40d9c4d8f63708a96f1",
            "messageTitle": "Change shadowjar file name",
            "messageBody": "",
            "insertions": 1,
            "deletions": 1
          },
          {
            "hash": "86c09f3bd686425e8c10dda606090b4889382f42",
            "messageTitle": "Remove learning outcomes",
            "messageBody": "",
            "insertions": 0,
            "deletions": 1
          }
        ]
      },
      {
        "insertions": 0,
        "deletions": 1,
        "date": "2019-10-03",
        "commitResults": [
          {
            "hash": "dc8be01459b1b41cf25da3efbe752a0fe317f535",
            "messageTitle": "Update README",
            "messageBody": "",
            "insertions": 0,
            "deletions": 1
          }
        ]
      },
      {
        "insertions": 75,
        "deletions": 0,
        "date": "2019-10-10",
        "commitResults": [
          {
            "hash": "40cfe2f761d649b2a85ad664d148629b828eb452",
            "messageTitle": "Implement SortCommand",
            "messageBody": "",
            "insertions": 70,
            "deletions": 0
          },
          {
            "hash": "bc447628a2d9ba74166bab0ae23afd32eaef4b20",
            "messageTitle": "Fix check style errors",
            "messageBody": "",
            "insertions": 5,
            "deletions": 0
          }
        ]
      },
      {
        "insertions": 49,
        "deletions": 0,
        "date": "2019-10-11",
        "commitResults": [
          {
            "hash": "2d4f0df79687df6705c3d1fdd72f0d4527f0d274",
            "messageTitle": "Update test for Sort Command",
            "messageBody": "",
            "insertions": 49,
            "deletions": 0
          }
        ]
      }
    ],
    "ChangUo79": [
      {
        "insertions": 171,
        "deletions": 88,
        "date": "2019-10-02",
        "commitResults": [
          {
            "hash": "7703019398140be260b2683040a50dc9a4d85afa",
            "messageTitle": "Updated UG",
            "messageBody": "",
            "insertions": 171,
            "deletions": 88
          }
        ]
      },
      {
        "insertions": 1,
        "deletions": 1,
        "date": "2019-10-03",
        "commitResults": [
          {
            "hash": "a2a910dcf25508771369f175fc8886d994a24955",
            "messageTitle": "Updated AboutUs",
            "messageBody": "",
            "insertions": 1,
            "deletions": 1
          }
        ]
      }
    ],
    "hellodommy": [
      {
        "insertions": 3,
        "deletions": 3,
        "date": "2019-09-18",
        "commitResults": [
          {
            "hash": "fb245147cfcd0ab0baff7d03793f3a5ca258ee3a",
            "messageTitle": "Test Travis",
            "messageBody": "",
            "insertions": 1,
            "deletions": 0
          },
          {
            "hash": "98056f4d26e47fb6207e39473dc7219bcf0b1861",
            "messageTitle": "Update the link to the \u0027build status\u0027 badge",
            "messageBody": "",
            "insertions": 1,
            "deletions": 2
          },
          {
            "hash": "1c646ee34a9505a7ef6509df1ab3a39db8e9ff18",
            "messageTitle": "Update \u0027build status\u0027 badge image link",
            "messageBody": "",
            "insertions": 1,
            "deletions": 1
          }
        ]
      },
      {
        "insertions": 1,
        "deletions": 2,
        "date": "2019-09-24",
        "commitResults": [
          {
            "hash": "44007dbc7d3bdd3bf3bcdba1b2d6c5ea66a3ab95",
            "messageTitle": "Link \u0027build status\u0027 badge to Travis of my fork",
            "messageBody": "",
            "insertions": 1,
            "deletions": 1
          },
          {
            "hash": "e588bba9c2ba5e0acc7b043b648f05051416b7ca",
            "messageTitle": "Remove codacy badge",
            "messageBody": "",
            "insertions": 0,
            "deletions": 1
          }
        ]
      },
      {
        "insertions": 29,
        "deletions": 28,
        "date": "2019-09-26",
        "commitResults": [
          {
            "hash": "0d0b1d0bb1e6952eebb330bfcf9ac9d55cfa6793",
            "messageTitle": "Update About Us and Contact Us pages",
            "messageBody": "",
            "insertions": 26,
            "deletions": 26
          },
          {
            "hash": "a04ff8e87e6378924fa06a7595634ebedcd334bc",
            "messageTitle": "Revert badges to reflect team\u0027s repo",
            "messageBody": "",
            "insertions": 2,
            "deletions": 1
          },
          {
            "hash": "8881cf0114418240b6f2b7b71fd5d7d0cf6cb176",
            "messageTitle": "Update member photo",
            "messageBody": "",
            "insertions": 1,
            "deletions": 1
          }
        ]
      },
      {
        "insertions": 348,
        "deletions": 30,
        "date": "2019-10-02",
        "commitResults": [
          {
            "hash": "0e4358eef309b0e79a9e6bb65f7eb4871c54062e",
            "messageTitle": "Update About Us and Contact Us",
            "messageBody": "",
            "insertions": 20,
            "deletions": 20
          },
          {
            "hash": "885e3ab40a9e57b42881dfbd86fdd417c950a64a",
            "messageTitle": "Add AppVeyor and Codacy badges for Athletick",
            "messageBody": "",
            "insertions": 2,
            "deletions": 4
          },
          {
            "hash": "73016d2032dab52945d0f4759fc390b4736ad839",
            "messageTitle": "Add Coveralls badge for Athletick",
            "messageBody": "",
            "insertions": 1,
            "deletions": 0
          },
          {
            "hash": "99369a0e4fb7bc5c0ea435ade758f639ec3d7f2c",
            "messageTitle": "Add logo",
            "messageBody": "",
            "insertions": 2,
            "deletions": 0
          },
          {
            "hash": "48cb8852414513c1fa9711bbe8e77c60d36d14b6",
            "messageTitle": "Fix logo path",
            "messageBody": "",
            "insertions": 1,
            "deletions": 1
          },
          {
            "hash": "93d760f95acec30a7796cb6924ffe504d0792118",
            "messageTitle": "Combine Athletick and AB-3 Developer Guide",
            "messageBody": "",
            "insertions": 322,
            "deletions": 3
          },
          {
            "hash": "3a9650c1c457ca6dfe8ceb817b2affedc7663d74",
            "messageTitle": "Remove Athletick logo in README",
            "messageBody": "",
            "insertions": 0,
            "deletions": 2
          }
        ]
      },
      {
        "insertions": 19,
        "deletions": 7,
        "date": "2019-10-03",
        "commitResults": [
          {
            "hash": "92886e7ae063a2e6e0b985922db02b7c6aab9e96",
            "messageTitle": "Add unique identification for use cases",
            "messageBody": "",
            "insertions": 19,
            "deletions": 7
          }
        ]
      },
      {
        "insertions": 336,
        "deletions": 10,
        "date": "2019-10-13",
        "commitResults": [
          {
            "hash": "a7221db33315a35b77964c847eeb81c51c93b575",
            "messageTitle": "Add classes that enable filtering by tags",
            "messageBody": "",
            "insertions": 78,
            "deletions": 0
          },
          {
            "hash": "ae0e45f431e6b01e08906e13209dffcf2a0197c7",
            "messageTitle": "Add parser support for FilterCommand",
            "messageBody": "",
            "insertions": 33,
            "deletions": 0
          },
          {
            "hash": "2a63942b434d6dc0ba96968e7b3b5bb8962a57af",
            "messageTitle": "Add test coverage for FilterCommand",
            "messageBody": "",
            "insertions": 105,
            "deletions": 0
          },
          {
            "hash": "9844d66c42573e1ed1c4760a8069b43f2d39ce5f",
            "messageTitle": "Provide tag suggestions to the user",
            "messageBody": "",
            "insertions": 26,
            "deletions": 1
          },
          {
            "hash": "6474c03fe95afc9a3003ac6670a61c741c7484a3",
            "messageTitle": "Adhere to checkstyle",
            "messageBody": "",
            "insertions": 10,
            "deletions": 6
          },
          {
            "hash": "b7317aa9b7ce583366c25cd3993e7eeb8f8a7da1",
            "messageTitle": "Add test for FilterCommand",
            "messageBody": "",
            "insertions": 82,
            "deletions": 1
          },
          {
            "hash": "cf3d9a02aaf07a050f39194cf0e2c6ef50185790",
            "messageTitle": "Fix for Codacy (Avoid using equals() to compare against null)",
            "messageBody": "",
            "insertions": 2,
            "deletions": 2
          }
        ]
      },
      {
        "insertions": 4,
        "deletions": 5,
        "date": "2019-10-15",
        "commitResults": [
          {
            "hash": "619f5264864a2aa05d530b3d41a1008c9c20088e",
            "messageTitle": "Split into 2 lines for readability",
            "messageBody": "",
            "insertions": 3,
            "deletions": 1
          },
          {
            "hash": "7152733cdc099885a8e61075121a2f036e6455af",
            "messageTitle": "Remove Codacy badge",
            "messageBody": "",
            "insertions": 0,
            "deletions": 1
          },
          {
            "hash": "ed4903b8fa215765727fce681560b3c044b15097",
            "messageTitle": "Shorten line",
            "messageBody": "",
            "insertions": 1,
            "deletions": 3
          }
        ]
      }
    ],
    "jeunhoe": [
      {
        "insertions": 204,
        "deletions": 344,
        "date": "2019-10-02",
        "commitResults": [
          {
            "hash": "8faca1c5830f6c9356cabef54d00decc372d162c",
            "messageTitle": "Merge with master",
            "messageBody": "",
            "insertions": 26,
            "deletions": 26
          },
          {
            "hash": "5ee8d6684f642cb1562896ee3300c1d3b2b7d09e",
            "messageTitle": "Edit DeveloperGuide",
            "messageBody": "",
            "insertions": 178,
            "deletions": 318
          }
        ]
      }
    ],
    "junhuplim": [
      {
        "insertions": 108,
        "deletions": 0,
        "date": "2019-10-11",
        "commitResults": [
          {
            "hash": "f54dc61491cdeff7d928052abce8f35ba3060b9f",
            "messageTitle": "add Training and Attendance class",
            "messageBody": "",
            "insertions": 108,
            "deletions": 0
          }
        ]
      },
      {
        "insertions": 26,
        "deletions": 23,
        "date": "2019-10-12",
        "commitResults": [
          {
            "hash": "9cf6f126e961c87285004f69926698cfc9bc7eb1",
            "messageTitle": "Add javadocs",
            "messageBody": "",
            "insertions": 12,
            "deletions": 15
          },
          {
            "hash": "83a06d12569ade663f96877b47bcdd922aeb751c",
            "messageTitle": "Comply with coding standards",
            "messageBody": "",
            "insertions": 14,
            "deletions": 8
          }
        ]
      }
    ]
  },
  "authorFinalContributionMap": {
    "shawnlsj97": 135,
    "ChangUo79": 169,
    "hellodommy": 372,
    "jeunhoe": 145,
    "junhuplim": 111
  },
  "authorFileTypeContributionMap": {
    "shawnlsj97": {
      "docs": 8,
      "tests": 54,
      "functional": 70,
      "other": 3
    },
    "ChangUo79": {
      "docs": 169,
      "tests": 0,
      "functional": 0
    },
    "hellodommy": {
      "docs": 46,
      "tests": 182,
      "functional": 144
    },
    "jeunhoe": {
      "docs": 145,
      "tests": 0,
      "functional": 0
    },
    "junhuplim": {
      "docs": 0,
      "tests": 0,
      "functional": 111
    }
  },
  "authorContributionVariance": {
    "shawnlsj97": 212.49438,
    "ChangUo79": 1634.5491,
    "hellodommy": 6240.8843,
    "jeunhoe": 7319.9087,
    "junhuplim": 336.21933
  },
  "authorDisplayNameMap": {
    "shawnlsj97": "CS2103T-T12-3 LEE S ... SHAWN",
    "ChangUo79": "CS2103T-T12-3 ERWIN ... O XIN",
    "hellodommy": "CS2103T-T12-3 DOMIN ... WENYI",
    "jeunhoe": "CS2103T-T12-3 POON  ... N HOE",
    "junhuplim": "CS2103T-T12-3 LIM J ... N HUP"
  }
}
