{
  "authorDailyContributionsMap": {
    "joshuaseetss": [
      {
        "insertions": 428,
        "deletions": 50,
        "date": "2019-10-01",
        "commitResults": [
          {
            "hash": "00c0958bff5418449af56244419eb8dfced011b3",
            "messageTitle": "Added some use cases",
            "messageBody": "",
            "insertions": 85,
            "deletions": 0
          },
          {
            "hash": "7fed70a0cb7db47c072c9efd9a454b72ae20a6c3",
            "messageTitle": "Added more use cases",
            "messageBody": "",
            "insertions": 110,
            "deletions": 6
          },
          {
            "hash": "b43ac39a1457f605ce43e8a5e27c4c489634b5a9",
            "messageTitle": "Updated user cases in Developer\u0027s Guide",
            "messageBody": "",
            "insertions": 192,
            "deletions": 0
          },
          {
            "hash": "b5e6b48d5bde650ee65eb14b0a037fbf8010f269",
            "messageTitle": "Updated Developers Guide - added Use cases",
            "messageBody": "",
            "insertions": 41,
            "deletions": 44
          }
        ]
      }
    ],
    "wangqinNick": [],
    "weigenie": [
      {
        "insertions": 1,
        "deletions": 1,
        "date": "2019-09-21",
        "commitResults": [
          {
            "hash": "af518036d82c1092d754bc1199deab9e6db56513",
            "messageTitle": "Changed site-githuburl in build.gradle",
            "messageBody": "",
            "insertions": 1,
            "deletions": 1
          }
        ]
      },
      {
        "insertions": 216,
        "deletions": 1,
        "date": "2019-09-28",
        "commitResults": [
          {
            "hash": "3e5afe0aba821b21f76e33efeb5e65f862e4bc58",
            "messageTitle": "Added Claim Model",
            "messageBody": "",
            "insertions": 216,
            "deletions": 1
          }
        ]
      }
    ],
    "TanZhanMing": [
      {
        "insertions": 9,
        "deletions": 1,
        "date": "2019-09-17",
        "commitResults": [
          {
            "hash": "b8dd54d040711141e4cfd50eb30f98af18d972a4",
            "messageTitle": "Update project files",
            "messageBody": "",
            "insertions": 9,
            "deletions": 1
          }
        ]
      },
      {
        "insertions": 64,
        "deletions": 34,
        "date": "2019-10-01",
        "commitResults": [
          {
            "hash": "10135614760f4091816275614d0361f14adb2f89",
            "messageTitle": "Update DG",
            "messageBody": "",
            "insertions": 57,
            "deletions": 27
          },
          {
            "hash": "c949b421e1eb3625fb55c73888714e04b934bea3",
            "messageTitle": "Fix typo",
            "messageBody": "",
            "insertions": 7,
            "deletions": 7
          }
        ]
      }
    ],
    "lawncegoh": [
      {
        "insertions": 3,
        "deletions": 1,
        "date": "2019-09-13",
        "commitResults": [
          {
            "hash": "09ffa3fe92da195ec3c51c99c7f8d3a2b1954589",
            "messageTitle": "Test",
            "messageBody": "",
            "insertions": 3,
            "deletions": 1
          }
        ]
      },
      {
        "insertions": 45,
        "deletions": 30,
        "date": "2019-09-26",
        "commitResults": [
          {
            "hash": "8fa5742262a87287f19f21f8ab0fc5644591700e",
            "messageTitle": "Update ContactUs.adoc",
            "messageBody": "",
            "insertions": 1,
            "deletions": 1
          },
          {
            "hash": "780c472d09fd51620963adc4ac5c0824a907d329",
            "messageTitle": "Update ContactUs.adoc",
            "messageBody": "",
            "insertions": 4,
            "deletions": 2
          },
          {
            "hash": "0630be37991767332c28fee1d8536245369afef7",
            "messageTitle": "Update ContactUs.adoc",
            "messageBody": "",
            "insertions": 1,
            "deletions": 1
          },
          {
            "hash": "a9a2d42874fe5cbea5f9cbb5523a5f3902d4e059",
            "messageTitle": "Update ContactUs.adoc",
            "messageBody": "",
            "insertions": 1,
            "deletions": 1
          },
          {
            "hash": "1c1b5547f340c21516292c24274fde01db42a8cf",
            "messageTitle": "Update ContactUs.adoc",
            "messageBody": "",
            "insertions": 1,
            "deletions": 1
          },
          {
            "hash": "e25dc142828a4c570625677356b7900f0d4f8ce7",
            "messageTitle": "Update UserGuide.adoc",
            "messageBody": "",
            "insertions": 3,
            "deletions": 3
          },
          {
            "hash": "c005d237beb268c35aff38fe54414a9000f846f4",
            "messageTitle": "Update UserGuide.adoc",
            "messageBody": "",
            "insertions": 3,
            "deletions": 1
          },
          {
            "hash": "9b3efa1bff1985eb6a66e037b179192e683198ec",
            "messageTitle": "Update UserGuide.adoc",
            "messageBody": "",
            "insertions": 8,
            "deletions": 7
          },
          {
            "hash": "abb5e3b6f309dcb4586a7c35cd0df33c010cea18",
            "messageTitle": "Update UserGuide.adoc",
            "messageBody": "",
            "insertions": 1,
            "deletions": 1
          },
          {
            "hash": "2321d3e3e381e4052b49c54e5cbcbb06b221dc19",
            "messageTitle": "Update UserGuide.adoc",
            "messageBody": "",
            "insertions": 22,
            "deletions": 12
          }
        ]
      },
      {
        "insertions": 274,
        "deletions": 114,
        "date": "2019-09-27",
        "commitResults": [
          {
            "hash": "bc4a61f34fc4f73116c31f260c9ca44b3619ff25",
            "messageTitle": "Update AboutUs.adoc",
            "messageBody": "",
            "insertions": 7,
            "deletions": 15
          },
          {
            "hash": "93f77b14fef0525962f91ea083f33137dc4203c9",
            "messageTitle": "Update AboutUs.adoc",
            "messageBody": "",
            "insertions": 1,
            "deletions": 1
          },
          {
            "hash": "56f150e9077cbb692170bbcb1e011d91173e20c5",
            "messageTitle": "Update AboutUs.adoc",
            "messageBody": "",
            "insertions": 1,
            "deletions": 1
          },
          {
            "hash": "0d57ebec31a9aec903bea9b7f8b9ce551f451036",
            "messageTitle": "Update AboutUs.adoc",
            "messageBody": "",
            "insertions": 3,
            "deletions": 2
          },
          {
            "hash": "086748ecb1e7a6f216bb706f7a7e65d260d339cc",
            "messageTitle": "Update AboutUs.adoc",
            "messageBody": "",
            "insertions": 1,
            "deletions": 1
          },
          {
            "hash": "781d795d26473d8117e12996edaa83cc514ed870",
            "messageTitle": "Update AboutUs.adoc",
            "messageBody": "",
            "insertions": 1,
            "deletions": 1
          },
          {
            "hash": "fbf301fc751978d5bfd4f1925a850143f62b37b2",
            "messageTitle": "Update UserGuide.adoc",
            "messageBody": "",
            "insertions": 18,
            "deletions": 33
          },
          {
            "hash": "64e8ff268ea9417e4a08291758cb1c92ebafcf08",
            "messageTitle": "Updated User Guide",
            "messageBody": "With features that should be revised or implemented",
            "insertions": 233,
            "deletions": 52
          },
          {
            "hash": "4d6f5350f21769bb0822c6352743dffcab3447ee",
            "messageTitle": "Update UserGuide.adoc",
            "messageBody": "",
            "insertions": 4,
            "deletions": 5
          },
          {
            "hash": "af04efdb057a7f014688dc625276765a0d8a9476",
            "messageTitle": "Initial update of README",
            "messageBody": "",
            "insertions": 3,
            "deletions": 2
          },
          {
            "hash": "ba779af6f90794ea7cceedb1321faf158172fb09",
            "messageTitle": "Update README.adoc",
            "messageBody": "",
            "insertions": 2,
            "deletions": 1
          }
        ]
      }
    ]
  },
  "authorFinalContributionMap": {
    "joshuaseetss": 360,
    "wangqinNick": 0,
    "weigenie": 217,
    "TanZhanMing": 68,
    "lawncegoh": 262
  },
  "authorFileTypeContributionMap": {
    "joshuaseetss": {
      "docs": 360,
      "tests": 0,
      "functional": 0
    },
    "wangqinNick": {
      "docs": 0,
      "tests": 0,
      "functional": 0
    },
    "weigenie": {
      "docs": 0,
      "tests": 0,
      "functional": 216,
      "other": 1
    },
    "TanZhanMing": {
      "docs": 59,
      "tests": 0,
      "functional": 0,
      "other": 9
    },
    "lawncegoh": {
      "docs": 259,
      "tests": 0,
      "functional": 3
    }
  },
  "authorContributionVariance": {
    "joshuaseetss": 8449.853,
    "wangqinNick": 0.0,
    "weigenie": 1740.321,
    "TanZhanMing": 355.97635,
    "lawncegoh": 5684.497
  },
  "authorDisplayNameMap": {
    "joshuaseetss": "CS2103T-W12-1 JOSHU ...  SUEN",
    "wangqinNick": "CS2103T-W12-1 WANG  ... G QIN",
    "weigenie": "CS2103T-W12-1 LEE W ... I GEN",
    "TanZhanMing": "CS2103T-W12-1 TAN Z ...  MING",
    "lawncegoh": "CS2103T-W12-1 LAWNC ... A WEI"
  }
}
