{
  "authorDailyContributionsMap": {
    "joshuaseetss": [
      {
        "insertions": 428,
        "deletions": 50,
        "date": "2019-10-01",
        "commitResults": [
          {
            "hash": "00c0958bff5418449af56244419eb8dfced011b3",
            "messageTitle": "Added some use cases",
            "messageBody": "",
            "insertions": 85,
            "deletions": 0
          },
          {
            "hash": "7fed70a0cb7db47c072c9efd9a454b72ae20a6c3",
            "messageTitle": "Added more use cases",
            "messageBody": "",
            "insertions": 110,
            "deletions": 6
          },
          {
            "hash": "b43ac39a1457f605ce43e8a5e27c4c489634b5a9",
            "messageTitle": "Updated user cases in Developer\u0027s Guide",
            "messageBody": "",
            "insertions": 192,
            "deletions": 0
          },
          {
            "hash": "b5e6b48d5bde650ee65eb14b0a037fbf8010f269",
            "messageTitle": "Updated Developers Guide - added Use cases",
            "messageBody": "",
            "insertions": 41,
            "deletions": 44
          }
        ]
      }
    ],
    "wangqinNick": [],
    "weigenie": [
      {
        "insertions": 1,
        "deletions": 1,
        "date": "2019-09-21",
        "commitResults": [
          {
            "hash": "af518036d82c1092d754bc1199deab9e6db56513",
            "messageTitle": "Changed site-githuburl in build.gradle",
            "messageBody": "",
            "insertions": 1,
            "deletions": 1
          }
        ]
      },
      {
        "insertions": 216,
        "deletions": 1,
        "date": "2019-09-28",
        "commitResults": [
          {
            "hash": "3e5afe0aba821b21f76e33efeb5e65f862e4bc58",
            "messageTitle": "Added Claim Model",
            "messageBody": "",
            "insertions": 216,
            "deletions": 1
          }
        ]
      },
      {
        "insertions": 12,
        "deletions": 11,
        "date": "2019-10-06",
        "commitResults": [
          {
            "hash": "f8784c35e4ef2b31b8c076f444406ad257e3f091",
            "messageTitle": "Edited AboutUs to include correct profile image.",
            "messageBody": "",
            "insertions": 1,
            "deletions": 1
          },
          {
            "hash": "e575a222cba73124699245d690b9eb3c31939507",
            "messageTitle": "Updated Description documentation.",
            "messageBody": "",
            "insertions": 5,
            "deletions": 6
          },
          {
            "hash": "b36582365ba27c2db1045f42d51cc6acd9ea0d40",
            "messageTitle": "Documentation Update: Personal details Badges",
            "messageBody": "",
            "insertions": 6,
            "deletions": 4
          }
        ]
      }
    ],
    "TanZhanMing": [
      {
        "insertions": 9,
        "deletions": 1,
        "date": "2019-09-17",
        "commitResults": [
          {
            "hash": "b8dd54d040711141e4cfd50eb30f98af18d972a4",
            "messageTitle": "Update project files",
            "messageBody": "",
            "insertions": 9,
            "deletions": 1
          }
        ]
      },
      {
        "insertions": 64,
        "deletions": 34,
        "date": "2019-10-01",
        "commitResults": [
          {
            "hash": "10135614760f4091816275614d0361f14adb2f89",
            "messageTitle": "Update DG",
            "messageBody": "",
            "insertions": 57,
            "deletions": 27
          },
          {
            "hash": "c949b421e1eb3625fb55c73888714e04b934bea3",
            "messageTitle": "Fix typo",
            "messageBody": "",
            "insertions": 7,
            "deletions": 7
          }
        ]
      },
      {
        "insertions": 2,
        "deletions": 5,
        "date": "2019-10-02",
        "commitResults": [
          {
            "hash": "7b3a4d0326319df6bbb5dad9c5382b6bdd4787a4",
            "messageTitle": "Update picture name",
            "messageBody": "",
            "insertions": 1,
            "deletions": 1
          },
          {
            "hash": "c1269755cb358a91b591e61a24f00fe3e44974cd",
            "messageTitle": "Reversion test",
            "messageBody": "",
            "insertions": 1,
            "deletions": 4
          }
        ]
      }
    ],
    "lawncegoh": [
      {
        "insertions": 3,
        "deletions": 1,
        "date": "2019-09-13",
        "commitResults": [
          {
            "hash": "09ffa3fe92da195ec3c51c99c7f8d3a2b1954589",
            "messageTitle": "Test",
            "messageBody": "",
            "insertions": 3,
            "deletions": 1
          }
        ]
      },
      {
        "insertions": 45,
        "deletions": 30,
        "date": "2019-09-26",
        "commitResults": [
          {
            "hash": "8fa5742262a87287f19f21f8ab0fc5644591700e",
            "messageTitle": "Update ContactUs.adoc",
            "messageBody": "",
            "insertions": 1,
            "deletions": 1
          },
          {
            "hash": "780c472d09fd51620963adc4ac5c0824a907d329",
            "messageTitle": "Update ContactUs.adoc",
            "messageBody": "",
            "insertions": 4,
            "deletions": 2
          },
          {
            "hash": "0630be37991767332c28fee1d8536245369afef7",
            "messageTitle": "Update ContactUs.adoc",
            "messageBody": "",
            "insertions": 1,
            "deletions": 1
          },
          {
            "hash": "a9a2d42874fe5cbea5f9cbb5523a5f3902d4e059",
            "messageTitle": "Update ContactUs.adoc",
            "messageBody": "",
            "insertions": 1,
            "deletions": 1
          },
          {
            "hash": "1c1b5547f340c21516292c24274fde01db42a8cf",
            "messageTitle": "Update ContactUs.adoc",
            "messageBody": "",
            "insertions": 1,
            "deletions": 1
          },
          {
            "hash": "e25dc142828a4c570625677356b7900f0d4f8ce7",
            "messageTitle": "Update UserGuide.adoc",
            "messageBody": "",
            "insertions": 3,
            "deletions": 3
          },
          {
            "hash": "c005d237beb268c35aff38fe54414a9000f846f4",
            "messageTitle": "Update UserGuide.adoc",
            "messageBody": "",
            "insertions": 3,
            "deletions": 1
          },
          {
            "hash": "9b3efa1bff1985eb6a66e037b179192e683198ec",
            "messageTitle": "Update UserGuide.adoc",
            "messageBody": "",
            "insertions": 8,
            "deletions": 7
          },
          {
            "hash": "abb5e3b6f309dcb4586a7c35cd0df33c010cea18",
            "messageTitle": "Update UserGuide.adoc",
            "messageBody": "",
            "insertions": 1,
            "deletions": 1
          },
          {
            "hash": "2321d3e3e381e4052b49c54e5cbcbb06b221dc19",
            "messageTitle": "Update UserGuide.adoc",
            "messageBody": "",
            "insertions": 22,
            "deletions": 12
          }
        ]
      },
      {
        "insertions": 274,
        "deletions": 114,
        "date": "2019-09-27",
        "commitResults": [
          {
            "hash": "bc4a61f34fc4f73116c31f260c9ca44b3619ff25",
            "messageTitle": "Update AboutUs.adoc",
            "messageBody": "",
            "insertions": 7,
            "deletions": 15
          },
          {
            "hash": "93f77b14fef0525962f91ea083f33137dc4203c9",
            "messageTitle": "Update AboutUs.adoc",
            "messageBody": "",
            "insertions": 1,
            "deletions": 1
          },
          {
            "hash": "56f150e9077cbb692170bbcb1e011d91173e20c5",
            "messageTitle": "Update AboutUs.adoc",
            "messageBody": "",
            "insertions": 1,
            "deletions": 1
          },
          {
            "hash": "0d57ebec31a9aec903bea9b7f8b9ce551f451036",
            "messageTitle": "Update AboutUs.adoc",
            "messageBody": "",
            "insertions": 3,
            "deletions": 2
          },
          {
            "hash": "086748ecb1e7a6f216bb706f7a7e65d260d339cc",
            "messageTitle": "Update AboutUs.adoc",
            "messageBody": "",
            "insertions": 1,
            "deletions": 1
          },
          {
            "hash": "781d795d26473d8117e12996edaa83cc514ed870",
            "messageTitle": "Update AboutUs.adoc",
            "messageBody": "",
            "insertions": 1,
            "deletions": 1
          },
          {
            "hash": "fbf301fc751978d5bfd4f1925a850143f62b37b2",
            "messageTitle": "Update UserGuide.adoc",
            "messageBody": "",
            "insertions": 18,
            "deletions": 33
          },
          {
            "hash": "64e8ff268ea9417e4a08291758cb1c92ebafcf08",
            "messageTitle": "Updated User Guide",
            "messageBody": "With features that should be revised or implemented",
            "insertions": 233,
            "deletions": 52
          },
          {
            "hash": "4d6f5350f21769bb0822c6352743dffcab3447ee",
            "messageTitle": "Update UserGuide.adoc",
            "messageBody": "",
            "insertions": 4,
            "deletions": 5
          },
          {
            "hash": "af04efdb057a7f014688dc625276765a0d8a9476",
            "messageTitle": "Initial update of README",
            "messageBody": "",
            "insertions": 3,
            "deletions": 2
          },
          {
            "hash": "ba779af6f90794ea7cceedb1321faf158172fb09",
            "messageTitle": "Update README.adoc",
            "messageBody": "",
            "insertions": 2,
            "deletions": 1
          }
        ]
      },
      {
        "insertions": 150,
        "deletions": 80,
        "date": "2019-10-02",
        "commitResults": [
          {
            "hash": "cc5af3483b9c852f4595a90513f9021cd55671fc",
            "messageTitle": "Update AboutUs.adoc",
            "messageBody": "",
            "insertions": 2,
            "deletions": 3
          },
          {
            "hash": "ec5447ae7beef6ac0702e1b45e332f622c5f44a6",
            "messageTitle": "Update AboutUs.adoc",
            "messageBody": "",
            "insertions": 1,
            "deletions": 1
          },
          {
            "hash": "9775b5c175b8964866fc293e42d38543e33bc2be",
            "messageTitle": "Update AboutUs.adoc",
            "messageBody": "",
            "insertions": 1,
            "deletions": 1
          },
          {
            "hash": "55ef96614346e7e454711a74950494190d74ee29",
            "messageTitle": "Update AboutUs.adoc",
            "messageBody": "",
            "insertions": 1,
            "deletions": 1
          },
          {
            "hash": "92aebb4f7c0c1dcaa8bb16db3bf5dfd3722ac52c",
            "messageTitle": "Update AboutUs.adoc",
            "messageBody": "",
            "insertions": 1,
            "deletions": 1
          },
          {
            "hash": "425832166f7a6ef5fb637ae4b8827fc9a684f24c",
            "messageTitle": "Update AboutUs.adoc",
            "messageBody": "",
            "insertions": 1,
            "deletions": 1
          },
          {
            "hash": "9c900e1ce69c333aa1ac289f7ce05c47bca3c125",
            "messageTitle": "Update AboutUs.adoc",
            "messageBody": "",
            "insertions": 1,
            "deletions": 1
          },
          {
            "hash": "f2faebdf221b00264e6fe13ed20e2cf6e2b38d2c",
            "messageTitle": "Update AboutUs.adoc",
            "messageBody": "",
            "insertions": 1,
            "deletions": 1
          },
          {
            "hash": "68d4c659ecd9be215eff290dc0f124bae3dfa36b",
            "messageTitle": "Update AboutUs.adoc",
            "messageBody": "",
            "insertions": 1,
            "deletions": 1
          },
          {
            "hash": "6f9d9d2a5c55ccde20a452ba496f2ce425becccd",
            "messageTitle": "Created lawncegoh.adoc",
            "messageBody": "",
            "insertions": 72,
            "deletions": 0
          },
          {
            "hash": "f1b5318fad5e38052d0512f97884a8319f3c3fa8",
            "messageTitle": "Update AboutUs.adoc",
            "messageBody": "",
            "insertions": 1,
            "deletions": 1
          },
          {
            "hash": "8fe285154fd996dff8ba8053a76f2e64b11c70ab",
            "messageTitle": "Update lawncegoh.adoc",
            "messageBody": "",
            "insertions": 1,
            "deletions": 1
          },
          {
            "hash": "61a3923221cb68205b67d9bf47083de0283d4bb0",
            "messageTitle": "Update AboutUs.adoc",
            "messageBody": "",
            "insertions": 2,
            "deletions": 2
          },
          {
            "hash": "9ee6f6aef2d52c7d558381f3edd55e922703e674",
            "messageTitle": "Update AboutUs.adoc",
            "messageBody": "",
            "insertions": 1,
            "deletions": 1
          },
          {
            "hash": "e0202c24a5f8be36651c3a9e62f600d9636e0472",
            "messageTitle": "Update lawncegoh.adoc",
            "messageBody": "",
            "insertions": 1,
            "deletions": 1
          },
          {
            "hash": "a8b7505b93d6694da994bca6d69f7c347f2f407f",
            "messageTitle": "Update lawncegoh.adoc",
            "messageBody": "",
            "insertions": 1,
            "deletions": 1
          },
          {
            "hash": "4f1a08b49f8193b8df104dff7a04a24af9ca2055",
            "messageTitle": "Update lawncegoh.adoc",
            "messageBody": "",
            "insertions": 1,
            "deletions": 1
          },
          {
            "hash": "a57a0fcc57697dabfe21de8bae7dde158751d43b",
            "messageTitle": "Update README.adoc",
            "messageBody": "",
            "insertions": 1,
            "deletions": 5
          },
          {
            "hash": "39e4a61cdb6508347f5a5f95e6b9944909f7ef21",
            "messageTitle": "Update README.adoc",
            "messageBody": "",
            "insertions": 1,
            "deletions": 1
          },
          {
            "hash": "22ecfaeae82eec2613d0c29b244aec6e412b61d8",
            "messageTitle": "Update README.adoc",
            "messageBody": "",
            "insertions": 1,
            "deletions": 1
          },
          {
            "hash": "0cabf1a3daf9d4cc32bcd2835cafbdce37403de4",
            "messageTitle": "Update README.adoc",
            "messageBody": "",
            "insertions": 3,
            "deletions": 0
          },
          {
            "hash": "a3f78ceb4b9b3bd6453fdfc7636494fe750ba7dd",
            "messageTitle": "Update README.adoc",
            "messageBody": "",
            "insertions": 1,
            "deletions": 1
          },
          {
            "hash": "1ff8c00eb2881b90b54546dbe4287051697b5101",
            "messageTitle": "Update UserGuide.adoc",
            "messageBody": "",
            "insertions": 3,
            "deletions": 3
          },
          {
            "hash": "6e9ef884274e09ff2cf4b188819893cc8f53d796",
            "messageTitle": "Update DeveloperGuide.adoc",
            "messageBody": "",
            "insertions": 4,
            "deletions": 4
          },
          {
            "hash": "9d943c7c92f8d12be7f39ce7f2b6edf1c944e259",
            "messageTitle": "Update README.adoc",
            "messageBody": "",
            "insertions": 1,
            "deletions": 1
          },
          {
            "hash": "cbbfda7b90f214dbf6bea314dd753c53bd1be906",
            "messageTitle": "Added acknowledgement",
            "messageBody": "",
            "insertions": 2,
            "deletions": 2
          },
          {
            "hash": "4292511cbe189f8e87fd760c1cd74b6039fdd284",
            "messageTitle": "Rename README.adoc to README.md",
            "messageBody": "",
            "insertions": 0,
            "deletions": 37
          },
          {
            "hash": "e5d561a25d1511142ad2969bf2ed7b75af257a7c",
            "messageTitle": "Rename README.md to README.adoc",
            "messageBody": "",
            "insertions": 37,
            "deletions": 0
          },
          {
            "hash": "073bb5720ab33a44820e3a81b9b99c4f0132a7f7",
            "messageTitle": "Updates to docs",
            "messageBody": "",
            "insertions": 4,
            "deletions": 4
          },
          {
            "hash": "b74aa5cc3e79991d11a05802baba1a068e9a72d7",
            "messageTitle": "no message",
            "messageBody": "",
            "insertions": 1,
            "deletions": 1
          },
          {
            "hash": "b00f3a351852707dd2ffb35612060c44e871f281",
            "messageTitle": "Updates to docs",
            "messageBody": "",
            "insertions": 1,
            "deletions": 1
          }
        ]
      },
      {
        "insertions": 4,
        "deletions": 4,
        "date": "2019-10-03",
        "commitResults": [
          {
            "hash": "b13ef2e57876446203ed21dd8b16a92f81800d0a",
            "messageTitle": "Changing of particulars in contact me page",
            "messageBody": "",
            "insertions": 4,
            "deletions": 4
          }
        ]
      }
    ]
  },
  "authorFinalContributionMap": {
    "joshuaseetss": 360,
    "wangqinNick": 0,
    "weigenie": 227,
    "TanZhanMing": 59,
    "lawncegoh": 344
  },
  "authorFileTypeContributionMap": {
    "joshuaseetss": {
      "docs": 360,
      "tests": 0,
      "functional": 0
    },
    "wangqinNick": {
      "docs": 0,
      "tests": 0,
      "functional": 0
    },
    "weigenie": {
      "docs": 6,
      "tests": 0,
      "functional": 220,
      "other": 1
    },
    "TanZhanMing": {
      "docs": 57,
      "tests": 0,
      "functional": 0,
      "other": 2
    },
    "lawncegoh": {
      "docs": 341,
      "tests": 0,
      "functional": 3
    }
  },
  "authorContributionVariance": {
    "joshuaseetss": 7132.6943,
    "wangqinNick": 0.0,
    "weigenie": 1475.2529,
    "TanZhanMing": 300.8512,
    "lawncegoh": 6229.548
  },
  "authorDisplayNameMap": {
    "joshuaseetss": "CS2103T-W12-1 JOSHU ...  SUEN",
    "wangqinNick": "CS2103T-W12-1 WANG  ... G QIN",
    "weigenie": "CS2103T-W12-1 LEE W ... I GEN",
    "TanZhanMing": "CS2103T-W12-1 TAN Z ...  MING",
    "lawncegoh": "CS2103T-W12-1 LAWNC ... A WEI"
  }
}
