{
  "authorDailyContributionsMap": {
    "chowyiwai": [
      {
        "insertions": 143,
        "deletions": 10,
        "date": "2019-09-22",
        "commitResults": [
          {
            "hash": "87fb75ab180e708b582a41548dc548b984e0eb8f",
            "messageTitle": "Add Data Management features to User Guide Modify repoURL, Introduction, Command Format",
            "messageBody": "",
            "insertions": 143,
            "deletions": 10
          }
        ]
      },
      {
        "insertions": 26,
        "deletions": 25,
        "date": "2019-09-26",
        "commitResults": [
          {
            "hash": "778e8393738cf9046ddc8594ca046c9158d147c7",
            "messageTitle": "Update AboutUs.adoc",
            "messageBody": "",
            "insertions": 26,
            "deletions": 25
          }
        ]
      },
      {
        "insertions": 35,
        "deletions": 15,
        "date": "2019-09-27",
        "commitResults": [
          {
            "hash": "bda8241ac6a699c615107fe680055687066cfa1c",
            "messageTitle": "Update User Guide (Group commands under Data classication and management)",
            "messageBody": "",
            "insertions": 35,
            "deletions": 15
          }
        ]
      },
      {
        "insertions": 399,
        "deletions": 95,
        "date": "2019-10-01",
        "commitResults": [
          {
            "hash": "9b9eac9e7970b8cabcadd6175be140273caef5d8",
            "messageTitle": "Refactor Tag Class. Change Tag class to an interface. Add Default Enum, DefaultTag, TagList and UserTag.",
            "messageBody": "",
            "insertions": 399,
            "deletions": 95
          }
        ]
      },
      {
        "insertions": 38,
        "deletions": 5,
        "date": "2019-10-04",
        "commitResults": [
          {
            "hash": "678980cc12390524d39a7d3d082f8b0c5f106b64",
            "messageTitle": "Change exception in TagList Add CreateTagCommand",
            "messageBody": "",
            "insertions": 38,
            "deletions": 5
          }
        ]
      },
      {
        "insertions": 331,
        "deletions": 174,
        "date": "2019-10-05",
        "commitResults": [
          {
            "hash": "0606cdb054f8366213f13dfdf5f7e3deae859749",
            "messageTitle": "Add UniqueTagList class, which also has a hashmap linking the tag names to the actual tags.",
            "messageBody": "",
            "insertions": 249,
            "deletions": 138
          },
          {
            "hash": "eedea3c38f691ed8afd8c4d51ce683355f1cb3a1",
            "messageTitle": "Add DefaultTagTypes primary and elective",
            "messageBody": "",
            "insertions": 7,
            "deletions": 5
          },
          {
            "hash": "fd1e836100348ce3d2ff64b7277327f896681b1c",
            "messageTitle": "Update UG to include extra default tags.",
            "messageBody": "",
            "insertions": 9,
            "deletions": 5
          },
          {
            "hash": "80ca3c600005eea259f2e3d0eba7af39f71b5049",
            "messageTitle": "Add temporary holder CommandResult for execute method. Needs to be implemented.",
            "messageBody": "",
            "insertions": 20,
            "deletions": 1
          },
          {
            "hash": "2c3fa04ac670122dbe6d0b153047f7b7854cddaa",
            "messageTitle": "Add DuplicateTagException and TagNotFoundException",
            "messageBody": "",
            "insertions": 36,
            "deletions": 20
          },
          {
            "hash": "3c464cc238f0d622d9001207e5aafc21c739e31f",
            "messageTitle": "Fix some checkstyle issues.",
            "messageBody": "",
            "insertions": 10,
            "deletions": 5
          }
        ]
      }
    ],
    "andyylam": [
      {
        "insertions": 2,
        "deletions": 6,
        "date": "2019-09-11",
        "commitResults": [
          {
            "hash": "3ddd422c60279a7762807a1b3889d565aa0c440e",
            "messageTitle": "Update README.adoc",
            "messageBody": "",
            "insertions": 1,
            "deletions": 5
          },
          {
            "hash": "33778fe16cb3d1b31ef0d3e5b86007edf66cf06b",
            "messageTitle": "Update README.adoc",
            "messageBody": "",
            "insertions": 1,
            "deletions": 1
          }
        ]
      },
      {
        "insertions": 1,
        "deletions": 0,
        "date": "2019-09-20",
        "commitResults": [
          {
            "hash": "a0670024f9b7f760c610579f1acac66e84e7083d",
            "messageTitle": "Added Codacy badge",
            "messageBody": "",
            "insertions": 1,
            "deletions": 0
          }
        ]
      },
      {
        "insertions": 65,
        "deletions": 117,
        "date": "2019-09-25",
        "commitResults": [
          {
            "hash": "c5b1f7c5efaea32b10a2d092d7afe0a078da29b4",
            "messageTitle": "Add Introduction, Quick Start and Command Line Interface features to UG",
            "messageBody": "",
            "insertions": 58,
            "deletions": 115
          },
          {
            "hash": "cf76aca9794934ea41d1253c08d2cd6e40dc6a92",
            "messageTitle": "Changed ContactUs doc",
            "messageBody": "",
            "insertions": 1,
            "deletions": 1
          },
          {
            "hash": "0563c7c219dc50dcac542f90f86fd7cf2ea1bc36",
            "messageTitle": "Add value proposition to DG",
            "messageBody": "",
            "insertions": 6,
            "deletions": 1
          }
        ]
      },
      {
        "insertions": 418,
        "deletions": 353,
        "date": "2019-09-27",
        "commitResults": [
          {
            "hash": "49bafae2868ed64848cca367c9b8a5ace5c1f423",
            "messageTitle": "Revert \"Tutorial adding command\"",
            "messageBody": "",
            "insertions": 18,
            "deletions": 259
          },
          {
            "hash": "c0e322b4f9339caa95c5b526c00225f4a779b668",
            "messageTitle": "Fix ascii doctor warnings",
            "messageBody": "",
            "insertions": 186,
            "deletions": 2
          },
          {
            "hash": "45259401d575fbd73c7fdbc57b2f149bd48504f6",
            "messageTitle": "Fix mistakes in UserGuide",
            "messageBody": "",
            "insertions": 6,
            "deletions": 6
          },
          {
            "hash": "10ecff339d4254ac285ba8e6aa174d5e08aaf820",
            "messageTitle": "Fix checkstyle",
            "messageBody": "",
            "insertions": 3,
            "deletions": 3
          },
          {
            "hash": "0c17dbca7615480670af98942a2dd7111010e1b8",
            "messageTitle": "Fix checkstyle and remove travis",
            "messageBody": "",
            "insertions": 3,
            "deletions": 2
          },
          {
            "hash": "27949f8f663d365c488a98171edca8721b6977e7",
            "messageTitle": "Added use cases",
            "messageBody": "",
            "insertions": 112,
            "deletions": 12
          },
          {
            "hash": "3a6d25999f19f386ee9870e45819b2d1c290d999",
            "messageTitle": "Added user stories, use case, NFR, target user profile to Developer\u0027s Guide",
            "messageBody": "",
            "insertions": 90,
            "deletions": 69
          }
        ]
      },
      {
        "insertions": 509,
        "deletions": 94,
        "date": "2019-09-28",
        "commitResults": [
          {
            "hash": "2e7cd13baf2f741b01a8f0749616c324b581f3ad",
            "messageTitle": "Added ModuleCode class for Module",
            "messageBody": "",
            "insertions": 185,
            "deletions": 3
          },
          {
            "hash": "5dbfffe0af469744d10cbbbe926415433de532ac",
            "messageTitle": "Completed model for Module",
            "messageBody": "",
            "insertions": 79,
            "deletions": 45
          },
          {
            "hash": "f04b0b44caa856a13ae700120040a4983957852e",
            "messageTitle": "Added UniqueModuleList - for use in Semester module",
            "messageBody": "",
            "insertions": 180,
            "deletions": 16
          },
          {
            "hash": "08f16b1e9e8dbb7a504ea70d901788fe484b037d",
            "messageTitle": "Added prerequisites, MC count attributes to Module class",
            "messageBody": "",
            "insertions": 34,
            "deletions": 4
          },
          {
            "hash": "5df325eba6148c361f622c795cad51841945f3b6",
            "messageTitle": "Fix checkstyles",
            "messageBody": "",
            "insertions": 31,
            "deletions": 26
          }
        ]
      }
    ],
    "LiuZechu": [
      {
        "insertions": 191,
        "deletions": 5,
        "date": "2019-09-25",
        "commitResults": [
          {
            "hash": "58899600efc16d3be97f4672cb1b88979e584dd4",
            "messageTitle": "Add Glossary to Developer Guide",
            "messageBody": "",
            "insertions": 191,
            "deletions": 5
          }
        ]
      },
      {
        "insertions": 119,
        "deletions": 14,
        "date": "2019-09-28",
        "commitResults": [
          {
            "hash": "8610cd136290ffff868f63cae9ceae812af71969",
            "messageTitle": "Add storage features to User Guide",
            "messageBody": "",
            "insertions": 89,
            "deletions": 1
          },
          {
            "hash": "62fefb7d8178fd160d31fa6cc0dd31053c466825",
            "messageTitle": "minor update",
            "messageBody": "",
            "insertions": 1,
            "deletions": 1
          },
          {
            "hash": "56cdf7d3f9c509689c1a81f8be7665d8a51a783b",
            "messageTitle": "Solve issues with display of unordered list in storage segment of UG",
            "messageBody": "",
            "insertions": 13,
            "deletions": 2
          },
          {
            "hash": "b5f37840f2be74fa801b404847a79db35bfbd3ab",
            "messageTitle": "minor updates to UG",
            "messageBody": "",
            "insertions": 4,
            "deletions": 4
          },
          {
            "hash": "0e6d1f2123596852fe2605d854e12a00cdf19990",
            "messageTitle": "minor updates to UG",
            "messageBody": "",
            "insertions": 11,
            "deletions": 5
          },
          {
            "hash": "9382dafd6bbb25d9b7661f56664b9f86e13abeb5",
            "messageTitle": "minor updates to UG",
            "messageBody": "",
            "insertions": 1,
            "deletions": 1
          }
        ]
      },
      {
        "insertions": 1,
        "deletions": 1,
        "date": "2019-10-01",
        "commitResults": [
          {
            "hash": "7b017f2349a32356abfed53fd64edd81f5b0ffa4",
            "messageTitle": "minor updates",
            "messageBody": "",
            "insertions": 1,
            "deletions": 1
          }
        ]
      },
      {
        "insertions": 1564,
        "deletions": 187,
        "date": "2019-10-02",
        "commitResults": [
          {
            "hash": "2047b3c99d890fec77a42eabb18872192b7421ec",
            "messageTitle": "Add models for StudyPlan and version tracking. Add skeleton models for Semester and related classes but they lack concrete implementation as of now",
            "messageBody": "",
            "insertions": 208,
            "deletions": 0
          },
          {
            "hash": "a1077c6e8fc5040f9b6303b83c0ccc50c985fb6d",
            "messageTitle": "Refactor storage and add Module Planner model",
            "messageBody": "",
            "insertions": 667,
            "deletions": 6
          },
          {
            "hash": "2c9ced6c129ec8265433a2426cb0247f557f7c82",
            "messageTitle": "further refactoring of module",
            "messageBody": "",
            "insertions": 527,
            "deletions": 67
          },
          {
            "hash": "c2f325267c44c271d727d6de85eae93cecf4df72",
            "messageTitle": "Fix build problems and fix checkstyle",
            "messageBody": "",
            "insertions": 162,
            "deletions": 114
          }
        ]
      },
      {
        "insertions": 151,
        "deletions": 341,
        "date": "2019-10-06",
        "commitResults": [
          {
            "hash": "c73ee5740b008bea5197224c5253448936dc6d90",
            "messageTitle": "Revert \"Modified tag model\"",
            "messageBody": "",
            "insertions": 151,
            "deletions": 341
          }
        ]
      }
    ],
    "yaaanch": [
      {
        "insertions": 28,
        "deletions": 1,
        "date": "2019-09-28",
        "commitResults": [
          {
            "hash": "ed239bc784ae14148cb19e6b14c68555fdb46f1b",
            "messageTitle": "Add Help and handling the GUI to userguide",
            "messageBody": "",
            "insertions": 28,
            "deletions": 1
          }
        ]
      },
      {
        "insertions": 89,
        "deletions": 2,
        "date": "2019-10-02",
        "commitResults": [
          {
            "hash": "b38ed7a3742ad3ea255cead7dd76a76d91fa7144",
            "messageTitle": "Add Semester and SemesterName",
            "messageBody": "",
            "insertions": 54,
            "deletions": 0
          },
          {
            "hash": "91301299006833ce42e3176b691d1ebf1b70c297",
            "messageTitle": "Add getMcCount to Semester",
            "messageBody": "",
            "insertions": 8,
            "deletions": 2
          },
          {
            "hash": "88c79a2c277b9fcc16b46a9b8a944153d5fbee97",
            "messageTitle": "Add module functions to semester",
            "messageBody": "",
            "insertions": 18,
            "deletions": 0
          },
          {
            "hash": "b7cbc649e964b6a2bb66383098a42b104b9ffa37",
            "messageTitle": "Add expanded flag to Semester",
            "messageBody": "",
            "insertions": 9,
            "deletions": 0
          }
        ]
      }
    ],
    "halfwhole": [
      {
        "insertions": 279,
        "deletions": 250,
        "date": "2019-09-26",
        "commitResults": [
          {
            "hash": "6480f97d5372a898d9d1be8d013acd7249840fa4",
            "messageTitle": "Add remark command",
            "messageBody": "",
            "insertions": 256,
            "deletions": 18
          },
          {
            "hash": "f88b64722a15397c8c90454dfd9815a43e0bef08",
            "messageTitle": "Fix travis and code quality tests",
            "messageBody": "",
            "insertions": 6,
            "deletions": 3
          },
          {
            "hash": "aeb9af4055cd3e41f2b657860a36cb316d45627b",
            "messageTitle": "Update README.adoc",
            "messageBody": "",
            "insertions": 7,
            "deletions": 223
          },
          {
            "hash": "a34c026984c0bf8c842782f4a15c955270c89bc4",
            "messageTitle": "Change readme description",
            "messageBody": "",
            "insertions": 10,
            "deletions": 6
          }
        ]
      },
      {
        "insertions": 528,
        "deletions": 28,
        "date": "2019-09-28",
        "commitResults": [
          {
            "hash": "07cfadec8509eb629909f3292dd1ac01b48ba92a",
            "messageTitle": "Update verification section of user guide",
            "messageBody": "",
            "insertions": 25,
            "deletions": 0
          },
          {
            "hash": "0eab7681e8d6e6eb55276906fc696fc9c836a41f",
            "messageTitle": "Add models and storage for reading modules information",
            "messageBody": "",
            "insertions": 126,
            "deletions": 3
          },
          {
            "hash": "37fd160247587f25e3d638390618231d63bec51e",
            "messageTitle": "Read JSON module information into ModulesInfo",
            "messageBody": "",
            "insertions": 53,
            "deletions": 6
          },
          {
            "hash": "6e1a2c9a53b79c3c1de6ddea2e4ea73952a39fa5",
            "messageTitle": "Add tests for modules information",
            "messageBody": "",
            "insertions": 124,
            "deletions": 1
          },
          {
            "hash": "425b15ce3bcfb6fc7b2b95d0deadd57403132c22",
            "messageTitle": "Add parsing of prerequisite tree into modules information",
            "messageBody": "",
            "insertions": 114,
            "deletions": 1
          },
          {
            "hash": "14132635b5a7c5ba19a0bd0ebdfabbee6019e101",
            "messageTitle": "Add simple module prerequisite verification",
            "messageBody": "",
            "insertions": 86,
            "deletions": 17
          }
        ]
      },
      {
        "insertions": 79,
        "deletions": 0,
        "date": "2019-09-29",
        "commitResults": [
          {
            "hash": "5e8f02ec3e736e7966cf2daad60f00fc76a4fd33",
            "messageTitle": "Add check command",
            "messageBody": "",
            "insertions": 79,
            "deletions": 0
          }
        ]
      },
      {
        "insertions": 22,
        "deletions": 9,
        "date": "2019-10-03",
        "commitResults": [
          {
            "hash": "d0a57c3278e85929885ecde6967311764f521263",
            "messageTitle": "Add module information",
            "messageBody": "",
            "insertions": 22,
            "deletions": 9
          }
        ]
      },
      {
        "insertions": 203,
        "deletions": 57,
        "date": "2019-10-04",
        "commitResults": [
          {
            "hash": "87143a5848b1ce545276b6cacae9bae4e87c4ff1",
            "messageTitle": "Change ModuleInfo to use HashMap",
            "messageBody": "",
            "insertions": 39,
            "deletions": 29
          },
          {
            "hash": "82e40136fd5c3180db7df994a6b06c340f9bdb9e",
            "messageTitle": "Refactor tests for ModuleInfo",
            "messageBody": "",
            "insertions": 73,
            "deletions": 18
          },
          {
            "hash": "6b334784eedae663615636c5c3d19ead880f3b0e",
            "messageTitle": "Add tests for ModuleInfo and ModulesInfo",
            "messageBody": "",
            "insertions": 72,
            "deletions": 0
          },
          {
            "hash": "456c6a8cacdc874d683bb83018b829085d12bf68",
            "messageTitle": "Add verify method for ModulesInfo",
            "messageBody": "",
            "insertions": 19,
            "deletions": 10
          }
        ]
      }
    ]
  },
  "authorFinalContributionMap": {
    "chowyiwai": 433,
    "andyylam": 851,
    "LiuZechu": 1804,
    "yaaanch": 111,
    "halfwhole": 754
  },
  "authorFileTypeContributionMap": {
    "chowyiwai": {
      "docs": 165,
      "tests": 24,
      "functional": 244
    },
    "andyylam": {
      "docs": 246,
      "tests": 0,
      "functional": 421,
      "other": 184
    },
    "LiuZechu": {
      "docs": 291,
      "tests": 18,
      "functional": 1495
    },
    "yaaanch": {
      "docs": 24,
      "tests": 0,
      "functional": 87
    },
    "halfwhole": {
      "docs": 35,
      "tests": 191,
      "functional": 528
    }
  },
  "authorContributionVariance": {
    "chowyiwai": 15330.284,
    "andyylam": 29426.83,
    "LiuZechu": 101627.38,
    "yaaanch": 279.27368,
    "halfwhole": 19209.287
  },
  "authorDisplayNameMap": {
    "chowyiwai": "CS2103-F09-3 CHOW  ... I WAI",
    "andyylam": "CS2103-F09-3 ANDY  ... K WEE",
    "LiuZechu": "CS2103-F09-3 LIU Z ... ZECHU",
    "yaaanch": "CS2103-F09-3 ONG Y ...  CHUN",
    "halfwhole": "CS2103-F09-3 LIM Z ... I WEI"
  }
}
