{
  "authorDailyContributionsMap": {
    "chowyiwai": [
      {
        "insertions": 143,
        "deletions": 10,
        "date": "2019-09-22",
        "commitResults": [
          {
            "hash": "87fb75ab180e708b582a41548dc548b984e0eb8f",
            "messageTitle": "Add Data Management features to User Guide Modify repoURL, Introduction, Command Format",
            "messageBody": "",
            "insertions": 143,
            "deletions": 10
          }
        ]
      },
      {
        "insertions": 26,
        "deletions": 25,
        "date": "2019-09-26",
        "commitResults": [
          {
            "hash": "778e8393738cf9046ddc8594ca046c9158d147c7",
            "messageTitle": "Update AboutUs.adoc",
            "messageBody": "",
            "insertions": 26,
            "deletions": 25
          }
        ]
      },
      {
        "insertions": 35,
        "deletions": 15,
        "date": "2019-09-27",
        "commitResults": [
          {
            "hash": "bda8241ac6a699c615107fe680055687066cfa1c",
            "messageTitle": "Update User Guide (Group commands under Data classication and management)",
            "messageBody": "",
            "insertions": 35,
            "deletions": 15
          }
        ]
      },
      {
        "insertions": 399,
        "deletions": 95,
        "date": "2019-10-01",
        "commitResults": [
          {
            "hash": "9b9eac9e7970b8cabcadd6175be140273caef5d8",
            "messageTitle": "Refactor Tag Class. Change Tag class to an interface. Add Default Enum, DefaultTag, TagList and UserTag.",
            "messageBody": "",
            "insertions": 399,
            "deletions": 95
          }
        ]
      },
      {
        "insertions": 1951,
        "deletions": 3648,
        "date": "2019-10-04",
        "commitResults": [
          {
            "hash": "678980cc12390524d39a7d3d082f8b0c5f106b64",
            "messageTitle": "Change exception in TagList Add CreateTagCommand",
            "messageBody": "",
            "insertions": 38,
            "deletions": 5
          },
          {
            "hash": "7fe16746b817b249690bc28a4327ab8f13ac290d",
            "messageTitle": "Basic refactoring of Person and AddressBook classes to StudyPlan and ModulePlanner. Still have occurrences of Person in classes that are not intended to be used.",
            "messageBody": "",
            "insertions": 1656,
            "deletions": 1704
          },
          {
            "hash": "2d001f638d5ca8e2b997e70c9407b848107d3bdf",
            "messageTitle": "More refactoring of Person and Address Book classes. Delete Name, Email, Address, Phone classes under package person and delete corresponding test classes.",
            "messageBody": "",
            "insertions": 257,
            "deletions": 1939
          }
        ]
      },
      {
        "insertions": 331,
        "deletions": 174,
        "date": "2019-10-05",
        "commitResults": [
          {
            "hash": "0606cdb054f8366213f13dfdf5f7e3deae859749",
            "messageTitle": "Add UniqueTagList class, which also has a hashmap linking the tag names to the actual tags.",
            "messageBody": "",
            "insertions": 249,
            "deletions": 138
          },
          {
            "hash": "eedea3c38f691ed8afd8c4d51ce683355f1cb3a1",
            "messageTitle": "Add DefaultTagTypes primary and elective",
            "messageBody": "",
            "insertions": 7,
            "deletions": 5
          },
          {
            "hash": "fd1e836100348ce3d2ff64b7277327f896681b1c",
            "messageTitle": "Update UG to include extra default tags.",
            "messageBody": "",
            "insertions": 9,
            "deletions": 5
          },
          {
            "hash": "80ca3c600005eea259f2e3d0eba7af39f71b5049",
            "messageTitle": "Add temporary holder CommandResult for execute method. Needs to be implemented.",
            "messageBody": "",
            "insertions": 20,
            "deletions": 1
          },
          {
            "hash": "2c3fa04ac670122dbe6d0b153047f7b7854cddaa",
            "messageTitle": "Add DuplicateTagException and TagNotFoundException",
            "messageBody": "",
            "insertions": 36,
            "deletions": 20
          },
          {
            "hash": "3c464cc238f0d622d9001207e5aafc21c739e31f",
            "messageTitle": "Fix some checkstyle issues.",
            "messageBody": "",
            "insertions": 10,
            "deletions": 5
          }
        ]
      },
      {
        "insertions": 452,
        "deletions": 23,
        "date": "2019-10-10",
        "commitResults": [
          {
            "hash": "032260058fc878de9ba7b39f49607e28e7907a9e",
            "messageTitle": "Create more tag-related exceptions Add AddTagCommand",
            "messageBody": "",
            "insertions": 123,
            "deletions": 15
          },
          {
            "hash": "61651e746210ebac6e46029545a839dba693f4c5",
            "messageTitle": "Add tag commands to (1) view all tags, (2) view default tags, (3) view modules with specific tags, (4) view tags of a specific module",
            "messageBody": "",
            "insertions": 316,
            "deletions": 7
          },
          {
            "hash": "20b591006b1478220d18c350df6578c5b16d1c3b",
            "messageTitle": "Fix checkstyle issues.",
            "messageBody": "",
            "insertions": 13,
            "deletions": 1
          }
        ]
      },
      {
        "insertions": 83,
        "deletions": 41,
        "date": "2019-10-12",
        "commitResults": [
          {
            "hash": "2977c3786a2a1de16f61d6b3a63a37dc483a380e",
            "messageTitle": "Modify StudyPlan constructor (Assign default tags)",
            "messageBody": "",
            "insertions": 83,
            "deletions": 41
          }
        ]
      },
      {
        "insertions": 624,
        "deletions": 361,
        "date": "2019-10-13",
        "commitResults": [
          {
            "hash": "9d3be21046b4df33ec058cf9b40277f12a95ae93",
            "messageTitle": "Remove SemesterNameComparator",
            "messageBody": "",
            "insertions": 8,
            "deletions": 32
          },
          {
            "hash": "becbf41fa590adf6de59c5aea2230132f9baeb48",
            "messageTitle": "Edit CreateTagCommand",
            "messageBody": "",
            "insertions": 1,
            "deletions": 1
          },
          {
            "hash": "854639b29e27b1883b2ea6b67ee338abffaff199",
            "messageTitle": "Contains reverted changes to tag commands and exceptions",
            "messageBody": "",
            "insertions": 12,
            "deletions": 10
          },
          {
            "hash": "fe09c521df0f53c46109f3839a6fd4080722fac8",
            "messageTitle": "Modify tag commands",
            "messageBody": "",
            "insertions": 37,
            "deletions": 33
          },
          {
            "hash": "3cd04b224f2283be88e6d7779862560e9cc4984e",
            "messageTitle": "Modify tag classes",
            "messageBody": "",
            "insertions": 19,
            "deletions": 9
          },
          {
            "hash": "2b103478f01090e10ef8556d88471ae42d359fde",
            "messageTitle": "Modify user guide to match changes in DefaultTagType",
            "messageBody": "",
            "insertions": 4,
            "deletions": 4
          },
          {
            "hash": "5300259c366a261844975e7b3dc9c52b6124c86c",
            "messageTitle": "Update StudyPlan constructor (assign default tags - incomplete) Still have to add core, ue, ulr tags",
            "messageBody": "",
            "insertions": 2,
            "deletions": 0
          },
          {
            "hash": "0c5d5cdd6cbda385b436e93db96a33fab4ac58db",
            "messageTitle": "Modify Duplicate Tag Exception",
            "messageBody": "",
            "insertions": 1,
            "deletions": 1
          },
          {
            "hash": "62fd44f1afaf1d2bb0831ef51ad5f4d53bdf5320",
            "messageTitle": "Temporarily remove (commented out) failing tests",
            "messageBody": "",
            "insertions": 162,
            "deletions": 127
          },
          {
            "hash": "e83464d3e509291b935934c3a585fae6fd2be1c8",
            "messageTitle": "Fix all checkstyle issues including in tests",
            "messageBody": "",
            "insertions": 199,
            "deletions": 126
          },
          {
            "hash": "755a6e304692f3e27df2e99150c513623e68e9b9",
            "messageTitle": "Add RemoveTagCommand",
            "messageBody": "",
            "insertions": 179,
            "deletions": 18
          }
        ]
      },
      {
        "insertions": 141,
        "deletions": 45,
        "date": "2019-10-14",
        "commitResults": [
          {
            "hash": "5bd6c5067479182df30278b28480080311e24c4e",
            "messageTitle": "Made slight modifications to tag-related commands and classes",
            "messageBody": "",
            "insertions": 13,
            "deletions": 17
          },
          {
            "hash": "ae9e19211e0aee885f509dec26718ee6fecfe537",
            "messageTitle": "Modify InvalidTagNameException to take in a message instead of having a fixed message",
            "messageBody": "",
            "insertions": 2,
            "deletions": 2
          },
          {
            "hash": "6798217002d16bc96f509f20c5270e92aff5649b",
            "messageTitle": "Add UserTag test and TagBuilder to be used for tests",
            "messageBody": "",
            "insertions": 126,
            "deletions": 26
          }
        ]
      },
      {
        "insertions": 1112,
        "deletions": 641,
        "date": "2019-10-15",
        "commitResults": [
          {
            "hash": "575d25ac2546d8c0a8cd3166ee55d70fba80e227",
            "messageTitle": "Modify tag parser and modify CreateTagCommand and TagModuleCommand to work with corresponding parsers",
            "messageBody": "",
            "insertions": 184,
            "deletions": 147
          },
          {
            "hash": "5f2ed20f785eef4e60e91040f94570985272c09b",
            "messageTitle": "Remove/fixed more tests",
            "messageBody": "",
            "insertions": 45,
            "deletions": 27
          },
          {
            "hash": "f16229e14b60fef3a3e9fe989a10c03c059dc7b3",
            "messageTitle": "Fix some checkstyle issues",
            "messageBody": "",
            "insertions": 107,
            "deletions": 108
          },
          {
            "hash": "80dcda1de908ef7e67aa7e95db8d620dbc243126",
            "messageTitle": "Remove module code checking within commands and added RemoveTagModuleCommand and ViewModuleTagsCommand to ModulePlannerParser",
            "messageBody": "",
            "insertions": 178,
            "deletions": 205
          },
          {
            "hash": "eb49295aa94b28c15db38aab0f3d64e95e1b4fbb",
            "messageTitle": "Change UniqueTagList to check whether a tag with a given tag name is in the list and allow getting of tags using tag names. Add DeleteTagCommand",
            "messageBody": "",
            "insertions": 161,
            "deletions": 56
          },
          {
            "hash": "8aea7328af7efe10ac3b969f6dddf4a22a74548c",
            "messageTitle": "Add DefaultTagTest, UniqueTagListTest Modify commands based on modification to uniqueTagList implementation",
            "messageBody": "",
            "insertions": 417,
            "deletions": 79
          },
          {
            "hash": "f85c85f07b2aa2f861791329250900bd8ec90c12",
            "messageTitle": "Fix checkstyle issues",
            "messageBody": "",
            "insertions": 20,
            "deletions": 19
          }
        ]
      },
      {
        "insertions": 229,
        "deletions": 86,
        "date": "2019-10-16",
        "commitResults": [
          {
            "hash": "915113a06b38854792b9eed5cf7ba88c447f855f",
            "messageTitle": "Add RemoveTagFromAllCommand",
            "messageBody": "",
            "insertions": 130,
            "deletions": 53
          },
          {
            "hash": "a5a74653a29e0bb27bf76cbc81ee0659519599ae",
            "messageTitle": "Implement initial assigning of Completed DefaultTag to the study plan. Modify StudyPlan constructor to take in current semester Modify SetCurrentSemesterCommand to update modules in previous semesters to have completed tags",
            "messageBody": "",
            "insertions": 63,
            "deletions": 32
          },
          {
            "hash": "b2002f2e2cde88ad93f9edb90ce528e5469966ed",
            "messageTitle": "Fix checkstyle",
            "messageBody": "",
            "insertions": 36,
            "deletions": 1
          }
        ]
      },
      {
        "insertions": 324,
        "deletions": 98,
        "date": "2019-10-17",
        "commitResults": [
          {
            "hash": "5e07cf5763fcfd46e198da08cfbe46e2d0e19976",
            "messageTitle": "Add a test for CreateTagCommand (Incomplete)",
            "messageBody": "",
            "insertions": 297,
            "deletions": 81
          },
          {
            "hash": "3388814aa0365a965be1619163cd5699a65deb08",
            "messageTitle": "Fix checkstyle issues",
            "messageBody": "",
            "insertions": 11,
            "deletions": 10
          },
          {
            "hash": "958fddfe72172bfa80050fc53f0ea85c0f78a45e",
            "messageTitle": "Fix stub issues",
            "messageBody": "",
            "insertions": 11,
            "deletions": 0
          },
          {
            "hash": "dc7ca6eaa2aa278d7d443721d79d299ba850314f",
            "messageTitle": "Fix test",
            "messageBody": "",
            "insertions": 1,
            "deletions": 1
          },
          {
            "hash": "334318a0669a99fc6e54a52b449580554728a26b",
            "messageTitle": "Fix checkstyle issues",
            "messageBody": "",
            "insertions": 1,
            "deletions": 5
          },
          {
            "hash": "284c691cf59c63fb91fcfd05e299799497d3286c",
            "messageTitle": "Fix more checkstyle issues",
            "messageBody": "",
            "insertions": 3,
            "deletions": 1
          }
        ]
      },
      {
        "insertions": 1,
        "deletions": 1,
        "date": "2019-10-18",
        "commitResults": [
          {
            "hash": "b6edcfb3985e0e41bf154ac178b9b986aae8f718",
            "messageTitle": "Change TagModuleCommand.COMMAND_WORD to \"addtag\"",
            "messageBody": "",
            "insertions": 1,
            "deletions": 1
          }
        ]
      },
      {
        "insertions": 492,
        "deletions": 473,
        "date": "2019-10-19",
        "commitResults": [
          {
            "hash": "606b445d51fa1bc804e474bd869c46d242f5e7b7",
            "messageTitle": "Update UG Remove commands to view total completed mcs and prereq. Move validmods command to Verification section",
            "messageBody": "",
            "insertions": 8,
            "deletions": 24
          },
          {
            "hash": "78d0bf20e374c3746ddad9177164d85cf08bc4ff",
            "messageTitle": "Remove CreateTagCommand",
            "messageBody": "",
            "insertions": 3,
            "deletions": 125
          },
          {
            "hash": "876f02da0fe66776a9ca0d6f8b7717c687cbf957",
            "messageTitle": "Change implemention of previous tagging-related commands to minimise accessing methods of other classes aside from model.",
            "messageBody": "",
            "insertions": 192,
            "deletions": 201
          },
          {
            "hash": "3e9f1e136e6d6cee602037c8977a2dd0cc7e3e04",
            "messageTitle": "Update implementation for assigning of completed tags when a new currentsemester is set. Takes into account setting an earlier current semester (completed tags for later semesters are removed)",
            "messageBody": "",
            "insertions": 110,
            "deletions": 46
          },
          {
            "hash": "3df566044c7fe25dd6dd0cc0207a6dc3bcb5885f",
            "messageTitle": "Fix ModelStub and checkstyle issues.",
            "messageBody": "",
            "insertions": 117,
            "deletions": 27
          },
          {
            "hash": "3cc8c1904e83b9eaec5c88c9f6e188b20a92a9b5",
            "messageTitle": "Edit implementation for RenameTagCommand (not yet in Parser)",
            "messageBody": "",
            "insertions": 18,
            "deletions": 32
          },
          {
            "hash": "a6ccf2320199c673b85c3429732435449239e73e",
            "messageTitle": "Modify checking and usage of tag names to be case insensitive",
            "messageBody": "",
            "insertions": 22,
            "deletions": 14
          },
          {
            "hash": "c17f45bed4722de7567df14f2c390b35f54931f3",
            "messageTitle": "Modify ViewAllTagsCommand",
            "messageBody": "",
            "insertions": 22,
            "deletions": 4
          }
        ]
      }
    ],
    "andyylam": [
      {
        "insertions": 2,
        "deletions": 6,
        "date": "2019-09-11",
        "commitResults": [
          {
            "hash": "3ddd422c60279a7762807a1b3889d565aa0c440e",
            "messageTitle": "Update README.adoc",
            "messageBody": "",
            "insertions": 1,
            "deletions": 5
          },
          {
            "hash": "33778fe16cb3d1b31ef0d3e5b86007edf66cf06b",
            "messageTitle": "Update README.adoc",
            "messageBody": "",
            "insertions": 1,
            "deletions": 1
          }
        ]
      },
      {
        "insertions": 1,
        "deletions": 0,
        "date": "2019-09-20",
        "commitResults": [
          {
            "hash": "a0670024f9b7f760c610579f1acac66e84e7083d",
            "messageTitle": "Added Codacy badge",
            "messageBody": "",
            "insertions": 1,
            "deletions": 0
          }
        ]
      },
      {
        "insertions": 65,
        "deletions": 117,
        "date": "2019-09-25",
        "commitResults": [
          {
            "hash": "c5b1f7c5efaea32b10a2d092d7afe0a078da29b4",
            "messageTitle": "Add Introduction, Quick Start and Command Line Interface features to UG",
            "messageBody": "",
            "insertions": 58,
            "deletions": 115
          },
          {
            "hash": "cf76aca9794934ea41d1253c08d2cd6e40dc6a92",
            "messageTitle": "Changed ContactUs doc",
            "messageBody": "",
            "insertions": 1,
            "deletions": 1
          },
          {
            "hash": "0563c7c219dc50dcac542f90f86fd7cf2ea1bc36",
            "messageTitle": "Add value proposition to DG",
            "messageBody": "",
            "insertions": 6,
            "deletions": 1
          }
        ]
      },
      {
        "insertions": 418,
        "deletions": 353,
        "date": "2019-09-27",
        "commitResults": [
          {
            "hash": "49bafae2868ed64848cca367c9b8a5ace5c1f423",
            "messageTitle": "Revert \"Tutorial adding command\"",
            "messageBody": "",
            "insertions": 18,
            "deletions": 259
          },
          {
            "hash": "c0e322b4f9339caa95c5b526c00225f4a779b668",
            "messageTitle": "Fix ascii doctor warnings",
            "messageBody": "",
            "insertions": 186,
            "deletions": 2
          },
          {
            "hash": "45259401d575fbd73c7fdbc57b2f149bd48504f6",
            "messageTitle": "Fix mistakes in UserGuide",
            "messageBody": "",
            "insertions": 6,
            "deletions": 6
          },
          {
            "hash": "10ecff339d4254ac285ba8e6aa174d5e08aaf820",
            "messageTitle": "Fix checkstyle",
            "messageBody": "",
            "insertions": 3,
            "deletions": 3
          },
          {
            "hash": "0c17dbca7615480670af98942a2dd7111010e1b8",
            "messageTitle": "Fix checkstyle and remove travis",
            "messageBody": "",
            "insertions": 3,
            "deletions": 2
          },
          {
            "hash": "27949f8f663d365c488a98171edca8721b6977e7",
            "messageTitle": "Added use cases",
            "messageBody": "",
            "insertions": 112,
            "deletions": 12
          },
          {
            "hash": "3a6d25999f19f386ee9870e45819b2d1c290d999",
            "messageTitle": "Added user stories, use case, NFR, target user profile to Developer\u0027s Guide",
            "messageBody": "",
            "insertions": 90,
            "deletions": 69
          }
        ]
      },
      {
        "insertions": 509,
        "deletions": 94,
        "date": "2019-09-28",
        "commitResults": [
          {
            "hash": "2e7cd13baf2f741b01a8f0749616c324b581f3ad",
            "messageTitle": "Added ModuleCode class for Module",
            "messageBody": "",
            "insertions": 185,
            "deletions": 3
          },
          {
            "hash": "5dbfffe0af469744d10cbbbe926415433de532ac",
            "messageTitle": "Completed model for Module",
            "messageBody": "",
            "insertions": 79,
            "deletions": 45
          },
          {
            "hash": "f04b0b44caa856a13ae700120040a4983957852e",
            "messageTitle": "Added UniqueModuleList - for use in Semester module",
            "messageBody": "",
            "insertions": 180,
            "deletions": 16
          },
          {
            "hash": "08f16b1e9e8dbb7a504ea70d901788fe484b037d",
            "messageTitle": "Added prerequisites, MC count attributes to Module class",
            "messageBody": "",
            "insertions": 34,
            "deletions": 4
          },
          {
            "hash": "5df325eba6148c361f622c795cad51841945f3b6",
            "messageTitle": "Fix checkstyles",
            "messageBody": "",
            "insertions": 31,
            "deletions": 26
          }
        ]
      },
      {
        "insertions": 1072,
        "deletions": 214,
        "date": "2019-10-08",
        "commitResults": [
          {
            "hash": "e2b09a3409615214aef613932caafff55f338cce",
            "messageTitle": "Structure parsers into different folders, done CreateStudyPlanCommandParser",
            "messageBody": "",
            "insertions": 52,
            "deletions": 157
          },
          {
            "hash": "8ebf4b44b9c73f428cf4d08b74ac09d5f78827c5",
            "messageTitle": "Added all StorageParsers and GuiParsers",
            "messageBody": "",
            "insertions": 245,
            "deletions": 7
          },
          {
            "hash": "8de16fdda296488a882af49874298ebde9b686d9",
            "messageTitle": "Update ParseUtil to include ParseSemester and ParseModule",
            "messageBody": "",
            "insertions": 154,
            "deletions": 2
          },
          {
            "hash": "a34eba868a7d8e511525304ef09634263d0bd3b8",
            "messageTitle": "Added parsers for most of the commands, except for Tags",
            "messageBody": "",
            "insertions": 514,
            "deletions": 17
          },
          {
            "hash": "5b602669fbae0e2a8ec53259944f40b17b2a6dcc",
            "messageTitle": "Structure commands into packages",
            "messageBody": "",
            "insertions": 49,
            "deletions": 31
          },
          {
            "hash": "05f119da708ec7f194a87e00576653a5409dad6a",
            "messageTitle": "Add CommandHistory class in preparations for undo/redo",
            "messageBody": "",
            "insertions": 58,
            "deletions": 0
          }
        ]
      },
      {
        "insertions": 371,
        "deletions": 51,
        "date": "2019-10-09",
        "commitResults": [
          {
            "hash": "95c4cb340fb7532c5bd2309e6e34893e0646f43a",
            "messageTitle": "Added command implementation for CLI",
            "messageBody": "",
            "insertions": 28,
            "deletions": 29
          },
          {
            "hash": "b57b56636f116d4d021af445afbd36b3f4b94915",
            "messageTitle": "Implementations for CLI commands: AddModuleCommand, DeleteModuleCommand, SetCurrentSemesterCommand, BlockSemesterCommand, NameUEFromSemesterCommand",
            "messageBody": "",
            "insertions": 343,
            "deletions": 22
          }
        ]
      },
      {
        "insertions": 2630,
        "deletions": 1148,
        "date": "2019-10-13",
        "commitResults": [
          {
            "hash": "0e7be18959db2192a2e97444b1ceb518520384a4",
            "messageTitle": "Merge branch \u0027logic\u0027",
            "messageBody": "# Conflicts:\n#\tsrc/main/java/seedu/address/logic/commands/cli/DeleteModuleCommand.java\n#\tsrc/main/java/seedu/address/logic/commands/cli/NameUEFromSemesterCommand.java\n#\tsrc/main/java/seedu/address/logic/commands/cli/RedoCommand.java\n#\tsrc/main/java/seedu/address/logic/commands/cli/SetCurrentSemesterCommand.java\n#\tsrc/main/java/seedu/address/logic/commands/cli/UndoCommand.java\n#\tsrc/main/java/seedu/address/logic/parser/CheckCommandParser.java\n#\tsrc/main/java/seedu/address/logic/parser/ModulePlannerParser.java\n#\tsrc/main/java/seedu/address/model/Model.java\n#\tsrc/main/java/seedu/address/model/semester/Semester.java\n",
            "insertions": 1540,
            "deletions": 218
          },
          {
            "hash": "6345c3dbdb7c349c669cea5cde9bb76f732f0874",
            "messageTitle": "Refactor in Parsers and Commands",
            "messageBody": "",
            "insertions": 1069,
            "deletions": 895
          },
          {
            "hash": "17c1e1f0436b22b87e9c1605363386767381c29d",
            "messageTitle": "More refactoring",
            "messageBody": "",
            "insertions": 10,
            "deletions": 0
          },
          {
            "hash": "d938aba731ef6957063ddb7d93b44aaa2bab88fd",
            "messageTitle": "`addmodule` and `remove` Commands are now working but not saved to storage",
            "messageBody": "",
            "insertions": 11,
            "deletions": 35
          }
        ]
      },
      {
        "insertions": 622,
        "deletions": 524,
        "date": "2019-10-15",
        "commitResults": [
          {
            "hash": "e720cdf3d7de032c76b8b5bc506c41f0bfc0027e",
            "messageTitle": "Checkstyle fixes",
            "messageBody": "",
            "insertions": 570,
            "deletions": 508
          },
          {
            "hash": "e85aa790c1dad21b54df40940e1d354109b57687",
            "messageTitle": "More checkstyle fixes",
            "messageBody": "",
            "insertions": 49,
            "deletions": 14
          },
          {
            "hash": "aa88e3855b6943dc1f670d42f0f84d23fcc8ef58",
            "messageTitle": "Update README.adoc",
            "messageBody": "",
            "insertions": 2,
            "deletions": 1
          },
          {
            "hash": "f090df5ae4976b54c7734cee206a366f65504dd2",
            "messageTitle": "Update README.adoc",
            "messageBody": "",
            "insertions": 1,
            "deletions": 1
          }
        ]
      },
      {
        "insertions": 0,
        "deletions": 1,
        "date": "2019-10-16",
        "commitResults": [
          {
            "hash": "b018eb17526f97105946641f629fc26ac3fc131d",
            "messageTitle": "Update README.adoc",
            "messageBody": "",
            "insertions": 0,
            "deletions": 1
          }
        ]
      }
    ],
    "LiuZechu": [
      {
        "insertions": 191,
        "deletions": 5,
        "date": "2019-09-25",
        "commitResults": [
          {
            "hash": "58899600efc16d3be97f4672cb1b88979e584dd4",
            "messageTitle": "Add Glossary to Developer Guide",
            "messageBody": "",
            "insertions": 191,
            "deletions": 5
          }
        ]
      },
      {
        "insertions": 119,
        "deletions": 14,
        "date": "2019-09-28",
        "commitResults": [
          {
            "hash": "8610cd136290ffff868f63cae9ceae812af71969",
            "messageTitle": "Add storage features to User Guide",
            "messageBody": "",
            "insertions": 89,
            "deletions": 1
          },
          {
            "hash": "62fefb7d8178fd160d31fa6cc0dd31053c466825",
            "messageTitle": "minor update",
            "messageBody": "",
            "insertions": 1,
            "deletions": 1
          },
          {
            "hash": "56cdf7d3f9c509689c1a81f8be7665d8a51a783b",
            "messageTitle": "Solve issues with display of unordered list in storage segment of UG",
            "messageBody": "",
            "insertions": 13,
            "deletions": 2
          },
          {
            "hash": "b5f37840f2be74fa801b404847a79db35bfbd3ab",
            "messageTitle": "minor updates to UG",
            "messageBody": "",
            "insertions": 4,
            "deletions": 4
          },
          {
            "hash": "0e6d1f2123596852fe2605d854e12a00cdf19990",
            "messageTitle": "minor updates to UG",
            "messageBody": "",
            "insertions": 11,
            "deletions": 5
          },
          {
            "hash": "9382dafd6bbb25d9b7661f56664b9f86e13abeb5",
            "messageTitle": "minor updates to UG",
            "messageBody": "",
            "insertions": 1,
            "deletions": 1
          }
        ]
      },
      {
        "insertions": 1,
        "deletions": 1,
        "date": "2019-10-01",
        "commitResults": [
          {
            "hash": "7b017f2349a32356abfed53fd64edd81f5b0ffa4",
            "messageTitle": "minor updates",
            "messageBody": "",
            "insertions": 1,
            "deletions": 1
          }
        ]
      },
      {
        "insertions": 1564,
        "deletions": 187,
        "date": "2019-10-02",
        "commitResults": [
          {
            "hash": "2047b3c99d890fec77a42eabb18872192b7421ec",
            "messageTitle": "Add models for StudyPlan and version tracking. Add skeleton models for Semester and related classes but they lack concrete implementation as of now",
            "messageBody": "",
            "insertions": 208,
            "deletions": 0
          },
          {
            "hash": "a1077c6e8fc5040f9b6303b83c0ccc50c985fb6d",
            "messageTitle": "Refactor storage and add Module Planner model",
            "messageBody": "",
            "insertions": 667,
            "deletions": 6
          },
          {
            "hash": "2c9ced6c129ec8265433a2426cb0247f557f7c82",
            "messageTitle": "further refactoring of module",
            "messageBody": "",
            "insertions": 527,
            "deletions": 67
          },
          {
            "hash": "c2f325267c44c271d727d6de85eae93cecf4df72",
            "messageTitle": "Fix build problems and fix checkstyle",
            "messageBody": "",
            "insertions": 162,
            "deletions": 114
          }
        ]
      },
      {
        "insertions": 150,
        "deletions": 9,
        "date": "2019-10-06",
        "commitResults": [
          {
            "hash": "21384c3ae68b258834cada7fb2f9ad1c3b324f91",
            "messageTitle": "add JsonAdaptedModule and modified JSON related classes to suit the new storage implementation",
            "messageBody": "",
            "insertions": 150,
            "deletions": 9
          }
        ]
      },
      {
        "insertions": 281,
        "deletions": 78,
        "date": "2019-10-07",
        "commitResults": [
          {
            "hash": "4998a730b83b0fafe496b56b1efcc78d02bdc55c",
            "messageTitle": "Refined various JsonAdapted classes",
            "messageBody": "",
            "insertions": 225,
            "deletions": 70
          },
          {
            "hash": "a101b7ecd1edc96d456d13a4f5b75c2cbcfb0eb3",
            "messageTitle": "Modified JsonAdaptedStudyPlan to include unique lists of modules and tags when storing a study plan object",
            "messageBody": "",
            "insertions": 56,
            "deletions": 8
          }
        ]
      },
      {
        "insertions": 279,
        "deletions": 6,
        "date": "2019-10-08",
        "commitResults": [
          {
            "hash": "50ff7765af336f325aa74b4cc0d55ead5210044b",
            "messageTitle": "Add Json adapted classes for version tracking",
            "messageBody": "",
            "insertions": 279,
            "deletions": 6
          }
        ]
      },
      {
        "insertions": 193,
        "deletions": 53,
        "date": "2019-10-09",
        "commitResults": [
          {
            "hash": "ef5e660d6ebacdb432e4fcd71e776ab8f0ac423c",
            "messageTitle": "minor changes",
            "messageBody": "",
            "insertions": 1,
            "deletions": 0
          },
          {
            "hash": "89872c16862daab16f786bbb3ed0496edbe9c653",
            "messageTitle": "Add methods to get active study plan and relevant observable lists",
            "messageBody": "",
            "insertions": 192,
            "deletions": 53
          }
        ]
      },
      {
        "insertions": 377,
        "deletions": 156,
        "date": "2019-10-10",
        "commitResults": [
          {
            "hash": "2007606ea299a2c31208430c6fd956850f3e6785",
            "messageTitle": "Incorporate ModulesInfo and VersionTrackingManager into the storage of ModulePlanner",
            "messageBody": "",
            "insertions": 264,
            "deletions": 110
          },
          {
            "hash": "48434ca4ba0e98517274ac062c61fc18ce748f4f",
            "messageTitle": "Add activateStudyPlan(index) method in ModulePlanner",
            "messageBody": "",
            "insertions": 82,
            "deletions": 19
          },
          {
            "hash": "a3641c7760411ee5a6a8cd511811648d6239bac3",
            "messageTitle": "minor changes to clone() methods",
            "messageBody": "",
            "insertions": 31,
            "deletions": 27
          }
        ]
      },
      {
        "insertions": 210,
        "deletions": 88,
        "date": "2019-10-11",
        "commitResults": [
          {
            "hash": "eabf856f0b03f22ba99c1dba0eea284b07a04960",
            "messageTitle": "edit activate method",
            "messageBody": "",
            "insertions": 51,
            "deletions": 8
          },
          {
            "hash": "fa8ab1c909bb6a13fbca2121426b16083689d740",
            "messageTitle": "Fix active study plan null pointers, and create mega hash map for modules in StudyPlan",
            "messageBody": "",
            "insertions": 66,
            "deletions": 23
          },
          {
            "hash": "1133ef7c5394e807ab4eac8fb664c7636d3ace31",
            "messageTitle": "Add dummy study plans for testing. Add method: addModuleToSemester() under StudyPlan",
            "messageBody": "",
            "insertions": 91,
            "deletions": 56
          },
          {
            "hash": "bfa8bbf56ed8db4caca1cecd34c8fbb9f2c41a3c",
            "messageTitle": "stop data/moduleplanner.json from being tracked",
            "messageBody": "",
            "insertions": 2,
            "deletions": 1
          }
        ]
      },
      {
        "insertions": 136,
        "deletions": 123,
        "date": "2019-10-12",
        "commitResults": [
          {
            "hash": "ee0b16f6e9fc11217fd356f4b034bb2586948ff3",
            "messageTitle": "fetch upstream repo",
            "messageBody": "",
            "insertions": 2,
            "deletions": 2
          },
          {
            "hash": "f973ee4b4f74ab795bba4fc8a315646da01b2fa0",
            "messageTitle": "Fix bugs with reading Json file",
            "messageBody": "",
            "insertions": 16,
            "deletions": 45
          },
          {
            "hash": "2576645ef755136aca7fd8779a5033e51145239b",
            "messageTitle": "Add fields and methods related to setCurrentSemester; Implement blockSemester",
            "messageBody": "",
            "insertions": 86,
            "deletions": 17
          },
          {
            "hash": "54b2e59b2534d88429f0500ad6e78ad0d246b726",
            "messageTitle": "minor changes",
            "messageBody": "",
            "insertions": 32,
            "deletions": 59
          }
        ]
      },
      {
        "insertions": 350,
        "deletions": 152,
        "date": "2019-10-15",
        "commitResults": [
          {
            "hash": "8152de1e76859b59abd85534639b337b8695b0f8",
            "messageTitle": "add commit command",
            "messageBody": "",
            "insertions": 182,
            "deletions": 48
          },
          {
            "hash": "7784bd011ccb1366e9a07991ae457d9332dad7c0",
            "messageTitle": "add create new study plan command",
            "messageBody": "",
            "insertions": 69,
            "deletions": 41
          },
          {
            "hash": "0f09b4ec18693ffeaca1a40c6a669f52c19eecca",
            "messageTitle": "delete isActive from study plan attribute",
            "messageBody": "",
            "insertions": 2,
            "deletions": 26
          },
          {
            "hash": "7b965df4d7f2f7388f8babaa4709f4055d1019be",
            "messageTitle": "add delete study plan command",
            "messageBody": "",
            "insertions": 95,
            "deletions": 35
          },
          {
            "hash": "bf84aa7a0691d898cf94fbe3929dd9067a12a2fb",
            "messageTitle": "minor change",
            "messageBody": "",
            "insertions": 2,
            "deletions": 2
          }
        ]
      },
      {
        "insertions": 139,
        "deletions": 8,
        "date": "2019-10-16",
        "commitResults": [
          {
            "hash": "cec3c23f4991a0dc6bb28157db8c25ceebd2205a",
            "messageTitle": "Implement command to view commit history",
            "messageBody": "",
            "insertions": 138,
            "deletions": 7
          },
          {
            "hash": "9d54e8ea4d0d60920377ea74a5754347c79737eb",
            "messageTitle": "checkstyle fix",
            "messageBody": "",
            "insertions": 1,
            "deletions": 1
          }
        ]
      },
      {
        "insertions": 423,
        "deletions": 370,
        "date": "2019-10-17",
        "commitResults": [
          {
            "hash": "42a40d019a60d0c851e779befda02c05de524da3",
            "messageTitle": "fix bug with reading from JSON",
            "messageBody": "",
            "insertions": 29,
            "deletions": 10
          },
          {
            "hash": "5e0c78f5480ddec45837dbd356b5d74fe82945f2",
            "messageTitle": "minor change",
            "messageBody": "",
            "insertions": 0,
            "deletions": 1
          },
          {
            "hash": "2c8845eeccbcd9e79a2e9cf6c30ad75314793fec",
            "messageTitle": "minor change",
            "messageBody": "",
            "insertions": 1,
            "deletions": 7
          },
          {
            "hash": "8a428d2d5df852b8ed53b4d1f390c1c6432fca51",
            "messageTitle": "fix checkstyle",
            "messageBody": "",
            "insertions": 0,
            "deletions": 2
          },
          {
            "hash": "4c2dc6fcd82d4607126b2e2dcd0a00eeb0aa1cb9",
            "messageTitle": "Delete StudyPlanCommitManager when corresponding study plan is deleted. Allow study plan with no title to be created",
            "messageBody": "",
            "insertions": 64,
            "deletions": 4
          },
          {
            "hash": "3a0953ea83edd661140bb03b36126a7bee6ea39b",
            "messageTitle": "Implement the command to change title of active study plan",
            "messageBody": "",
            "insertions": 68,
            "deletions": 232
          },
          {
            "hash": "fe844f3fdec0350025e5624188dbc302831e8c9e",
            "messageTitle": "checkstyle fix",
            "messageBody": "",
            "insertions": 0,
            "deletions": 2
          },
          {
            "hash": "ccb855d911d36273a8468fc35676eec42a4a7657",
            "messageTitle": "failing tests fix",
            "messageBody": "",
            "insertions": 61,
            "deletions": 61
          },
          {
            "hash": "945e70da29d902a0546953b6d9230295b14a6e7d",
            "messageTitle": "failing tests fix",
            "messageBody": "",
            "insertions": 3,
            "deletions": 5
          },
          {
            "hash": "16417fd46d77c4edf9c983eace717d678a38a015",
            "messageTitle": "failing tests fix",
            "messageBody": "",
            "insertions": 8,
            "deletions": 11
          },
          {
            "hash": "46686baad870076196295465edf0b84c8348f71a",
            "messageTitle": "Implement command to activate a study plan with given index",
            "messageBody": "",
            "insertions": 112,
            "deletions": 33
          },
          {
            "hash": "8f37919aa94e295fce2684962582f35187810b19",
            "messageTitle": "Implement command to view all study plans",
            "messageBody": "",
            "insertions": 76,
            "deletions": 2
          },
          {
            "hash": "3c93f228f6d1ba4d30fdd1715536a9340a10c259",
            "messageTitle": "minor bug fix",
            "messageBody": "",
            "insertions": 1,
            "deletions": 0
          }
        ]
      }
    ],
    "yaaanch": [
      {
        "insertions": 28,
        "deletions": 1,
        "date": "2019-09-28",
        "commitResults": [
          {
            "hash": "ed239bc784ae14148cb19e6b14c68555fdb46f1b",
            "messageTitle": "Add Help and handling the GUI to userguide",
            "messageBody": "",
            "insertions": 28,
            "deletions": 1
          }
        ]
      },
      {
        "insertions": 89,
        "deletions": 2,
        "date": "2019-10-02",
        "commitResults": [
          {
            "hash": "b38ed7a3742ad3ea255cead7dd76a76d91fa7144",
            "messageTitle": "Add Semester and SemesterName",
            "messageBody": "",
            "insertions": 54,
            "deletions": 0
          },
          {
            "hash": "91301299006833ce42e3176b691d1ebf1b70c297",
            "messageTitle": "Add getMcCount to Semester",
            "messageBody": "",
            "insertions": 8,
            "deletions": 2
          },
          {
            "hash": "88c79a2c277b9fcc16b46a9b8a944153d5fbee97",
            "messageTitle": "Add module functions to semester",
            "messageBody": "",
            "insertions": 18,
            "deletions": 0
          },
          {
            "hash": "b7cbc649e964b6a2bb66383098a42b104b9ffa37",
            "messageTitle": "Add expanded flag to Semester",
            "messageBody": "",
            "insertions": 9,
            "deletions": 0
          }
        ]
      },
      {
        "insertions": 94,
        "deletions": 126,
        "date": "2019-10-09",
        "commitResults": [
          {
            "hash": "afafbc3e9fae7764d0ce02b600fa7f9661c21294",
            "messageTitle": "Broke UI to allow running",
            "messageBody": "",
            "insertions": 69,
            "deletions": 71
          },
          {
            "hash": "2774fd4d7de1b9c0106d4abf2377b225dac57a4e",
            "messageTitle": "Edit Ui slightly, change logo",
            "messageBody": "",
            "insertions": 6,
            "deletions": 48
          },
          {
            "hash": "ec02030cd48fbd41c74df6113df3542975b5de28",
            "messageTitle": "Change UI colours to fit prototype",
            "messageBody": "",
            "insertions": 5,
            "deletions": 5
          },
          {
            "hash": "0d5de18376e5d986ddd84867992c3cd496f136ca",
            "messageTitle": "Add title and logo to User and Developer Guide",
            "messageBody": "",
            "insertions": 6,
            "deletions": 2
          },
          {
            "hash": "582dd506466c9de2385973a4769c0b597a90e0ad",
            "messageTitle": "Add title to README",
            "messageBody": "",
            "insertions": 8,
            "deletions": 0
          }
        ]
      },
      {
        "insertions": 242,
        "deletions": 219,
        "date": "2019-10-12",
        "commitResults": [
          {
            "hash": "8049720b0433953f1803bf492bb8ac7e8d5ac37e",
            "messageTitle": "Edit UI",
            "messageBody": "",
            "insertions": 31,
            "deletions": 185
          },
          {
            "hash": "a70d4a7edd5cbe7514d3af6742bcf60186a8a1ba",
            "messageTitle": "Show Long String for Semester",
            "messageBody": "",
            "insertions": 8,
            "deletions": 5
          },
          {
            "hash": "80f4bba9c15e12638d16125d1848a0be93cde59f",
            "messageTitle": "Add title, remove id",
            "messageBody": "",
            "insertions": 12,
            "deletions": 13
          },
          {
            "hash": "c9a8b904cd2fa78d24d1517ec5fe04efe9824f78",
            "messageTitle": "Change GUI to be closer to prototype in format",
            "messageBody": "",
            "insertions": 191,
            "deletions": 16
          }
        ]
      },
      {
        "insertions": 21,
        "deletions": 8,
        "date": "2019-10-16",
        "commitResults": [
          {
            "hash": "bdb4a5d90ad8c4708d3a208621da74bbb2fbf317",
            "messageTitle": "Fix checkstyle",
            "messageBody": "",
            "insertions": 4,
            "deletions": 8
          },
          {
            "hash": "b3cb74a2ee6b251e9e18cd9cbc545b2e9e822270",
            "messageTitle": "Refreshes GUI",
            "messageBody": "",
            "insertions": 17,
            "deletions": 0
          }
        ]
      },
      {
        "insertions": 182,
        "deletions": 181,
        "date": "2019-10-17",
        "commitResults": [
          {
            "hash": "fdf895066e517a90d9a36d76b9c84b95aa860e19",
            "messageTitle": "Fixes spacing in GUI",
            "messageBody": "",
            "insertions": 91,
            "deletions": 97
          },
          {
            "hash": "349c966224edd67710a958a53963de7732df76b8",
            "messageTitle": "Fixes checkstyle",
            "messageBody": "",
            "insertions": 6,
            "deletions": 3
          },
          {
            "hash": "e3039bb1ac03e97ec590e989feed8ce9f7002963",
            "messageTitle": "Removes Module ListViews",
            "messageBody": "",
            "insertions": 0,
            "deletions": 54
          },
          {
            "hash": "a21be628ec64bc3e61312436870ab6f3cb585610",
            "messageTitle": "Fixes rendering bug",
            "messageBody": "",
            "insertions": 1,
            "deletions": 1
          },
          {
            "hash": "e8fa02527be2650965d0ad7bfcbee272524d20ff",
            "messageTitle": "Adds help command",
            "messageBody": "",
            "insertions": 52,
            "deletions": 1
          },
          {
            "hash": "d3b35a8cb72d97726252aa2469c8b275eafe6bf0",
            "messageTitle": "Changes GUI to match prototype layout",
            "messageBody": "",
            "insertions": 32,
            "deletions": 25
          }
        ]
      }
    ],
    "halfwhole": [
      {
        "insertions": 279,
        "deletions": 250,
        "date": "2019-09-26",
        "commitResults": [
          {
            "hash": "6480f97d5372a898d9d1be8d013acd7249840fa4",
            "messageTitle": "Add remark command",
            "messageBody": "",
            "insertions": 256,
            "deletions": 18
          },
          {
            "hash": "f88b64722a15397c8c90454dfd9815a43e0bef08",
            "messageTitle": "Fix travis and code quality tests",
            "messageBody": "",
            "insertions": 6,
            "deletions": 3
          },
          {
            "hash": "aeb9af4055cd3e41f2b657860a36cb316d45627b",
            "messageTitle": "Update README.adoc",
            "messageBody": "",
            "insertions": 7,
            "deletions": 223
          },
          {
            "hash": "a34c026984c0bf8c842782f4a15c955270c89bc4",
            "messageTitle": "Change readme description",
            "messageBody": "",
            "insertions": 10,
            "deletions": 6
          }
        ]
      },
      {
        "insertions": 528,
        "deletions": 28,
        "date": "2019-09-28",
        "commitResults": [
          {
            "hash": "07cfadec8509eb629909f3292dd1ac01b48ba92a",
            "messageTitle": "Update verification section of user guide",
            "messageBody": "",
            "insertions": 25,
            "deletions": 0
          },
          {
            "hash": "0eab7681e8d6e6eb55276906fc696fc9c836a41f",
            "messageTitle": "Add models and storage for reading modules information",
            "messageBody": "",
            "insertions": 126,
            "deletions": 3
          },
          {
            "hash": "37fd160247587f25e3d638390618231d63bec51e",
            "messageTitle": "Read JSON module information into ModulesInfo",
            "messageBody": "",
            "insertions": 53,
            "deletions": 6
          },
          {
            "hash": "6e1a2c9a53b79c3c1de6ddea2e4ea73952a39fa5",
            "messageTitle": "Add tests for modules information",
            "messageBody": "",
            "insertions": 124,
            "deletions": 1
          },
          {
            "hash": "425b15ce3bcfb6fc7b2b95d0deadd57403132c22",
            "messageTitle": "Add parsing of prerequisite tree into modules information",
            "messageBody": "",
            "insertions": 114,
            "deletions": 1
          },
          {
            "hash": "14132635b5a7c5ba19a0bd0ebdfabbee6019e101",
            "messageTitle": "Add simple module prerequisite verification",
            "messageBody": "",
            "insertions": 86,
            "deletions": 17
          }
        ]
      },
      {
        "insertions": 79,
        "deletions": 0,
        "date": "2019-09-29",
        "commitResults": [
          {
            "hash": "5e8f02ec3e736e7966cf2daad60f00fc76a4fd33",
            "messageTitle": "Add check command",
            "messageBody": "",
            "insertions": 79,
            "deletions": 0
          }
        ]
      },
      {
        "insertions": 22,
        "deletions": 9,
        "date": "2019-10-03",
        "commitResults": [
          {
            "hash": "d0a57c3278e85929885ecde6967311764f521263",
            "messageTitle": "Add module information",
            "messageBody": "",
            "insertions": 22,
            "deletions": 9
          }
        ]
      },
      {
        "insertions": 203,
        "deletions": 57,
        "date": "2019-10-04",
        "commitResults": [
          {
            "hash": "87143a5848b1ce545276b6cacae9bae4e87c4ff1",
            "messageTitle": "Change ModuleInfo to use HashMap",
            "messageBody": "",
            "insertions": 39,
            "deletions": 29
          },
          {
            "hash": "82e40136fd5c3180db7df994a6b06c340f9bdb9e",
            "messageTitle": "Refactor tests for ModuleInfo",
            "messageBody": "",
            "insertions": 73,
            "deletions": 18
          },
          {
            "hash": "6b334784eedae663615636c5c3d19ead880f3b0e",
            "messageTitle": "Add tests for ModuleInfo and ModulesInfo",
            "messageBody": "",
            "insertions": 72,
            "deletions": 0
          },
          {
            "hash": "456c6a8cacdc874d683bb83018b829085d12bf68",
            "messageTitle": "Add verify method for ModulesInfo",
            "messageBody": "",
            "insertions": 19,
            "deletions": 10
          }
        ]
      },
      {
        "insertions": 39,
        "deletions": 0,
        "date": "2019-10-09",
        "commitResults": [
          {
            "hash": "a66aed69f0118f1dc6f13a50e0dbdd1e39cdf39f",
            "messageTitle": "Allow ModulesInfo to return all focus area strings for later use in creating default tags",
            "messageBody": "",
            "insertions": 39,
            "deletions": 0
          }
        ]
      },
      {
        "insertions": 320,
        "deletions": 1994,
        "date": "2019-10-11",
        "commitResults": [
          {
            "hash": "2c871aeebffb1b063e3f7a74b4b359630ffc5bf3",
            "messageTitle": "Revert \"Merge pull request #125 from chowyiwai/branch-tag\"",
            "messageBody": "This reverts commit 2a1503bff1ab8d74fc4341c2e896960be311ee39, reversing\nchanges made to 81027d8144b35bc50527a3a3886fdd8e36b8c7d3.\n",
            "insertions": 15,
            "deletions": 444
          },
          {
            "hash": "fefc1b57a22790387e5b51b16d6c65e34b81864c",
            "messageTitle": "Revert \"Merge pull request #118 from andyylam/master\"",
            "messageBody": "This reverts commit 81027d8144b35bc50527a3a3886fdd8e36b8c7d3, reversing\nchanges made to ede013b0fad9fced21dc3cbd863265dee502f687.\n",
            "insertions": 234,
            "deletions": 1412
          },
          {
            "hash": "1fef793cf79dc6c0dd203ec64e9eeb9a1ca47a26",
            "messageTitle": "Add get module info hashmap",
            "messageBody": "",
            "insertions": 4,
            "deletions": 0
          },
          {
            "hash": "103be53934641cf9bc437ae4fb44d61039a07a24",
            "messageTitle": "Fix activation of study plan",
            "messageBody": "",
            "insertions": 6,
            "deletions": 24
          },
          {
            "hash": "02beed991f904d6164b651108a4369314ba5cc86",
            "messageTitle": "Fix many checkstyle errors",
            "messageBody": "",
            "insertions": 61,
            "deletions": 114
          }
        ]
      },
      {
        "insertions": 63,
        "deletions": 17,
        "date": "2019-10-12",
        "commitResults": [
          {
            "hash": "35e45561d5f023bc5c3e117206ff9a3575b8bf7e",
            "messageTitle": "Add isCore attribute and getIsCore method to ModuleInfo",
            "messageBody": "",
            "insertions": 11,
            "deletions": 2
          },
          {
            "hash": "deb9b18ffd34c9359b93b7141327af73125a45e4",
            "messageTitle": "Fix assortment of checkstyle issues",
            "messageBody": "",
            "insertions": 8,
            "deletions": 11
          },
          {
            "hash": "b294593c40f84bf3bc32e75788c6bd0c75a87c3b",
            "messageTitle": "Add check command",
            "messageBody": "",
            "insertions": 23,
            "deletions": 4
          },
          {
            "hash": "aa216f6c921adb4aa058496d68b8fd0d746513a0",
            "messageTitle": "Add checking for valid module codes in ModelManager",
            "messageBody": "",
            "insertions": 21,
            "deletions": 0
          }
        ]
      },
      {
        "insertions": 85,
        "deletions": 13,
        "date": "2019-10-16",
        "commitResults": [
          {
            "hash": "858d8ce79f40c4a65fc17daa08c03f5806b4cb28",
            "messageTitle": "Add checking of module code to add module command",
            "messageBody": "",
            "insertions": 5,
            "deletions": 0
          },
          {
            "hash": "5892c8564a88df17e07b4c6369dd1fcbb107cb59",
            "messageTitle": "Add updating of prerequisites with models",
            "messageBody": "",
            "insertions": 80,
            "deletions": 13
          }
        ]
      },
      {
        "insertions": 58,
        "deletions": 32,
        "date": "2019-10-17",
        "commitResults": [
          {
            "hash": "9595407844607377a00522aacaffb5c834e0c02d",
            "messageTitle": "Write some tests for modules info",
            "messageBody": "",
            "insertions": 58,
            "deletions": 32
          }
        ]
      },
      {
        "insertions": 211,
        "deletions": 53,
        "date": "2019-10-18",
        "commitResults": [
          {
            "hash": "4be83e24f732513a5deda3c731ff69d75eb6dee4",
            "messageTitle": "Fix null error for updatePrereqs",
            "messageBody": "",
            "insertions": 6,
            "deletions": 1
          },
          {
            "hash": "e3770863a0de35c6663b8c13871da49b0d80da50",
            "messageTitle": "Refactor check command to description command",
            "messageBody": "",
            "insertions": 37,
            "deletions": 42
          },
          {
            "hash": "9d2172c9bbe9720398d8f7cb855968a991de0592",
            "messageTitle": "Add validmods command",
            "messageBody": "",
            "insertions": 168,
            "deletions": 10
          }
        ]
      },
      {
        "insertions": 7,
        "deletions": 4,
        "date": "2019-10-20",
        "commitResults": [
          {
            "hash": "9620803ac8d8df6866eb6ca85afb59ad2236fee9",
            "messageTitle": "Remove unnecessary references to CheckCommand",
            "messageBody": "",
            "insertions": 0,
            "deletions": 2
          },
          {
            "hash": "3020b43c17ec02ce04f47f2f3c83a6a6f0e5473c",
            "messageTitle": "Fix prereqs not displaying upon loading",
            "messageBody": "",
            "insertions": 7,
            "deletions": 2
          }
        ]
      }
    ]
  },
  "authorFinalContributionMap": {
    "chowyiwai": 4307,
    "andyylam": 2239,
    "LiuZechu": 3162,
    "yaaanch": 374,
    "halfwhole": 1153
  },
  "authorFileTypeContributionMap": {
    "chowyiwai": {
      "docs": 172,
      "tests": 2132,
      "functional": 2003
    },
    "andyylam": {
      "docs": 251,
      "tests": 62,
      "functional": 1747,
      "other": 179
    },
    "LiuZechu": {
      "docs": 283,
      "tests": 106,
      "functional": 2773
    },
    "yaaanch": {
      "docs": 37,
      "tests": 1,
      "functional": 336
    },
    "halfwhole": {
      "docs": 30,
      "tests": 278,
      "functional": 845
    }
  },
  "authorContributionVariance": {
    "chowyiwai": 759143.75,
    "andyylam": 375916.1,
    "LiuZechu": 89950.914,
    "yaaanch": 8245.006,
    "halfwhole": 126513.81
  },
  "authorDisplayNameMap": {
    "chowyiwai": "CS2103-F09-3 CHOW  ... I WAI",
    "andyylam": "CS2103-F09-3 ANDY  ... K WEE",
    "LiuZechu": "CS2103-F09-3 LIU Z ... ZECHU",
    "yaaanch": "CS2103-F09-3 ONG Y ...  CHUN",
    "halfwhole": "CS2103-F09-3 LIM Z ... I WEI"
  }
}
