{
  "authorDailyContributionsMap": {
    "jiayushe": [
      {
        "insertions": 1,
        "deletions": 1,
        "date": "2019-09-09",
        "commitResults": [
          {
            "hash": "e8d68b46b1ea7552f5646d70a0e3007a7f31770c",
            "messageTitle": "Update product name in README",
            "messageBody": "",
            "insertions": 1,
            "deletions": 1
          }
        ]
      },
      {
        "insertions": 540,
        "deletions": 0,
        "date": "2019-09-24",
        "commitResults": [
          {
            "hash": "091a59ad4ca18617a1e2ed221a5ad8179bbdba63",
            "messageTitle": "Add new classes",
            "messageBody": "",
            "insertions": 540,
            "deletions": 0
          }
        ]
      }
    ],
    "Seris370": [
      {
        "insertions": 89,
        "deletions": 67,
        "date": "2019-09-28",
        "commitResults": [
          {
            "hash": "f08ec006dac617183a3d8a91e9d03a0b0196304a",
            "messageTitle": "change regex of author",
            "messageBody": "",
            "insertions": 6,
            "deletions": 2
          },
          {
            "hash": "9916c14d0b25e2e5f8585c4dbae1f39a547980c4",
            "messageTitle": "use java.net.URL to check weblink format",
            "messageBody": "",
            "insertions": 12,
            "deletions": 18
          },
          {
            "hash": "b995e964c75ffa87d4271a742a567fee2dc980c6",
            "messageTitle": "change MESSAGE_USAGE",
            "messageBody": "",
            "insertions": 11,
            "deletions": 13
          },
          {
            "hash": "3e8c369e79f5ad6e011d6fce6415fd5b5acdf011",
            "messageTitle": "add unused validation regex for difficulty",
            "messageBody": "",
            "insertions": 1,
            "deletions": 0
          },
          {
            "hash": "8d1fa1605a64c9467d3f9e17b99e7fa94877fd33",
            "messageTitle": "remove optional fields when checking present in parse()",
            "messageBody": "",
            "insertions": 1,
            "deletions": 1
          },
          {
            "hash": "825dd2d814f7fa6c7576e2af0263b0640619fb35",
            "messageTitle": "add prefixes to tokenize when parsing command",
            "messageBody": "",
            "insertions": 5,
            "deletions": 2
          },
          {
            "hash": "92ca50f81485649e4037181f4cfb092a6353e53e",
            "messageTitle": "add default values",
            "messageBody": "",
            "insertions": 23,
            "deletions": 1
          },
          {
            "hash": "0891c79240fc6ba4a53b9411e93f98bd199827bf",
            "messageTitle": "add five sample instances",
            "messageBody": "",
            "insertions": 30,
            "deletions": 30
          }
        ]
      },
      {
        "insertions": 82,
        "deletions": 22,
        "date": "2019-09-29",
        "commitResults": [
          {
            "hash": "12cc82d15b0db76aba9395ccbc4ba778c1214e5d",
            "messageTitle": "change default values to be regex-rejected",
            "messageBody": "",
            "insertions": 3,
            "deletions": 3
          },
          {
            "hash": "2cd555c26dd19381a0b018fda35e30c68fdc2544",
            "messageTitle": "set fields to default if no corresponding prefixes",
            "messageBody": "",
            "insertions": 50,
            "deletions": 8
          },
          {
            "hash": "e22fd9aedd62764ee06fcf017975c52ebbc7c93b",
            "messageTitle": "add fields in edit command",
            "messageBody": "",
            "insertions": 10,
            "deletions": 0
          },
          {
            "hash": "f94d45bf3854250390e719f9b4abf3b4e91b92b2",
            "messageTitle": "fix checkstyle errors",
            "messageBody": "",
            "insertions": 19,
            "deletions": 11
          }
        ]
      }
    ],
    "le0tan": [
      {
        "insertions": 304,
        "deletions": 305,
        "date": "2019-09-21",
        "commitResults": [
          {
            "hash": "7b35258916d60918462dfc373cc97bef1cd5b481",
            "messageTitle": "Reverts unnecessary changes",
            "messageBody": "",
            "insertions": 304,
            "deletions": 305
          }
        ]
      },
      {
        "insertions": 2,
        "deletions": 1,
        "date": "2019-09-22",
        "commitResults": [
          {
            "hash": "6628f9e8957242f186ad07d413c67db2746a9668",
            "messageTitle": "Fixes a typo that breaks linkage between controller and view",
            "messageBody": "",
            "insertions": 1,
            "deletions": 1
          },
          {
            "hash": "3a3f925d35c1d59851d5bcc233d5442b92a9e6e5",
            "messageTitle": "Fixes upper case package name (Problem)",
            "messageBody": "",
            "insertions": 1,
            "deletions": 0
          }
        ]
      },
      {
        "insertions": 414,
        "deletions": 3704,
        "date": "2019-09-24",
        "commitResults": [
          {
            "hash": "ec5277091520b638991611625853537fd88ad640",
            "messageTitle": "Refactor logic code for added classes and fields",
            "messageBody": "",
            "insertions": 289,
            "deletions": 201
          },
          {
            "hash": "72e632f1e1df339a2d5b40ee9b8694de1c2f6a3b",
            "messageTitle": "Update equals and hashcode in Problem",
            "messageBody": "",
            "insertions": 8,
            "deletions": 2
          },
          {
            "hash": "fa78b229342f482482e2a4dfdff13a1f8b62121e",
            "messageTitle": "Fix checkstyle problems",
            "messageBody": "",
            "insertions": 72,
            "deletions": 12
          },
          {
            "hash": "539dab886e75bc42b3ce9a0288209c9406c945e9",
            "messageTitle": "Fix missing fields and methods in ProblemBuilder",
            "messageBody": "",
            "insertions": 45,
            "deletions": 4
          },
          {
            "hash": "be5207535a31157c5c485310d9cb94138c38f4c4",
            "messageTitle": "Remove affected tests",
            "messageBody": "",
            "insertions": 0,
            "deletions": 3485
          }
        ]
      },
      {
        "insertions": 15,
        "deletions": 7,
        "date": "2019-09-28",
        "commitResults": [
          {
            "hash": "0bc7be1a42455b04d5d9bc350853d1506929a5f6",
            "messageTitle": "Add more explanation to DEFAULT constants",
            "messageBody": "",
            "insertions": 15,
            "deletions": 7
          }
        ]
      }
    ],
    "tiuweehan": [
      {
        "insertions": 256,
        "deletions": 105,
        "date": "2019-09-24",
        "commitResults": [
          {
            "hash": "4a6b06b97e3d27738fdba2eb17c3996b5ee3e59d",
            "messageTitle": "Refactor project website",
            "messageBody": "",
            "insertions": 59,
            "deletions": 52
          },
          {
            "hash": "e8ef61898c5cbfc0a4c89cd9812d5df21ca0c975",
            "messageTitle": "Add plans and tags to user guide",
            "messageBody": "",
            "insertions": 128,
            "deletions": 25
          },
          {
            "hash": "26cb3ee846b3b5e783afc0824d1bc5e13afd7b8c",
            "messageTitle": "Format User guide",
            "messageBody": "",
            "insertions": 37,
            "deletions": 24
          },
          {
            "hash": "386046fdb8447294c918be29455444cf6bfaad57",
            "messageTitle": "Add Command Summary to User Guide",
            "messageBody": "",
            "insertions": 32,
            "deletions": 4
          }
        ]
      },
      {
        "insertions": 318,
        "deletions": 109,
        "date": "2019-09-25",
        "commitResults": [
          {
            "hash": "fbe63a909a41fc3291060ad28b382d4f07f8a614",
            "messageTitle": "Update About us page",
            "messageBody": "",
            "insertions": 16,
            "deletions": 16
          },
          {
            "hash": "868286c5731cab6704c7229a7563c40d030fc325",
            "messageTitle": "Add Team Profile pages",
            "messageBody": "",
            "insertions": 298,
            "deletions": 10
          },
          {
            "hash": "85fdd7bff4cf487617536d99fbde4fa8935037ad",
            "messageTitle": "Update Readme",
            "messageBody": "",
            "insertions": 2,
            "deletions": 6
          },
          {
            "hash": "e3c53a3b98edaa64e941b49270be5dfe3960ccac",
            "messageTitle": "Update project website with custom descriptions",
            "messageBody": "",
            "insertions": 2,
            "deletions": 6
          },
          {
            "hash": "110dc715584d837fec5f80e97d77eb9a0039ea06",
            "messageTitle": "Fix Checkstyle failures",
            "messageBody": "",
            "insertions": 0,
            "deletions": 71
          }
        ]
      }
    ],
    "LuWenQ": [
      {
        "insertions": 333,
        "deletions": 333,
        "date": "2019-09-19",
        "commitResults": [
          {
            "hash": "1c720bc9ef967185cf87510f2a11bda1a41ce176",
            "messageTitle": "Refactor Person to Problem",
            "messageBody": "",
            "insertions": 333,
            "deletions": 333
          }
        ]
      },
      {
        "insertions": 3419,
        "deletions": 3490,
        "date": "2019-09-20",
        "commitResults": [
          {
            "hash": "aa32f20dc58f114f322d726094839785cdb8dc03",
            "messageTitle": "Refactor person to problem and refactor addressbook to algobase",
            "messageBody": "",
            "insertions": 1883,
            "deletions": 1945
          },
          {
            "hash": "0759f7e36d74cb80fe14f304c7db4a7d1c7f1284",
            "messageTitle": "fix missed refactor of person and address book",
            "messageBody": "",
            "insertions": 756,
            "deletions": 756
          },
          {
            "hash": "e30e55b1ccba96b853d0ab5f44baf271d2a00385",
            "messageTitle": "Refactor seedu.address to seedu.algobase, address to desctription, email to weblink",
            "messageBody": "",
            "insertions": 342,
            "deletions": 351
          },
          {
            "hash": "371f3f6b40e5f5e70caee55f7558259e9dd783c8",
            "messageTitle": "Refactor phone to author",
            "messageBody": "",
            "insertions": 124,
            "deletions": 124
          },
          {
            "hash": "ab62f690994b5489e2d6a9f2d01c1876f6a7478c",
            "messageTitle": "Refactor address to description",
            "messageBody": "",
            "insertions": 314,
            "deletions": 314
          }
        ]
      },
      {
        "insertions": 567,
        "deletions": 472,
        "date": "2019-09-22",
        "commitResults": [
          {
            "hash": "9cd0c621f508e6f267e61d5dfcf8f9f67750ce6e",
            "messageTitle": "fix build.gradle and able checkstyle, fixed all checkstyle rule violations",
            "messageBody": "",
            "insertions": 315,
            "deletions": 218
          },
          {
            "hash": "36645dc4abc24ec71ed1c89a9c2ae8e8de333982",
            "messageTitle": "Refactor some string constants",
            "messageBody": "",
            "insertions": 246,
            "deletions": 248
          },
          {
            "hash": "08b5cb1273943ca7b10d4cce6337586bf646e366",
            "messageTitle": "Fix some plural forms descriptiones -\u003e descriptions",
            "messageBody": "",
            "insertions": 6,
            "deletions": 6
          }
        ]
      },
      {
        "insertions": 2,
        "deletions": 4,
        "date": "2019-09-24",
        "commitResults": [
          {
            "hash": "bda77048313dc052dd8734481909b7e995ea578d",
            "messageTitle": "Fix weblink to description in model/problem/Description.java, delete extra line in MainApp.java",
            "messageBody": "",
            "insertions": 1,
            "deletions": 3
          },
          {
            "hash": "6230cb43aa220abf8e7b9d0bdb76d27bfad72c29",
            "messageTitle": "change back description to weblink in model/problem/Description.java",
            "messageBody": "",
            "insertions": 1,
            "deletions": 1
          }
        ]
      }
    ]
  },
  "authorFinalContributionMap": {
    "jiayushe": 338,
    "Seris370": 158,
    "le0tan": 386,
    "tiuweehan": 250,
    "LuWenQ": 1410
  },
  "authorFileTypeContributionMap": {
    "jiayushe": {
      "docs": 1,
      "tests": 0,
      "functional": 337
    },
    "Seris370": {
      "docs": 0,
      "tests": 0,
      "functional": 158
    },
    "le0tan": {
      "docs": 0,
      "tests": 41,
      "functional": 345
    },
    "tiuweehan": {
      "docs": 250,
      "tests": 0,
      "functional": 0
    },
    "LuWenQ": {
      "docs": 0,
      "tests": 238,
      "functional": 1170,
      "other": 2
    }
  },
  "authorContributionVariance": {
    "jiayushe": 11640.159,
    "Seris370": 1347.3055,
    "le0tan": 682850.06,
    "tiuweehan": 11949.056,
    "LuWenQ": 1923390.6
  },
  "authorDisplayNameMap": {
    "jiayushe": "CS2103T-W11-1 SHE J ... JIAYU",
    "Seris370": "CS2103T-W11-1 YU CH ... NGHUI",
    "le0tan": "CS2103T-W11-1 TAN Y ... NHONG",
    "tiuweehan": "CS2103T-W11-1 TIU W ... E HAN",
    "LuWenQ": "CS2103T-W11-1 LU WE ... WENQI"
  }
}
