{
  "authorDailyContributionsMap": {
    "ShuTingY": [
      {
        "insertions": 2589,
        "deletions": 2722,
        "date": "2019-09-27",
        "commitResults": [
          {
            "hash": "7840b115ca485bc1dfb35a0be33fb713e4f90cd9",
            "messageTitle": "-refactor Name to Question",
            "messageBody": "",
            "insertions": 133,
            "deletions": 133
          },
          {
            "hash": "e266e2b7e547309a920a1c5049ae181528e42501",
            "messageTitle": "-morph Name class to Question class",
            "messageBody": "",
            "insertions": 452,
            "deletions": 418
          },
          {
            "hash": "7c0d90785a6c6bca498fdd758bad17c08284cae2",
            "messageTitle": "-morph Phone to Answer -debug on testing -DIagram",
            "messageBody": "",
            "insertions": 448,
            "deletions": 444
          },
          {
            "hash": "2daf59138b34f05d5262ac0e6497d97acdd690b7",
            "messageTitle": "Morph Address to rating",
            "messageBody": "",
            "insertions": 239,
            "deletions": 237
          },
          {
            "hash": "9e4403d51bad43a74348b43f525a6b9d42c3999b",
            "messageTitle": "Morph Tag to Category",
            "messageBody": "",
            "insertions": 361,
            "deletions": 361
          },
          {
            "hash": "9973d28c10bd948824b0d5eaf8296888251b0a3c",
            "messageTitle": "-Morph Person to Flashcard, -Morph UniquePersonList to UniqueFLashCardList, -Morph JsonAdaptedPerson to Json AdaptedFlashcard -Morph PersonCard to FlashCardPanel -Remove attribute email",
            "messageBody": "",
            "insertions": 956,
            "deletions": 1129
          }
        ]
      },
      {
        "insertions": 930,
        "deletions": 667,
        "date": "2019-09-28",
        "commitResults": [
          {
            "hash": "b5c5bb89b4926f7412257632d1284c71fac507c9",
            "messageTitle": "-edit on ui -style check",
            "messageBody": "",
            "insertions": 449,
            "deletions": 331
          },
          {
            "hash": "560bebad8685dc367fbc71a268f065b6f68c1dbf",
            "messageTitle": "-edits method name in model",
            "messageBody": "",
            "insertions": 45,
            "deletions": 45
          },
          {
            "hash": "8a868a0533c9370e11e70bd7699798dc664b5265",
            "messageTitle": "added testing for ContainsAllKeywordsPredicate",
            "messageBody": "",
            "insertions": 84,
            "deletions": 1
          },
          {
            "hash": "f7b9db62b3b4ed6a03b701d5be537569d3294890",
            "messageTitle": "Style check",
            "messageBody": "",
            "insertions": 8,
            "deletions": 6
          },
          {
            "hash": "6a93bac001caa8016900a0b786172a30c0a698af",
            "messageTitle": "formating and added more testing",
            "messageBody": "",
            "insertions": 315,
            "deletions": 267
          },
          {
            "hash": "4aef5792899bb9f99230a439c4e225265a3ae779",
            "messageTitle": "add testing for ParserUtilTest",
            "messageBody": "",
            "insertions": 27,
            "deletions": 15
          },
          {
            "hash": "84c2d9e6011d5c74c748eb77e01a970f7d510134",
            "messageTitle": "linked coverage badge",
            "messageBody": "",
            "insertions": 1,
            "deletions": 1
          },
          {
            "hash": "ff92540f45df09db3b762d23887c2deb6c91853b",
            "messageTitle": "edit on indentation",
            "messageBody": "",
            "insertions": 1,
            "deletions": 1
          }
        ]
      },
      {
        "insertions": 3,
        "deletions": 3,
        "date": "2019-10-02",
        "commitResults": [
          {
            "hash": "42fb0c4154c965b43ae9b09023746a525c375bd4",
            "messageTitle": "-parserUtil test coverage",
            "messageBody": "",
            "insertions": 1,
            "deletions": 2
          },
          {
            "hash": "e1011516495f957caadf7b5336a3dc97eedaeb3f",
            "messageTitle": "-debug",
            "messageBody": "",
            "insertions": 1,
            "deletions": 0
          },
          {
            "hash": "b44d19c2c25af325cc43b8171177dfd4c858789c",
            "messageTitle": "-change title",
            "messageBody": "",
            "insertions": 1,
            "deletions": 1
          }
        ]
      },
      {
        "insertions": 449,
        "deletions": 47,
        "date": "2019-10-09",
        "commitResults": [
          {
            "hash": "c2de1b504b2f818010cae1069e9ae32efe57dba2",
            "messageTitle": "-find category feature",
            "messageBody": "",
            "insertions": 112,
            "deletions": 1
          },
          {
            "hash": "4be654258a19d00a1b7df33855bb15f106d2008e",
            "messageTitle": "- stylecheck",
            "messageBody": "",
            "insertions": 1,
            "deletions": 1
          },
          {
            "hash": "395a2db2a711360dacb461337460fd3d543e4adc",
            "messageTitle": "-testing for find category",
            "messageBody": "",
            "insertions": 113,
            "deletions": 20
          },
          {
            "hash": "616e37f06063b68d9b9a5d6187fcda53055303d3",
            "messageTitle": "- stylecheck",
            "messageBody": "",
            "insertions": 1,
            "deletions": 4
          },
          {
            "hash": "23ca3442233cbdf4d9b06f66db08c3fbe24acae4",
            "messageTitle": "added find category feature (#83)",
            "messageBody": "* -find category feature\r\n\r\n* - stylecheck\r\n\r\n* -testing for find category\r\n\r\n* - stylecheck\r\n",
            "insertions": 222,
            "deletions": 21
          }
        ]
      },
      {
        "insertions": 677,
        "deletions": 10,
        "date": "2019-10-11",
        "commitResults": [
          {
            "hash": "93a588eb3b448b27910f2102d5efa6cea027ba65",
            "messageTitle": "- added find by question feature",
            "messageBody": "",
            "insertions": 57,
            "deletions": 7
          },
          {
            "hash": "042a63ea0bf4092f00f32e8bdf1530e0941a7418",
            "messageTitle": "-added testings",
            "messageBody": "",
            "insertions": 163,
            "deletions": 0
          },
          {
            "hash": "11d541783c75e5f75f85b7a213d40fc3ba25bbf8",
            "messageTitle": "-added find by question only feature -added find by answer only feature",
            "messageBody": "",
            "insertions": 457,
            "deletions": 3
          }
        ]
      },
      {
        "insertions": 216,
        "deletions": 63,
        "date": "2019-10-12",
        "commitResults": [
          {
            "hash": "a3322164a6197e55d74590b5368de970d46c0c84",
            "messageTitle": "-improve find to find in both question and answer field. -testing",
            "messageBody": "",
            "insertions": 181,
            "deletions": 26
          },
          {
            "hash": "bc029c940c87682d091c8784457991fe9a4a792f",
            "messageTitle": "- formating",
            "messageBody": "",
            "insertions": 35,
            "deletions": 37
          }
        ]
      },
      {
        "insertions": 42,
        "deletions": 32,
        "date": "2019-10-15",
        "commitResults": [
          {
            "hash": "eee3a4915ba39113bd39c9ab53e85fff5571b61d",
            "messageTitle": "-change the organisation of panes on the main window",
            "messageBody": "",
            "insertions": 42,
            "deletions": 32
          }
        ]
      },
      {
        "insertions": 480,
        "deletions": 110,
        "date": "2019-10-16",
        "commitResults": [
          {
            "hash": "83ef688f14adc7df4c153e31f000a8e9596f0d12",
            "messageTitle": "- modified main window -added category panel",
            "messageBody": "",
            "insertions": 457,
            "deletions": 16
          },
          {
            "hash": "2d78812804f09d9d620be2afa8767dc2fcbd02ae",
            "messageTitle": "- remove necessary methods and fields",
            "messageBody": "",
            "insertions": 8,
            "deletions": 69
          },
          {
            "hash": "bddca02080278a277ff13d52286f23e79691dac1",
            "messageTitle": "- debug",
            "messageBody": "",
            "insertions": 15,
            "deletions": 25
          }
        ]
      },
      {
        "insertions": 48,
        "deletions": 42,
        "date": "2019-10-23",
        "commitResults": [
          {
            "hash": "98a6c1b58e15053bce34c1e5e37710032cf7753f",
            "messageTitle": "-updates the Ui image - change setting for GUI",
            "messageBody": "",
            "insertions": 3,
            "deletions": 3
          },
          {
            "hash": "7a5674e6c3b80161563f42082425287dbf5fab4c",
            "messageTitle": "- make rating not a compulsory field",
            "messageBody": "",
            "insertions": 5,
            "deletions": 3
          },
          {
            "hash": "0dcd90631177370f0e1efbaea9129fcb029f64b8",
            "messageTitle": "- update testing",
            "messageBody": "",
            "insertions": 26,
            "deletions": 16
          },
          {
            "hash": "2e5fb513c9dfdf4fa8420b7101f96d72c8f1bc0d",
            "messageTitle": "-Refactor names",
            "messageBody": "",
            "insertions": 3,
            "deletions": 3
          },
          {
            "hash": "51eeba2405c4cc47222c1d74bfc66af1b2cc9b72",
            "messageTitle": "- debug",
            "messageBody": "",
            "insertions": 5,
            "deletions": 3
          },
          {
            "hash": "adeacb1368adcfba42cdba48b71569ba5f1cfac4",
            "messageTitle": "- debug",
            "messageBody": "",
            "insertions": 2,
            "deletions": 5
          },
          {
            "hash": "1878d6fb1971a9d0eef7fb3ad6e1183aad7bfce7",
            "messageTitle": "- debug",
            "messageBody": "",
            "insertions": 4,
            "deletions": 3
          },
          {
            "hash": "81e1fa0ab99a4059aa22b8431fc42df5f488d44f",
            "messageTitle": "- removed Rating from displaying",
            "messageBody": "",
            "insertions": 0,
            "deletions": 6
          }
        ]
      }
    ],
    "LeowWB": [
      {
        "insertions": 1,
        "deletions": 2,
        "date": "2019-09-18",
        "commitResults": [
          {
            "hash": "f6f8306bab25a1227d0d48b9bdbf82fbe71e0d75",
            "messageTitle": "Update badges",
            "messageBody": "",
            "insertions": 1,
            "deletions": 2
          }
        ]
      },
      {
        "insertions": 123,
        "deletions": 129,
        "date": "2019-09-29",
        "commitResults": [
          {
            "hash": "9266d1a53141e215ce0f21e2da5d4418323c46a8",
            "messageTitle": "Update About Us to include LeowWB data",
            "messageBody": "",
            "insertions": 5,
            "deletions": 4
          },
          {
            "hash": "ab93eee662a6e9186aa37c797bdb89d18a2cfdcd",
            "messageTitle": "Update Contact Us with LeowWB contact info",
            "messageBody": "",
            "insertions": 3,
            "deletions": 3
          },
          {
            "hash": "6d89432890353b85fd6eec96aeca68e61f0159d8",
            "messageTitle": "Update user guide",
            "messageBody": "",
            "insertions": 86,
            "deletions": 101
          },
          {
            "hash": "057becc7155c29f29a9ba89498392840be17fa30",
            "messageTitle": "Fix formatting issues with adoc",
            "messageBody": "",
            "insertions": 19,
            "deletions": 11
          },
          {
            "hash": "297e242982dd8b28b8fef5132ea9154a0f8b9cb6",
            "messageTitle": "Shift answers to be on separate lines from questions for QandA segment",
            "messageBody": "",
            "insertions": 9,
            "deletions": 9
          },
          {
            "hash": "a8beb98ec5db17cd80304d38f2ecda4d15267869",
            "messageTitle": "Fix linting",
            "messageBody": "",
            "insertions": 1,
            "deletions": 1
          }
        ]
      },
      {
        "insertions": 29,
        "deletions": 30,
        "date": "2019-10-02",
        "commitResults": [
          {
            "hash": "6ea903848c2cf2c189a44c24adc1131bbe8a5806",
            "messageTitle": "Change Appveyor badge to point to correct link and display correct build status",
            "messageBody": "",
            "insertions": 2,
            "deletions": 2
          },
          {
            "hash": "7925c0108dd3c9d6c822fe029af62c7ecc4d6d5c",
            "messageTitle": "Change coveralls badge",
            "messageBody": "",
            "insertions": 1,
            "deletions": 1
          },
          {
            "hash": "23123dee49225d8e2168de75d74c927363f2aaf3",
            "messageTitle": "Remove gitter badge",
            "messageBody": "",
            "insertions": 0,
            "deletions": 1
          },
          {
            "hash": "e1bab09d2c164920f5e10dd0b18c83a470adbf51",
            "messageTitle": "Update about us page",
            "messageBody": "",
            "insertions": 20,
            "deletions": 20
          },
          {
            "hash": "05113e649e0a354d2dda5ecad7bb89f2d9ade674",
            "messageTitle": "Fix wrong file extension",
            "messageBody": "",
            "insertions": 3,
            "deletions": 3
          },
          {
            "hash": "b4f99a045a8096d678805a7b97c9dc886fcd4b8f",
            "messageTitle": "Remove trailing whitespace",
            "messageBody": "",
            "insertions": 1,
            "deletions": 1
          },
          {
            "hash": "337d0da4f9be6835e1f7eacc75175d42c721c4bd",
            "messageTitle": "Change some variables in build.gradle",
            "messageBody": "",
            "insertions": 2,
            "deletions": 2
          }
        ]
      },
      {
        "insertions": 15,
        "deletions": 9,
        "date": "2019-10-03",
        "commitResults": [
          {
            "hash": "7830f8c045acb219b19a3dfb0f0dc87b41a6bbb1",
            "messageTitle": "Add glossary for test and category",
            "messageBody": "",
            "insertions": 15,
            "deletions": 9
          }
        ]
      },
      {
        "insertions": 254,
        "deletions": 60,
        "date": "2019-10-09",
        "commitResults": [
          {
            "hash": "3ef33d2a35428ce70bf13cb1dadc17ba95b005c1",
            "messageTitle": "Correct program title",
            "messageBody": "",
            "insertions": 1,
            "deletions": 1
          },
          {
            "hash": "df39c1fb9aef8f24e5a9ecf776eea9affcd348d4",
            "messageTitle": "Create new Prefix for file path (export command)",
            "messageBody": "",
            "insertions": 1,
            "deletions": 0
          },
          {
            "hash": "337005df53a6ccef589e0c3e4c8eb4ab373ca1da",
            "messageTitle": "Create new ExportCommand class",
            "messageBody": "",
            "insertions": 52,
            "deletions": 0
          },
          {
            "hash": "0d5feb6e4039abfd2502876c77d8b150a039f15d",
            "messageTitle": "Create new FilePath class",
            "messageBody": "",
            "insertions": 60,
            "deletions": 0
          },
          {
            "hash": "b27fd72d0129e6c3c3dcd52be3d63196d5a62c39",
            "messageTitle": "Modify ParserUtil to support filepath parsing",
            "messageBody": "",
            "insertions": 23,
            "deletions": 6
          },
          {
            "hash": "0dbc0665d015dcecf1fa9ad7ecadf17cf427a05b",
            "messageTitle": "Create new ExportCommandParser to parse export commands",
            "messageBody": "",
            "insertions": 47,
            "deletions": 0
          },
          {
            "hash": "73c4838242c65f302d48a5baf3ac83d01ebe6de3",
            "messageTitle": "Modify ExportCommand arguments and internal variables to follow better practice",
            "messageBody": "",
            "insertions": 12,
            "deletions": 10
          },
          {
            "hash": "6b1c43878ca31f0274335c50e146c4795f4848d5",
            "messageTitle": "Add logic to AddressBookParser to support parsing export commands",
            "messageBody": "",
            "insertions": 9,
            "deletions": 0
          },
          {
            "hash": "25dad5f59f99ae8c0900cd1828c85754e0fb544d",
            "messageTitle": "Minor changes to ExportCommand such that program is able to run",
            "messageBody": "",
            "insertions": 7,
            "deletions": 6
          },
          {
            "hash": "e33fabf4f7598be8359bece35a9c6c9e0b8ba9c8",
            "messageTitle": "Add Apache POI as a dependency in gradle",
            "messageBody": "",
            "insertions": 2,
            "deletions": 0
          },
          {
            "hash": "68ff8f5b9387782299c19e1f76cecd52a1dff861",
            "messageTitle": "Remove block of commented-out code",
            "messageBody": "",
            "insertions": 5,
            "deletions": 6
          },
          {
            "hash": "98ecd919aaf68346d440cd3465df17f4f077f428",
            "messageTitle": "Fix lint",
            "messageBody": "",
            "insertions": 23,
            "deletions": 16
          },
          {
            "hash": "7e5f89333adc731cd96008168049278b2b91ae76",
            "messageTitle": "Replace ExportCommand message result with a better message",
            "messageBody": "",
            "insertions": 3,
            "deletions": 1
          },
          {
            "hash": "a44f98fbbfe0f443f0d6dd88491b7dde329ad782",
            "messageTitle": "Fix merge conflicts",
            "messageBody": "",
            "insertions": 2,
            "deletions": 14
          },
          {
            "hash": "ed5fbb5bea408fa4a0abdc1ef5bf47671d306dd8",
            "messageTitle": "Claim credit with author tags",
            "messageBody": "",
            "insertions": 7,
            "deletions": 0
          }
        ]
      },
      {
        "insertions": 372,
        "deletions": 94,
        "date": "2019-10-16",
        "commitResults": [
          {
            "hash": "e0f885261c50901d8465cc21e56cdc088092b428",
            "messageTitle": "Add some logic to ExportCommand.execute()",
            "messageBody": "",
            "insertions": 6,
            "deletions": 2
          },
          {
            "hash": "4ed7186a28420216ca476f8ea3e4ddbf47e05432",
            "messageTitle": "Implement ExportUtil",
            "messageBody": "",
            "insertions": 46,
            "deletions": 0
          },
          {
            "hash": "4d5812f8ecd0db8b695baf48570102ee727852fc",
            "messageTitle": "Refactor ExportUtil to follow better practice",
            "messageBody": "",
            "insertions": 20,
            "deletions": 9
          },
          {
            "hash": "7f4e72e79e77199e182941e2456aa988b71a4345",
            "messageTitle": "Add logic to handle IOException when writing to file",
            "messageBody": "",
            "insertions": 23,
            "deletions": 9
          },
          {
            "hash": "02771c02555dc57fd55d6c4330e2d28dd5c25492",
            "messageTitle": "Change ExportCommand feedback to reflect file export success (rather than failure)",
            "messageBody": "",
            "insertions": 1,
            "deletions": 1
          },
          {
            "hash": "13d86020c911c1323aaf2779789b7466e0659d9e",
            "messageTitle": "Add logic to get flashcards by category",
            "messageBody": "",
            "insertions": 19,
            "deletions": 3
          },
          {
            "hash": "eec106ef00ed8f5f1dc1b9b7f6e25ad732bab628",
            "messageTitle": "Refactor ExportCommand for better SLAP",
            "messageBody": "",
            "insertions": 16,
            "deletions": 7
          },
          {
            "hash": "30d138dbcfea4332abc7b3cbedb267ad4e1dc766",
            "messageTitle": "Change ExportCommand IOException message to be more helpful",
            "messageBody": "",
            "insertions": 2,
            "deletions": 1
          },
          {
            "hash": "72c39f5f76636c75fe727ebe964bea55de89acff",
            "messageTitle": "Expose methods of ExportCommand to allow for testing",
            "messageBody": "",
            "insertions": 3,
            "deletions": 3
          },
          {
            "hash": "32a30fc796657c0a3f18db246e4062acb622ba07",
            "messageTitle": "Refactor a method in ExportCommand to have better software reuse",
            "messageBody": "",
            "insertions": 3,
            "deletions": 4
          },
          {
            "hash": "912aa860d659d7aec1575f8dec3b0e319ebb36cd",
            "messageTitle": "Add some basic tests for ExportCommand",
            "messageBody": "",
            "insertions": 54,
            "deletions": 0
          },
          {
            "hash": "86a6afdcba421a6a1b38b8b8446e87323adad03d",
            "messageTitle": "Transfer IO Exception message from ExportCommand into Messages",
            "messageBody": "",
            "insertions": 4,
            "deletions": 6
          },
          {
            "hash": "a6b54df8329a9c1dc61ba1b03fe05d8584f4b74f",
            "messageTitle": "Add extra test for ExportCommand",
            "messageBody": "",
            "insertions": 23,
            "deletions": 0
          },
          {
            "hash": "31f38a587e8975593c5214aef066610965ff37c3",
            "messageTitle": "Add new method to Model and ModelManager to support ExportCommand",
            "messageBody": "",
            "insertions": 20,
            "deletions": 0
          },
          {
            "hash": "46ce5888076d74a0c090f83dd0a293cf4257b496",
            "messageTitle": "Modify ExportCommand such that filtered flashcard list is no longer modified by running the command",
            "messageBody": "",
            "insertions": 4,
            "deletions": 3
          },
          {
            "hash": "743cf5c616631c32ae82a20ae9054465ce6d44f0",
            "messageTitle": "Modify ModelStub class to properly implement Model",
            "messageBody": "",
            "insertions": 5,
            "deletions": 0
          },
          {
            "hash": "deebfab5e87f2c8fd7d6c07def81f9c588209e66",
            "messageTitle": "Refactor ExportCommand for better testability",
            "messageBody": "",
            "insertions": 9,
            "deletions": 3
          },
          {
            "hash": "edaa389dcb0b4bef09ba64c34d2f0ca22533bb8a",
            "messageTitle": "Add success test case for ExportCommand",
            "messageBody": "",
            "insertions": 11,
            "deletions": 1
          },
          {
            "hash": "bf811837d1e11060dedcd8bfc3df0c502518f66e",
            "messageTitle": "Modify name of a test case for better clarity",
            "messageBody": "",
            "insertions": 1,
            "deletions": 1
          },
          {
            "hash": "b87d5b4bdedf6fc16fdbdceac8d27f4560cada33",
            "messageTitle": "Modify ExportCommand tests to verify exported file presence",
            "messageBody": "",
            "insertions": 26,
            "deletions": 2
          },
          {
            "hash": "3ea7a64c274e9bc3102006a8371b8ae4aabfb65b",
            "messageTitle": "Claim credit for ExportCommandTest",
            "messageBody": "",
            "insertions": 2,
            "deletions": 0
          },
          {
            "hash": "1174914952ee027a4d67e9a679abe2d1a0a78588",
            "messageTitle": "Refactor FilePath into different package",
            "messageBody": "",
            "insertions": 6,
            "deletions": 6
          },
          {
            "hash": "b798edf404affa0b6ccecc5c7a19f46af3845cae",
            "messageTitle": "Add some JavaDoc comments and fix lint",
            "messageBody": "",
            "insertions": 50,
            "deletions": 10
          },
          {
            "hash": "8026cf69802fc722465753d6255c981529bac478",
            "messageTitle": "Remove a platform-dependent test that fails on UNIX (but passes on Windows)",
            "messageBody": "",
            "insertions": 0,
            "deletions": 16
          },
          {
            "hash": "f6fbb6ad1970efa8b6e3ccbf3db1e2ce2627af23",
            "messageTitle": "Improve SLAP",
            "messageBody": "",
            "insertions": 11,
            "deletions": 7
          },
          {
            "hash": "baf22d56b2d835267a5e6bb419903ee9e85407ed",
            "messageTitle": "Add a JavaDoc comment",
            "messageBody": "",
            "insertions": 7,
            "deletions": 0
          }
        ]
      },
      {
        "insertions": 1,
        "deletions": 1,
        "date": "2019-10-17",
        "commitResults": [
          {
            "hash": "f97862fedd1df3d6a4f4c39db93de5ce5488c888",
            "messageTitle": "Change CategoryListCard to be larger and use a larger font",
            "messageBody": "",
            "insertions": 1,
            "deletions": 1
          }
        ]
      }
    ],
    "LeonardTay748": [
      {
        "insertions": 58,
        "deletions": 31,
        "date": "2019-09-25",
        "commitResults": [
          {
            "hash": "243cf2abb6cd5fe23c8b228e574cd7e890386bde",
            "messageTitle": "Update README.adoc",
            "messageBody": "",
            "insertions": 3,
            "deletions": 10
          },
          {
            "hash": "61303dd47bd3439d5fdd3f224545cecd6b8e0060",
            "messageTitle": "Update README.adoc",
            "messageBody": "",
            "insertions": 3,
            "deletions": 10
          },
          {
            "hash": "3d72cf401b1eacdfdbc10be1af95614d68eb16e7",
            "messageTitle": "Update DeveloperGuide.adoc",
            "messageBody": "",
            "insertions": 52,
            "deletions": 11
          }
        ]
      },
      {
        "insertions": 14,
        "deletions": 14,
        "date": "2019-10-02",
        "commitResults": [
          {
            "hash": "60a8ad7e47a62a62684dfe88c1918ea551a23f54",
            "messageTitle": "Update DeveloperGuide.adoc",
            "messageBody": "",
            "insertions": 3,
            "deletions": 3
          },
          {
            "hash": "cc8b69b31470dbf710ecf6dd3f73b2e435756cb9",
            "messageTitle": "Update DeveloperGuide.adoc",
            "messageBody": "",
            "insertions": 1,
            "deletions": 1
          },
          {
            "hash": "01a603eea045a055c240fc13b20c5a9a9a986b9f",
            "messageTitle": "Update DeveloperGuide.adoc",
            "messageBody": "",
            "insertions": 1,
            "deletions": 1
          },
          {
            "hash": "590fa9a1ebe507e06da209365b3ed72b26296fa2",
            "messageTitle": "Update UserGuide.adoc",
            "messageBody": "",
            "insertions": 1,
            "deletions": 1
          },
          {
            "hash": "f77b011b7b26ea14da3fe882ee775547c9d4bc79",
            "messageTitle": "Update UserGuide.adoc",
            "messageBody": "",
            "insertions": 2,
            "deletions": 2
          },
          {
            "hash": "afffdfc39fd2c44dc2929af0052d7f36cdd7b3f0",
            "messageTitle": "Update UserGuide.adoc",
            "messageBody": "",
            "insertions": 3,
            "deletions": 3
          },
          {
            "hash": "adbb29726f744b65235812667b365e759997559e",
            "messageTitle": "Update DeveloperGuide.adoc",
            "messageBody": "",
            "insertions": 2,
            "deletions": 2
          },
          {
            "hash": "7935ce458063b955a1e99196ce5310d010a52fd9",
            "messageTitle": "Update README.adoc",
            "messageBody": "",
            "insertions": 1,
            "deletions": 1
          }
        ]
      },
      {
        "insertions": 46,
        "deletions": 26,
        "date": "2019-10-16",
        "commitResults": [
          {
            "hash": "ee4572f39897c02c609d28d705e27556a070e75b",
            "messageTitle": "Update StatsCommand.java",
            "messageBody": "",
            "insertions": 6,
            "deletions": 2
          },
          {
            "hash": "062c50dc627d0378ddc8f23a7cb18ce96a9f6344",
            "messageTitle": "Update AddressBook.java",
            "messageBody": "",
            "insertions": 7,
            "deletions": 7
          },
          {
            "hash": "a0039e21e3add75b784b13e9fcd7f1979c1de625",
            "messageTitle": "Update ModelManager.java",
            "messageBody": "",
            "insertions": 4,
            "deletions": 7
          },
          {
            "hash": "b23185a171854000696995a23817f468da922d64",
            "messageTitle": "Update AddressBook.java",
            "messageBody": "",
            "insertions": 1,
            "deletions": 1
          },
          {
            "hash": "adb0f66228cf1cf9abf356462ae265cde38c1ac4",
            "messageTitle": "Update ModelManager.java",
            "messageBody": "",
            "insertions": 9,
            "deletions": 3
          },
          {
            "hash": "feb421b7cd872328bb27ff2018379ce636cc8d82",
            "messageTitle": "Update Statistics.java",
            "messageBody": "",
            "insertions": 3,
            "deletions": 0
          },
          {
            "hash": "5e6bdbb97bc97c017c8e46915eae01985d96f210",
            "messageTitle": "Update ModelManager.java",
            "messageBody": "",
            "insertions": 1,
            "deletions": 1
          },
          {
            "hash": "898a2f05a93cbcade224e9d13310643b4e094507",
            "messageTitle": "Update ModelManager.java",
            "messageBody": "",
            "insertions": 0,
            "deletions": 1
          },
          {
            "hash": "88b0925f5ae402001a3952dbed85d9629af8e68a",
            "messageTitle": "Update ModelManager.java",
            "messageBody": "",
            "insertions": 2,
            "deletions": 1
          },
          {
            "hash": "4a20ec0de1701cb958f9d3dddf66f65c2845dcb2",
            "messageTitle": "Update AddCommandTest.java",
            "messageBody": "",
            "insertions": 5,
            "deletions": 0
          },
          {
            "hash": "4888202362c75fb17a72107e612299580ff3031f",
            "messageTitle": "Update ModelManager.java",
            "messageBody": "",
            "insertions": 1,
            "deletions": 1
          },
          {
            "hash": "b9de4c8a4ad3742dd9a2122d02716c72f6401ca6",
            "messageTitle": "Update ModelManager.java",
            "messageBody": "",
            "insertions": 1,
            "deletions": 1
          },
          {
            "hash": "4b3f79ca9cc9111bbc78df2424c8c4d8f45aa077",
            "messageTitle": "Update AddCommandTest.java",
            "messageBody": "",
            "insertions": 1,
            "deletions": 1
          },
          {
            "hash": "1826b67eb7ff48f61d2efb34b95ffb75e3d3ad27",
            "messageTitle": "Update AddCommandTest.java",
            "messageBody": "",
            "insertions": 5,
            "deletions": 0
          }
        ]
      }
    ],
    "dalsontws": [
      {
        "insertions": 63,
        "deletions": 43,
        "date": "2019-10-02",
        "commitResults": [
          {
            "hash": "5d6960fb37bf88fceb43fa78288c0bdb6ffcf417",
            "messageTitle": "Update DeveloperGuide.adoc",
            "messageBody": "",
            "insertions": 32,
            "deletions": 12
          },
          {
            "hash": "b00df720b48d3f3f63c47d4c1e4ab0a40b2cf05c",
            "messageTitle": "Update DeveloperGuide.adoc",
            "messageBody": "",
            "insertions": 30,
            "deletions": 30
          },
          {
            "hash": "31ef3888dd407ac993f114def4931a4912d3572b",
            "messageTitle": "Update DeveloperGuide.adoc",
            "messageBody": "",
            "insertions": 1,
            "deletions": 1
          }
        ]
      },
      {
        "insertions": 723,
        "deletions": 98,
        "date": "2019-10-09",
        "commitResults": [
          {
            "hash": "e22964165f1d98aa9327bade53fa14a2e4283bb6",
            "messageTitle": "Created new Deadline Class, with DueDate and Task",
            "messageBody": "",
            "insertions": 301,
            "deletions": 0
          },
          {
            "hash": "3d564a8c4c577e7986932e7ed5b024268513252d",
            "messageTitle": "Save Deadline data into json",
            "messageBody": "",
            "insertions": 338,
            "deletions": 1
          },
          {
            "hash": "f5e7254bbef8fd4bff5b286363363b79b9012eb7",
            "messageTitle": "Remove commented out code and fix imports",
            "messageBody": "",
            "insertions": 34,
            "deletions": 77
          },
          {
            "hash": "196d0b96fdb776ea66982100ce85b847c402b6d4",
            "messageTitle": "Fix Checkstyle issues",
            "messageBody": "",
            "insertions": 11,
            "deletions": 9
          },
          {
            "hash": "db4afc49bd5730523fc19eff322ceb97972c449d",
            "messageTitle": "Remove whitespaces",
            "messageBody": "",
            "insertions": 5,
            "deletions": 5
          },
          {
            "hash": "a947bb2200fc50fd98119917712a3ed004d48a0c",
            "messageTitle": "Fix test cases",
            "messageBody": "",
            "insertions": 22,
            "deletions": 0
          },
          {
            "hash": "f1c4bece8a74b32753edb7352b373f4374c3b121",
            "messageTitle": "Add more test cases",
            "messageBody": "",
            "insertions": 3,
            "deletions": 3
          },
          {
            "hash": "084550634ea68270513dc408193fd04dca52c60c",
            "messageTitle": "Remove deadline field from Serilizable AB",
            "messageBody": "",
            "insertions": 9,
            "deletions": 3
          }
        ]
      },
      {
        "insertions": 547,
        "deletions": 13,
        "date": "2019-10-11",
        "commitResults": [
          {
            "hash": "714d6a55761d4dcccba31d3cf2919b9b3c27fee8",
            "messageTitle": "Added test cases for Deadline command",
            "messageBody": "",
            "insertions": 242,
            "deletions": 10
          },
          {
            "hash": "48557c28f4396c4cf1110324a9a96d7b60d449c4",
            "messageTitle": "Added monthly Calendar GUI (not finalised)",
            "messageBody": "",
            "insertions": 305,
            "deletions": 3
          }
        ]
      },
      {
        "insertions": 195,
        "deletions": 55,
        "date": "2019-10-14",
        "commitResults": [
          {
            "hash": "eb2bffd212a1cfc63ca2889150d3159f5099d1a6",
            "messageTitle": "Fixed json storage for deadlines",
            "messageBody": "",
            "insertions": 195,
            "deletions": 55
          }
        ]
      },
      {
        "insertions": 113,
        "deletions": 111,
        "date": "2019-10-15",
        "commitResults": [
          {
            "hash": "5b1cd4c1ee2ea9590a544caa4a67d9c4f3ead46a",
            "messageTitle": "Fix checkstyle",
            "messageBody": "",
            "insertions": 9,
            "deletions": 9
          },
          {
            "hash": "fc965bc4a995db13081546432f8ff0d75d0537d1",
            "messageTitle": "Fix checkstyle for tests",
            "messageBody": "",
            "insertions": 35,
            "deletions": 42
          },
          {
            "hash": "b845f1962551d14242df60b0dac5143fec5166a7",
            "messageTitle": "Checkstyle improvement",
            "messageBody": "",
            "insertions": 34,
            "deletions": 31
          },
          {
            "hash": "42b7f80121310b091963948d6daa1f007312d2f3",
            "messageTitle": "Added Deadlines in Test json files, added test cases",
            "messageBody": "",
            "insertions": 35,
            "deletions": 29
          }
        ]
      },
      {
        "insertions": 491,
        "deletions": 222,
        "date": "2019-10-16",
        "commitResults": [
          {
            "hash": "d530212a9a91421878d1c0ddceb83200eae4ec31",
            "messageTitle": "Created DeadlineBuilder and TypicalDeadline classes for testing",
            "messageBody": "",
            "insertions": 185,
            "deletions": 0
          },
          {
            "hash": "d820becdf2df6f7757f2479e0c35140134ab8d82",
            "messageTitle": "Added Util class",
            "messageBody": "",
            "insertions": 68,
            "deletions": 154
          },
          {
            "hash": "e718ff49b61b699a140ab7997cdde3612ee09965",
            "messageTitle": "Fix checkstyle",
            "messageBody": "",
            "insertions": 0,
            "deletions": 1
          },
          {
            "hash": "7d9892bfbe19600deebe13ee414bd4a7fa419893",
            "messageTitle": "Edit comments, replaced flashcard with deadline",
            "messageBody": "",
            "insertions": 25,
            "deletions": 38
          },
          {
            "hash": "43fec4ad3f63bc54b197e0b845b71ad3f3b73a4d",
            "messageTitle": "Add Author comment, Todo for calendar GUI",
            "messageBody": "",
            "insertions": 16,
            "deletions": 5
          },
          {
            "hash": "af264b2c12dcc66c1b37c103d0603bb98590dc6f",
            "messageTitle": "Fix merge checkstyle",
            "messageBody": "",
            "insertions": 11,
            "deletions": 9
          },
          {
            "hash": "6982d6096bc3a78785e9fd7951d9384b144703ce",
            "messageTitle": "Fix merge conflict with StatsCommand",
            "messageBody": "",
            "insertions": 2,
            "deletions": 6
          },
          {
            "hash": "4bc49783c4b1be27868c182a48351a9c1f696527",
            "messageTitle": "Fix AddCommand test cases",
            "messageBody": "",
            "insertions": 4,
            "deletions": 1
          },
          {
            "hash": "b7ca75b0ffe0e3839d623519745544148285d2a6",
            "messageTitle": "Merge StartTest",
            "messageBody": "",
            "insertions": 1,
            "deletions": 0
          },
          {
            "hash": "3549dd06d593d0c06f080ab11a9cfe185d2737c8",
            "messageTitle": "Added DeadlineList on GUI",
            "messageBody": "",
            "insertions": 179,
            "deletions": 8
          }
        ]
      }
    ],
    "keiteo": [
      {
        "insertions": 8,
        "deletions": 1,
        "date": "2019-09-25",
        "commitResults": [
          {
            "hash": "1f9464a9e1e75d00cf89bee2993119df64e37614",
            "messageTitle": "added more NFRs in developer\u0027s guide",
            "messageBody": "",
            "insertions": 8,
            "deletions": 1
          }
        ]
      },
      {
        "insertions": 5,
        "deletions": 2,
        "date": "2019-10-02",
        "commitResults": [
          {
            "hash": "384b140bff45d51ca1664feae64df5d302fb1469",
            "messageTitle": "added se-edu acknowledgement",
            "messageBody": "",
            "insertions": 1,
            "deletions": 1
          },
          {
            "hash": "9aeac9f28accadc502dd24cc1d6ca34f5bd7e79e",
            "messageTitle": "added marketing blurb",
            "messageBody": "",
            "insertions": 1,
            "deletions": 0
          },
          {
            "hash": "c82bec628ca4458053e6a38676e3251887fb614f",
            "messageTitle": "added box formatting",
            "messageBody": "",
            "insertions": 3,
            "deletions": 1
          }
        ]
      },
      {
        "insertions": 202,
        "deletions": 42,
        "date": "2019-10-07",
        "commitResults": [
          {
            "hash": "102306166447b5fdd8c524d52c61b7742df29d0f",
            "messageTitle": "impl skeletal structure for StartCommand",
            "messageBody": "",
            "insertions": 99,
            "deletions": 0
          },
          {
            "hash": "dc2d4500c353ee785a1d99946077bd3dca961442",
            "messageTitle": "restructured GUI containers",
            "messageBody": "",
            "insertions": 43,
            "deletions": 36
          },
          {
            "hash": "ba6a75f943e7350ec2da8f1ca525eb7866f0d945",
            "messageTitle": "Fix whitespaces failing TravisCI build",
            "messageBody": "",
            "insertions": 5,
            "deletions": 5
          },
          {
            "hash": "faf76433b1f59142087f522b0f7b697711397855",
            "messageTitle": "Implement \"Test mode\" to parse test specific commands",
            "messageBody": "",
            "insertions": 52,
            "deletions": 1
          },
          {
            "hash": "93e4419da663304b14c2031df9fa0e37f38611b1",
            "messageTitle": "Fix checkstyle",
            "messageBody": "",
            "insertions": 3,
            "deletions": 0
          }
        ]
      },
      {
        "insertions": 19,
        "deletions": 6,
        "date": "2019-10-08",
        "commitResults": [
          {
            "hash": "c1dd7942f82646a79475df991c1a752d2408f904",
            "messageTitle": "Add error message for illegal commands during flashcard test",
            "messageBody": "",
            "insertions": 1,
            "deletions": 0
          },
          {
            "hash": "8225594a6d1d782a47c2575d83039ba59b7cbe00",
            "messageTitle": "Implement test mode with AddressBookParser dependency",
            "messageBody": "",
            "insertions": 18,
            "deletions": 6
          }
        ]
      },
      {
        "insertions": 9,
        "deletions": 2,
        "date": "2019-10-09",
        "commitResults": [
          {
            "hash": "f6bd1606318705b2d09a682bb9b275c6f1181953",
            "messageTitle": "Add Netlify status badge",
            "messageBody": "",
            "insertions": 1,
            "deletions": 0
          },
          {
            "hash": "ed9e8b1f984f05928af499e3aa6aee93ac876446",
            "messageTitle": "Add author tags",
            "messageBody": "",
            "insertions": 8,
            "deletions": 2
          }
        ]
      },
      {
        "insertions": 282,
        "deletions": 39,
        "date": "2019-10-14",
        "commitResults": [
          {
            "hash": "5f8281a534fbb254d06bf2f6792cfda3dd80b312",
            "messageTitle": "Add basic question/answer commands",
            "messageBody": "",
            "insertions": 138,
            "deletions": 14
          },
          {
            "hash": "78be09a4dbf2f9f7f640ddd07e6b80bdaa6ee148",
            "messageTitle": "Add function to get next question and rate",
            "messageBody": "",
            "insertions": 43,
            "deletions": 1
          },
          {
            "hash": "7636c229938ebb60ce3dd1af183f638f3994cf84",
            "messageTitle": "Fix minor .css warning",
            "messageBody": "",
            "insertions": 1,
            "deletions": 1
          },
          {
            "hash": "e6bcdd647819c65142d97cfc75779e83274689be",
            "messageTitle": "Implement locking mechanisms to restrict commands during flashcard test",
            "messageBody": "",
            "insertions": 21,
            "deletions": 8
          },
          {
            "hash": "6c4118e46f6660c3c9444fbdb8dc94e10bcda542",
            "messageTitle": "Integrate StartTest with relevant tag inputs",
            "messageBody": "",
            "insertions": 35,
            "deletions": 12
          },
          {
            "hash": "052e55bb967a5d0266b5d184c35f54ab7796abe6",
            "messageTitle": "Abstract out system messages",
            "messageBody": "",
            "insertions": 5,
            "deletions": 3
          },
          {
            "hash": "62096bd5d3a7959b7655cb6f83112dd4270bf11e",
            "messageTitle": "Implement basic unit tests for StartCommand",
            "messageBody": "",
            "insertions": 39,
            "deletions": 0
          }
        ]
      },
      {
        "insertions": 92,
        "deletions": 24,
        "date": "2019-10-15",
        "commitResults": [
          {
            "hash": "28d75d532c4a8de57bb14a0f11de71a12a4d28c7",
            "messageTitle": "Add author tag",
            "messageBody": "",
            "insertions": 1,
            "deletions": 0
          },
          {
            "hash": "329da6a403ed4f1578569a5988217cffdb3b06bd",
            "messageTitle": "Add simple assertions and requireNonNulls",
            "messageBody": "",
            "insertions": 7,
            "deletions": 0
          },
          {
            "hash": "dddbe4f0d31eff33e06610ca436e7e2ecdbe130e",
            "messageTitle": "Add flashcard list builder for easier testing",
            "messageBody": "",
            "insertions": 34,
            "deletions": 0
          },
          {
            "hash": "a789a47650e038a8f799634fa88892bcf2fa5a6f",
            "messageTitle": "Add support for multiple tag searching",
            "messageBody": "",
            "insertions": 10,
            "deletions": 20
          },
          {
            "hash": "9a15d95f51f4a4332cbaea1ca6b35691e47b3586",
            "messageTitle": "Minor refactor",
            "messageBody": "",
            "insertions": 2,
            "deletions": 3
          },
          {
            "hash": "90274c6bb26c867b863267a2c36d0192e24bb7cc",
            "messageTitle": "Additional unit tests",
            "messageBody": "",
            "insertions": 38,
            "deletions": 1
          }
        ]
      },
      {
        "insertions": 26,
        "deletions": 22,
        "date": "2019-10-16",
        "commitResults": [
          {
            "hash": "beb81fa78a6081b8e8db2ba86ac7e68f85f5cce7",
            "messageTitle": "Change ArrayList implementation to LinkedList",
            "messageBody": "",
            "insertions": 26,
            "deletions": 22
          }
        ]
      },
      {
        "insertions": 2,
        "deletions": 0,
        "date": "2019-10-18",
        "commitResults": [
          {
            "hash": "7b597d5b221ce7e65c756599054f2396159009b6",
            "messageTitle": "Add codacy badge",
            "messageBody": "",
            "insertions": 2,
            "deletions": 0
          }
        ]
      }
    ]
  },
  "authorFinalContributionMap": {
    "ShuTingY": 4036,
    "LeowWB": 602,
    "LeonardTay748": 61,
    "dalsontws": 1498,
    "keiteo": 529
  },
  "authorFileTypeContributionMap": {
    "ShuTingY": {
      "docs": 23,
      "tests": 2180,
      "functional": 1813,
      "other": 20
    },
    "LeowWB": {
      "docs": 130,
      "tests": 104,
      "functional": 364,
      "other": 4
    },
    "LeonardTay748": {
      "docs": 52,
      "tests": 0,
      "functional": 9
    },
    "dalsontws": {
      "docs": 29,
      "tests": 330,
      "functional": 1139
    },
    "keiteo": {
      "docs": 14,
      "tests": 135,
      "functional": 380
    }
  },
  "authorContributionVariance": {
    "ShuTingY": 628709.94,
    "LeowWB": 7441.512,
    "LeonardTay748": 273.85025,
    "dalsontws": 30644.953,
    "keiteo": 3467.589
  },
  "authorDisplayNameMap": {
    "ShuTingY": "CS2103T-T12-4 YANG  ... UTING",
    "LeowWB": "CS2103T-T12-4 LEOW  ... N BIN",
    "LeonardTay748": "CS2103T-T12-4 LEONA ... A HAO",
    "dalsontws": "CS2103T-T12-4 TAN W ... ALSON",
    "keiteo": "CS2103T-T12-4 KEITH ... U HUI"
  }
}
