[
  {
    "path": "README.adoc",
    "fileType": "docs",
    "lines": [
      {
        "lineNumber": 1,
        "author": {
          "gitId": "MauriceTXS"
        },
        "content": "\u003d CaloFit"
      },
      {
        "lineNumber": 2,
        "author": {
          "gitId": "-"
        },
        "content": "ifdef::env-github,env-browser[:relfileprefix: docs/]"
      },
      {
        "lineNumber": 3,
        "author": {
          "gitId": "-"
        },
        "content": ""
      },
      {
        "lineNumber": 4,
        "author": {
          "gitId": "MauriceTXS"
        },
        "content": "https://travis-ci.org/AY1920S1-CS2103T-W11-4/main[image:https://travis-ci.org/se-edu/addressbook-level3.svg?branch\u003dmaster[Build Status]]"
      },
      {
        "lineNumber": 5,
        "author": {
          "gitId": "-"
        },
        "content": ""
      },
      {
        "lineNumber": 6,
        "author": {
          "gitId": "-"
        },
        "content": "ifdef::env-github[]"
      },
      {
        "lineNumber": 7,
        "author": {
          "gitId": "-"
        },
        "content": "image::docs/images/Ui.png[width\u003d\"600\"]"
      },
      {
        "lineNumber": 8,
        "author": {
          "gitId": "-"
        },
        "content": "endif::[]"
      },
      {
        "lineNumber": 9,
        "author": {
          "gitId": "-"
        },
        "content": ""
      },
      {
        "lineNumber": 10,
        "author": {
          "gitId": "-"
        },
        "content": "ifndef::env-github[]"
      },
      {
        "lineNumber": 11,
        "author": {
          "gitId": "-"
        },
        "content": "image::images/Ui.png[width\u003d\"600\"]"
      },
      {
        "lineNumber": 12,
        "author": {
          "gitId": "-"
        },
        "content": "endif::[]"
      },
      {
        "lineNumber": 13,
        "author": {
          "gitId": "-"
        },
        "content": ""
      },
      {
        "lineNumber": 14,
        "author": {
          "gitId": "MauriceTXS"
        },
        "content": "* CaloFit is a calories tracker application. It has a GUI but most of the user interactions happen using a CLI (Command Line Interface)."
      },
      {
        "lineNumber": 15,
        "author": {
          "gitId": "-"
        },
        "content": "* It is a Java sample application intended for students learning Software Engineering while using Java as the main programming language."
      },
      {
        "lineNumber": 16,
        "author": {
          "gitId": "MauriceTXS"
        },
        "content": "* Our application targets audience who wishes to track their calories gained from day-to-day meals."
      },
      {
        "lineNumber": 17,
        "author": {
          "gitId": "MauriceTXS"
        },
        "content": "* Not only does it tracks your meal, our application includes various useful features. E.g. Setting your own calories intake, getting recommendation for your daily meal, notifications on meals that you have missed and more!"
      },
      {
        "lineNumber": 18,
        "author": {
          "gitId": "-"
        },
        "content": ""
      },
      {
        "lineNumber": 19,
        "author": {
          "gitId": "-"
        },
        "content": "\u003d\u003d Site Map"
      },
      {
        "lineNumber": 20,
        "author": {
          "gitId": "-"
        },
        "content": ""
      },
      {
        "lineNumber": 21,
        "author": {
          "gitId": "-"
        },
        "content": "* \u003c\u003cUserGuide#, User Guide\u003e\u003e"
      },
      {
        "lineNumber": 22,
        "author": {
          "gitId": "-"
        },
        "content": "* \u003c\u003cDeveloperGuide#, Developer Guide\u003e\u003e"
      },
      {
        "lineNumber": 23,
        "author": {
          "gitId": "-"
        },
        "content": "* \u003c\u003cAboutUs#, About Us\u003e\u003e"
      },
      {
        "lineNumber": 24,
        "author": {
          "gitId": "-"
        },
        "content": "* \u003c\u003cContactUs#, Contact Us\u003e\u003e"
      },
      {
        "lineNumber": 25,
        "author": {
          "gitId": "-"
        },
        "content": ""
      },
      {
        "lineNumber": 26,
        "author": {
          "gitId": "-"
        },
        "content": "\u003d\u003d Acknowledgements"
      },
      {
        "lineNumber": 27,
        "author": {
          "gitId": "MauriceTXS"
        },
        "content": "* The AddressBook-Level3 project was created by SE-EDU initiative at https://se-education.org"
      },
      {
        "lineNumber": 28,
        "author": {
          "gitId": "-"
        },
        "content": "* Some parts of this sample application were inspired by the excellent http://code.makery.ch/library/javafx-8-tutorial/[Java FX tutorial] by"
      },
      {
        "lineNumber": 29,
        "author": {
          "gitId": "-"
        },
        "content": "_Marco Jakob_."
      },
      {
        "lineNumber": 30,
        "author": {
          "gitId": "-"
        },
        "content": "* Libraries used: https://openjfx.io/[JavaFX], https://github.com/FasterXML/jackson[Jackson], https://github.com/junit-team/junit5[JUnit5]"
      },
      {
        "lineNumber": 31,
        "author": {
          "gitId": "-"
        },
        "content": ""
      },
      {
        "lineNumber": 32,
        "author": {
          "gitId": "-"
        },
        "content": "\u003d\u003d Licence : link:LICENSE[MIT]"
      }
    ],
    "authorContributionMap": {
      "MauriceTXS": 6,
      "-": 26
    }
  },
  {
    "path": "docs/AboutUs.adoc",
    "fileType": "docs",
    "lines": [
      {
        "lineNumber": 1,
        "author": {
          "gitId": "-"
        },
        "content": "\u003d About Us"
      },
      {
        "lineNumber": 2,
        "author": {
          "gitId": "-"
        },
        "content": ":site-section: AboutUs"
      },
      {
        "lineNumber": 3,
        "author": {
          "gitId": "-"
        },
        "content": ":relfileprefix: team/"
      },
      {
        "lineNumber": 4,
        "author": {
          "gitId": "-"
        },
        "content": ":imagesDir: images"
      },
      {
        "lineNumber": 5,
        "author": {
          "gitId": "-"
        },
        "content": ":stylesDir: stylesheets"
      },
      {
        "lineNumber": 6,
        "author": {
          "gitId": "-"
        },
        "content": ""
      },
      {
        "lineNumber": 7,
        "author": {
          "gitId": "fangpinsern"
        },
        "content": "CaloFit was developed by the AY1920S1-CS2103T-W11-4 team. +"
      },
      {
        "lineNumber": 8,
        "author": {
          "gitId": "-"
        },
        "content": "_{The dummy content given below serves as a placeholder to be used by future forks of the project.}_ +"
      },
      {
        "lineNumber": 9,
        "author": {
          "gitId": "-"
        },
        "content": "{empty} +"
      },
      {
        "lineNumber": 10,
        "author": {
          "gitId": "-"
        },
        "content": "We are a team based in the http://www.comp.nus.edu.sg[School of Computing, National University of Singapore]."
      },
      {
        "lineNumber": 11,
        "author": {
          "gitId": "-"
        },
        "content": ""
      },
      {
        "lineNumber": 12,
        "author": {
          "gitId": "-"
        },
        "content": "\u003d\u003d Project Team"
      },
      {
        "lineNumber": 13,
        "author": {
          "gitId": "-"
        },
        "content": ""
      },
      {
        "lineNumber": 14,
        "author": {
          "gitId": "fangpinsern"
        },
        "content": "\u003d\u003d\u003d Damith C. Rajapakse"
      },
      {
        "lineNumber": 15,
        "author": {
          "gitId": "-"
        },
        "content": "image::damithc.jpg[width\u003d\"150\", align\u003d\"left\"]"
      },
      {
        "lineNumber": 16,
        "author": {
          "gitId": "fangpinsern"
        },
        "content": "{empty}[http://www.comp.nus.edu.sg/~damithch[Homepage]] +"
      },
      {
        "lineNumber": 17,
        "author": {
          "gitId": "fangpinsern"
        },
        "content": "[https://github.com/damithc[Github]] +"
      },
      {
        "lineNumber": 18,
        "author": {
          "gitId": "fangpinsern"
        },
        "content": "[\u003c\u003cjohndoe#, portfolio\u003e\u003e]"
      },
      {
        "lineNumber": 19,
        "author": {
          "gitId": "-"
        },
        "content": ""
      },
      {
        "lineNumber": 20,
        "author": {
          "gitId": "-"
        },
        "content": "Role: Project Advisor"
      },
      {
        "lineNumber": 21,
        "author": {
          "gitId": "-"
        },
        "content": ""
      },
      {
        "lineNumber": 22,
        "author": {
          "gitId": "-"
        },
        "content": "\u0027\u0027\u0027"
      },
      {
        "lineNumber": 23,
        "author": {
          "gitId": "-"
        },
        "content": ""
      },
      {
        "lineNumber": 24,
        "author": {
          "gitId": "fangpinsern"
        },
        "content": "\u003d\u003d\u003d Maurice"
      },
      {
        "lineNumber": 25,
        "author": {
          "gitId": "fangpinsern"
        },
        "content": "image::maurice.png[width\u003d\"150\", align\u003d\"left\"]"
      },
      {
        "lineNumber": 26,
        "author": {
          "gitId": "fangpinsern"
        },
        "content": "{empty}[http://github.com/MauriceTXS[Github]] +"
      },
      {
        "lineNumber": 27,
        "author": {
          "gitId": "fangpinsern"
        },
        "content": "[\u003c\u003cjohndoe#, portfolio\u003e\u003e]"
      },
      {
        "lineNumber": 28,
        "author": {
          "gitId": "-"
        },
        "content": ""
      },
      {
        "lineNumber": 29,
        "author": {
          "gitId": "fangpinsern"
        },
        "content": "Role: Chief Executive Officer +"
      },
      {
        "lineNumber": 30,
        "author": {
          "gitId": "-"
        },
        "content": "Responsibilities: UI"
      },
      {
        "lineNumber": 31,
        "author": {
          "gitId": "-"
        },
        "content": ""
      },
      {
        "lineNumber": 32,
        "author": {
          "gitId": "-"
        },
        "content": "\u0027\u0027\u0027"
      },
      {
        "lineNumber": 33,
        "author": {
          "gitId": "-"
        },
        "content": ""
      },
      {
        "lineNumber": 34,
        "author": {
          "gitId": "fangpinsern"
        },
        "content": "\u003d\u003d\u003d Felix"
      },
      {
        "lineNumber": 35,
        "author": {
          "gitId": "fangpinsern"
        },
        "content": "image::felix.jpg[width\u003d\"150\", align\u003d\"left\"]"
      },
      {
        "lineNumber": 36,
        "author": {
          "gitId": "fangpinsern"
        },
        "content": "{empty}[http://github.com/FelixNWJ[Github]] +"
      },
      {
        "lineNumber": 37,
        "author": {
          "gitId": "fangpinsern"
        },
        "content": "[\u003c\u003cjohndoe#, portfolio\u003e\u003e]"
      },
      {
        "lineNumber": 38,
        "author": {
          "gitId": "-"
        },
        "content": ""
      },
      {
        "lineNumber": 39,
        "author": {
          "gitId": "fangpinsern"
        },
        "content": "Role: Chief Operating Officer +"
      },
      {
        "lineNumber": 40,
        "author": {
          "gitId": "-"
        },
        "content": "Responsibilities: Data"
      },
      {
        "lineNumber": 41,
        "author": {
          "gitId": "-"
        },
        "content": ""
      },
      {
        "lineNumber": 42,
        "author": {
          "gitId": "-"
        },
        "content": "\u0027\u0027\u0027"
      },
      {
        "lineNumber": 43,
        "author": {
          "gitId": "-"
        },
        "content": ""
      },
      {
        "lineNumber": 44,
        "author": {
          "gitId": "fangpinsern"
        },
        "content": "\u003d\u003d\u003d Ryan"
      },
      {
        "lineNumber": 45,
        "author": {
          "gitId": "fangpinsern"
        },
        "content": "image::ryan.jpg[width\u003d\"150\", align\u003d\"left\"]"
      },
      {
        "lineNumber": 46,
        "author": {
          "gitId": "fangpinsern"
        },
        "content": "{empty}[http://github.com/iltep64[Github]] +"
      },
      {
        "lineNumber": 47,
        "author": {
          "gitId": "fangpinsern"
        },
        "content": "[\u003c\u003cjohndoe#, portfolio\u003e\u003e]"
      },
      {
        "lineNumber": 48,
        "author": {
          "gitId": "-"
        },
        "content": ""
      },
      {
        "lineNumber": 49,
        "author": {
          "gitId": "fangpinsern"
        },
        "content": "Role: Chief Technical Officer +"
      },
      {
        "lineNumber": 50,
        "author": {
          "gitId": "-"
        },
        "content": "Responsibilities: Dev Ops + Threading"
      },
      {
        "lineNumber": 51,
        "author": {
          "gitId": "-"
        },
        "content": ""
      },
      {
        "lineNumber": 52,
        "author": {
          "gitId": "-"
        },
        "content": "\u0027\u0027\u0027"
      },
      {
        "lineNumber": 53,
        "author": {
          "gitId": "-"
        },
        "content": ""
      },
      {
        "lineNumber": 54,
        "author": {
          "gitId": "fangpinsern"
        },
        "content": "\u003d\u003d\u003d Pin Sern"
      },
      {
        "lineNumber": 55,
        "author": {
          "gitId": "fangpinsern"
        },
        "content": "image::pinsern.jpg[width\u003d\"150\", align\u003d\"left\"]"
      },
      {
        "lineNumber": 56,
        "author": {
          "gitId": "fangpinsern"
        },
        "content": "{empty}[http://github.com/fangpinsern[Github]] +"
      },
      {
        "lineNumber": 57,
        "author": {
          "gitId": "fangpinsern"
        },
        "content": "[\u003c\u003cjohndoe#, portfolio\u003e\u003e]"
      },
      {
        "lineNumber": 58,
        "author": {
          "gitId": "-"
        },
        "content": ""
      },
      {
        "lineNumber": 59,
        "author": {
          "gitId": "fangpinsern"
        },
        "content": "Role: Intern +"
      },
      {
        "lineNumber": 60,
        "author": {
          "gitId": "fangpinsern"
        },
        "content": "Responsibilities: Database and DevOps"
      },
      {
        "lineNumber": 61,
        "author": {
          "gitId": "-"
        },
        "content": ""
      },
      {
        "lineNumber": 62,
        "author": {
          "gitId": "-"
        },
        "content": "\u0027\u0027\u0027"
      }
    ],
    "authorContributionMap": {
      "fangpinsern": 26,
      "-": 36
    }
  },
  {
    "path": "docs/ContactUs.adoc",
    "fileType": "docs",
    "lines": [
      {
        "lineNumber": 1,
        "author": {
          "gitId": "-"
        },
        "content": "\u003d Contact Us"
      },
      {
        "lineNumber": 2,
        "author": {
          "gitId": "-"
        },
        "content": ":site-section: ContactUs"
      },
      {
        "lineNumber": 3,
        "author": {
          "gitId": "-"
        },
        "content": ":stylesDir: stylesheets"
      },
      {
        "lineNumber": 4,
        "author": {
          "gitId": "-"
        },
        "content": ""
      },
      {
        "lineNumber": 5,
        "author": {
          "gitId": "fangpinsern"
        },
        "content": "* *Bug reports, Suggestions* : Post in our https://github.com/AY1920S1-CS2103T-W11-4/main/issues[issue tracker] if you noticed bugs or have suggestions on how to improve."
      },
      {
        "lineNumber": 6,
        "author": {
          "gitId": "-"
        },
        "content": "* *Contributing* : We welcome pull requests. Follow the process described https://github.com/oss-generic/process[here]"
      },
      {
        "lineNumber": 7,
        "author": {
          "gitId": "fangpinsern"
        },
        "content": "* *Email us* : You can also reach us at `weneedanewemail@gmail.com`"
      }
    ],
    "authorContributionMap": {
      "fangpinsern": 2,
      "-": 5
    }
  },
  {
    "path": "docs/UserGuide.adoc",
    "fileType": "docs",
    "lines": [
      {
        "lineNumber": 1,
        "author": {
          "gitId": "FelixNWJ"
        },
        "content": "\u003d CaloFit - User Guide"
      },
      {
        "lineNumber": 2,
        "author": {
          "gitId": "-"
        },
        "content": ":site-section: UserGuide"
      },
      {
        "lineNumber": 3,
        "author": {
          "gitId": "-"
        },
        "content": ":toc:"
      },
      {
        "lineNumber": 4,
        "author": {
          "gitId": "-"
        },
        "content": ":toc-title:"
      },
      {
        "lineNumber": 5,
        "author": {
          "gitId": "-"
        },
        "content": ":toc-placement: preamble"
      },
      {
        "lineNumber": 6,
        "author": {
          "gitId": "-"
        },
        "content": ":sectnums:"
      },
      {
        "lineNumber": 7,
        "author": {
          "gitId": "-"
        },
        "content": ":imagesDir: images"
      },
      {
        "lineNumber": 8,
        "author": {
          "gitId": "-"
        },
        "content": ":stylesDir: stylesheets"
      },
      {
        "lineNumber": 9,
        "author": {
          "gitId": "-"
        },
        "content": ":xrefstyle: full"
      },
      {
        "lineNumber": 10,
        "author": {
          "gitId": "-"
        },
        "content": ":experimental:"
      },
      {
        "lineNumber": 11,
        "author": {
          "gitId": "-"
        },
        "content": "ifdef::env-github[]"
      },
      {
        "lineNumber": 12,
        "author": {
          "gitId": "-"
        },
        "content": ":tip-caption: :bulb:"
      },
      {
        "lineNumber": 13,
        "author": {
          "gitId": "-"
        },
        "content": ":note-caption: :information_source:"
      },
      {
        "lineNumber": 14,
        "author": {
          "gitId": "-"
        },
        "content": "endif::[]"
      },
      {
        "lineNumber": 15,
        "author": {
          "gitId": "FelixNWJ"
        },
        "content": ":repoURL: https://github.com/AY1920S1-CS2103T-W11-4/main"
      },
      {
        "lineNumber": 16,
        "author": {
          "gitId": "-"
        },
        "content": ""
      },
      {
        "lineNumber": 17,
        "author": {
          "gitId": "FelixNWJ"
        },
        "content": "By: `Team AY1920S1-CS2103T-W11-4`      Since: `Sep 2019`      Licence: `MIT`"
      },
      {
        "lineNumber": 18,
        "author": {
          "gitId": "-"
        },
        "content": ""
      },
      {
        "lineNumber": 19,
        "author": {
          "gitId": "-"
        },
        "content": "\u003d\u003d Introduction"
      },
      {
        "lineNumber": 20,
        "author": {
          "gitId": "-"
        },
        "content": ""
      },
      {
        "lineNumber": 21,
        "author": {
          "gitId": "FelixNWJ"
        },
        "content": "CaloFit is suitable for those who prefer to track their calories gained from day-to-day meals. CaloFit is primarily uses a Command Line Interface(CLI) while still displaying the results through a Graphical User Interface(GUI). You can set your daily calorie target and CaloFit will do its best to help you stay on track."
      },
      {
        "lineNumber": 22,
        "author": {
          "gitId": "-"
        },
        "content": ""
      },
      {
        "lineNumber": 23,
        "author": {
          "gitId": "-"
        },
        "content": "\u003d\u003d Quick Start"
      },
      {
        "lineNumber": 24,
        "author": {
          "gitId": "-"
        },
        "content": ""
      },
      {
        "lineNumber": 25,
        "author": {
          "gitId": "FelixNWJ"
        },
        "content": "Coming in v1.4 when the first jar file will be released."
      },
      {
        "lineNumber": 26,
        "author": {
          "gitId": "-"
        },
        "content": ""
      },
      {
        "lineNumber": 27,
        "author": {
          "gitId": "FelixNWJ"
        },
        "content": "Refer to \u003c\u003cFeatures\u003e\u003e for details of each command."
      },
      {
        "lineNumber": 28,
        "author": {
          "gitId": "-"
        },
        "content": ""
      },
      {
        "lineNumber": 29,
        "author": {
          "gitId": "-"
        },
        "content": "[[Features]]"
      },
      {
        "lineNumber": 30,
        "author": {
          "gitId": "-"
        },
        "content": "\u003d\u003d Features"
      },
      {
        "lineNumber": 31,
        "author": {
          "gitId": "-"
        },
        "content": ""
      },
      {
        "lineNumber": 32,
        "author": {
          "gitId": "-"
        },
        "content": "\u003d\u003d\u003d\u003d"
      },
      {
        "lineNumber": 33,
        "author": {
          "gitId": "-"
        },
        "content": "*Command Format*"
      },
      {
        "lineNumber": 34,
        "author": {
          "gitId": "-"
        },
        "content": ""
      },
      {
        "lineNumber": 35,
        "author": {
          "gitId": "FelixNWJ"
        },
        "content": "* Words in `UPPER_CASE` are the parameters to be supplied by the user e.g. in `add MEAL_NAME`, `MEAL_NAME` is a parameter which can be used as `add carbonara`."
      },
      {
        "lineNumber": 36,
        "author": {
          "gitId": "FelixNWJ"
        },
        "content": "* Items in square brackets are optional e.g `add MEAL_NAME [cal/CALORIES]` can be used as `add carbonara cal/430` or as `add carbonara`."
      },
      {
        "lineNumber": 37,
        "author": {
          "gitId": "-"
        },
        "content": "\u003d\u003d\u003d\u003d"
      },
      {
        "lineNumber": 38,
        "author": {
          "gitId": "-"
        },
        "content": ""
      },
      {
        "lineNumber": 39,
        "author": {
          "gitId": "FelixNWJ"
        },
        "content": "\u003d\u003d\u003d Adding a meal: `add`"
      },
      {
        "lineNumber": 40,
        "author": {
          "gitId": "-"
        },
        "content": ""
      },
      {
        "lineNumber": 41,
        "author": {
          "gitId": "FelixNWJ"
        },
        "content": "Adds a meal that the user ate to be tracked by CaloFit. +"
      },
      {
        "lineNumber": 42,
        "author": {
          "gitId": "FelixNWJ"
        },
        "content": "Format: `add MEAL_NAME [/cal CALORIES]`"
      },
      {
        "lineNumber": 43,
        "author": {
          "gitId": "-"
        },
        "content": ""
      },
      {
        "lineNumber": 44,
        "author": {
          "gitId": "-"
        },
        "content": "Examples:"
      },
      {
        "lineNumber": 45,
        "author": {
          "gitId": "-"
        },
        "content": ""
      },
      {
        "lineNumber": 46,
        "author": {
          "gitId": "FelixNWJ"
        },
        "content": "* `add spaghetti /cal 480`"
      },
      {
        "lineNumber": 47,
        "author": {
          "gitId": "FelixNWJ"
        },
        "content": "* `add chicken rice`"
      },
      {
        "lineNumber": 48,
        "author": {
          "gitId": "-"
        },
        "content": ""
      },
      {
        "lineNumber": 49,
        "author": {
          "gitId": "FelixNWJ"
        },
        "content": "\u003d\u003d\u003d Editing previous meal entry : `edit`"
      },
      {
        "lineNumber": 50,
        "author": {
          "gitId": "-"
        },
        "content": ""
      },
      {
        "lineNumber": 51,
        "author": {
          "gitId": "FelixNWJ"
        },
        "content": "Edits a meal that the user previously ate today. +"
      },
      {
        "lineNumber": 52,
        "author": {
          "gitId": "FelixNWJ"
        },
        "content": "Format: `edit MEAL_NUMBER [/name NAME] [/cal CALORIES]`"
      },
      {
        "lineNumber": 53,
        "author": {
          "gitId": "-"
        },
        "content": ""
      },
      {
        "lineNumber": 54,
        "author": {
          "gitId": "-"
        },
        "content": "Examples:"
      },
      {
        "lineNumber": 55,
        "author": {
          "gitId": "-"
        },
        "content": ""
      },
      {
        "lineNumber": 56,
        "author": {
          "gitId": "FelixNWJ"
        },
        "content": "* `edit 1 wanton noodle /cal 1000`"
      },
      {
        "lineNumber": 57,
        "author": {
          "gitId": "FelixNWJ"
        },
        "content": "* `edit 2 chicken rice`"
      },
      {
        "lineNumber": 58,
        "author": {
          "gitId": "FelixNWJ"
        },
        "content": "* `edit 3 /cal 500`"
      },
      {
        "lineNumber": 59,
        "author": {
          "gitId": "FelixNWJ"
        },
        "content": "* `edit 4`"
      },
      {
        "lineNumber": 60,
        "author": {
          "gitId": "-"
        },
        "content": ""
      },
      {
        "lineNumber": 61,
        "author": {
          "gitId": "FelixNWJ"
        },
        "content": "\u003d\u003d\u003d Deleting previous meal entry : `delete`"
      },
      {
        "lineNumber": 62,
        "author": {
          "gitId": "-"
        },
        "content": ""
      },
      {
        "lineNumber": 63,
        "author": {
          "gitId": "FelixNWJ"
        },
        "content": "Deletes a meal that the user previously ate today. +"
      },
      {
        "lineNumber": 64,
        "author": {
          "gitId": "FelixNWJ"
        },
        "content": "Format: `delete MEAL_NUMBER`"
      },
      {
        "lineNumber": 65,
        "author": {
          "gitId": "-"
        },
        "content": ""
      },
      {
        "lineNumber": 66,
        "author": {
          "gitId": "-"
        },
        "content": "Examples:"
      },
      {
        "lineNumber": 67,
        "author": {
          "gitId": "-"
        },
        "content": ""
      },
      {
        "lineNumber": 68,
        "author": {
          "gitId": "FelixNWJ"
        },
        "content": "* `delete 1`"
      },
      {
        "lineNumber": 69,
        "author": {
          "gitId": "-"
        },
        "content": ""
      },
      {
        "lineNumber": 70,
        "author": {
          "gitId": "FelixNWJ"
        },
        "content": "\u003d\u003d\u003d Suggesting Meal options: `suggest`"
      },
      {
        "lineNumber": 71,
        "author": {
          "gitId": "-"
        },
        "content": ""
      },
      {
        "lineNumber": 72,
        "author": {
          "gitId": "FelixNWJ"
        },
        "content": "Suggest possible meals based on user calorie intake budget and number  of meals left for today. +"
      },
      {
        "lineNumber": 73,
        "author": {
          "gitId": "FelixNWJ"
        },
        "content": "Format: `suggest`"
      },
      {
        "lineNumber": 74,
        "author": {
          "gitId": "-"
        },
        "content": ""
      },
      {
        "lineNumber": 75,
        "author": {
          "gitId": "FelixNWJ"
        },
        "content": "\u003d\u003d\u003d Setting calorie intake budget: `set`"
      },
      {
        "lineNumber": 76,
        "author": {
          "gitId": "-"
        },
        "content": ""
      },
      {
        "lineNumber": 77,
        "author": {
          "gitId": "FelixNWJ"
        },
        "content": "Set user calorie intake budget for today. +"
      },
      {
        "lineNumber": 78,
        "author": {
          "gitId": "FelixNWJ"
        },
        "content": "Format: `set CALORIES`"
      },
      {
        "lineNumber": 79,
        "author": {
          "gitId": "-"
        },
        "content": ""
      },
      {
        "lineNumber": 80,
        "author": {
          "gitId": "FelixNWJ"
        },
        "content": "Examples:"
      },
      {
        "lineNumber": 81,
        "author": {
          "gitId": "-"
        },
        "content": ""
      },
      {
        "lineNumber": 82,
        "author": {
          "gitId": "FelixNWJ"
        },
        "content": "* `set 2500`"
      },
      {
        "lineNumber": 83,
        "author": {
          "gitId": "-"
        },
        "content": ""
      },
      {
        "lineNumber": 84,
        "author": {
          "gitId": "FelixNWJ"
        },
        "content": "\u003d\u003d\u003d Generating a Report: `report`"
      },
      {
        "lineNumber": 85,
        "author": {
          "gitId": "-"
        },
        "content": ""
      },
      {
        "lineNumber": 86,
        "author": {
          "gitId": "FelixNWJ"
        },
        "content": "Creates a report for the user. +"
      },
      {
        "lineNumber": 87,
        "author": {
          "gitId": "FelixNWJ"
        },
        "content": "Includes Maximum, Minimum and Average calorie intake per day of the current month, +"
      },
      {
        "lineNumber": 88,
        "author": {
          "gitId": "FelixNWJ"
        },
        "content": "Number of days where calorie intake exceeded per month, +"
      },
      {
        "lineNumber": 89,
        "author": {
          "gitId": "FelixNWJ"
        },
        "content": "Most consumed food of the month. +"
      },
      {
        "lineNumber": 90,
        "author": {
          "gitId": "FelixNWJ"
        },
        "content": "Format: `report`"
      },
      {
        "lineNumber": 91,
        "author": {
          "gitId": "-"
        },
        "content": ""
      },
      {
        "lineNumber": 92,
        "author": {
          "gitId": "FelixNWJ"
        },
        "content": "\u003d\u003d\u003d Reminder that a meal is missed"
      },
      {
        "lineNumber": 93,
        "author": {
          "gitId": "-"
        },
        "content": ""
      },
      {
        "lineNumber": 94,
        "author": {
          "gitId": "FelixNWJ"
        },
        "content": "A reminder will display when the user starts up the CaloFit if he or she has missed a meal after a default time."
      },
      {
        "lineNumber": 95,
        "author": {
          "gitId": "-"
        },
        "content": ""
      },
      {
        "lineNumber": 96,
        "author": {
          "gitId": "-"
        },
        "content": "\u003d\u003d Command Summary"
      },
      {
        "lineNumber": 97,
        "author": {
          "gitId": "-"
        },
        "content": ""
      },
      {
        "lineNumber": 98,
        "author": {
          "gitId": "FelixNWJ"
        },
        "content": "* *Add* `add MEAL_NAME [/cal CALORIES]` +"
      },
      {
        "lineNumber": 99,
        "author": {
          "gitId": "FelixNWJ"
        },
        "content": "e.g. `add duck rice /cal 360`"
      },
      {
        "lineNumber": 100,
        "author": {
          "gitId": "FelixNWJ"
        },
        "content": "* *Edit* : `edit MEAL_NUMBER [/name MEAL_NAME] [/cal CALORIES]` +"
      },
      {
        "lineNumber": 101,
        "author": {
          "gitId": "FelixNWJ"
        },
        "content": "e.g. `edit 1 duck noodle /cal 250`"
      },
      {
        "lineNumber": 102,
        "author": {
          "gitId": "FelixNWJ"
        },
        "content": "* *Delete* : `delete MEAL_NUMBER` +"
      },
      {
        "lineNumber": 103,
        "author": {
          "gitId": "-"
        },
        "content": "e.g. `delete 3`"
      },
      {
        "lineNumber": 104,
        "author": {
          "gitId": "FelixNWJ"
        },
        "content": "* *Suggest* : `suggest`"
      },
      {
        "lineNumber": 105,
        "author": {
          "gitId": "FelixNWJ"
        },
        "content": "* *Set* : `set CALORIES` +"
      },
      {
        "lineNumber": 106,
        "author": {
          "gitId": "FelixNWJ"
        },
        "content": "e.g. `set 2600`"
      },
      {
        "lineNumber": 107,
        "author": {
          "gitId": "FelixNWJ"
        },
        "content": "* *Report* : `report`"
      }
    ],
    "authorContributionMap": {
      "FelixNWJ": 49,
      "-": 58
    }
  },
  {
    "path": "src/main/java/seedu/address/commons/exceptions/IllegalValueException.java",
    "fileType": "functional",
    "lines": [
      {
        "lineNumber": 1,
        "author": {
          "gitId": "-"
        },
        "content": "package seedu.address.commons.exceptions;"
      },
      {
        "lineNumber": 2,
        "author": {
          "gitId": "-"
        },
        "content": ""
      },
      {
        "lineNumber": 3,
        "author": {
          "gitId": "-"
        },
        "content": "/**"
      },
      {
        "lineNumber": 4,
        "author": {
          "gitId": "-"
        },
        "content": " * Signals that some given data does not fulfill some constraints."
      },
      {
        "lineNumber": 5,
        "author": {
          "gitId": "-"
        },
        "content": " */"
      },
      {
        "lineNumber": 6,
        "author": {
          "gitId": "-"
        },
        "content": "public class IllegalValueException extends Exception {"
      },
      {
        "lineNumber": 7,
        "author": {
          "gitId": "-"
        },
        "content": "    /**"
      },
      {
        "lineNumber": 8,
        "author": {
          "gitId": "-"
        },
        "content": "     * @param message should contain relevant information on the failed constraint(s)"
      },
      {
        "lineNumber": 9,
        "author": {
          "gitId": "-"
        },
        "content": "     */"
      },
      {
        "lineNumber": 10,
        "author": {
          "gitId": "-"
        },
        "content": "    public IllegalValueException(String message) {"
      },
      {
        "lineNumber": 11,
        "author": {
          "gitId": "-"
        },
        "content": "        super(message);"
      },
      {
        "lineNumber": 12,
        "author": {
          "gitId": "-"
        },
        "content": "    }"
      },
      {
        "lineNumber": 13,
        "author": {
          "gitId": "-"
        },
        "content": ""
      },
      {
        "lineNumber": 14,
        "author": {
          "gitId": "-"
        },
        "content": "    /**"
      },
      {
        "lineNumber": 15,
        "author": {
          "gitId": "FelixNWJ"
        },
        "content": "     * @param message should have relevant information about the failed constraint(s)"
      },
      {
        "lineNumber": 16,
        "author": {
          "gitId": "-"
        },
        "content": "     * @param cause of the main exception"
      },
      {
        "lineNumber": 17,
        "author": {
          "gitId": "-"
        },
        "content": "     */"
      },
      {
        "lineNumber": 18,
        "author": {
          "gitId": "-"
        },
        "content": "    public IllegalValueException(String message, Throwable cause) {"
      },
      {
        "lineNumber": 19,
        "author": {
          "gitId": "-"
        },
        "content": "        super(message, cause);"
      },
      {
        "lineNumber": 20,
        "author": {
          "gitId": "-"
        },
        "content": "    }"
      },
      {
        "lineNumber": 21,
        "author": {
          "gitId": "-"
        },
        "content": "}"
      }
    ],
    "authorContributionMap": {
      "-": 20,
      "FelixNWJ": 1
    }
  }
]
