{
  "authorDailyContributionsMap": {
    "fangpinsern": [
      {
        "insertions": 8,
        "deletions": 8,
        "date": "2019-09-23",
        "commitResults": [
          {
            "hash": "586eb43149e341665ed33aabe9b3cca851000340",
            "messageTitle": "Trying work flow",
            "messageBody": "Made some changes to About Us section\n",
            "insertions": 8,
            "deletions": 8
          }
        ]
      },
      {
        "insertions": 34,
        "deletions": 28,
        "date": "2019-09-24",
        "commitResults": [
          {
            "hash": "5bd70df943fe2a3bd6ec617036adbcbbade96345",
            "messageTitle": "Changes to AboutUs page",
            "messageBody": "Inserted images to the page\n",
            "insertions": 9,
            "deletions": 9
          },
          {
            "hash": "3a1a666440869f593b5f48ff6efcff91bee1956e",
            "messageTitle": "Minor changes to About us page",
            "messageBody": "",
            "insertions": 1,
            "deletions": 1
          },
          {
            "hash": "0c3abfceacd9fd618b280c55a67c4ca9a8150a0d",
            "messageTitle": "Putting newline character",
            "messageBody": "",
            "insertions": 4,
            "deletions": 4
          },
          {
            "hash": "73fb5bf145433d2ff191e5b933b74134f86a9bd1",
            "messageTitle": "update felix github url",
            "messageBody": "",
            "insertions": 2,
            "deletions": 2
          },
          {
            "hash": "a0b2c6046523c8f2d99b23f66981e4cd58feb885",
            "messageTitle": "Change button formating",
            "messageBody": "",
            "insertions": 8,
            "deletions": 5
          },
          {
            "hash": "6f0258c1b95999d710cbf1fb178c6ec326299253",
            "messageTitle": "Minor changes",
            "messageBody": "",
            "insertions": 6,
            "deletions": 3
          },
          {
            "hash": "1061d15e4d2dd49aafd8c070b3d0b46a1f3fbe6e",
            "messageTitle": "Updated Ryan Github URL",
            "messageBody": "",
            "insertions": 1,
            "deletions": 1
          },
          {
            "hash": "63ed6e06ee9ae0bb85c8ac0bfb5183c6d787312f",
            "messageTitle": "Minor changes to intro description",
            "messageBody": "",
            "insertions": 1,
            "deletions": 1
          },
          {
            "hash": "13c32a8546e15a81d782d2ef78b7caea094469e8",
            "messageTitle": "edited the contact us page",
            "messageBody": "",
            "insertions": 2,
            "deletions": 2
          }
        ]
      },
      {
        "insertions": 8,
        "deletions": 13,
        "date": "2019-09-30",
        "commitResults": [
          {
            "hash": "0c33c968dd239472fb71843eff3f4a46afec715c",
            "messageTitle": "Changes to AboutUs",
            "messageBody": "",
            "insertions": 5,
            "deletions": 10
          },
          {
            "hash": "0838deb5b3d22fa65887637e982489b4d83e4f74",
            "messageTitle": "Change extention in the AboutUs page for the images",
            "messageBody": "",
            "insertions": 3,
            "deletions": 3
          }
        ]
      },
      {
        "insertions": 216,
        "deletions": 34,
        "date": "2019-10-12",
        "commitResults": [
          {
            "hash": "5cb492c8caa67b5c81a8051a7af75fcd2a5ac02f",
            "messageTitle": "Modified Add Command",
            "messageBody": "Add command adds to meal log as well as dishDB is the dish is not in.\nCalories no longer compulsary for user and will be set to 700 if dish does not exist\nMinor modifications and bug fixes\n",
            "insertions": 162,
            "deletions": 6
          },
          {
            "hash": "0db0e23ff04557a76ab2b87d2946533295a32220",
            "messageTitle": "Add Command fixes",
            "messageBody": "Minor bug fixes to add command\nThings to note:\nException issue still not resolve. Will resolve in a following update\n",
            "insertions": 15,
            "deletions": 11
          },
          {
            "hash": "0492e268a7c36a0fee895eb865e6ac8b03e18401",
            "messageTitle": "Resolve CheckSytle Issues",
            "messageBody": "Resolved CheckStyle issues for Travis\n",
            "insertions": 39,
            "deletions": 17
          }
        ]
      },
      {
        "insertions": 8,
        "deletions": 26,
        "date": "2019-10-14",
        "commitResults": [
          {
            "hash": "cf9bf8b677549a963e6ea525c8b7df78e5a0965d",
            "messageTitle": "Remove add command exception when duplicate dish added",
            "messageBody": "This is because add command no longer adds to the dish database but\ninstead adds to the meal log as the meal that has been consumed\n",
            "insertions": 8,
            "deletions": 23
          },
          {
            "hash": "802b6bdf079746ec7b5138c136683002e2be0d42",
            "messageTitle": "CheckStyle Edit",
            "messageBody": "",
            "insertions": 0,
            "deletions": 3
          }
        ]
      }
    ],
    "iltep64": [
      {
        "insertions": 61,
        "deletions": 67,
        "date": "2019-09-27",
        "commitResults": [
          {
            "hash": "88006064ea00bd2084f155f28c689095f4f91536",
            "messageTitle": "First updates to Developer Guide.",
            "messageBody": "",
            "insertions": 61,
            "deletions": 67
          }
        ]
      },
      {
        "insertions": 22,
        "deletions": 1,
        "date": "2019-09-28",
        "commitResults": [
          {
            "hash": "4cf722a562fc867f4430cd838401aaf1e9e03584",
            "messageTitle": "Add one use case.",
            "messageBody": "",
            "insertions": 22,
            "deletions": 1
          }
        ]
      },
      {
        "insertions": 22,
        "deletions": 7,
        "date": "2019-09-30",
        "commitResults": [
          {
            "hash": "d189ead218ba7c04cb4ef4006c0f253f5b719319",
            "messageTitle": "Add more user stories to reflect basic usage.",
            "messageBody": "",
            "insertions": 16,
            "deletions": 1
          },
          {
            "hash": "8fb8ae8608636ca9b8f551f8d4b2501bf0d96e34",
            "messageTitle": "Make sentence-ending full stops in user stories more consistent.",
            "messageBody": "",
            "insertions": 6,
            "deletions": 6
          }
        ]
      },
      {
        "insertions": 2474,
        "deletions": 3571,
        "date": "2019-10-07",
        "commitResults": [
          {
            "hash": "e30f3c24a722daff759a86b4829ee336454c89db",
            "messageTitle": "Remove PersonCard phone, address and email display fields.",
            "messageBody": "",
            "insertions": 218,
            "deletions": 1255
          },
          {
            "hash": "d50aec76fac023338e875012b66245d4be5404eb",
            "messageTitle": "Move package paths, and rename Person to Meal (with accompanying changes)",
            "messageBody": "seedu.address.* -\u003e calofit.*\n",
            "insertions": 2256,
            "deletions": 2316
          }
        ]
      },
      {
        "insertions": 2116,
        "deletions": 1784,
        "date": "2019-10-08",
        "commitResults": [
          {
            "hash": "c0a89198e71cb05f5de9374f2dbc58a941552ab7",
            "messageTitle": "Rename Meal to Dish, to clarify model naming.",
            "messageBody": "",
            "insertions": 1030,
            "deletions": 1030
          },
          {
            "hash": "db3e9b0097f8c8521709ca844bcde20073fe9de4",
            "messageTitle": "Rename AddressBook to DishDatabase.",
            "messageBody": "",
            "insertions": 602,
            "deletions": 635
          },
          {
            "hash": "791c21f034495947a46c8079e2f6096eb9fabc37",
            "messageTitle": "Rename calofit.model.meal to calofit.model.dish, and move dish-related classes there.",
            "messageBody": "",
            "insertions": 95,
            "deletions": 92
          },
          {
            "hash": "9c0b78854e51ecd318707f002a084059e94beb64",
            "messageTitle": "Add Timestamp, Meal and MealLog models.",
            "messageBody": "",
            "insertions": 158,
            "deletions": 19
          },
          {
            "hash": "dbb8109163407ed6c99b139c87f5548fda9b1c11",
            "messageTitle": "Add MealLog display to the UI.",
            "messageBody": "",
            "insertions": 175,
            "deletions": 8
          },
          {
            "hash": "ac9c38457673e2d58a88341bc3adc1d2dc91eb22",
            "messageTitle": "Add CalorieBudget model.",
            "messageBody": "",
            "insertions": 35,
            "deletions": 0
          },
          {
            "hash": "4f16fd3a5dae81dd3d1d56487361583b1bf5fad1",
            "messageTitle": "Create addMeal method on Model interface.",
            "messageBody": "",
            "insertions": 21,
            "deletions": 0
          }
        ]
      },
      {
        "insertions": 900,
        "deletions": 674,
        "date": "2019-10-09",
        "commitResults": [
          {
            "hash": "9ff2dbd4557445928bd170672138c213f89335a3",
            "messageTitle": "Change import ordering to fit style guide.",
            "messageBody": "",
            "insertions": 258,
            "deletions": 342
          },
          {
            "hash": "b6b45279ab82b1dc219e07bc164c445c2ae508e2",
            "messageTitle": "Modify checkstyle config to follow IntelliJ, and further Checkstyle cleanup.",
            "messageBody": "",
            "insertions": 416,
            "deletions": 263
          },
          {
            "hash": "9ec0e4038cabda3c7b86f8c153bd3a1819a0370a",
            "messageTitle": "Add JavaDocs to new classes/methods.",
            "messageBody": "",
            "insertions": 86,
            "deletions": 0
          },
          {
            "hash": "6dc5d5cb7d3b06d3233c9d6aa202aa7ca0cd314b",
            "messageTitle": "Finally satisfy Checkstyle.",
            "messageBody": "",
            "insertions": 140,
            "deletions": 69
          }
        ]
      },
      {
        "insertions": 472,
        "deletions": 285,
        "date": "2019-10-13",
        "commitResults": [
          {
            "hash": "52c2163a438b65f5fff402005aec31ce7c899e11",
            "messageTitle": "Convert calorie storage field to int from String.",
            "messageBody": "",
            "insertions": 50,
            "deletions": 37
          },
          {
            "hash": "fea48bf6fb5e5ff0d7231439a661740da3bf4060",
            "messageTitle": "Add a progress bar representing remaining calorie budget to the UI.",
            "messageBody": "",
            "insertions": 176,
            "deletions": 0
          },
          {
            "hash": "95a7ddffa33f42a760d3849edc9fad7dda5e55ad",
            "messageTitle": "Converted BudgetBar into a FXML component. Also add info text overlaid on the budget bar.",
            "messageBody": "",
            "insertions": 75,
            "deletions": 61
          },
          {
            "hash": "dfa773ad4ce616ebbd52ccaed2fa707872d8943f",
            "messageTitle": "Add SetBudgetCommand and the associated Parser.",
            "messageBody": "",
            "insertions": 66,
            "deletions": 0
          },
          {
            "hash": "7d2871c41ec2cd06906734fde06e9a945c4b105b",
            "messageTitle": "Add tests for SetBudgetCommandParser.",
            "messageBody": "",
            "insertions": 44,
            "deletions": 1
          },
          {
            "hash": "1febccd8727dfe94b0eb61b8dda9bf6878c14293",
            "messageTitle": "Introduce Mockito mocking framework and add tests for SetBudgetCommand.",
            "messageBody": "",
            "insertions": 30,
            "deletions": 0
          },
          {
            "hash": "763be1b28bca57be403c0535abd0902a1995a5bc",
            "messageTitle": "Move more tests to use Mockito instead of custom mocks.",
            "messageBody": "",
            "insertions": 29,
            "deletions": 184
          },
          {
            "hash": "20ca4b00c396c072b3f885968734033a1fc9cb60",
            "messageTitle": "Move more tests to use Mockito instead of custom mocks.",
            "messageBody": "",
            "insertions": 2,
            "deletions": 2
          }
        ]
      },
      {
        "insertions": 233,
        "deletions": 237,
        "date": "2019-10-14",
        "commitResults": [
          {
            "hash": "3fe5cc3ba9548fa0c296f59a85d775b5b7f71e34",
            "messageTitle": " Fix BudgetBar filteredMeals not binding properly to meals.",
            "messageBody": "",
            "insertions": 20,
            "deletions": 6
          },
          {
            "hash": "68ca45dfc2b742003c9e1dcd49e4737bdf2dba20",
            "messageTitle": " Fix bug where progress bar did not take up full width.",
            "messageBody": "",
            "insertions": 1,
            "deletions": 1
          },
          {
            "hash": "2b4b516651f8b241873f123ba4de3bba0a173860",
            "messageTitle": "Add SetBudgetCommand and the associated Parser.",
            "messageBody": "",
            "insertions": 66,
            "deletions": 0
          },
          {
            "hash": "cc227acc8fde2bf2c1d4fe7ef4a7a686ebfa85a4",
            "messageTitle": "Add tests for SetBudgetCommandParser.",
            "messageBody": "",
            "insertions": 44,
            "deletions": 1
          },
          {
            "hash": "fb197898bab0680af22434a7d878af1c9c283dcd",
            "messageTitle": "Introduce Mockito mocking framework and add tests for SetBudgetCommand.",
            "messageBody": "",
            "insertions": 30,
            "deletions": 0
          },
          {
            "hash": "367a19e5aa2bfa3dc140f01ad88677ccdb75a1c9",
            "messageTitle": "Move more tests to use Mockito instead of custom mocks.",
            "messageBody": "",
            "insertions": 29,
            "deletions": 184
          },
          {
            "hash": "d3aa473c214b0e4138e6fcccb0478ceb377cd7fa",
            "messageTitle": "Move more tests to use Mockito instead of custom mocks.",
            "messageBody": "",
            "insertions": 2,
            "deletions": 2
          },
          {
            "hash": "fbe5bc7ac4a459ba3efcbae16ac9892ff052a285",
            "messageTitle": " Fix BudgetBar filteredMeals not binding properly to meals.",
            "messageBody": "",
            "insertions": 20,
            "deletions": 6
          },
          {
            "hash": "088d3f31e75407f894405159ef3017c3f66ada4f",
            "messageTitle": " Fix bug where progress bar did not take up full width.",
            "messageBody": "",
            "insertions": 1,
            "deletions": 1
          },
          {
            "hash": "bba3b484780b7f28aaaf05a8f9aff97941dae827",
            "messageTitle": "Move todayMeals observable into MealLog from BudgetBar.",
            "messageBody": "",
            "insertions": 20,
            "deletions": 36
          }
        ]
      }
    ],
    "MauriceTXS": [
      {
        "insertions": 6,
        "deletions": 9,
        "date": "2019-09-25",
        "commitResults": [
          {
            "hash": "7b3f7f442b54710e6aa887c15155e757c0e21c20",
            "messageTitle": "Updated README.adoc",
            "messageBody": "",
            "insertions": 6,
            "deletions": 9
          }
        ]
      },
      {
        "insertions": 0,
        "deletions": 1,
        "date": "2019-09-30",
        "commitResults": [
          {
            "hash": "eeaa30f7d70bb38bd67515e3e2d6c0a5f89a0d49",
            "messageTitle": "Edit README.adoc to remove unnecessary lines.",
            "messageBody": "",
            "insertions": 0,
            "deletions": 1
          }
        ]
      },
      {
        "insertions": 52,
        "deletions": 1,
        "date": "2019-10-13",
        "commitResults": [
          {
            "hash": "d7cc02d508eb7bef0b76ead19e0bde93cb865465",
            "messageTitle": "Error message \"java.lang.reflect.InvocationTargetException\"",
            "messageBody": "",
            "insertions": 52,
            "deletions": 1
          }
        ]
      },
      {
        "insertions": 72,
        "deletions": 80,
        "date": "2019-10-14",
        "commitResults": [
          {
            "hash": "2af65b7fe943e4ae1fce4691b1465294e3f1020c",
            "messageTitle": "Update to suggest command",
            "messageBody": "",
            "insertions": 51,
            "deletions": 4
          },
          {
            "hash": "bf8d1bc2ad073f3ef7df2ba02951c10d4852f07b",
            "messageTitle": "Updated suggest method",
            "messageBody": "",
            "insertions": 4,
            "deletions": 6
          },
          {
            "hash": "60fa84ac9f35892469d02ec3725b4bb4f70eae64",
            "messageTitle": "Implemented Suggest",
            "messageBody": "",
            "insertions": 10,
            "deletions": 57
          },
          {
            "hash": "5ed31faf945ae24a442a52e7d3fd808234c94ffd",
            "messageTitle": "Update suggest feature",
            "messageBody": "",
            "insertions": 0,
            "deletions": 1
          },
          {
            "hash": "18bac5a68ba21da43f66b89e689c302ae7453975",
            "messageTitle": "Updated javadoc",
            "messageBody": "",
            "insertions": 5,
            "deletions": 3
          },
          {
            "hash": "1531c16ff207e70cc9a202b7b1c89fc0b525e9b9",
            "messageTitle": "Updated message",
            "messageBody": "",
            "insertions": 1,
            "deletions": 1
          },
          {
            "hash": "cf542af0fb39ddfac2836c76f1b8bf522f2e5676",
            "messageTitle": "Code cleanup",
            "messageBody": "",
            "insertions": 0,
            "deletions": 7
          },
          {
            "hash": "6633810844c274f790138a12f06ad35e03cab4d6",
            "messageTitle": "Removed unnecessary semicolon",
            "messageBody": "",
            "insertions": 1,
            "deletions": 1
          }
        ]
      }
    ],
    "FelixNWJ": [
      {
        "insertions": 2,
        "deletions": 3,
        "date": "2019-09-17",
        "commitResults": [
          {
            "hash": "d1b56b9cdb8fb5a77d3eda4db4c3385256d0001e",
            "messageTitle": "Test Travis CI",
            "messageBody": "",
            "insertions": 1,
            "deletions": 1
          },
          {
            "hash": "d1b77091ad6c030940757395178e4e163d088974",
            "messageTitle": "Test Travis CI",
            "messageBody": "",
            "insertions": 1,
            "deletions": 1
          },
          {
            "hash": "ca20fdebcb051b74980290ee19ae32d0874e3a9a",
            "messageTitle": "Test Auto-Publishing",
            "messageBody": "",
            "insertions": 0,
            "deletions": 1
          }
        ]
      },
      {
        "insertions": 49,
        "deletions": 119,
        "date": "2019-09-23",
        "commitResults": [
          {
            "hash": "969f69ee8106b4ff07a7c6a43025638479755e5a",
            "messageTitle": "Update User Guide",
            "messageBody": "",
            "insertions": 49,
            "deletions": 119
          }
        ]
      },
      {
        "insertions": 2,
        "deletions": 2,
        "date": "2019-09-24",
        "commitResults": [
          {
            "hash": "295379f9a87c1325081582f934b0ebc902f5e1b7",
            "messageTitle": "Fix CheckStyle error found during Travis CI",
            "messageBody": "",
            "insertions": 2,
            "deletions": 2
          }
        ]
      },
      {
        "insertions": 7,
        "deletions": 1,
        "date": "2019-09-30",
        "commitResults": [
          {
            "hash": "bc2dc290460d8e2df5abbfdecfade936b4712f3f",
            "messageTitle": "Add Help Feature to User Guide",
            "messageBody": "",
            "insertions": 5,
            "deletions": 0
          },
          {
            "hash": "21f42aa286cd3bf839e0b2b6e398fdf585b6c71c",
            "messageTitle": "Fix format in User Guide",
            "messageBody": "",
            "insertions": 1,
            "deletions": 1
          },
          {
            "hash": "5e3c9f3fa7c857ebcb9560e90172c2ae82fcd2c7",
            "messageTitle": "Add Help Feature in Command Summary of User Guide",
            "messageBody": "",
            "insertions": 1,
            "deletions": 0
          }
        ]
      },
      {
        "insertions": 4,
        "deletions": 4,
        "date": "2019-10-01",
        "commitResults": [
          {
            "hash": "abef5d3bbffc83cdf47f468b9f9e97db87a40d7a",
            "messageTitle": "Change photo names to github usernames",
            "messageBody": "",
            "insertions": 4,
            "deletions": 4
          }
        ]
      },
      {
        "insertions": 224,
        "deletions": 171,
        "date": "2019-10-09",
        "commitResults": [
          {
            "hash": "82c72791e1ea1e9bd354f9d0976050fb05e466a6",
            "messageTitle": "Edit example command line inputs in AddCommand and FindCommand for CaloFit usage",
            "messageBody": "",
            "insertions": 4,
            "deletions": 4
          },
          {
            "hash": "4a7f5083d0394d4584f786d7c5f03cb55338f271",
            "messageTitle": "Add Calorie Class",
            "messageBody": "",
            "insertions": 43,
            "deletions": 0
          },
          {
            "hash": "6c9aeaa2dcd6a98de8a43c5cdb070629415d7988",
            "messageTitle": "Change static names in Test classes to food names for CaloFit",
            "messageBody": "",
            "insertions": 177,
            "deletions": 167
          }
        ]
      },
      {
        "insertions": 24,
        "deletions": 19,
        "date": "2019-10-10",
        "commitResults": [
          {
            "hash": "a0033367944342f66277e00cf9c92cd490c998a2",
            "messageTitle": "Change tag fields to those without space to pass test",
            "messageBody": "",
            "insertions": 2,
            "deletions": 2
          },
          {
            "hash": "38466d25240a6d0399d75fd3b0ce2a782d08eb1e",
            "messageTitle": "Change expected test result to fit our new food data for Calofit",
            "messageBody": "",
            "insertions": 3,
            "deletions": 4
          },
          {
            "hash": "65116b447a72430562181072cd040672a371966f",
            "messageTitle": "Change main class name to Calofit.Main",
            "messageBody": "",
            "insertions": 1,
            "deletions": 1
          },
          {
            "hash": "f65f671b4a37157edb4536d241c209684e1bf5b4",
            "messageTitle": "Change SampleData to be food names",
            "messageBody": "",
            "insertions": 9,
            "deletions": 12
          },
          {
            "hash": "8afae8e4393ece1213fb456a47ce238e44e56edd",
            "messageTitle": "Allow Dish to be constructed without Tags",
            "messageBody": "",
            "insertions": 9,
            "deletions": 0
          }
        ]
      },
      {
        "insertions": 466,
        "deletions": 66,
        "date": "2019-10-11",
        "commitResults": [
          {
            "hash": "1973eb41d3c84004dbdd8407bb1d887fbd9d5ecf",
            "messageTitle": "Creat Statistics class for the stats, and ReportCommand with ReportWindow to generate report.",
            "messageBody": "",
            "insertions": 47,
            "deletions": 0
          },
          {
            "hash": "dafb4da309a67b51acab00f1b86970a55d9b8eef",
            "messageTitle": "Add Calorie class as data attribute to relevant classes",
            "messageBody": "",
            "insertions": 419,
            "deletions": 66
          }
        ]
      },
      {
        "insertions": 168,
        "deletions": 40,
        "date": "2019-10-13",
        "commitResults": [
          {
            "hash": "236c19acd50f77b1c5d9fb6f5e925822d05e32cf",
            "messageTitle": "Update ReportWindow UI to make it more user friendly",
            "messageBody": "",
            "insertions": 136,
            "deletions": 34
          },
          {
            "hash": "5c48b13e6c2db8cc4fc2673e101fbaeb280fa49b",
            "messageTitle": "Correct message error when invalid add command is entered",
            "messageBody": "",
            "insertions": 2,
            "deletions": 1
          },
          {
            "hash": "f7dc188a5753201227304106180cd476a12a48de",
            "messageTitle": "Statistics now gets information based on MealLog, and exception is created when MealLog is empty",
            "messageBody": "",
            "insertions": 30,
            "deletions": 5
          }
        ]
      },
      {
        "insertions": 16,
        "deletions": 12,
        "date": "2019-10-14",
        "commitResults": [
          {
            "hash": "947d27f2daee31da4181507239c07981ef01f0b1",
            "messageTitle": "test for asciidoctor failing",
            "messageBody": "",
            "insertions": 1,
            "deletions": 1
          },
          {
            "hash": "05fec8fe85ac3fd4274d509def2738bbed9ec238",
            "messageTitle": "Update User Guide Add Command",
            "messageBody": "",
            "insertions": 15,
            "deletions": 11
          }
        ]
      },
      {
        "insertions": 3,
        "deletions": 1,
        "date": "2019-10-15",
        "commitResults": [
          {
            "hash": "363092bffbc007f98a079bb347b25a31b38b02cd",
            "messageTitle": "Fix Math error when calculating average",
            "messageBody": "",
            "insertions": 3,
            "deletions": 1
          }
        ]
      }
    ]
  },
  "authorFinalContributionMap": {
    "fangpinsern": 192,
    "iltep64": 3431,
    "MauriceTXS": 50,
    "FelixNWJ": 820
  },
  "authorFileTypeContributionMap": {
    "fangpinsern": {
      "docs": 21,
      "tests": 25,
      "functional": 146
    },
    "iltep64": {
      "docs": 83,
      "tests": 1662,
      "functional": 1681,
      "other": 5
    },
    "MauriceTXS": {
      "docs": 6,
      "tests": 0,
      "functional": 44
    },
    "FelixNWJ": {
      "docs": 60,
      "tests": 248,
      "functional": 511,
      "other": 1
    }
  },
  "authorContributionVariance": {
    "fangpinsern": 1613.2444,
    "iltep64": 1271603.9,
    "MauriceTXS": 622.9494,
    "FelixNWJ": 11603.619
  },
  "authorDisplayNameMap": {
    "fangpinsern": "CS2103T-W11-4 FANG  ...  SERN",
    "iltep64": "CS2103T-W11-4 RYAN  ...  RONG",
    "MauriceTXS": "CS2103T-W11-4 TAN X ... URICE",
    "FelixNWJ": "CS2103T-W11-4 NG WE ... FELIX"
  }
}
