{
  "authorDailyContributionsMap": {
    "shaoyi1997": [
      {
        "insertions": 10,
        "deletions": 6,
        "date": "2019-09-24",
        "commitResults": [
          {
            "hash": "bc9a0cf7ba7aa109993742a8406def959896a70f",
            "messageTitle": "Update README.adoc to match Mortago",
            "messageBody": "",
            "insertions": 10,
            "deletions": 6
          }
        ]
      },
      {
        "insertions": 654,
        "deletions": 6,
        "date": "2019-09-30",
        "commitResults": [
          {
            "hash": "9e1d97795b4e3f9bdc9206faee1e7081d194a53f",
            "messageTitle": "Implement workers class and unit tests",
            "messageBody": "",
            "insertions": 584,
            "deletions": 0
          },
          {
            "hash": "da04e8607af410627ac38f77d9f8de546c7c4c26",
            "messageTitle": "increase coverage of unit tests",
            "messageBody": "",
            "insertions": 70,
            "deletions": 6
          }
        ]
      },
      {
        "insertions": 21,
        "deletions": 4,
        "date": "2019-10-02",
        "commitResults": [
          {
            "hash": "ebd28a9bae259487d79a39d64a19f47a88da6a57",
            "messageTitle": "increase unit test coverage",
            "messageBody": "",
            "insertions": 19,
            "deletions": 1
          },
          {
            "hash": "8dd2d23fa7486025145ad9e7fe5f45abb15138d2",
            "messageTitle": "update build.gradle attributes to match Mortago",
            "messageBody": "",
            "insertions": 2,
            "deletions": 3
          }
        ]
      }
    ],
    "dalisc": [],
    "arjavibahety": [
      {
        "insertions": 1,
        "deletions": 2,
        "date": "2019-09-18",
        "commitResults": [
          {
            "hash": "c94daa39390ed84a68a8daaf210d36851553d6b4",
            "messageTitle": "Update README.adoc",
            "messageBody": "",
            "insertions": 1,
            "deletions": 1
          },
          {
            "hash": "ac755ed8fbc5528d92529a9d47d1b54ad711554e",
            "messageTitle": "testing auto-publishing",
            "messageBody": "",
            "insertions": 0,
            "deletions": 1
          }
        ]
      },
      {
        "insertions": 2,
        "deletions": 1,
        "date": "2019-09-24",
        "commitResults": [
          {
            "hash": "acfe2bdb65c8cde6531a100d73d487c67e864cfc",
            "messageTitle": "Update README.adoc",
            "messageBody": "",
            "insertions": 1,
            "deletions": 0
          },
          {
            "hash": "cee109e04dfd86e59b9babe69f106c853b912aeb",
            "messageTitle": "Update README.adoc",
            "messageBody": "",
            "insertions": 1,
            "deletions": 1
          }
        ]
      },
      {
        "insertions": 26,
        "deletions": 4,
        "date": "2019-10-02",
        "commitResults": [
          {
            "hash": "d23fd6fc7accb5fcc8497fbc0e89fe8e70329ef8",
            "messageTitle": "Update alerts feture in the userguide",
            "messageBody": "",
            "insertions": 7,
            "deletions": 3
          },
          {
            "hash": "0d271762002c857a0dcfa8132044a3a502f35d91",
            "messageTitle": "Update use cases for alerts in DG",
            "messageBody": "",
            "insertions": 18,
            "deletions": 0
          },
          {
            "hash": "b70c7c2b6eb6bc23dd1c00dfe7e06c455768db89",
            "messageTitle": "Fix styling error in DG",
            "messageBody": "",
            "insertions": 1,
            "deletions": 1
          }
        ]
      }
    ],
    "ambervoong": [
      {
        "insertions": 571,
        "deletions": 171,
        "date": "2019-09-25",
        "commitResults": [
          {
            "hash": "669be7ba77c724343ead2d7b68c4a6bef68041c2",
            "messageTitle": "Update UserGuide to the Mortago UserGuide. Document a few basic commands. Change the table of contents.",
            "messageBody": "",
            "insertions": 214,
            "deletions": 55
          },
          {
            "hash": "1ec10bff13978d3a269f3e06ecc6d7e33af2ab04",
            "messageTitle": "Add the remaining commands into the UG.",
            "messageBody": "",
            "insertions": 254,
            "deletions": 18
          },
          {
            "hash": "8a5b9e1c0cc6a3effb083ac0f4eecc5458c0c55e",
            "messageTitle": "Add remaining commands to the Command Summary.",
            "messageBody": "",
            "insertions": 89,
            "deletions": 86
          },
          {
            "hash": "b43cff8b50a033410f1bd9824c58472e37ba5b98",
            "messageTitle": "Make changes to UG details.",
            "messageBody": "",
            "insertions": 14,
            "deletions": 12
          }
        ]
      },
      {
        "insertions": 33,
        "deletions": 35,
        "date": "2019-10-01",
        "commitResults": [
          {
            "hash": "0df5a272df481b22f054e2589dedb8cdda0df217",
            "messageTitle": "Update UG to conform to the new identification number format.",
            "messageBody": "",
            "insertions": 33,
            "deletions": 35
          }
        ]
      },
      {
        "insertions": 58,
        "deletions": 62,
        "date": "2019-10-02",
        "commitResults": [
          {
            "hash": "80a19c12171e47339860c972e6c19c160f319ba4",
            "messageTitle": "Update DG with undo/redo use cases.",
            "messageBody": "",
            "insertions": 54,
            "deletions": 2
          },
          {
            "hash": "7d5047e434b6140ca3c37b6a2715ebdcc20a342d",
            "messageTitle": "Revert \"Update DG to add undo/redo use cases\"",
            "messageBody": "",
            "insertions": 2,
            "deletions": 54
          },
          {
            "hash": "17e58ef1122ce43732e8872af3452756b778508f",
            "messageTitle": "Update DG with undo/redo use case. Add value preposition for Mortago.",
            "messageBody": "",
            "insertions": 1,
            "deletions": 1
          },
          {
            "hash": "a8b5f346ffdcb3ecf3f07521b94852ae7b866f09",
            "messageTitle": "Update DG to add undo/redo use cases",
            "messageBody": "",
            "insertions": 1,
            "deletions": 5
          }
        ]
      }
    ],
    "bernicechio": [
      {
        "insertions": 30,
        "deletions": 30,
        "date": "2019-09-24",
        "commitResults": [
          {
            "hash": "4c7df5088ca18bf485ec6130e4619aa453d89222",
            "messageTitle": "Update AboutUs.adoc",
            "messageBody": "",
            "insertions": 23,
            "deletions": 23
          },
          {
            "hash": "047e0fcd2a57c933ce851a5e6b872b0275b33f09",
            "messageTitle": "Update AboutUs.adoc",
            "messageBody": "",
            "insertions": 5,
            "deletions": 5
          },
          {
            "hash": "4375a1dd631cf964420f775c9a4434633297c22e",
            "messageTitle": "Update ContactUs.adoc",
            "messageBody": "",
            "insertions": 2,
            "deletions": 2
          }
        ]
      },
      {
        "insertions": 557,
        "deletions": 93,
        "date": "2019-10-02",
        "commitResults": [
          {
            "hash": "a3a12bd387ee1f707066828bde4d9ad809cbab07",
            "messageTitle": "Update user guide",
            "messageBody": "",
            "insertions": 476,
            "deletions": 78
          },
          {
            "hash": "96c7bdd079d527cfa6e1fbdec7cfe630bafe84c4",
            "messageTitle": "Update DeveloperGuide.adoc",
            "messageBody": "",
            "insertions": 55,
            "deletions": 9
          },
          {
            "hash": "3f60879ab4a05e211d5b666cfbb24789af67077d",
            "messageTitle": "Update DeveloperGuide.adoc",
            "messageBody": "",
            "insertions": 26,
            "deletions": 6
          }
        ]
      }
    ]
  },
  "authorFinalContributionMap": {
    "shaoyi1997": 675,
    "dalisc": 0,
    "arjavibahety": 27,
    "ambervoong": 47,
    "bernicechio": 572
  },
  "authorFileTypeContributionMap": {
    "shaoyi1997": {
      "docs": 10,
      "tests": 344,
      "functional": 319,
      "other": 2
    },
    "dalisc": {
      "docs": 0,
      "tests": 0,
      "functional": 0
    },
    "arjavibahety": {
      "docs": 27,
      "tests": 0,
      "functional": 0
    },
    "ambervoong": {
      "docs": 47,
      "tests": 0,
      "functional": 0
    },
    "bernicechio": {
      "docs": 572,
      "tests": 0,
      "functional": 0
    }
  },
  "authorContributionVariance": {
    "shaoyi1997": 15491.888,
    "dalisc": 0.0,
    "arjavibahety": 32.22222,
    "ambervoong": 19909.436,
    "bernicechio": 15089.985
  },
  "authorDisplayNameMap": {
    "shaoyi1997": "CS2103T-T13-2 HONG  ... AO YI",
    "dalisc": "CS2103T-T13-2 CHAN  ... DALIS",
    "arjavibahety": "CS2103T-T13-2 BAHET ... RJAVI",
    "ambervoong": "CS2103T-T13-2 VOONG ...  XUAN",
    "bernicechio": "CS2103T-T13-2 BERNI ... I YIN"
  }
}
