{
  "authorDailyContributionsMap": {
    "SwampertX": [
      {
        "insertions": 1,
        "deletions": 426,
        "date": "2019-10-01",
        "commitResults": [
          {
            "hash": "930df1c5e7a4ade89497158177563fe87f4d278b",
            "messageTitle": "Use GFM for docs",
            "messageBody": "",
            "insertions": 0,
            "deletions": 425
          },
          {
            "hash": "55ca97ea0d3c3ea8ba355030897053a40adba453",
            "messageTitle": "Fix broken link in README",
            "messageBody": "",
            "insertions": 1,
            "deletions": 1
          }
        ]
      },
      {
        "insertions": 1,
        "deletions": 0,
        "date": "2019-10-08",
        "commitResults": [
          {
            "hash": "f6b3101c568d9dc4de176de958413be44306b75f",
            "messageTitle": "Fix readme link",
            "messageBody": "",
            "insertions": 1,
            "deletions": 0
          }
        ]
      },
      {
        "insertions": 176,
        "deletions": 0,
        "date": "2019-10-11",
        "commitResults": [
          {
            "hash": "d7d86f205dd9dd3f0646172445755597dec959af",
            "messageTitle": "Rewrite developer guide in adoc (#66)",
            "messageBody": "* Succumb to adoc\r\n\r\n* Edit image file names in AboutUs.adoc\r\n",
            "insertions": 176,
            "deletions": 0
          }
        ]
      }
    ],
    "yuhongtay": [
      {
        "insertions": 72,
        "deletions": 71,
        "date": "2019-10-01",
        "commitResults": [
          {
            "hash": "97a21e88680f0f34208e74876e14a42aeacbcf0c",
            "messageTitle": "Update AboutUs.adoc",
            "messageBody": "",
            "insertions": 23,
            "deletions": 23
          },
          {
            "hash": "eecca281f07705e3115f9b00ea8a2809a7890b5f",
            "messageTitle": "Update AboutUs.adoc",
            "messageBody": "",
            "insertions": 1,
            "deletions": 1
          },
          {
            "hash": "48824cd5467247e20c4aac06119bc088f39adc3e",
            "messageTitle": "Update AboutUs.adoc",
            "messageBody": "",
            "insertions": 22,
            "deletions": 23
          },
          {
            "hash": "481b37244c2f93f6685e0ed905216a026188c75b",
            "messageTitle": "Update AboutUs.adoc",
            "messageBody": "",
            "insertions": 24,
            "deletions": 22
          },
          {
            "hash": "7d1f3d00cae6562000a955b08ac877e2c656da90",
            "messageTitle": "Update ContactUs.adoc",
            "messageBody": "",
            "insertions": 2,
            "deletions": 2
          }
        ]
      },
      {
        "insertions": 3,
        "deletions": 2,
        "date": "2019-10-09",
        "commitResults": [
          {
            "hash": "1999e069c4c8b318259558cb89737ad9d5611501",
            "messageTitle": "update  site-wide documentation settings",
            "messageBody": "",
            "insertions": 2,
            "deletions": 2
          },
          {
            "hash": "b81bb49ec59594e1b300363e584eb66c79bae791",
            "messageTitle": "test",
            "messageBody": "",
            "insertions": 1,
            "deletions": 0
          }
        ]
      },
      {
        "insertions": 1617,
        "deletions": 54,
        "date": "2019-10-15",
        "commitResults": [
          {
            "hash": "b12de9a52438810ff45bcd94e097a862cc31c54e",
            "messageTitle": "add wishlist functionality.",
            "messageBody": "",
            "insertions": 1602,
            "deletions": 39
          },
          {
            "hash": "50997e45c61d5cbd7d611675e52280f77229a15d",
            "messageTitle": "add newline at EOF",
            "messageBody": "",
            "insertions": 3,
            "deletions": 3
          },
          {
            "hash": "5a1c24024bed9775b3d879649c29d3e83d1fa344",
            "messageTitle": "fix checkstyle errors",
            "messageBody": "",
            "insertions": 4,
            "deletions": 7
          },
          {
            "hash": "5efd6d215c362bbed2a4b9516a36975249021cce",
            "messageTitle": "fix checkstyle error in AddCommand",
            "messageBody": "",
            "insertions": 0,
            "deletions": 1
          },
          {
            "hash": "fc3c7bf22a33454c607897b0cc375b39654b4783",
            "messageTitle": "Fix Checkstyle Errors",
            "messageBody": "",
            "insertions": 8,
            "deletions": 3
          },
          {
            "hash": "81a8e4f7dd50d309aa28fd2b00658f07f14fcab1",
            "messageTitle": "Fix CheckStyle Error",
            "messageBody": "",
            "insertions": 0,
            "deletions": 1
          }
        ]
      }
    ],
    "Dandford": [
      {
        "insertions": 485,
        "deletions": 91,
        "date": "2019-10-01",
        "commitResults": [
          {
            "hash": "7ea3ceeb4708777175a19dc71a73f256d003830a",
            "messageTitle": "Modifying User Guide",
            "messageBody": "",
            "insertions": 484,
            "deletions": 90
          },
          {
            "hash": "415070b192e7d84fcd6bc7e491b42708086f2810",
            "messageTitle": "Update UserGuide",
            "messageBody": "",
            "insertions": 1,
            "deletions": 1
          }
        ]
      },
      {
        "insertions": 2,
        "deletions": 2,
        "date": "2019-10-08",
        "commitResults": [
          {
            "hash": "402379cec0237bc412aaaf3c21879b069ab6bf39",
            "messageTitle": "Minor tag edit after PR comments",
            "messageBody": "",
            "insertions": 1,
            "deletions": 1
          },
          {
            "hash": "a7a2954a90e5bac95b89bbf8cf5a3419279c1eac",
            "messageTitle": "Fix developer\u0027s guide link in ReadME.adoc",
            "messageBody": "",
            "insertions": 1,
            "deletions": 1
          }
        ]
      },
      {
        "insertions": 420,
        "deletions": 49,
        "date": "2019-10-10",
        "commitResults": [
          {
            "hash": "bff1a32ca54c91546d4eb616a91c08a85f99bd8c",
            "messageTitle": "Initial morphing to add Expense class",
            "messageBody": "",
            "insertions": 420,
            "deletions": 49
          }
        ]
      }
    ],
    "rongrongrr": [
      {
        "insertions": 11,
        "deletions": 10,
        "date": "2019-10-08",
        "commitResults": [
          {
            "hash": "d07ac76c7744f7c5815d83622d714d79da2ee048",
            "messageTitle": "Edit user guide",
            "messageBody": "",
            "insertions": 11,
            "deletions": 10
          }
        ]
      }
    ],
    "jessicax941": [
      {
        "insertions": 13,
        "deletions": 7,
        "date": "2019-10-01",
        "commitResults": [
          {
            "hash": "0a3d6340d10d7751ac918f50e25f0e9b505618ea",
            "messageTitle": "Update README.adoc",
            "messageBody": "",
            "insertions": 12,
            "deletions": 4
          },
          {
            "hash": "b28d1bc4a4fc2fadd6c6448be9b19966d2f73253",
            "messageTitle": "Edit introduction of README.adoc",
            "messageBody": "",
            "insertions": 0,
            "deletions": 2
          },
          {
            "hash": "5e349d16512ba1bf6943fa89dae21c9776eb21e3",
            "messageTitle": "Edit title of README.adoc",
            "messageBody": "",
            "insertions": 1,
            "deletions": 1
          }
        ]
      },
      {
        "insertions": 22,
        "deletions": 32,
        "date": "2019-10-08",
        "commitResults": [
          {
            "hash": "e1d4d276f268ee8b0e88c2a2a3b8cac7051af179",
            "messageTitle": "Edit AboutUs.adoc",
            "messageBody": "",
            "insertions": 13,
            "deletions": 23
          },
          {
            "hash": "4a7a81385e136304f521991a9b79fdc1fca5a614",
            "messageTitle": "Edit image file names in AboutUs.adoc",
            "messageBody": "",
            "insertions": 2,
            "deletions": 2
          },
          {
            "hash": "2fc15234f1c98d77d6aab481cd741d3f2a01178a",
            "messageTitle": "Edit team members\u0027 responsibilities in AboutUs.adoc",
            "messageBody": "",
            "insertions": 7,
            "deletions": 7
          }
        ]
      },
      {
        "insertions": 1968,
        "deletions": 1449,
        "date": "2019-10-09",
        "commitResults": [
          {
            "hash": "372192474cc48ae253cfedb454cc7bec5534b06f",
            "messageTitle": "Morphed Person to Entry class",
            "messageBody": "",
            "insertions": 1968,
            "deletions": 1449
          }
        ]
      },
      {
        "insertions": 3897,
        "deletions": 4242,
        "date": "2019-10-11",
        "commitResults": [
          {
            "hash": "2a3520a8a1bbe28bba93dd53648155aaa0e89870",
            "messageTitle": "Fix checkstyle issues",
            "messageBody": "",
            "insertions": 3897,
            "deletions": 4242
          }
        ]
      },
      {
        "insertions": 261,
        "deletions": 37,
        "date": "2019-10-12",
        "commitResults": [
          {
            "hash": "7eb8692e185001a94878e2d33db0f60a2e2a07f4",
            "messageTitle": "Add Income, modify Expense",
            "messageBody": "",
            "insertions": 261,
            "deletions": 37
          }
        ]
      },
      {
        "insertions": 225,
        "deletions": 33,
        "date": "2019-10-13",
        "commitResults": [
          {
            "hash": "3b04f368119d91eba1eb4f25bf75b85427b2f270",
            "messageTitle": "Implement addIncome method",
            "messageBody": "Also edited Storage classes to store 2 lists in the json file - \"expenses\" and \"incomes\".\n",
            "insertions": 4,
            "deletions": 0
          },
          {
            "hash": "21d2417f282eb8ff8834c0fade7c1c39141d6831",
            "messageTitle": "Implement addIncome method",
            "messageBody": "",
            "insertions": 221,
            "deletions": 33
          }
        ]
      },
      {
        "insertions": 243,
        "deletions": 252,
        "date": "2019-10-14",
        "commitResults": [
          {
            "hash": "9c981a0a740e9589daee7ae562bca06d7c3e01ea",
            "messageTitle": "Revert \"Implement addIncome method\"",
            "messageBody": "This reverts commit 21d2417f282eb8ff8834c0fade7c1c39141d6831.\n",
            "insertions": 33,
            "deletions": 221
          },
          {
            "hash": "4efde2e018d1da41a95edefc44423b7248921d3c",
            "messageTitle": "Re: Implement addIncome method",
            "messageBody": "",
            "insertions": 184,
            "deletions": 18
          },
          {
            "hash": "e248e8e2cc125e4f52b33a45f933160f9b3a8b43",
            "messageTitle": "Allow income entries to appear on GUI",
            "messageBody": "",
            "insertions": 26,
            "deletions": 13
          }
        ]
      },
      {
        "insertions": 16,
        "deletions": 10,
        "date": "2019-10-15",
        "commitResults": [
          {
            "hash": "d3efd5d54a6fccf7fe9e23a4c3eef81240ba234d",
            "messageTitle": "Allow both expense and income entries to appear on GUI",
            "messageBody": "App now properly stores and reads from addressbook.json\n",
            "insertions": 16,
            "deletions": 10
          }
        ]
      }
    ]
  },
  "authorFinalContributionMap": {
    "SwampertX": 146,
    "yuhongtay": 1576,
    "Dandford": 774,
    "rongrongrr": 8,
    "jessicax941": 5393
  },
  "authorFileTypeContributionMap": {
    "SwampertX": {
      "docs": 146,
      "tests": 0,
      "functional": 0
    },
    "yuhongtay": {
      "docs": 12,
      "tests": 0,
      "functional": 1561,
      "other": 3
    },
    "Dandford": {
      "docs": 448,
      "tests": 0,
      "functional": 326
    },
    "rongrongrr": {
      "docs": 8,
      "tests": 0,
      "functional": 0
    },
    "jessicax941": {
      "docs": 25,
      "tests": 3997,
      "functional": 1371
    }
  },
  "authorContributionVariance": {
    "SwampertX": 5104.6416,
    "yuhongtay": 68249.9,
    "Dandford": 13106.074,
    "rongrongrr": 10.749376,
    "jessicax941": 1857172.4
  },
  "authorDisplayNameMap": {
    "SwampertX": "CS2103-T16-4 TAN Y ...  JIAN",
    "yuhongtay": "CS2103-T16-4 TAY Y ...  HONG",
    "Dandford": "CS2103-T16-4 ONG M ... CHUNG",
    "rongrongrr": "CS2103-T16-4 CHAN  ...  RONG",
    "jessicax941": "CS2103-T16-4 JESSI ... U XIN"
  }
}
