[
  {
    "path": "README.adoc",
    "fileType": "adoc",
    "lines": [
      {
        "lineNumber": 1,
        "author": {
          "gitId": "EugeneTeu"
        },
        "content": "\u003d SELLER MANAGER Lite"
      },
      {
        "lineNumber": 2,
        "author": {
          "gitId": "-"
        },
        "content": "ifdef::env-github,env-browser[:relfileprefix: docs/]"
      },
      {
        "lineNumber": 3,
        "author": {
          "gitId": "-"
        },
        "content": ""
      },
      {
        "lineNumber": 4,
        "author": {
          "gitId": "-"
        },
        "content": "https://travis-ci.org/se-edu/addressbook-level3[image:https://travis-ci.org/se-edu/addressbook-level3.svg?branch\u003dmaster[Build Status]]"
      },
      {
        "lineNumber": 5,
        "author": {
          "gitId": "-"
        },
        "content": "https://ci.appveyor.com/project/damithc/addressbook-level3[image:https://ci.appveyor.com/api/projects/status/3boko2x2vr5cc3w2?svg\u003dtrue[Build status]]"
      },
      {
        "lineNumber": 6,
        "author": {
          "gitId": "-"
        },
        "content": "https://coveralls.io/github/se-edu/addressbook-level3?branch\u003dmaster[image:https://coveralls.io/repos/github/se-edu/addressbook-level3/badge.svg?branch\u003dmaster[Coverage Status]]"
      },
      {
        "lineNumber": 7,
        "author": {
          "gitId": "-"
        },
        "content": "https://www.codacy.com/app/damith/addressbook-level3?utm_source\u003dgithub.com\u0026utm_medium\u003dreferral\u0026utm_content\u003dse-edu/addressbook-level3\u0026utm_campaign\u003dBadge_Grade[image:https://api.codacy.com/project/badge/Grade/fc0b7775cf7f4fdeaf08776f3d8e364a[Codacy Badge]]"
      },
      {
        "lineNumber": 8,
        "author": {
          "gitId": "-"
        },
        "content": "https://gitter.im/se-edu/Lobby[image:https://badges.gitter.im/se-edu/Lobby.svg[Gitter chat]]"
      },
      {
        "lineNumber": 9,
        "author": {
          "gitId": "-"
        },
        "content": ""
      },
      {
        "lineNumber": 10,
        "author": {
          "gitId": "-"
        },
        "content": "ifdef::env-github[]"
      },
      {
        "lineNumber": 11,
        "author": {
          "gitId": "-"
        },
        "content": "image::docs/images/Ui.png[width\u003d\"600\"]"
      },
      {
        "lineNumber": 12,
        "author": {
          "gitId": "-"
        },
        "content": "endif::[]"
      },
      {
        "lineNumber": 13,
        "author": {
          "gitId": "-"
        },
        "content": ""
      },
      {
        "lineNumber": 14,
        "author": {
          "gitId": "-"
        },
        "content": "ifndef::env-github[]"
      },
      {
        "lineNumber": 15,
        "author": {
          "gitId": "-"
        },
        "content": "image::images/Ui.png[width\u003d\"600\"]"
      },
      {
        "lineNumber": 16,
        "author": {
          "gitId": "-"
        },
        "content": "endif::[]"
      },
      {
        "lineNumber": 17,
        "author": {
          "gitId": "-"
        },
        "content": ""
      },
      {
        "lineNumber": 18,
        "author": {
          "gitId": "-"
        },
        "content": "* This is a desktop Address Book application. It has a GUI but most of the user interactions happen using a CLI (Command Line Interface)."
      },
      {
        "lineNumber": 19,
        "author": {
          "gitId": "-"
        },
        "content": "* It is a Java sample application intended for students learning Software Engineering while using Java as the main programming language."
      },
      {
        "lineNumber": 20,
        "author": {
          "gitId": "-"
        },
        "content": "* It is *written in OOP fashion*. It provides a *reasonably well-written* code example that is *significantly bigger* (around 6 KLoC)than what students usually write in beginner-level SE modules."
      },
      {
        "lineNumber": 21,
        "author": {
          "gitId": "-"
        },
        "content": ""
      },
      {
        "lineNumber": 22,
        "author": {
          "gitId": "-"
        },
        "content": "\u003d\u003d Site Map"
      },
      {
        "lineNumber": 23,
        "author": {
          "gitId": "-"
        },
        "content": ""
      },
      {
        "lineNumber": 24,
        "author": {
          "gitId": "-"
        },
        "content": "* \u003c\u003cUserGuide#, User Guide\u003e\u003e"
      },
      {
        "lineNumber": 25,
        "author": {
          "gitId": "-"
        },
        "content": "* \u003c\u003cDeveloperGuide#, Developer Guide\u003e\u003e"
      },
      {
        "lineNumber": 26,
        "author": {
          "gitId": "-"
        },
        "content": "* \u003c\u003cLearningOutcomes#, Learning Outcomes\u003e\u003e"
      },
      {
        "lineNumber": 27,
        "author": {
          "gitId": "-"
        },
        "content": "* \u003c\u003cAboutUs#, About Us\u003e\u003e"
      },
      {
        "lineNumber": 28,
        "author": {
          "gitId": "-"
        },
        "content": "* \u003c\u003cContactUs#, Contact Us\u003e\u003e"
      },
      {
        "lineNumber": 29,
        "author": {
          "gitId": "-"
        },
        "content": ""
      },
      {
        "lineNumber": 30,
        "author": {
          "gitId": "-"
        },
        "content": "\u003d\u003d Acknowledgements"
      },
      {
        "lineNumber": 31,
        "author": {
          "gitId": "-"
        },
        "content": ""
      },
      {
        "lineNumber": 32,
        "author": {
          "gitId": "-"
        },
        "content": "* Some parts of this sample application were inspired by the excellent http://code.makery.ch/library/javafx-8-tutorial/[Java FX tutorial] by"
      },
      {
        "lineNumber": 33,
        "author": {
          "gitId": "-"
        },
        "content": "_Marco Jakob_."
      },
      {
        "lineNumber": 34,
        "author": {
          "gitId": "-"
        },
        "content": "* Libraries used: https://openjfx.io/[JavaFX], https://github.com/FasterXML/jackson[Jackson], https://github.com/junit-team/junit5[JUnit5]"
      },
      {
        "lineNumber": 35,
        "author": {
          "gitId": "-"
        },
        "content": ""
      },
      {
        "lineNumber": 36,
        "author": {
          "gitId": "-"
        },
        "content": "\u003d\u003d Licence : link:LICENSE[MIT]"
      }
    ],
    "authorContributionMap": {
      "EugeneTeu": 1,
      "-": 35
    }
  },
  {
    "path": "src/main/java/seedu/address/MainApp.java",
    "fileType": "java",
    "lines": [
      {
        "lineNumber": 1,
        "author": {
          "gitId": "-"
        },
        "content": "package seedu.address;"
      },
      {
        "lineNumber": 2,
        "author": {
          "gitId": "-"
        },
        "content": ""
      },
      {
        "lineNumber": 3,
        "author": {
          "gitId": "-"
        },
        "content": "import java.io.IOException;"
      },
      {
        "lineNumber": 4,
        "author": {
          "gitId": "-"
        },
        "content": "import java.nio.file.Path;"
      },
      {
        "lineNumber": 5,
        "author": {
          "gitId": "-"
        },
        "content": "import java.util.Optional;"
      },
      {
        "lineNumber": 6,
        "author": {
          "gitId": "-"
        },
        "content": "import java.util.logging.Logger;"
      },
      {
        "lineNumber": 7,
        "author": {
          "gitId": "-"
        },
        "content": ""
      },
      {
        "lineNumber": 8,
        "author": {
          "gitId": "-"
        },
        "content": "import javafx.application.Application;"
      },
      {
        "lineNumber": 9,
        "author": {
          "gitId": "-"
        },
        "content": "import javafx.stage.Stage;"
      },
      {
        "lineNumber": 10,
        "author": {
          "gitId": "-"
        },
        "content": "import seedu.address.commons.core.Config;"
      },
      {
        "lineNumber": 11,
        "author": {
          "gitId": "-"
        },
        "content": "import seedu.address.commons.core.LogsCenter;"
      },
      {
        "lineNumber": 12,
        "author": {
          "gitId": "-"
        },
        "content": "import seedu.address.commons.core.Version;"
      },
      {
        "lineNumber": 13,
        "author": {
          "gitId": "-"
        },
        "content": "import seedu.address.commons.exceptions.DataConversionException;"
      },
      {
        "lineNumber": 14,
        "author": {
          "gitId": "-"
        },
        "content": "import seedu.address.commons.util.ConfigUtil;"
      },
      {
        "lineNumber": 15,
        "author": {
          "gitId": "-"
        },
        "content": "import seedu.address.commons.util.StringUtil;"
      },
      {
        "lineNumber": 16,
        "author": {
          "gitId": "-"
        },
        "content": "import seedu.address.logic.Logic;"
      },
      {
        "lineNumber": 17,
        "author": {
          "gitId": "-"
        },
        "content": "import seedu.address.logic.LogicManager;"
      },
      {
        "lineNumber": 18,
        "author": {
          "gitId": "-"
        },
        "content": "import seedu.address.model.AddressBook;"
      },
      {
        "lineNumber": 19,
        "author": {
          "gitId": "-"
        },
        "content": "import seedu.address.model.Model;"
      },
      {
        "lineNumber": 20,
        "author": {
          "gitId": "-"
        },
        "content": "import seedu.address.model.ModelManager;"
      },
      {
        "lineNumber": 21,
        "author": {
          "gitId": "-"
        },
        "content": "import seedu.address.model.ReadOnlyAddressBook;"
      },
      {
        "lineNumber": 22,
        "author": {
          "gitId": "-"
        },
        "content": "import seedu.address.model.ReadOnlyUserPrefs;"
      },
      {
        "lineNumber": 23,
        "author": {
          "gitId": "-"
        },
        "content": "import seedu.address.model.UserPrefs;"
      },
      {
        "lineNumber": 24,
        "author": {
          "gitId": "-"
        },
        "content": "import seedu.address.model.util.SampleDataUtil;"
      },
      {
        "lineNumber": 25,
        "author": {
          "gitId": "-"
        },
        "content": "import seedu.address.storage.AddressBookStorage;"
      },
      {
        "lineNumber": 26,
        "author": {
          "gitId": "-"
        },
        "content": "import seedu.address.storage.JsonAddressBookStorage;"
      },
      {
        "lineNumber": 27,
        "author": {
          "gitId": "-"
        },
        "content": "import seedu.address.storage.JsonUserPrefsStorage;"
      },
      {
        "lineNumber": 28,
        "author": {
          "gitId": "-"
        },
        "content": "import seedu.address.storage.Storage;"
      },
      {
        "lineNumber": 29,
        "author": {
          "gitId": "-"
        },
        "content": "import seedu.address.storage.StorageManager;"
      },
      {
        "lineNumber": 30,
        "author": {
          "gitId": "-"
        },
        "content": "import seedu.address.storage.UserPrefsStorage;"
      },
      {
        "lineNumber": 31,
        "author": {
          "gitId": "-"
        },
        "content": "import seedu.address.ui.Ui;"
      },
      {
        "lineNumber": 32,
        "author": {
          "gitId": "-"
        },
        "content": "import seedu.address.ui.UiManager;"
      },
      {
        "lineNumber": 33,
        "author": {
          "gitId": "-"
        },
        "content": ""
      },
      {
        "lineNumber": 34,
        "author": {
          "gitId": "-"
        },
        "content": "/**"
      },
      {
        "lineNumber": 35,
        "author": {
          "gitId": "-"
        },
        "content": " * Runs the application."
      },
      {
        "lineNumber": 36,
        "author": {
          "gitId": "-"
        },
        "content": " */"
      },
      {
        "lineNumber": 37,
        "author": {
          "gitId": "-"
        },
        "content": "public class MainApp extends Application {"
      },
      {
        "lineNumber": 38,
        "author": {
          "gitId": "-"
        },
        "content": ""
      },
      {
        "lineNumber": 39,
        "author": {
          "gitId": "-"
        },
        "content": "    public static final Version VERSION \u003d new Version(0, 6, 0, true);"
      },
      {
        "lineNumber": 40,
        "author": {
          "gitId": "-"
        },
        "content": ""
      },
      {
        "lineNumber": 41,
        "author": {
          "gitId": "-"
        },
        "content": "    private static final Logger logger \u003d LogsCenter.getLogger(MainApp.class);"
      },
      {
        "lineNumber": 42,
        "author": {
          "gitId": "-"
        },
        "content": ""
      },
      {
        "lineNumber": 43,
        "author": {
          "gitId": "-"
        },
        "content": "    protected Ui ui;"
      },
      {
        "lineNumber": 44,
        "author": {
          "gitId": "-"
        },
        "content": "    protected Logic logic;"
      },
      {
        "lineNumber": 45,
        "author": {
          "gitId": "-"
        },
        "content": "    protected Storage storage;"
      },
      {
        "lineNumber": 46,
        "author": {
          "gitId": "-"
        },
        "content": "    protected Model model;"
      },
      {
        "lineNumber": 47,
        "author": {
          "gitId": "-"
        },
        "content": "    protected Config config;"
      },
      {
        "lineNumber": 48,
        "author": {
          "gitId": "-"
        },
        "content": ""
      },
      {
        "lineNumber": 49,
        "author": {
          "gitId": "-"
        },
        "content": "    @Override"
      },
      {
        "lineNumber": 50,
        "author": {
          "gitId": "-"
        },
        "content": "    public void init() throws Exception {"
      },
      {
        "lineNumber": 51,
        "author": {
          "gitId": "EugeneTeu"
        },
        "content": "        logger.info(\"\u003d\u003d\u003d\u003d\u003d\u003d\u003d\u003d\u003d\u003d\u003d\u003d\u003d\u003d\u003d\u003d\u003d\u003d\u003d\u003d\u003d\u003d\u003d\u003d\u003d\u003d\u003d\u003d\u003d[ Initializing T09-4 project  ]\u003d\u003d\u003d\u003d\u003d\u003d\u003d\u003d\u003d\u003d\u003d\u003d\u003d\u003d\u003d\u003d\u003d\u003d\u003d\u003d\u003d\u003d\u003d\u003d\u003d\u003d\u003d\");"
      },
      {
        "lineNumber": 52,
        "author": {
          "gitId": "-"
        },
        "content": "        super.init();"
      },
      {
        "lineNumber": 53,
        "author": {
          "gitId": "-"
        },
        "content": ""
      },
      {
        "lineNumber": 54,
        "author": {
          "gitId": "-"
        },
        "content": "        AppParameters appParameters \u003d AppParameters.parse(getParameters());"
      },
      {
        "lineNumber": 55,
        "author": {
          "gitId": "-"
        },
        "content": "        config \u003d initConfig(appParameters.getConfigPath());"
      },
      {
        "lineNumber": 56,
        "author": {
          "gitId": "-"
        },
        "content": ""
      },
      {
        "lineNumber": 57,
        "author": {
          "gitId": "-"
        },
        "content": "        UserPrefsStorage userPrefsStorage \u003d new JsonUserPrefsStorage(config.getUserPrefsFilePath());"
      },
      {
        "lineNumber": 58,
        "author": {
          "gitId": "-"
        },
        "content": "        UserPrefs userPrefs \u003d initPrefs(userPrefsStorage);"
      },
      {
        "lineNumber": 59,
        "author": {
          "gitId": "-"
        },
        "content": "        AddressBookStorage addressBookStorage \u003d new JsonAddressBookStorage(userPrefs.getAddressBookFilePath());"
      },
      {
        "lineNumber": 60,
        "author": {
          "gitId": "-"
        },
        "content": "        storage \u003d new StorageManager(addressBookStorage, userPrefsStorage);"
      },
      {
        "lineNumber": 61,
        "author": {
          "gitId": "-"
        },
        "content": ""
      },
      {
        "lineNumber": 62,
        "author": {
          "gitId": "-"
        },
        "content": "        initLogging(config);"
      },
      {
        "lineNumber": 63,
        "author": {
          "gitId": "-"
        },
        "content": ""
      },
      {
        "lineNumber": 64,
        "author": {
          "gitId": "-"
        },
        "content": "        model \u003d initModelManager(storage, userPrefs);"
      },
      {
        "lineNumber": 65,
        "author": {
          "gitId": "-"
        },
        "content": ""
      },
      {
        "lineNumber": 66,
        "author": {
          "gitId": "-"
        },
        "content": "        logic \u003d new LogicManager(model, storage);"
      },
      {
        "lineNumber": 67,
        "author": {
          "gitId": "-"
        },
        "content": ""
      },
      {
        "lineNumber": 68,
        "author": {
          "gitId": "-"
        },
        "content": "        ui \u003d new UiManager(logic);"
      },
      {
        "lineNumber": 69,
        "author": {
          "gitId": "-"
        },
        "content": "    }"
      },
      {
        "lineNumber": 70,
        "author": {
          "gitId": "-"
        },
        "content": ""
      },
      {
        "lineNumber": 71,
        "author": {
          "gitId": "-"
        },
        "content": "    /**"
      },
      {
        "lineNumber": 72,
        "author": {
          "gitId": "-"
        },
        "content": "     * Returns a {@code ModelManager} with the data from {@code storage}\u0027s address book and {@code userPrefs}. \u003cbr\u003e"
      },
      {
        "lineNumber": 73,
        "author": {
          "gitId": "-"
        },
        "content": "     * The data from the sample address book will be used instead if {@code storage}\u0027s address book is not found,"
      },
      {
        "lineNumber": 74,
        "author": {
          "gitId": "-"
        },
        "content": "     * or an empty address book will be used instead if errors occur when reading {@code storage}\u0027s address book."
      },
      {
        "lineNumber": 75,
        "author": {
          "gitId": "-"
        },
        "content": "     */"
      },
      {
        "lineNumber": 76,
        "author": {
          "gitId": "-"
        },
        "content": "    private Model initModelManager(Storage storage, ReadOnlyUserPrefs userPrefs) {"
      },
      {
        "lineNumber": 77,
        "author": {
          "gitId": "-"
        },
        "content": "        Optional\u003cReadOnlyAddressBook\u003e addressBookOptional;"
      },
      {
        "lineNumber": 78,
        "author": {
          "gitId": "-"
        },
        "content": "        ReadOnlyAddressBook initialData;"
      },
      {
        "lineNumber": 79,
        "author": {
          "gitId": "-"
        },
        "content": "        try {"
      },
      {
        "lineNumber": 80,
        "author": {
          "gitId": "-"
        },
        "content": "            addressBookOptional \u003d storage.readAddressBook();"
      },
      {
        "lineNumber": 81,
        "author": {
          "gitId": "-"
        },
        "content": "            if (!addressBookOptional.isPresent()) {"
      },
      {
        "lineNumber": 82,
        "author": {
          "gitId": "-"
        },
        "content": "                logger.info(\"Data file not found. Will be starting with a sample AddressBook\");"
      },
      {
        "lineNumber": 83,
        "author": {
          "gitId": "-"
        },
        "content": "            }"
      },
      {
        "lineNumber": 84,
        "author": {
          "gitId": "-"
        },
        "content": "            initialData \u003d addressBookOptional.orElseGet(SampleDataUtil::getSampleAddressBook);"
      },
      {
        "lineNumber": 85,
        "author": {
          "gitId": "-"
        },
        "content": "        } catch (DataConversionException e) {"
      },
      {
        "lineNumber": 86,
        "author": {
          "gitId": "-"
        },
        "content": "            logger.warning(\"Data file not in the correct format. Will be starting with an empty AddressBook\");"
      },
      {
        "lineNumber": 87,
        "author": {
          "gitId": "-"
        },
        "content": "            initialData \u003d new AddressBook();"
      },
      {
        "lineNumber": 88,
        "author": {
          "gitId": "-"
        },
        "content": "        } catch (IOException e) {"
      },
      {
        "lineNumber": 89,
        "author": {
          "gitId": "-"
        },
        "content": "            logger.warning(\"Problem while reading from the file. Will be starting with an empty AddressBook\");"
      },
      {
        "lineNumber": 90,
        "author": {
          "gitId": "-"
        },
        "content": "            initialData \u003d new AddressBook();"
      },
      {
        "lineNumber": 91,
        "author": {
          "gitId": "-"
        },
        "content": "        }"
      },
      {
        "lineNumber": 92,
        "author": {
          "gitId": "-"
        },
        "content": ""
      },
      {
        "lineNumber": 93,
        "author": {
          "gitId": "-"
        },
        "content": "        return new ModelManager(initialData, userPrefs);"
      },
      {
        "lineNumber": 94,
        "author": {
          "gitId": "-"
        },
        "content": "    }"
      },
      {
        "lineNumber": 95,
        "author": {
          "gitId": "-"
        },
        "content": ""
      },
      {
        "lineNumber": 96,
        "author": {
          "gitId": "-"
        },
        "content": "    private void initLogging(Config config) {"
      },
      {
        "lineNumber": 97,
        "author": {
          "gitId": "-"
        },
        "content": "        LogsCenter.init(config);"
      },
      {
        "lineNumber": 98,
        "author": {
          "gitId": "-"
        },
        "content": "    }"
      },
      {
        "lineNumber": 99,
        "author": {
          "gitId": "-"
        },
        "content": ""
      },
      {
        "lineNumber": 100,
        "author": {
          "gitId": "-"
        },
        "content": "    /**"
      },
      {
        "lineNumber": 101,
        "author": {
          "gitId": "-"
        },
        "content": "     * Returns a {@code Config} using the file at {@code configFilePath}. \u003cbr\u003e"
      },
      {
        "lineNumber": 102,
        "author": {
          "gitId": "-"
        },
        "content": "     * The default file path {@code Config#DEFAULT_CONFIG_FILE} will be used instead"
      },
      {
        "lineNumber": 103,
        "author": {
          "gitId": "-"
        },
        "content": "     * if {@code configFilePath} is null."
      },
      {
        "lineNumber": 104,
        "author": {
          "gitId": "-"
        },
        "content": "     */"
      },
      {
        "lineNumber": 105,
        "author": {
          "gitId": "-"
        },
        "content": "    protected Config initConfig(Path configFilePath) {"
      },
      {
        "lineNumber": 106,
        "author": {
          "gitId": "-"
        },
        "content": "        Config initializedConfig;"
      },
      {
        "lineNumber": 107,
        "author": {
          "gitId": "-"
        },
        "content": "        Path configFilePathUsed;"
      },
      {
        "lineNumber": 108,
        "author": {
          "gitId": "-"
        },
        "content": ""
      },
      {
        "lineNumber": 109,
        "author": {
          "gitId": "-"
        },
        "content": "        configFilePathUsed \u003d Config.DEFAULT_CONFIG_FILE;"
      },
      {
        "lineNumber": 110,
        "author": {
          "gitId": "-"
        },
        "content": ""
      },
      {
        "lineNumber": 111,
        "author": {
          "gitId": "-"
        },
        "content": "        if (configFilePath !\u003d null) {"
      },
      {
        "lineNumber": 112,
        "author": {
          "gitId": "-"
        },
        "content": "            logger.info(\"Custom Config file specified \" + configFilePath);"
      },
      {
        "lineNumber": 113,
        "author": {
          "gitId": "-"
        },
        "content": "            configFilePathUsed \u003d configFilePath;"
      },
      {
        "lineNumber": 114,
        "author": {
          "gitId": "-"
        },
        "content": "        }"
      },
      {
        "lineNumber": 115,
        "author": {
          "gitId": "-"
        },
        "content": ""
      },
      {
        "lineNumber": 116,
        "author": {
          "gitId": "-"
        },
        "content": "        logger.info(\"Using config file : \" + configFilePathUsed);"
      },
      {
        "lineNumber": 117,
        "author": {
          "gitId": "-"
        },
        "content": ""
      },
      {
        "lineNumber": 118,
        "author": {
          "gitId": "-"
        },
        "content": "        try {"
      },
      {
        "lineNumber": 119,
        "author": {
          "gitId": "-"
        },
        "content": "            Optional\u003cConfig\u003e configOptional \u003d ConfigUtil.readConfig(configFilePathUsed);"
      },
      {
        "lineNumber": 120,
        "author": {
          "gitId": "-"
        },
        "content": "            initializedConfig \u003d configOptional.orElse(new Config());"
      },
      {
        "lineNumber": 121,
        "author": {
          "gitId": "-"
        },
        "content": "        } catch (DataConversionException e) {"
      },
      {
        "lineNumber": 122,
        "author": {
          "gitId": "-"
        },
        "content": "            logger.warning(\"Config file at \" + configFilePathUsed + \" is not in the correct format. \""
      },
      {
        "lineNumber": 123,
        "author": {
          "gitId": "-"
        },
        "content": "                    + \"Using default config properties\");"
      },
      {
        "lineNumber": 124,
        "author": {
          "gitId": "-"
        },
        "content": "            initializedConfig \u003d new Config();"
      },
      {
        "lineNumber": 125,
        "author": {
          "gitId": "-"
        },
        "content": "        }"
      },
      {
        "lineNumber": 126,
        "author": {
          "gitId": "-"
        },
        "content": ""
      },
      {
        "lineNumber": 127,
        "author": {
          "gitId": "-"
        },
        "content": "        //Update config file in case it was missing to begin with or there are new/unused fields"
      },
      {
        "lineNumber": 128,
        "author": {
          "gitId": "-"
        },
        "content": "        try {"
      },
      {
        "lineNumber": 129,
        "author": {
          "gitId": "-"
        },
        "content": "            ConfigUtil.saveConfig(initializedConfig, configFilePathUsed);"
      },
      {
        "lineNumber": 130,
        "author": {
          "gitId": "-"
        },
        "content": "        } catch (IOException e) {"
      },
      {
        "lineNumber": 131,
        "author": {
          "gitId": "-"
        },
        "content": "            logger.warning(\"Failed to save config file : \" + StringUtil.getDetails(e));"
      },
      {
        "lineNumber": 132,
        "author": {
          "gitId": "-"
        },
        "content": "        }"
      },
      {
        "lineNumber": 133,
        "author": {
          "gitId": "-"
        },
        "content": "        return initializedConfig;"
      },
      {
        "lineNumber": 134,
        "author": {
          "gitId": "-"
        },
        "content": "    }"
      },
      {
        "lineNumber": 135,
        "author": {
          "gitId": "-"
        },
        "content": ""
      },
      {
        "lineNumber": 136,
        "author": {
          "gitId": "-"
        },
        "content": "    /**"
      },
      {
        "lineNumber": 137,
        "author": {
          "gitId": "-"
        },
        "content": "     * Returns a {@code UserPrefs} using the file at {@code storage}\u0027s user prefs file path,"
      },
      {
        "lineNumber": 138,
        "author": {
          "gitId": "-"
        },
        "content": "     * or a new {@code UserPrefs} with default configuration if errors occur when"
      },
      {
        "lineNumber": 139,
        "author": {
          "gitId": "-"
        },
        "content": "     * reading from the file."
      },
      {
        "lineNumber": 140,
        "author": {
          "gitId": "-"
        },
        "content": "     */"
      },
      {
        "lineNumber": 141,
        "author": {
          "gitId": "-"
        },
        "content": "    protected UserPrefs initPrefs(UserPrefsStorage storage) {"
      },
      {
        "lineNumber": 142,
        "author": {
          "gitId": "-"
        },
        "content": "        Path prefsFilePath \u003d storage.getUserPrefsFilePath();"
      },
      {
        "lineNumber": 143,
        "author": {
          "gitId": "-"
        },
        "content": "        logger.info(\"Using prefs file : \" + prefsFilePath);"
      },
      {
        "lineNumber": 144,
        "author": {
          "gitId": "-"
        },
        "content": ""
      },
      {
        "lineNumber": 145,
        "author": {
          "gitId": "-"
        },
        "content": "        UserPrefs initializedPrefs;"
      },
      {
        "lineNumber": 146,
        "author": {
          "gitId": "-"
        },
        "content": "        try {"
      },
      {
        "lineNumber": 147,
        "author": {
          "gitId": "-"
        },
        "content": "            Optional\u003cUserPrefs\u003e prefsOptional \u003d storage.readUserPrefs();"
      },
      {
        "lineNumber": 148,
        "author": {
          "gitId": "-"
        },
        "content": "            initializedPrefs \u003d prefsOptional.orElse(new UserPrefs());"
      },
      {
        "lineNumber": 149,
        "author": {
          "gitId": "-"
        },
        "content": "        } catch (DataConversionException e) {"
      },
      {
        "lineNumber": 150,
        "author": {
          "gitId": "-"
        },
        "content": "            logger.warning(\"UserPrefs file at \" + prefsFilePath + \" is not in the correct format. \""
      },
      {
        "lineNumber": 151,
        "author": {
          "gitId": "-"
        },
        "content": "                    + \"Using default user prefs\");"
      },
      {
        "lineNumber": 152,
        "author": {
          "gitId": "-"
        },
        "content": "            initializedPrefs \u003d new UserPrefs();"
      },
      {
        "lineNumber": 153,
        "author": {
          "gitId": "-"
        },
        "content": "        } catch (IOException e) {"
      },
      {
        "lineNumber": 154,
        "author": {
          "gitId": "-"
        },
        "content": "            logger.warning(\"Problem while reading from the file. Will be starting with an empty AddressBook\");"
      },
      {
        "lineNumber": 155,
        "author": {
          "gitId": "-"
        },
        "content": "            initializedPrefs \u003d new UserPrefs();"
      },
      {
        "lineNumber": 156,
        "author": {
          "gitId": "-"
        },
        "content": "        }"
      },
      {
        "lineNumber": 157,
        "author": {
          "gitId": "-"
        },
        "content": ""
      },
      {
        "lineNumber": 158,
        "author": {
          "gitId": "-"
        },
        "content": "        //Update prefs file in case it was missing to begin with or there are new/unused fields"
      },
      {
        "lineNumber": 159,
        "author": {
          "gitId": "-"
        },
        "content": "        try {"
      },
      {
        "lineNumber": 160,
        "author": {
          "gitId": "-"
        },
        "content": "            storage.saveUserPrefs(initializedPrefs);"
      },
      {
        "lineNumber": 161,
        "author": {
          "gitId": "-"
        },
        "content": "        } catch (IOException e) {"
      },
      {
        "lineNumber": 162,
        "author": {
          "gitId": "-"
        },
        "content": "            logger.warning(\"Failed to save config file : \" + StringUtil.getDetails(e));"
      },
      {
        "lineNumber": 163,
        "author": {
          "gitId": "-"
        },
        "content": "        }"
      },
      {
        "lineNumber": 164,
        "author": {
          "gitId": "-"
        },
        "content": ""
      },
      {
        "lineNumber": 165,
        "author": {
          "gitId": "-"
        },
        "content": "        return initializedPrefs;"
      },
      {
        "lineNumber": 166,
        "author": {
          "gitId": "-"
        },
        "content": "    }"
      },
      {
        "lineNumber": 167,
        "author": {
          "gitId": "-"
        },
        "content": ""
      },
      {
        "lineNumber": 168,
        "author": {
          "gitId": "-"
        },
        "content": "    @Override"
      },
      {
        "lineNumber": 169,
        "author": {
          "gitId": "-"
        },
        "content": "    public void start(Stage primaryStage) {"
      },
      {
        "lineNumber": 170,
        "author": {
          "gitId": "-"
        },
        "content": "        logger.info(\"Starting AddressBook \" + MainApp.VERSION);"
      },
      {
        "lineNumber": 171,
        "author": {
          "gitId": "-"
        },
        "content": "        ui.start(primaryStage);"
      },
      {
        "lineNumber": 172,
        "author": {
          "gitId": "-"
        },
        "content": "    }"
      },
      {
        "lineNumber": 173,
        "author": {
          "gitId": "-"
        },
        "content": ""
      },
      {
        "lineNumber": 174,
        "author": {
          "gitId": "-"
        },
        "content": "    @Override"
      },
      {
        "lineNumber": 175,
        "author": {
          "gitId": "-"
        },
        "content": "    public void stop() {"
      },
      {
        "lineNumber": 176,
        "author": {
          "gitId": "-"
        },
        "content": "        logger.info(\"\u003d\u003d\u003d\u003d\u003d\u003d\u003d\u003d\u003d\u003d\u003d\u003d\u003d\u003d\u003d\u003d\u003d\u003d\u003d\u003d\u003d\u003d\u003d\u003d\u003d\u003d\u003d\u003d [ Stopping Address Book ] \u003d\u003d\u003d\u003d\u003d\u003d\u003d\u003d\u003d\u003d\u003d\u003d\u003d\u003d\u003d\u003d\u003d\u003d\u003d\u003d\u003d\u003d\u003d\u003d\u003d\u003d\u003d\u003d\u003d\");"
      },
      {
        "lineNumber": 177,
        "author": {
          "gitId": "-"
        },
        "content": "        try {"
      },
      {
        "lineNumber": 178,
        "author": {
          "gitId": "-"
        },
        "content": "            storage.saveUserPrefs(model.getUserPrefs());"
      },
      {
        "lineNumber": 179,
        "author": {
          "gitId": "-"
        },
        "content": "        } catch (IOException e) {"
      },
      {
        "lineNumber": 180,
        "author": {
          "gitId": "-"
        },
        "content": "            logger.severe(\"Failed to save preferences \" + StringUtil.getDetails(e));"
      },
      {
        "lineNumber": 181,
        "author": {
          "gitId": "-"
        },
        "content": "        }"
      },
      {
        "lineNumber": 182,
        "author": {
          "gitId": "-"
        },
        "content": "    }"
      },
      {
        "lineNumber": 183,
        "author": {
          "gitId": "-"
        },
        "content": "}"
      }
    ],
    "authorContributionMap": {
      "-": 182,
      "EugeneTeu": 1
    }
  }
]
