{
  "authorDailyContributionsMap": {
    "uberSaiyan": [],
    "qiujiaaa": [
      {
        "insertions": 13,
        "deletions": 7,
        "date": "2019-09-21",
        "commitResults": [
          {
            "hash": "94b63276d75b12b860ebfd1e7506b48d4f61a050",
            "messageTitle": "Update ContactUs.adoc",
            "messageBody": "",
            "insertions": 8,
            "deletions": 2
          },
          {
            "hash": "8b3c2fdd5b9c60cd3d8404ee45a11790f0c42076",
            "messageTitle": "Update ContactUs.adoc",
            "messageBody": "",
            "insertions": 5,
            "deletions": 5
          }
        ]
      },
      {
        "insertions": 1,
        "deletions": 1,
        "date": "2019-09-22",
        "commitResults": [
          {
            "hash": "49edd3a6e03d4d904c4b0fabbac3723326086605",
            "messageTitle": "update ContactUs.adoc",
            "messageBody": "",
            "insertions": 1,
            "deletions": 1
          }
        ]
      }
    ],
    "zhixianggg": [],
    "EugeneTeu": [
      {
        "insertions": 2,
        "deletions": 2,
        "date": "2019-09-11",
        "commitResults": [
          {
            "hash": "3c8890c292245e87bf62715050ed3bf6039569fc",
            "messageTitle": "first commit to test Travis",
            "messageBody": "",
            "insertions": 1,
            "deletions": 1
          },
          {
            "hash": "fc6c601a6ad3395386cbb781c13bfb806715d4d8",
            "messageTitle": "regenerate document (auto publishing)",
            "messageBody": "",
            "insertions": 1,
            "deletions": 1
          }
        ]
      },
      {
        "insertions": 1,
        "deletions": 1,
        "date": "2019-09-13",
        "commitResults": [
          {
            "hash": "b46519d554b089344fe57a73cab59e92225705ca",
            "messageTitle": "change title of project",
            "messageBody": "",
            "insertions": 1,
            "deletions": 1
          }
        ]
      },
      {
        "insertions": 44,
        "deletions": 41,
        "date": "2019-09-21",
        "commitResults": [
          {
            "hash": "b3983a534e04421c6f1241e3c10a23a4fccbb96a",
            "messageTitle": "update name of about us",
            "messageBody": "",
            "insertions": 22,
            "deletions": 21
          },
          {
            "hash": "97c3ffba1c1a2f253a67f3fe0150f5b222226b13",
            "messageTitle": "Update AboutUs.adoc",
            "messageBody": "",
            "insertions": 1,
            "deletions": 1
          },
          {
            "hash": "eb2a5d7787839e9e521b41cb0e9168dc332636b2",
            "messageTitle": "Update AboutUs.adoc",
            "messageBody": "",
            "insertions": 3,
            "deletions": 0
          },
          {
            "hash": "a9aedbffc1b5bb4707df6d39a4438934acebb22e",
            "messageTitle": "Update AboutUs.adoc",
            "messageBody": "",
            "insertions": 8,
            "deletions": 9
          },
          {
            "hash": "0fb0679f37dcb13da2bc1ccf8b0a793e5f0e800a",
            "messageTitle": "Update AboutUs.adoc",
            "messageBody": "",
            "insertions": 2,
            "deletions": 2
          },
          {
            "hash": "c3b29e90d5e95eada8ca1f44989090a1523c231d",
            "messageTitle": "Update AboutUs.adoc",
            "messageBody": "",
            "insertions": 4,
            "deletions": 4
          },
          {
            "hash": "30974e00137cc7ee3ea13ef2859e3ecda70c012f",
            "messageTitle": "Update AboutUs.adoc",
            "messageBody": "",
            "insertions": 1,
            "deletions": 1
          },
          {
            "hash": "41e3c7f1849310813c46154e77b5da1844e903c8",
            "messageTitle": "Update AboutUs.adoc",
            "messageBody": "",
            "insertions": 3,
            "deletions": 3
          }
        ]
      },
      {
        "insertions": 15,
        "deletions": 13,
        "date": "2019-09-22",
        "commitResults": [
          {
            "hash": "0d7328c5c242baaaa9fb4c303afef591623980bb",
            "messageTitle": "Update AboutUs.adoc",
            "messageBody": "",
            "insertions": 11,
            "deletions": 9
          },
          {
            "hash": "cf3251b5e0fc432c1e558f554c415c6bbf83f887",
            "messageTitle": "fix check style",
            "messageBody": "",
            "insertions": 4,
            "deletions": 4
          }
        ]
      }
    ],
    "yeodonghan": []
  },
  "authorFinalContributionMap": {
    "uberSaiyan": 0,
    "qiujiaaa": 8,
    "zhixianggg": 0,
    "EugeneTeu": 31,
    "yeodonghan": 0
  },
  "authorFileTypeContributionMap": {
    "uberSaiyan": {
      "docs": 0,
      "tests": 0,
      "functional": 0
    },
    "qiujiaaa": {
      "docs": 8,
      "tests": 0,
      "functional": 0
    },
    "zhixianggg": {
      "docs": 0,
      "tests": 0,
      "functional": 0
    },
    "EugeneTeu": {
      "docs": 30,
      "tests": 0,
      "functional": 1
    },
    "yeodonghan": {
      "docs": 0,
      "tests": 0,
      "functional": 0
    }
  },
  "authorContributionVariance": {
    "uberSaiyan": 0.0,
    "qiujiaaa": 22.089966,
    "zhixianggg": 0.0,
    "EugeneTeu": 423.29413,
    "yeodonghan": 0.0
  },
  "authorDisplayNameMap": {
    "uberSaiyan": "CS2103T-T09-4 YAN W ... LIANG",
    "qiujiaaa": "CS2103T-T09-4 OOI Q ... U JIA",
    "zhixianggg": "CS2103T-T09-4 OON Z ... XIANG",
    "EugeneTeu": "CS2103T-T09-4 EUGEN ... U WEI",
    "yeodonghan": "CS2103T-T09-4 YEO D ... G HAN"
  }
}
