{
  "authorDailyContributionsMap": {
    "uberSaiyan": [
      {
        "insertions": 4,
        "deletions": 10,
        "date": "2019-09-23",
        "commitResults": [
          {
            "hash": "f73626324f502b222924f969f3fe0826b70259c8",
            "messageTitle": "Update readme.adoc",
            "messageBody": "",
            "insertions": 2,
            "deletions": 10
          },
          {
            "hash": "36cd4a9277e44f872019359f0c11ea0a96adba02",
            "messageTitle": "Update readme.adoc",
            "messageBody": "",
            "insertions": 2,
            "deletions": 0
          }
        ]
      },
      {
        "insertions": 426,
        "deletions": 0,
        "date": "2019-09-26",
        "commitResults": [
          {
            "hash": "6b8966967e299adf575071a596140e9276492ce7",
            "messageTitle": "Add phone model",
            "messageBody": "",
            "insertions": 426,
            "deletions": 0
          }
        ]
      },
      {
        "insertions": 87,
        "deletions": 88,
        "date": "2019-09-27",
        "commitResults": [
          {
            "hash": "f6254717e6d417a0f4612509842715d773bafacd",
            "messageTitle": "Add Colour field, cloneable interface to Phone",
            "messageBody": "",
            "insertions": 68,
            "deletions": 13
          },
          {
            "hash": "cb9cbb3f76cc2f8e99cb4379654b1291ab80f9b8",
            "messageTitle": "Remove quantity attribute and add uuid to phone",
            "messageBody": "",
            "insertions": 16,
            "deletions": 63
          },
          {
            "hash": "1594a9689f505f125429765f006ae6bc22eddb38",
            "messageTitle": "Remove price attribute from Phone",
            "messageBody": "",
            "insertions": 3,
            "deletions": 12
          }
        ]
      },
      {
        "insertions": 49,
        "deletions": 24,
        "date": "2019-09-28",
        "commitResults": [
          {
            "hash": "6247bd15d3c97ba51251954e0ecabadf78f7b135",
            "messageTitle": "Change cost and price to store a currency string",
            "messageBody": "",
            "insertions": 39,
            "deletions": 21
          },
          {
            "hash": "04eb5508134925ca36a7f7201b58772bb95b7563",
            "messageTitle": "Fix checkstyle and minor issues",
            "messageBody": "",
            "insertions": 10,
            "deletions": 3
          }
        ]
      }
    ],
    "qiujiaaa": [
      {
        "insertions": 13,
        "deletions": 7,
        "date": "2019-09-21",
        "commitResults": [
          {
            "hash": "94b63276d75b12b860ebfd1e7506b48d4f61a050",
            "messageTitle": "Update ContactUs.adoc",
            "messageBody": "",
            "insertions": 8,
            "deletions": 2
          },
          {
            "hash": "8b3c2fdd5b9c60cd3d8404ee45a11790f0c42076",
            "messageTitle": "Update ContactUs.adoc",
            "messageBody": "",
            "insertions": 5,
            "deletions": 5
          }
        ]
      },
      {
        "insertions": 1,
        "deletions": 1,
        "date": "2019-09-22",
        "commitResults": [
          {
            "hash": "49edd3a6e03d4d904c4b0fabbac3723326086605",
            "messageTitle": "update ContactUs.adoc",
            "messageBody": "",
            "insertions": 1,
            "deletions": 1
          }
        ]
      },
      {
        "insertions": 219,
        "deletions": 132,
        "date": "2019-09-23",
        "commitResults": [
          {
            "hash": "4d7b35bfdbc85381dc447b30ae45ff36d65f3774",
            "messageTitle": "Update UserGuide.adoc",
            "messageBody": "",
            "insertions": 189,
            "deletions": 83
          },
          {
            "hash": "c2eeebf50e024d7d7c19646cbb7325ca4178ac9c",
            "messageTitle": "Update UserGuide.adoc",
            "messageBody": "",
            "insertions": 1,
            "deletions": 1
          },
          {
            "hash": "1fa79e14b376dc0c62fc1a460047765993b791e7",
            "messageTitle": "Update UserGuide.adoc",
            "messageBody": "",
            "insertions": 0,
            "deletions": 19
          },
          {
            "hash": "85c625d6439931b9a0a7e942c52d666c58cc1e86",
            "messageTitle": "Update UserGuide.adoc",
            "messageBody": "",
            "insertions": 1,
            "deletions": 1
          },
          {
            "hash": "46c15961bec0c0145dc45bad7ecd49d9001c2727",
            "messageTitle": "Update UserGuide.adoc",
            "messageBody": "",
            "insertions": 28,
            "deletions": 28
          }
        ]
      },
      {
        "insertions": 16,
        "deletions": 8,
        "date": "2019-09-25",
        "commitResults": [
          {
            "hash": "939669ff95b636498b48f47a2a2e10ff4997687a",
            "messageTitle": "Update UserGuide.adoc",
            "messageBody": "",
            "insertions": 10,
            "deletions": 7
          },
          {
            "hash": "b8400e4a0ee3d877a25efb7c0577426d34f5e3d9",
            "messageTitle": "Update UserGuide.adoc",
            "messageBody": "",
            "insertions": 6,
            "deletions": 1
          }
        ]
      },
      {
        "insertions": 589,
        "deletions": 234,
        "date": "2019-09-28",
        "commitResults": [
          {
            "hash": "8d735f9e1f00f4ad7715daa026bb0057f23f6f20",
            "messageTitle": "add Order.class",
            "messageBody": "",
            "insertions": 101,
            "deletions": 0
          },
          {
            "hash": "49c4a246984f02b80dd09651a16c67e7d09537ca",
            "messageTitle": "add OrderId.java",
            "messageBody": "",
            "insertions": 54,
            "deletions": 0
          },
          {
            "hash": "f4d7cd773a582dc74078fcd98c08114167f8ac65",
            "messageTitle": "Add Order and Schedule classes",
            "messageBody": "",
            "insertions": 215,
            "deletions": 4
          },
          {
            "hash": "c1abc4574cbaa4a7290e897132607c7eda5f7636",
            "messageTitle": "Update Order and Schedule classes",
            "messageBody": "",
            "insertions": 60,
            "deletions": 24
          },
          {
            "hash": "d69c3e3a1519037f66bb3fd3d19584a7e0dc017a",
            "messageTitle": "Rename id and status",
            "messageBody": "",
            "insertions": 28,
            "deletions": 28
          },
          {
            "hash": "a4fbd1b9ce8bd2b3b8127eda0eda53b09cecaca9",
            "messageTitle": "Update uuid for order",
            "messageBody": "",
            "insertions": 23,
            "deletions": 129
          },
          {
            "hash": "6a49ceebfa5f0cdf5d496b8a428e041acd4b02ce",
            "messageTitle": "Add schedule attribute in order, edited javadocs",
            "messageBody": "",
            "insertions": 13,
            "deletions": 5
          },
          {
            "hash": "475456e2a3369fca2643504d943e30824b202b13",
            "messageTitle": "Add price attribute in Order",
            "messageBody": "",
            "insertions": 18,
            "deletions": 8
          },
          {
            "hash": "c75c7b4bf0c71d2f1ca101ba088b2378151d8f78",
            "messageTitle": "Move Price to Order package, overwrite clone() in Customer/Phone/Order to change access modifier.",
            "messageBody": "",
            "insertions": 29,
            "deletions": 10
          },
          {
            "hash": "18947b3f66c034061a87d8a7c7366f499eed3048",
            "messageTitle": "Edit toString() in Status and Schedule, isSameSchedule() in Schedule",
            "messageBody": "",
            "insertions": 17,
            "deletions": 3
          },
          {
            "hash": "d4289d96c66fa1b46c29fe8a06f875ac1c0d75e1",
            "messageTitle": "Edit small typo",
            "messageBody": "",
            "insertions": 1,
            "deletions": 1
          },
          {
            "hash": "64ad16a41c3c8e4b48fa11b9f96b2b5f846df5fb",
            "messageTitle": "Add labels for Enum classes Status and Capacity for toString()",
            "messageBody": "",
            "insertions": 30,
            "deletions": 22
          }
        ]
      }
    ],
    "zhixianggg": [
      {
        "insertions": 177,
        "deletions": 16,
        "date": "2019-09-25",
        "commitResults": [
          {
            "hash": "998dc1e7b295eb3e264ba52a137c7b5f9afb187e",
            "messageTitle": "Add Use Cases into DG.",
            "messageBody": "",
            "insertions": 120,
            "deletions": 9
          },
          {
            "hash": "e0984c23cea75e683adcdb8f63f071fb9d0c369a",
            "messageTitle": "update user stories and target user into DG",
            "messageBody": "",
            "insertions": 53,
            "deletions": 5
          },
          {
            "hash": "e7691f91150e6288263bc7c875e1d35649af9f56",
            "messageTitle": "change target user and team name",
            "messageBody": "",
            "insertions": 4,
            "deletions": 2
          }
        ]
      }
    ],
    "EugeneTeu": [
      {
        "insertions": 2,
        "deletions": 2,
        "date": "2019-09-11",
        "commitResults": [
          {
            "hash": "3c8890c292245e87bf62715050ed3bf6039569fc",
            "messageTitle": "first commit to test Travis",
            "messageBody": "",
            "insertions": 1,
            "deletions": 1
          },
          {
            "hash": "fc6c601a6ad3395386cbb781c13bfb806715d4d8",
            "messageTitle": "regenerate document (auto publishing)",
            "messageBody": "",
            "insertions": 1,
            "deletions": 1
          }
        ]
      },
      {
        "insertions": 1,
        "deletions": 1,
        "date": "2019-09-13",
        "commitResults": [
          {
            "hash": "b46519d554b089344fe57a73cab59e92225705ca",
            "messageTitle": "change title of project",
            "messageBody": "",
            "insertions": 1,
            "deletions": 1
          }
        ]
      },
      {
        "insertions": 44,
        "deletions": 41,
        "date": "2019-09-21",
        "commitResults": [
          {
            "hash": "b3983a534e04421c6f1241e3c10a23a4fccbb96a",
            "messageTitle": "update name of about us",
            "messageBody": "",
            "insertions": 22,
            "deletions": 21
          },
          {
            "hash": "97c3ffba1c1a2f253a67f3fe0150f5b222226b13",
            "messageTitle": "Update AboutUs.adoc",
            "messageBody": "",
            "insertions": 1,
            "deletions": 1
          },
          {
            "hash": "eb2a5d7787839e9e521b41cb0e9168dc332636b2",
            "messageTitle": "Update AboutUs.adoc",
            "messageBody": "",
            "insertions": 3,
            "deletions": 0
          },
          {
            "hash": "a9aedbffc1b5bb4707df6d39a4438934acebb22e",
            "messageTitle": "Update AboutUs.adoc",
            "messageBody": "",
            "insertions": 8,
            "deletions": 9
          },
          {
            "hash": "0fb0679f37dcb13da2bc1ccf8b0a793e5f0e800a",
            "messageTitle": "Update AboutUs.adoc",
            "messageBody": "",
            "insertions": 2,
            "deletions": 2
          },
          {
            "hash": "c3b29e90d5e95eada8ca1f44989090a1523c231d",
            "messageTitle": "Update AboutUs.adoc",
            "messageBody": "",
            "insertions": 4,
            "deletions": 4
          },
          {
            "hash": "30974e00137cc7ee3ea13ef2859e3ecda70c012f",
            "messageTitle": "Update AboutUs.adoc",
            "messageBody": "",
            "insertions": 1,
            "deletions": 1
          },
          {
            "hash": "41e3c7f1849310813c46154e77b5da1844e903c8",
            "messageTitle": "Update AboutUs.adoc",
            "messageBody": "",
            "insertions": 3,
            "deletions": 3
          }
        ]
      },
      {
        "insertions": 15,
        "deletions": 13,
        "date": "2019-09-22",
        "commitResults": [
          {
            "hash": "0d7328c5c242baaaa9fb4c303afef591623980bb",
            "messageTitle": "Update AboutUs.adoc",
            "messageBody": "",
            "insertions": 11,
            "deletions": 9
          },
          {
            "hash": "cf3251b5e0fc432c1e558f554c415c6bbf83f887",
            "messageTitle": "fix check style",
            "messageBody": "",
            "insertions": 4,
            "deletions": 4
          }
        ]
      },
      {
        "insertions": 6,
        "deletions": 0,
        "date": "2019-09-23",
        "commitResults": [
          {
            "hash": "0794ec0b9d7d4bb069adfdc24cc80854a4da0bc1",
            "messageTitle": "Update README.adoc",
            "messageBody": "",
            "insertions": 2,
            "deletions": 0
          },
          {
            "hash": "95a8bc4e0ba406fea9b7a9eaae0218f13e8730e7",
            "messageTitle": "add AppVeyor badge",
            "messageBody": "",
            "insertions": 2,
            "deletions": 0
          },
          {
            "hash": "c05fc9b17fdf0594a75417d173ec9755c9a33072",
            "messageTitle": "add badges",
            "messageBody": "",
            "insertions": 2,
            "deletions": 0
          }
        ]
      },
      {
        "insertions": 745,
        "deletions": 109,
        "date": "2019-09-26",
        "commitResults": [
          {
            "hash": "f7b354487ae611de9182a24cb0cc979e83d291c7",
            "messageTitle": "Update README.adoc",
            "messageBody": "",
            "insertions": 1,
            "deletions": 1
          },
          {
            "hash": "c7121e5a6b8a9b01968cbb7dc68b46a581a214d2",
            "messageTitle": "Update DeveloperGuide.adoc",
            "messageBody": "",
            "insertions": 12,
            "deletions": 0
          },
          {
            "hash": "52d62a40da2e17b65125f74dd49dbb2b6cce147c",
            "messageTitle": "change title",
            "messageBody": "",
            "insertions": 2,
            "deletions": 2
          },
          {
            "hash": "18ff1e0fa6f58d345bdade3c95a59212a5f7f365",
            "messageTitle": "fix trailing",
            "messageBody": "",
            "insertions": 1,
            "deletions": 1
          },
          {
            "hash": "4562acc6094c4dbfe96a45a23aa3d187b166d026",
            "messageTitle": "fix trailing",
            "messageBody": "",
            "insertions": 1,
            "deletions": 1
          },
          {
            "hash": "6b6f2613fc8e087d6c4b80498aef2d895b464a9e",
            "messageTitle": "create customer class",
            "messageBody": "",
            "insertions": 643,
            "deletions": 93
          },
          {
            "hash": "27b80dd755f8a8371f91b5c10f1bd996ea459cbf",
            "messageTitle": "fix developer guide naming",
            "messageBody": "",
            "insertions": 11,
            "deletions": 11
          },
          {
            "hash": "275378e95b6944367685e9cac6ff04f211abe0c5",
            "messageTitle": "add CustomerCard (UI)",
            "messageBody": "",
            "insertions": 74,
            "deletions": 0
          }
        ]
      },
      {
        "insertions": 159,
        "deletions": 182,
        "date": "2019-09-27",
        "commitResults": [
          {
            "hash": "315aa106768f8701e85ac62fb5c0a30e0763b990",
            "messageTitle": "fix changes after Wei liang\u0027s review, restore docs to original",
            "messageBody": "",
            "insertions": 79,
            "deletions": 78
          },
          {
            "hash": "10f695190d72d5c2371ec13c99e5acce468c40e7",
            "messageTitle": "fix change affected by careless refactoring",
            "messageBody": "",
            "insertions": 14,
            "deletions": 14
          },
          {
            "hash": "4535c24c69316ade4be545bd3e9a70f5b7e39253",
            "messageTitle": "fix erroneous test",
            "messageBody": "",
            "insertions": 1,
            "deletions": 1
          },
          {
            "hash": "23ed7ae1432e5156e04fbc3264e18e781d49d8b0",
            "messageTitle": "remove address field as per discussion",
            "messageBody": "",
            "insertions": 3,
            "deletions": 70
          },
          {
            "hash": "8c3039af39d20d0d9a8971d8d58cd6972bee3a34",
            "messageTitle": "customer implements cloneable",
            "messageBody": "",
            "insertions": 1,
            "deletions": 1
          },
          {
            "hash": "acd9665aa62b52523e64775a61fec77e35f4b36a",
            "messageTitle": "fix errors",
            "messageBody": "",
            "insertions": 50,
            "deletions": 7
          },
          {
            "hash": "5172ef726b4f07935897bdb5aff68e0a2ae147df",
            "messageTitle": "fix validation regex",
            "messageBody": "",
            "insertions": 1,
            "deletions": 1
          },
          {
            "hash": "e5e2308a4cac4b9c8317637d6537cd51052e736c",
            "messageTitle": "fix comments",
            "messageBody": "",
            "insertions": 7,
            "deletions": 7
          },
          {
            "hash": "83c9f1ba90f341bc2e324b70bcf51549c1dd0a00",
            "messageTitle": "fix person comments",
            "messageBody": "",
            "insertions": 3,
            "deletions": 3
          }
        ]
      }
    ],
    "yeodonghan": []
  },
  "authorFinalContributionMap": {
    "uberSaiyan": 442,
    "qiujiaaa": 553,
    "zhixianggg": 172,
    "EugeneTeu": 659,
    "yeodonghan": 0
  },
  "authorFileTypeContributionMap": {
    "uberSaiyan": {
      "docs": 2,
      "tests": 0,
      "functional": 440
    },
    "qiujiaaa": {
      "docs": 188,
      "tests": 0,
      "functional": 365
    },
    "zhixianggg": {
      "docs": 172,
      "tests": 0,
      "functional": 0
    },
    "EugeneTeu": {
      "docs": 51,
      "tests": 0,
      "functional": 608
    },
    "yeodonghan": {
      "docs": 0,
      "tests": 0,
      "functional": 0
    }
  },
  "authorContributionVariance": {
    "uberSaiyan": 8567.209,
    "qiujiaaa": 32034.652,
    "zhixianggg": 1549.1078,
    "EugeneTeu": 33821.977,
    "yeodonghan": 0.0
  },
  "authorDisplayNameMap": {
    "uberSaiyan": "CS2103T-T09-4 YAN W ... LIANG",
    "qiujiaaa": "CS2103T-T09-4 OOI Q ... U JIA",
    "zhixianggg": "CS2103T-T09-4 OON Z ... XIANG",
    "EugeneTeu": "CS2103T-T09-4 EUGEN ... U WEI",
    "yeodonghan": "CS2103T-T09-4 YEO D ... G HAN"
  }
}
