{
  "authorDailyContributionsMap": {
    "joannasara": [
      {
        "insertions": 4,
        "deletions": 0,
        "date": "2019-09-22",
        "commitResults": [
          {
            "hash": "c3de798e8000e3ab97887a8a8aae1042c8c51067",
            "messageTitle": "Trace command",
            "messageBody": "",
            "insertions": 4,
            "deletions": 0
          }
        ]
      },
      {
        "insertions": 9,
        "deletions": 14,
        "date": "2019-09-29",
        "commitResults": [
          {
            "hash": "562c412118e7e97195ba91b5e9feb3d29d7c6822",
            "messageTitle": "Update links in DeveloperGuide",
            "messageBody": "",
            "insertions": 9,
            "deletions": 14
          }
        ]
      },
      {
        "insertions": 113,
        "deletions": 73,
        "date": "2019-09-30",
        "commitResults": [
          {
            "hash": "465f1ffd09af5649e1ec6ef458e3639115666752",
            "messageTitle": "Update Developer Guide\u0027s Appendix",
            "messageBody": "",
            "insertions": 112,
            "deletions": 72
          },
          {
            "hash": "d31f847ba65bedd059d7b3bb7f0bbc6bc99c33f4",
            "messageTitle": "Add a newline at EOF",
            "messageBody": "",
            "insertions": 1,
            "deletions": 1
          }
        ]
      },
      {
        "insertions": 71,
        "deletions": 0,
        "date": "2019-10-09",
        "commitResults": [
          {
            "hash": "d05793abc5d6b390b947c19f2793574056165242",
            "messageTitle": "Update UserGuide",
            "messageBody": "",
            "insertions": 71,
            "deletions": 0
          }
        ]
      },
      {
        "insertions": 7577,
        "deletions": 656,
        "date": "2019-10-12",
        "commitResults": [
          {
            "hash": "c382a9ce0d633f843cfbfddfcd29d6eb294f8151",
            "messageTitle": "Fix checkstyleMain",
            "messageBody": "",
            "insertions": 297,
            "deletions": 138
          },
          {
            "hash": "bc005078d6e6f7657bcfa18eccd1ca4181fb1aad",
            "messageTitle": "Fix checkstyle",
            "messageBody": "",
            "insertions": 297,
            "deletions": 124
          },
          {
            "hash": "121405a4d920cea8f84172157ad84b338bb019f7",
            "messageTitle": "Add calendar packages",
            "messageBody": "",
            "insertions": 6368,
            "deletions": 1
          },
          {
            "hash": "a6dce93ede2abc7cfd688c6c1340713e286b0a77",
            "messageTitle": "Fix checkstyle",
            "messageBody": "",
            "insertions": 422,
            "deletions": 292
          },
          {
            "hash": "f53e55780d990fa4bec88504137a77cf318e87ae",
            "messageTitle": "Update SwitchOperation.java",
            "messageBody": "",
            "insertions": 94,
            "deletions": 11
          },
          {
            "hash": "cecf88060de336dcda88a17c81bd6898cd35fec8",
            "messageTitle": "Set calendar as the first view.",
            "messageBody": "",
            "insertions": 99,
            "deletions": 90
          }
        ]
      },
      {
        "insertions": 7560,
        "deletions": 13886,
        "date": "2019-10-13",
        "commitResults": [
          {
            "hash": "572d5d86dc77ff17aee4ff2156e078b6bfe082f4",
            "messageTitle": "Remove files and comment test cases",
            "messageBody": "",
            "insertions": 7106,
            "deletions": 13471
          },
          {
            "hash": "5779a0303b62692d091af551edee4c032b078fc6",
            "messageTitle": "Delete files outside of packages",
            "messageBody": "",
            "insertions": 454,
            "deletions": 415
          }
        ]
      }
    ],
    "tuandingwei": [
      {
        "insertions": 5,
        "deletions": 1,
        "date": "2019-09-26",
        "commitResults": [
          {
            "hash": "50e85d42ef81844fe5f388ad75cb55fe6b54629b",
            "messageTitle": "Update ContactUs.adoc",
            "messageBody": "",
            "insertions": 5,
            "deletions": 1
          }
        ]
      },
      {
        "insertions": 15,
        "deletions": 9,
        "date": "2019-09-30",
        "commitResults": [
          {
            "hash": "ab59592100e627fe2115585c2ea702a08a51fa3d",
            "messageTitle": "Update ContactUs.adoc",
            "messageBody": "",
            "insertions": 11,
            "deletions": 2
          },
          {
            "hash": "32fc98066f7bc662c92326956be15bcd4a4cf3b3",
            "messageTitle": "Update ContactUs.adoc",
            "messageBody": "",
            "insertions": 1,
            "deletions": 1
          },
          {
            "hash": "b13b13c2e1eeef7eb50c598679f740b08f342816",
            "messageTitle": "Update ContactUs.adoc",
            "messageBody": "",
            "insertions": 0,
            "deletions": 3
          },
          {
            "hash": "8bc1934b177656f5c2d70ba7b8a7d2b6b3d418ae",
            "messageTitle": "Update ContactUs.adoc",
            "messageBody": "",
            "insertions": 3,
            "deletions": 3
          }
        ]
      },
      {
        "insertions": 76,
        "deletions": 14,
        "date": "2019-10-07",
        "commitResults": [
          {
            "hash": "323d60864afb37dbdf37db3f7d18a3cf0b668a34",
            "messageTitle": "Update UserGuide",
            "messageBody": "",
            "insertions": 66,
            "deletions": 4
          },
          {
            "hash": "3006ebe17d71ac860720a4514e4a2683a63ab367",
            "messageTitle": "Update UserGuide",
            "messageBody": "",
            "insertions": 10,
            "deletions": 10
          }
        ]
      }
    ],
    "victorvic54": [
      {
        "insertions": 2,
        "deletions": 2,
        "date": "2019-09-12",
        "commitResults": [
          {
            "hash": "9f72861ec6eaac35d3fa8a58eb71e721b23a5f5f",
            "messageTitle": "Updates and add travis to README.adoc",
            "messageBody": "",
            "insertions": 2,
            "deletions": 2
          }
        ]
      },
      {
        "insertions": 25,
        "deletions": 33,
        "date": "2019-09-25",
        "commitResults": [
          {
            "hash": "b5bb19818b9d243b4019b30624e035b41f5e9aa2",
            "messageTitle": "Removing unused tool and badge",
            "messageBody": "",
            "insertions": 1,
            "deletions": 4
          },
          {
            "hash": "e27f3c7fa9b44fdbc04be5925a96e124c7e9a5a0",
            "messageTitle": "Updating partial data in AboutUs",
            "messageBody": "",
            "insertions": 23,
            "deletions": 29
          },
          {
            "hash": "f5cbdc55589f335a5a0741bc711f8805d47bdace",
            "messageTitle": "Fixing the github pages in parent repository",
            "messageBody": "",
            "insertions": 1,
            "deletions": 0
          }
        ]
      },
      {
        "insertions": 1,
        "deletions": 1,
        "date": "2019-10-02",
        "commitResults": [
          {
            "hash": "8b1bf3fe637058cc53d7d41b21b748294d532760",
            "messageTitle": "Triggerring Travis to update gh-pages",
            "messageBody": "",
            "insertions": 1,
            "deletions": 1
          }
        ]
      },
      {
        "insertions": 1,
        "deletions": 1,
        "date": "2019-10-03",
        "commitResults": [
          {
            "hash": "ec27009a25e47e19f3a003cd2260835b8b67d067",
            "messageTitle": "Changing url link from http to https",
            "messageBody": "",
            "insertions": 1,
            "deletions": 1
          }
        ]
      },
      {
        "insertions": 124,
        "deletions": 11,
        "date": "2019-10-09",
        "commitResults": [
          {
            "hash": "8c783f8140540f388d433e657cde44348eeed146",
            "messageTitle": "Updating the User Guide and some designs",
            "messageBody": "",
            "insertions": 122,
            "deletions": 9
          },
          {
            "hash": "71e760313e6a1a312ebfe840f77d5aa3469d9219",
            "messageTitle": "Update typos",
            "messageBody": "",
            "insertions": 2,
            "deletions": 2
          }
        ]
      },
      {
        "insertions": 3936,
        "deletions": 0,
        "date": "2019-10-11",
        "commitResults": [
          {
            "hash": "856b5e9e054a1dec520481672458d070a13cdacb",
            "messageTitle": "First step of division of code",
            "messageBody": "",
            "insertions": 3936,
            "deletions": 0
          }
        ]
      },
      {
        "insertions": 2633,
        "deletions": 189,
        "date": "2019-10-12",
        "commitResults": [
          {
            "hash": "089e8db468ae3e4635b8e32a38892785280bc6f9",
            "messageTitle": "Integrate switching command for java code",
            "messageBody": "",
            "insertions": 307,
            "deletions": 186
          },
          {
            "hash": "b684e6f70220d0e63f0c50d10b11041b94493d91",
            "messageTitle": "Finish adding the testCases for Modulo",
            "messageBody": "",
            "insertions": 2326,
            "deletions": 2
          },
          {
            "hash": "c08d1449c70b4615dceba4abce900533963f92b3",
            "messageTitle": "Remove codacy badge for temporary",
            "messageBody": "",
            "insertions": 0,
            "deletions": 1
          }
        ]
      },
      {
        "insertions": 894,
        "deletions": 881,
        "date": "2019-10-13",
        "commitResults": [
          {
            "hash": "d80fe8221b1d4fe490d318de9ffaaf87e72f13c7",
            "messageTitle": "Refactoring current addressbook into suitable quiz format",
            "messageBody": "",
            "insertions": 571,
            "deletions": 541
          },
          {
            "hash": "bc224173ecf3c1a02c04d64c0ea654596a83372b",
            "messageTitle": "Updating the CRUD operation to quiz CRUD operation",
            "messageBody": "",
            "insertions": 309,
            "deletions": 325
          },
          {
            "hash": "872e7b8995741b4019f8ac5b5a999415cdfab330",
            "messageTitle": "Fixing checkstyleMain",
            "messageBody": "",
            "insertions": 14,
            "deletions": 15
          }
        ]
      },
      {
        "insertions": 160,
        "deletions": 13,
        "date": "2019-10-14",
        "commitResults": [
          {
            "hash": "2c759cb86b78b6861c9370e51c3f55bc060cccca",
            "messageTitle": "Improving find feature, finished version 1.2",
            "messageBody": "",
            "insertions": 160,
            "deletions": 13
          }
        ]
      }
    ],
    "tohcejasmine": [
      {
        "insertions": 6,
        "deletions": 8,
        "date": "2019-09-26",
        "commitResults": [
          {
            "hash": "5dfceb037cbb982c90bfd017e9c329a38c7a40ac",
            "messageTitle": "Update README",
            "messageBody": "* Acknowledge AB3\n* Remove LO\n* Update description to mention target users and purpose of application\n",
            "insertions": 5,
            "deletions": 7
          },
          {
            "hash": "6395f1abbc732d0b7566d65adf8c2033463d7d3b",
            "messageTitle": "Update README",
            "messageBody": "",
            "insertions": 1,
            "deletions": 1
          }
        ]
      },
      {
        "insertions": 2,
        "deletions": 3,
        "date": "2019-10-01",
        "commitResults": [
          {
            "hash": "6de48d4c9f82cc69a4fbcad80153546226a0f60d",
            "messageTitle": "Update documentation to match project",
            "messageBody": "",
            "insertions": 2,
            "deletions": 3
          }
        ]
      },
      {
        "insertions": 25,
        "deletions": 82,
        "date": "2019-10-02",
        "commitResults": [
          {
            "hash": "9af965b6e18d7084c4d17dbd0e90eb0834c37c71",
            "messageTitle": "Move draft UG from GoogleDocs",
            "messageBody": "",
            "insertions": 24,
            "deletions": 81
          },
          {
            "hash": "4cb8214f58d8818e964eda7a1d5998199cf0248e",
            "messageTitle": "Remove trailing whitespace",
            "messageBody": "",
            "insertions": 1,
            "deletions": 1
          }
        ]
      },
      {
        "insertions": 88,
        "deletions": 9,
        "date": "2019-10-10",
        "commitResults": [
          {
            "hash": "215966bba63c1cddbd7051299d2b9195dce45a16",
            "messageTitle": "Update UserGuide",
            "messageBody": "* Reference to #48\n",
            "insertions": 88,
            "deletions": 9
          }
        ]
      },
      {
        "insertions": 4078,
        "deletions": 3,
        "date": "2019-10-13",
        "commitResults": [
          {
            "hash": "62ba0986c4a66104fd008d8e7a642de6355f9d61",
            "messageTitle": "Add finance packages",
            "messageBody": "",
            "insertions": 4072,
            "deletions": 2
          },
          {
            "hash": "d3399815a9038873fc150bd1e7201630bde12fc6",
            "messageTitle": "Add data file for feature Finance",
            "messageBody": "",
            "insertions": 6,
            "deletions": 1
          }
        ]
      },
      {
        "insertions": 34,
        "deletions": 34,
        "date": "2019-10-14",
        "commitResults": [
          {
            "hash": "3e880a2513aae0e9187a10320418798648babfd7",
            "messageTitle": "Update context, variable naming from AB3",
            "messageBody": "",
            "insertions": 34,
            "deletions": 34
          }
        ]
      }
    ]
  },
  "authorFinalContributionMap": {
    "joannasara": 10527,
    "tuandingwei": 72,
    "victorvic54": 3357,
    "tohcejasmine": 2566
  },
  "authorFileTypeContributionMap": {
    "joannasara": {
      "docs": 167,
      "tests": 7145,
      "functional": 3215
    },
    "tuandingwei": {
      "docs": 72,
      "tests": 0,
      "functional": 0
    },
    "victorvic54": {
      "docs": 135,
      "tests": 0,
      "functional": 3222
    },
    "tohcejasmine": {
      "docs": 108,
      "tests": 0,
      "functional": 2456,
      "other": 2
    }
  },
  "authorContributionVariance": {
    "joannasara": 1.2941882E7,
    "tuandingwei": 213.91724,
    "victorvic54": 631377.6,
    "tohcejasmine": 415132.1
  },
  "authorDisplayNameMap": {
    "joannasara": "CS2103-T16-2 JOANN ... PURBA",
    "tuandingwei": "CS2103-T16-2 TUAN  ... G WEI",
    "victorvic54": "CS2103-T16-2 VICTO ... ARIAN",
    "tohcejasmine": "CS2103-T16-2 TOH C ... SMINE"
  }
}
