{
  "authorDailyContributionsMap": {
    "joannasara": [
      {
        "insertions": 4,
        "deletions": 0,
        "date": "2019-09-22",
        "commitResults": [
          {
            "hash": "c3de798e8000e3ab97887a8a8aae1042c8c51067",
            "messageTitle": "Trace command",
            "messageBody": "",
            "insertions": 4,
            "deletions": 0
          }
        ]
      },
      {
        "insertions": 9,
        "deletions": 14,
        "date": "2019-09-29",
        "commitResults": [
          {
            "hash": "562c412118e7e97195ba91b5e9feb3d29d7c6822",
            "messageTitle": "Update links in DeveloperGuide",
            "messageBody": "",
            "insertions": 9,
            "deletions": 14
          }
        ]
      },
      {
        "insertions": 113,
        "deletions": 73,
        "date": "2019-09-30",
        "commitResults": [
          {
            "hash": "465f1ffd09af5649e1ec6ef458e3639115666752",
            "messageTitle": "Update Developer Guide\u0027s Appendix",
            "messageBody": "",
            "insertions": 112,
            "deletions": 72
          },
          {
            "hash": "d31f847ba65bedd059d7b3bb7f0bbc6bc99c33f4",
            "messageTitle": "Add a newline at EOF",
            "messageBody": "",
            "insertions": 1,
            "deletions": 1
          }
        ]
      },
      {
        "insertions": 71,
        "deletions": 0,
        "date": "2019-10-09",
        "commitResults": [
          {
            "hash": "d05793abc5d6b390b947c19f2793574056165242",
            "messageTitle": "Update UserGuide",
            "messageBody": "",
            "insertions": 71,
            "deletions": 0
          }
        ]
      }
    ],
    "tuandingwei": [
      {
        "insertions": 5,
        "deletions": 1,
        "date": "2019-09-26",
        "commitResults": [
          {
            "hash": "50e85d42ef81844fe5f388ad75cb55fe6b54629b",
            "messageTitle": "Update ContactUs.adoc",
            "messageBody": "",
            "insertions": 5,
            "deletions": 1
          }
        ]
      },
      {
        "insertions": 15,
        "deletions": 9,
        "date": "2019-09-30",
        "commitResults": [
          {
            "hash": "ab59592100e627fe2115585c2ea702a08a51fa3d",
            "messageTitle": "Update ContactUs.adoc",
            "messageBody": "",
            "insertions": 11,
            "deletions": 2
          },
          {
            "hash": "32fc98066f7bc662c92326956be15bcd4a4cf3b3",
            "messageTitle": "Update ContactUs.adoc",
            "messageBody": "",
            "insertions": 1,
            "deletions": 1
          },
          {
            "hash": "b13b13c2e1eeef7eb50c598679f740b08f342816",
            "messageTitle": "Update ContactUs.adoc",
            "messageBody": "",
            "insertions": 0,
            "deletions": 3
          },
          {
            "hash": "8bc1934b177656f5c2d70ba7b8a7d2b6b3d418ae",
            "messageTitle": "Update ContactUs.adoc",
            "messageBody": "",
            "insertions": 3,
            "deletions": 3
          }
        ]
      },
      {
        "insertions": 76,
        "deletions": 14,
        "date": "2019-10-07",
        "commitResults": [
          {
            "hash": "323d60864afb37dbdf37db3f7d18a3cf0b668a34",
            "messageTitle": "Update UserGuide",
            "messageBody": "",
            "insertions": 66,
            "deletions": 4
          },
          {
            "hash": "3006ebe17d71ac860720a4514e4a2683a63ab367",
            "messageTitle": "Update UserGuide",
            "messageBody": "",
            "insertions": 10,
            "deletions": 10
          }
        ]
      }
    ],
    "victorvic54": [],
    "tohcejasmine": [
      {
        "insertions": 6,
        "deletions": 8,
        "date": "2019-09-26",
        "commitResults": [
          {
            "hash": "5dfceb037cbb982c90bfd017e9c329a38c7a40ac",
            "messageTitle": "Update README",
            "messageBody": "* Acknowledge AB3\n* Remove LO\n* Update description to mention target users and purpose of application\n",
            "insertions": 5,
            "deletions": 7
          },
          {
            "hash": "6395f1abbc732d0b7566d65adf8c2033463d7d3b",
            "messageTitle": "Update README",
            "messageBody": "",
            "insertions": 1,
            "deletions": 1
          }
        ]
      },
      {
        "insertions": 2,
        "deletions": 3,
        "date": "2019-10-01",
        "commitResults": [
          {
            "hash": "6de48d4c9f82cc69a4fbcad80153546226a0f60d",
            "messageTitle": "Update documentation to match project",
            "messageBody": "",
            "insertions": 2,
            "deletions": 3
          }
        ]
      },
      {
        "insertions": 25,
        "deletions": 82,
        "date": "2019-10-02",
        "commitResults": [
          {
            "hash": "9af965b6e18d7084c4d17dbd0e90eb0834c37c71",
            "messageTitle": "Move draft UG from GoogleDocs",
            "messageBody": "",
            "insertions": 24,
            "deletions": 81
          },
          {
            "hash": "4cb8214f58d8818e964eda7a1d5998199cf0248e",
            "messageTitle": "Remove trailing whitespace",
            "messageBody": "",
            "insertions": 1,
            "deletions": 1
          }
        ]
      }
    ]
  },
  "authorFinalContributionMap": {
    "joannasara": 175,
    "tuandingwei": 72,
    "victorvic54": 0,
    "tohcejasmine": 26
  },
  "authorFileTypeContributionMap": {
    "joannasara": {
      "docs": 171,
      "tests": 0,
      "functional": 4
    },
    "tuandingwei": {
      "docs": 72,
      "tests": 0,
      "functional": 0
    },
    "victorvic54": {
      "docs": 0,
      "tests": 0,
      "functional": 0
    },
    "tohcejasmine": {
      "docs": 24,
      "tests": 0,
      "functional": 0,
      "other": 2
    }
  },
  "authorContributionVariance": {
    "joannasara": 1112.0524,
    "tuandingwei": 243.77855,
    "victorvic54": 0.0,
    "tohcejasmine": 329.5017
  },
  "authorDisplayNameMap": {
    "joannasara": "CS2103-T16-2 JOANN ... PURBA",
    "tuandingwei": "CS2103-T16-2 TUAN  ... G WEI",
    "victorvic54": "CS2103-T16-2 VICTO ... ARIAN",
    "tohcejasmine": "CS2103-T16-2 TOH C ... SMINE"
  }
}
