{
  "authorDailyContributionsMap": {
    "yewon0303": [
      {
        "insertions": 50,
        "deletions": 33,
        "date": "2019-09-23",
        "commitResults": [
          {
            "hash": "ac89616cc6ff311fdb51ffc5c36ad7d68b8f56f9",
            "messageTitle": "Update README.adoc",
            "messageBody": "",
            "insertions": 9,
            "deletions": 9
          },
          {
            "hash": "b54a9e126437ef9c8aa393dff76ea6d293271def",
            "messageTitle": "Update README.adoc",
            "messageBody": "",
            "insertions": 1,
            "deletions": 1
          },
          {
            "hash": "4f8ad248412f205a2f5770a51ac3b43760cae4d5",
            "messageTitle": "Update README.adoc",
            "messageBody": "",
            "insertions": 1,
            "deletions": 1
          },
          {
            "hash": "8fc37e59f793ac50b77155cbc495089fdc94f7ca",
            "messageTitle": "Update DeveloperGuide.adoc",
            "messageBody": "",
            "insertions": 34,
            "deletions": 17
          },
          {
            "hash": "d492cfe63a7a62d42467900d3b0a966ca3a895f7",
            "messageTitle": "Update DeveloperGuide.adoc",
            "messageBody": "",
            "insertions": 4,
            "deletions": 3
          },
          {
            "hash": "1b3155b4a7aa7cbd949fd7a208837eb40aee8551",
            "messageTitle": "Update UserGuide.adoc",
            "messageBody": "",
            "insertions": 1,
            "deletions": 2
          }
        ]
      },
      {
        "insertions": 67,
        "deletions": 30,
        "date": "2019-10-07",
        "commitResults": [
          {
            "hash": "ae0c5002fda5debb4cf01ce2cc2c64f402e10173",
            "messageTitle": "Add Amount class, Update BankAccount, Transaction classes, Delete Balance class",
            "messageBody": "",
            "insertions": 67,
            "deletions": 30
          }
        ]
      },
      {
        "insertions": 15,
        "deletions": 11,
        "date": "2019-10-12",
        "commitResults": [
          {
            "hash": "88af422c18f2259702e16e68402c02197724b003",
            "messageTitle": "Update SplitCommand, SplitTransaction, BankAccount.  adds txn to BankAccount.transactions.",
            "messageBody": "",
            "insertions": 15,
            "deletions": 11
          }
        ]
      },
      {
        "insertions": 35,
        "deletions": 22,
        "date": "2019-10-14",
        "commitResults": [
          {
            "hash": "854a53a2c287364ad1abeb42f976e061e6273e29",
            "messageTitle": "Update HelpWindow link, Modify InCommand MESSAGE_USAGE",
            "messageBody": "",
            "insertions": 22,
            "deletions": 3
          },
          {
            "hash": "a2880f71b7fce0031f4edfee60f324b01845b1b2",
            "messageTitle": "Update InCommandParser to support addition of a new Transaction",
            "messageBody": "",
            "insertions": 1,
            "deletions": 1
          },
          {
            "hash": "133a7fa32b02b41f5566785766ce1cfb55c77188",
            "messageTitle": "Update checkstyle to pass checkstyle Main test",
            "messageBody": "",
            "insertions": 12,
            "deletions": 18
          }
        ]
      }
    ],
    "joloong": [
      {
        "insertions": 5,
        "deletions": 6,
        "date": "2019-09-06",
        "commitResults": [
          {
            "hash": "5645358f07fbc5e892cc89e322108f0f1c5284ac",
            "messageTitle": "Update README.adoc",
            "messageBody": "",
            "insertions": 2,
            "deletions": 2
          },
          {
            "hash": "e748e38021d534b55571f8e1d027bb9a9904e43f",
            "messageTitle": "Update README.adoc",
            "messageBody": "",
            "insertions": 1,
            "deletions": 1
          },
          {
            "hash": "ee513a53b4b732ee691b1d84957b9052c3c8da18",
            "messageTitle": "Update README.adoc",
            "messageBody": "Test auto-publishing of documentation",
            "insertions": 0,
            "deletions": 1
          },
          {
            "hash": "6fa2a5fe9e4161f4f71ce7f2effb78114f254472",
            "messageTitle": "Update README.adoc",
            "messageBody": "",
            "insertions": 2,
            "deletions": 0
          },
          {
            "hash": "d289e4289ed77311e176bc15e0e0f3f16b244643",
            "messageTitle": "Update README.adoc",
            "messageBody": "",
            "insertions": 0,
            "deletions": 2
          }
        ]
      },
      {
        "insertions": 14,
        "deletions": 7,
        "date": "2019-09-23",
        "commitResults": [
          {
            "hash": "8ff3d798206d3b883d40054cbfe8ecc4f1405d25",
            "messageTitle": "Update User Stories",
            "messageBody": "",
            "insertions": 12,
            "deletions": 5
          },
          {
            "hash": "6216615273961ba4137037c9f00148fa6317b906",
            "messageTitle": "Remove trailing whitespaces",
            "messageBody": "",
            "insertions": 2,
            "deletions": 2
          }
        ]
      },
      {
        "insertions": 1,
        "deletions": 0,
        "date": "2019-10-02",
        "commitResults": [
          {
            "hash": "c0e6e77efccbef3af2e4dab213079c3e3a9f7273",
            "messageTitle": "Add Netlify Status Badge",
            "messageBody": "",
            "insertions": 1,
            "deletions": 0
          }
        ]
      },
      {
        "insertions": 2,
        "deletions": 3,
        "date": "2019-10-08",
        "commitResults": [
          {
            "hash": "dd4b9be0860e635e92d3f851630991c112d87a7f",
            "messageTitle": "Update build.gradle to change site-name",
            "messageBody": "",
            "insertions": 2,
            "deletions": 3
          }
        ]
      },
      {
        "insertions": 394,
        "deletions": 69,
        "date": "2019-10-13",
        "commitResults": [
          {
            "hash": "ecbdcebcfb7381ff239b315e0c429816840d6644",
            "messageTitle": "Fix checkstyleMain errors",
            "messageBody": "",
            "insertions": 97,
            "deletions": 47
          },
          {
            "hash": "6c2d84a243799309c4fff214f1603cde15f73627",
            "messageTitle": "Fix gradle test error",
            "messageBody": "",
            "insertions": 6,
            "deletions": 0
          },
          {
            "hash": "9f2d76e1b01276bdcb15c2b1caa09fb788673cbf",
            "messageTitle": "Add 1 comment for addTransaction in Model",
            "messageBody": "",
            "insertions": 4,
            "deletions": 0
          },
          {
            "hash": "c19b9aab7de209713288e88fa1dbf4df3ebcfcc8",
            "messageTitle": "Implement equals method for transactions",
            "messageBody": "",
            "insertions": 47,
            "deletions": 0
          },
          {
            "hash": "e2a1f851fd5604f1287ab6ae646686894787fab7",
            "messageTitle": "Add equals method for amount",
            "messageBody": "",
            "insertions": 6,
            "deletions": 0
          },
          {
            "hash": "3087da4182da6362f2cc0fd868e8a2b4875d4459",
            "messageTitle": "Fix storage errors (INCOMPLETE)",
            "messageBody": "",
            "insertions": 234,
            "deletions": 22
          }
        ]
      },
      {
        "insertions": 324,
        "deletions": 70,
        "date": "2019-10-14",
        "commitResults": [
          {
            "hash": "87ada043255a192df36377766544f70cf1a42e09",
            "messageTitle": "Try to fix ListCommand",
            "messageBody": "",
            "insertions": 32,
            "deletions": 3
          },
          {
            "hash": "334490378de3e22ef5b94e92d35282511ad1afcf",
            "messageTitle": "Fix some checkstyleMain errors",
            "messageBody": "",
            "insertions": 41,
            "deletions": 16
          },
          {
            "hash": "68be0148e06f7c7b5ab0374c7e0ab3b2fc55ca8a",
            "messageTitle": "Fix some errors in testutil",
            "messageBody": "",
            "insertions": 251,
            "deletions": 51
          }
        ]
      },
      {
        "insertions": 317,
        "deletions": 294,
        "date": "2019-10-15",
        "commitResults": [
          {
            "hash": "fa7c3c8ef5cda7e174c626a5840489a2eaea4d99",
            "messageTitle": "Resolve almost all gradle test errors",
            "messageBody": "",
            "insertions": 199,
            "deletions": 139
          },
          {
            "hash": "457aafab33dbdc2427f8ece45be67c922935b6bd",
            "messageTitle": "Resolve some checkstyleTest errors",
            "messageBody": "",
            "insertions": 40,
            "deletions": 41
          },
          {
            "hash": "dc5fc638a44c135e48d5a7d2f62efb116dc4c71f",
            "messageTitle": "Resolve all checkstyleMain errors in DeleteCommand, BankAccount and JsonAdapted Transaction",
            "messageBody": "",
            "insertions": 26,
            "deletions": 20
          },
          {
            "hash": "b33ded30ef2d608bd6bfbc3f13d2d6b99d25106d",
            "messageTitle": "Comment out failing tests (Will fix it in the future)",
            "messageBody": "",
            "insertions": 46,
            "deletions": 88
          },
          {
            "hash": "6146912b34ce4a3e73944f74a367be65a703278e",
            "messageTitle": "Fix simple checkstyle error",
            "messageBody": "",
            "insertions": 2,
            "deletions": 2
          },
          {
            "hash": "e4d00a2016254a70c5817ad8d6e2a40c3964c4ad",
            "messageTitle": "Minor fix",
            "messageBody": "",
            "insertions": 3,
            "deletions": 3
          },
          {
            "hash": "be2ecca2834e143495f8a479d47f0d6625358f9e",
            "messageTitle": "Date is deprecated",
            "messageBody": "",
            "insertions": 1,
            "deletions": 1
          }
        ]
      }
    ],
    "dingyuchen": [
      {
        "insertions": 111,
        "deletions": 14,
        "date": "2019-10-07",
        "commitResults": [
          {
            "hash": "bbc2ff4f3b373404571ebf4f5842702ad6193b0e",
            "messageTitle": "create incomplete classes for balance and bankaccount",
            "messageBody": "",
            "insertions": 15,
            "deletions": 0
          },
          {
            "hash": "960f43cfae64087eddc887214dcdb1b7cf14c28b",
            "messageTitle": "create incomplete class for transaction",
            "messageBody": "",
            "insertions": 15,
            "deletions": 0
          },
          {
            "hash": "ea63819dbed7f30bab75e5556adff8d84fd55175",
            "messageTitle": "create class for in and out transaction",
            "messageBody": "",
            "insertions": 71,
            "deletions": 14
          },
          {
            "hash": "bdaef04c2b0547f5e8be4043736fc03ef841213c",
            "messageTitle": "fix compile error",
            "messageBody": "",
            "insertions": 10,
            "deletions": 0
          }
        ]
      },
      {
        "insertions": 416,
        "deletions": 151,
        "date": "2019-10-13",
        "commitResults": [
          {
            "hash": "1408b3c774298e16361697626c5bcfd2efd00303",
            "messageTitle": "modify Model class to fit BankAccount",
            "messageBody": "",
            "insertions": 245,
            "deletions": 113
          },
          {
            "hash": "c11761ef77ceea65c6ea504865ee6d769e6c1184",
            "messageTitle": "add placeholder files for Storage classes",
            "messageBody": "",
            "insertions": 141,
            "deletions": 26
          },
          {
            "hash": "fef2e609f4a5b4115e107ff6aec638926277b30c",
            "messageTitle": "fix errors in `initModelManager`",
            "messageBody": "",
            "insertions": 30,
            "deletions": 12
          }
        ]
      },
      {
        "insertions": 250,
        "deletions": 62,
        "date": "2019-10-14",
        "commitResults": [
          {
            "hash": "22cfc27398c18df452b924d66cb847912fc238cc",
            "messageTitle": "fix references to Commands",
            "messageBody": "",
            "insertions": 51,
            "deletions": 56
          },
          {
            "hash": "8dbe684410e802d5a94a768092ce05f606642ead",
            "messageTitle": "make model return observable list",
            "messageBody": "",
            "insertions": 12,
            "deletions": 0
          },
          {
            "hash": "27c1c668c121263bf702253b440d05b9afd5df05",
            "messageTitle": "Fix UI",
            "messageBody": "",
            "insertions": 187,
            "deletions": 6
          }
        ]
      },
      {
        "insertions": 18,
        "deletions": 32,
        "date": "2019-10-15",
        "commitResults": [
          {
            "hash": "ced21e6e47b9b63a82bbce84658350a03032cb42",
            "messageTitle": "remove all unused imports",
            "messageBody": "",
            "insertions": 3,
            "deletions": 32
          },
          {
            "hash": "fc966a9aeb9883299de9dd3e006d0efdaa12adee",
            "messageTitle": "Fix issue #55",
            "messageBody": "",
            "insertions": 15,
            "deletions": 0
          }
        ]
      }
    ],
    "wallacelim97": [
      {
        "insertions": 29,
        "deletions": 29,
        "date": "2019-09-23",
        "commitResults": [
          {
            "hash": "188b864dbe66d4e219f896fa06f8695c15e3e116",
            "messageTitle": "Update AboutUs.adoc",
            "messageBody": "",
            "insertions": 27,
            "deletions": 27
          },
          {
            "hash": "736da5d074555a0fea0c61a78401f453a1195278",
            "messageTitle": "Update AboutUs.adoc",
            "messageBody": "",
            "insertions": 1,
            "deletions": 1
          },
          {
            "hash": "e03f184eaf5c16273a45cbdf1aa66a916ae0f0f9",
            "messageTitle": "Update AboutUs.adoc",
            "messageBody": "",
            "insertions": 1,
            "deletions": 1
          }
        ]
      },
      {
        "insertions": 130,
        "deletions": 3,
        "date": "2019-10-07",
        "commitResults": [
          {
            "hash": "97aded19086b65e2f94d1093e5afaf590618c9a0",
            "messageTitle": "add entry point to BankAccount",
            "messageBody": "",
            "insertions": 130,
            "deletions": 3
          }
        ]
      },
      {
        "insertions": 70,
        "deletions": 60,
        "date": "2019-10-14",
        "commitResults": [
          {
            "hash": "aa7ea2f419889a08e574675613abe84ac8217eca",
            "messageTitle": "Refactored StorageManager class to accomodate BankAccountStorage",
            "messageBody": "",
            "insertions": 19,
            "deletions": 20
          },
          {
            "hash": "d437157b59fbe31a8c60efc09269092213bce2a8",
            "messageTitle": "Fixed JsonAdaptedTransaction, BankAccount, UserPrefs classes to support json serialization",
            "messageBody": "",
            "insertions": 16,
            "deletions": 13
          },
          {
            "hash": "36bfa8d541c61c37985ed663b7f3b68592803d7a",
            "messageTitle": "Enabled entry point from MainApp (using in command)",
            "messageBody": "",
            "insertions": 4,
            "deletions": 5
          },
          {
            "hash": "680f6b8f728c6c5eeb0bf95a705e8ae6c16f9506",
            "messageTitle": "Inserted JSONSerialized stub for BankAccountStorage",
            "messageBody": "",
            "insertions": 5,
            "deletions": 2
          },
          {
            "hash": "9a2104dc9fb8bee5ae46b8af6943d5608bda1ffa",
            "messageTitle": "Fix Help Command with use of stubs",
            "messageBody": "",
            "insertions": 6,
            "deletions": 3
          },
          {
            "hash": "1131321b4a48406457e8173f85a00f0d9f1ae956",
            "messageTitle": "Fix JsonAdaptedTransaction class to parse doubles",
            "messageBody": "",
            "insertions": 8,
            "deletions": 4
          },
          {
            "hash": "72050f7f512733cd0d11fb3a7376ab41324e3e44",
            "messageTitle": "Fix checkstyle errors for JsonBankAccountStorage and SampleDataUtil classes",
            "messageBody": "",
            "insertions": 12,
            "deletions": 13
          }
        ]
      }
    ],
    "Berttwm": [
      {
        "insertions": 95,
        "deletions": 80,
        "date": "2019-09-23",
        "commitResults": [
          {
            "hash": "415a885b2b1f132c52e514876533d93a761d3c27",
            "messageTitle": "Update ContactUs.adoc",
            "messageBody": "",
            "insertions": 3,
            "deletions": 3
          },
          {
            "hash": "0825b6f5a88da0241a54d7d9e5469bf9bb02348c",
            "messageTitle": "Update ContactUs.adoc",
            "messageBody": "",
            "insertions": 1,
            "deletions": 1
          },
          {
            "hash": "a33481db6a7bf4dcaf9cafc32e9a09b2d884427f",
            "messageTitle": "Update UserGuide.adoc",
            "messageBody": "",
            "insertions": 23,
            "deletions": 20
          },
          {
            "hash": "7233cc81a3b0007ede49297f2e39948aad2b8188",
            "messageTitle": "Update UserGuide.adoc",
            "messageBody": "",
            "insertions": 67,
            "deletions": 55
          },
          {
            "hash": "aa2f33950d0553d3194fb69dc7d1694dccd9c3cf",
            "messageTitle": "Update UserGuide.adoc",
            "messageBody": "",
            "insertions": 1,
            "deletions": 1
          }
        ]
      },
      {
        "insertions": 57,
        "deletions": 2,
        "date": "2019-10-08",
        "commitResults": [
          {
            "hash": "accda2b473bae82930e987c3b87c0d3ff74d4f8b",
            "messageTitle": "tentative SplitTranscation and SplitCommand created. (Not completed)",
            "messageBody": "",
            "insertions": 8,
            "deletions": 0
          },
          {
            "hash": "34a2f554224068aa74584dd6106afac92d711c51",
            "messageTitle": "Tentative SplitTransaction and SplitCommand created. (Not completed)",
            "messageBody": "",
            "insertions": 49,
            "deletions": 2
          }
        ]
      },
      {
        "insertions": 24,
        "deletions": 34,
        "date": "2019-10-14",
        "commitResults": [
          {
            "hash": "fdcac3c0537f33956730892e50c00364bfadeec1",
            "messageTitle": "JsonAdaptedTransaction toModelType() returns temporary InTransaction",
            "messageBody": "",
            "insertions": 6,
            "deletions": 25
          },
          {
            "hash": "55ee9a8fc03aa173630a9c31a24e6808411f6719",
            "messageTitle": "Update BankAccount hasTransaction() and BankAccount toModelType()",
            "messageBody": "",
            "insertions": 10,
            "deletions": 4
          },
          {
            "hash": "ff418eab5d404faa68952ff19c05cf97038874e7",
            "messageTitle": "Added Clear Command",
            "messageBody": "",
            "insertions": 8,
            "deletions": 5
          }
        ]
      },
      {
        "insertions": 15,
        "deletions": 30,
        "date": "2019-10-15",
        "commitResults": [
          {
            "hash": "70bc28aa97d7d83a099cf56fa48712b637fee56a",
            "messageTitle": "Checkstyle fix for EditCommand, BankAccount and UniqueTransactionList",
            "messageBody": "",
            "insertions": 8,
            "deletions": 27
          },
          {
            "hash": "27265440d262a64dc00657209028aefdb6010330",
            "messageTitle": "Testing ExitTest parameters (incomplete)",
            "messageBody": "",
            "insertions": 7,
            "deletions": 3
          }
        ]
      }
    ]
  },
  "authorFinalContributionMap": {
    "yewon0303": 149,
    "joloong": 865,
    "dingyuchen": 644,
    "wallacelim97": 186,
    "Berttwm": 159
  },
  "authorFileTypeContributionMap": {
    "yewon0303": {
      "docs": 42,
      "tests": 0,
      "functional": 107
    },
    "joloong": {
      "docs": 14,
      "tests": 444,
      "functional": 405,
      "other": 2
    },
    "dingyuchen": {
      "docs": 0,
      "tests": 8,
      "functional": 636
    },
    "wallacelim97": {
      "docs": 27,
      "tests": 0,
      "functional": 159
    },
    "Berttwm": {
      "docs": 88,
      "tests": 1,
      "functional": 70
    }
  },
  "authorContributionVariance": {
    "yewon0303": 462.34433,
    "joloong": 17170.328,
    "dingyuchen": 10229.627,
    "wallacelim97": 884.4243,
    "Berttwm": 916.3942
  },
  "authorDisplayNameMap": {
    "yewon0303": "CS2103T-W12-3 PARK  ... E WON",
    "joloong": "CS2103T-W12-3 LOONG ...  JOEL",
    "dingyuchen": "CS2103T-W12-3 DING  ... UCHEN",
    "wallacelim97": "CS2103T-W12-3 WALLA ... E LIM",
    "Berttwm": "CS2103T-W12-3 TAN W ... TRAND"
  }
}
