{
  "authorDailyContributionsMap": {
    "yewon0303": [],
    "joloong": [
      {
        "insertions": 5,
        "deletions": 6,
        "date": "2019-09-06",
        "commitResults": [
          {
            "hash": "5645358f07fbc5e892cc89e322108f0f1c5284ac",
            "messageTitle": "Update README.adoc",
            "messageBody": "",
            "insertions": 2,
            "deletions": 2
          },
          {
            "hash": "e748e38021d534b55571f8e1d027bb9a9904e43f",
            "messageTitle": "Update README.adoc",
            "messageBody": "",
            "insertions": 1,
            "deletions": 1
          },
          {
            "hash": "ee513a53b4b732ee691b1d84957b9052c3c8da18",
            "messageTitle": "Update README.adoc",
            "messageBody": "Test auto-publishing of documentation",
            "insertions": 0,
            "deletions": 1
          },
          {
            "hash": "6fa2a5fe9e4161f4f71ce7f2effb78114f254472",
            "messageTitle": "Update README.adoc",
            "messageBody": "",
            "insertions": 2,
            "deletions": 0
          },
          {
            "hash": "d289e4289ed77311e176bc15e0e0f3f16b244643",
            "messageTitle": "Update README.adoc",
            "messageBody": "",
            "insertions": 0,
            "deletions": 2
          }
        ]
      }
    ],
    "dingyuchen": [],
    "wallacelim97": [],
    "Berttwm": []
  },
  "authorFinalContributionMap": {
    "yewon0303": 0,
    "joloong": 2,
    "dingyuchen": 0,
    "wallacelim97": 0,
    "Berttwm": 0
  },
  "authorFileTypeContributionMap": {
    "yewon0303": {
      "java": 0,
      "adoc": 0,
      "fxml": 0,
      "sh": 0,
      "bat": 0,
      "gradle": 0,
      "txt": 0
    },
    "joloong": {
      "java": 0,
      "adoc": 2,
      "fxml": 0,
      "sh": 0,
      "bat": 0,
      "gradle": 0,
      "txt": 0
    },
    "dingyuchen": {
      "java": 0,
      "adoc": 0,
      "fxml": 0,
      "sh": 0,
      "bat": 0,
      "gradle": 0,
      "txt": 0
    },
    "wallacelim97": {
      "java": 0,
      "adoc": 0,
      "fxml": 0,
      "sh": 0,
      "bat": 0,
      "gradle": 0,
      "txt": 0
    },
    "Berttwm": {
      "java": 0,
      "adoc": 0,
      "fxml": 0,
      "sh": 0,
      "bat": 0,
      "gradle": 0,
      "txt": 0
    }
  },
  "authorContributionVariance": {
    "yewon0303": 0.0,
    "joloong": 0.0,
    "dingyuchen": 0.0,
    "wallacelim97": 0.0,
    "Berttwm": 0.0
  },
  "authorDisplayNameMap": {
    "yewon0303": "CS2103T-W12-3 PARK  ... E WON",
    "joloong": "CS2103T-W12-3 LOONG ...  JOEL",
    "dingyuchen": "CS2103T-W12-3 DING  ... UCHEN",
    "wallacelim97": "CS2103T-W12-3 WALLA ... E LIM",
    "Berttwm": "CS2103T-W12-3 TAN W ... TRAND"
  }
}
