{
  "authorDailyContributionsMap": {
    "yewon0303": [
      {
        "insertions": 50,
        "deletions": 33,
        "date": "2019-09-23",
        "commitResults": [
          {
            "hash": "ac89616cc6ff311fdb51ffc5c36ad7d68b8f56f9",
            "messageTitle": "Update README.adoc",
            "messageBody": "",
            "insertions": 9,
            "deletions": 9
          },
          {
            "hash": "b54a9e126437ef9c8aa393dff76ea6d293271def",
            "messageTitle": "Update README.adoc",
            "messageBody": "",
            "insertions": 1,
            "deletions": 1
          },
          {
            "hash": "4f8ad248412f205a2f5770a51ac3b43760cae4d5",
            "messageTitle": "Update README.adoc",
            "messageBody": "",
            "insertions": 1,
            "deletions": 1
          },
          {
            "hash": "8fc37e59f793ac50b77155cbc495089fdc94f7ca",
            "messageTitle": "Update DeveloperGuide.adoc",
            "messageBody": "",
            "insertions": 34,
            "deletions": 17
          },
          {
            "hash": "d492cfe63a7a62d42467900d3b0a966ca3a895f7",
            "messageTitle": "Update DeveloperGuide.adoc",
            "messageBody": "",
            "insertions": 4,
            "deletions": 3
          },
          {
            "hash": "1b3155b4a7aa7cbd949fd7a208837eb40aee8551",
            "messageTitle": "Update UserGuide.adoc",
            "messageBody": "",
            "insertions": 1,
            "deletions": 2
          }
        ]
      }
    ],
    "joloong": [
      {
        "insertions": 5,
        "deletions": 6,
        "date": "2019-09-06",
        "commitResults": [
          {
            "hash": "5645358f07fbc5e892cc89e322108f0f1c5284ac",
            "messageTitle": "Update README.adoc",
            "messageBody": "",
            "insertions": 2,
            "deletions": 2
          },
          {
            "hash": "e748e38021d534b55571f8e1d027bb9a9904e43f",
            "messageTitle": "Update README.adoc",
            "messageBody": "",
            "insertions": 1,
            "deletions": 1
          },
          {
            "hash": "ee513a53b4b732ee691b1d84957b9052c3c8da18",
            "messageTitle": "Update README.adoc",
            "messageBody": "Test auto-publishing of documentation",
            "insertions": 0,
            "deletions": 1
          },
          {
            "hash": "6fa2a5fe9e4161f4f71ce7f2effb78114f254472",
            "messageTitle": "Update README.adoc",
            "messageBody": "",
            "insertions": 2,
            "deletions": 0
          },
          {
            "hash": "d289e4289ed77311e176bc15e0e0f3f16b244643",
            "messageTitle": "Update README.adoc",
            "messageBody": "",
            "insertions": 0,
            "deletions": 2
          }
        ]
      },
      {
        "insertions": 14,
        "deletions": 7,
        "date": "2019-09-23",
        "commitResults": [
          {
            "hash": "8ff3d798206d3b883d40054cbfe8ecc4f1405d25",
            "messageTitle": "Update User Stories",
            "messageBody": "",
            "insertions": 12,
            "deletions": 5
          },
          {
            "hash": "6216615273961ba4137037c9f00148fa6317b906",
            "messageTitle": "Remove trailing whitespaces",
            "messageBody": "",
            "insertions": 2,
            "deletions": 2
          }
        ]
      },
      {
        "insertions": 1,
        "deletions": 0,
        "date": "2019-10-02",
        "commitResults": [
          {
            "hash": "c0e6e77efccbef3af2e4dab213079c3e3a9f7273",
            "messageTitle": "Add Netlify Status Badge",
            "messageBody": "",
            "insertions": 1,
            "deletions": 0
          }
        ]
      }
    ],
    "dingyuchen": [],
    "wallacelim97": [
      {
        "insertions": 29,
        "deletions": 29,
        "date": "2019-09-23",
        "commitResults": [
          {
            "hash": "188b864dbe66d4e219f896fa06f8695c15e3e116",
            "messageTitle": "Update AboutUs.adoc",
            "messageBody": "",
            "insertions": 27,
            "deletions": 27
          },
          {
            "hash": "736da5d074555a0fea0c61a78401f453a1195278",
            "messageTitle": "Update AboutUs.adoc",
            "messageBody": "",
            "insertions": 1,
            "deletions": 1
          },
          {
            "hash": "e03f184eaf5c16273a45cbdf1aa66a916ae0f0f9",
            "messageTitle": "Update AboutUs.adoc",
            "messageBody": "",
            "insertions": 1,
            "deletions": 1
          }
        ]
      }
    ],
    "Berttwm": [
      {
        "insertions": 95,
        "deletions": 80,
        "date": "2019-09-23",
        "commitResults": [
          {
            "hash": "415a885b2b1f132c52e514876533d93a761d3c27",
            "messageTitle": "Update ContactUs.adoc",
            "messageBody": "",
            "insertions": 3,
            "deletions": 3
          },
          {
            "hash": "0825b6f5a88da0241a54d7d9e5469bf9bb02348c",
            "messageTitle": "Update ContactUs.adoc",
            "messageBody": "",
            "insertions": 1,
            "deletions": 1
          },
          {
            "hash": "a33481db6a7bf4dcaf9cafc32e9a09b2d884427f",
            "messageTitle": "Update UserGuide.adoc",
            "messageBody": "",
            "insertions": 23,
            "deletions": 20
          },
          {
            "hash": "7233cc81a3b0007ede49297f2e39948aad2b8188",
            "messageTitle": "Update UserGuide.adoc",
            "messageBody": "",
            "insertions": 67,
            "deletions": 55
          },
          {
            "hash": "aa2f33950d0553d3194fb69dc7d1694dccd9c3cf",
            "messageTitle": "Update UserGuide.adoc",
            "messageBody": "",
            "insertions": 1,
            "deletions": 1
          }
        ]
      }
    ]
  },
  "authorFinalContributionMap": {
    "yewon0303": 42,
    "joloong": 14,
    "dingyuchen": 0,
    "wallacelim97": 27,
    "Berttwm": 88
  },
  "authorFileTypeContributionMap": {
    "yewon0303": {
      "docs": 42,
      "tests": 0,
      "functional": 0
    },
    "joloong": {
      "docs": 14,
      "tests": 0,
      "functional": 0
    },
    "dingyuchen": {
      "docs": 0,
      "tests": 0,
      "functional": 0
    },
    "wallacelim97": {
      "docs": 27,
      "tests": 0,
      "functional": 0
    },
    "Berttwm": {
      "docs": 88,
      "tests": 0,
      "functional": 0
    }
  },
  "authorContributionVariance": {
    "yewon0303": 245.69815,
    "joloong": 19.358028,
    "dingyuchen": 0.0,
    "wallacelim97": 119.97804,
    "Berttwm": 1092.2498
  },
  "authorDisplayNameMap": {
    "yewon0303": "CS2103T-W12-3 PARK  ... E WON",
    "joloong": "CS2103T-W12-3 LOONG ...  JOEL",
    "dingyuchen": "CS2103T-W12-3 DING  ... UCHEN",
    "wallacelim97": "CS2103T-W12-3 WALLA ... E LIM",
    "Berttwm": "CS2103T-W12-3 TAN W ... TRAND"
  }
}
