{
  "authorDailyContributionsMap": {
    "nattanyz": [
      {
        "insertions": 0,
        "deletions": 216,
        "date": "2019-10-02",
        "commitResults": [
          {
            "hash": "ef10eb9909dc00f3d92f16a81cae2598a6a6fc8d",
            "messageTitle": "Delete LearningOutcomes.adoc",
            "messageBody": "",
            "insertions": 0,
            "deletions": 216
          }
        ]
      },
      {
        "insertions": 81,
        "deletions": 0,
        "date": "2019-10-03",
        "commitResults": [
          {
            "hash": "321ebe52600ee73f58ddf96801d325828b7138ef",
            "messageTitle": "Update AboutUs.adoc",
            "messageBody": "",
            "insertions": 9,
            "deletions": 0
          },
          {
            "hash": "d7a9e17d8078ce6326b9fcb2e64ce04dce2f49de",
            "messageTitle": "Create nattanyz.adoc",
            "messageBody": "",
            "insertions": 72,
            "deletions": 0
          }
        ]
      }
    ],
    "AHaliq": [
      {
        "insertions": 3,
        "deletions": 39,
        "date": "2019-10-04",
        "commitResults": [
          {
            "hash": "944854b2c57d3a0cbbdbaf91ffed31d94db90a52",
            "messageTitle": "update about us",
            "messageBody": "",
            "insertions": 3,
            "deletions": 39
          }
        ]
      },
      {
        "insertions": 1,
        "deletions": 1,
        "date": "2019-10-07",
        "commitResults": [
          {
            "hash": "01967093423e399b8294e56dc58f24343d69c15d",
            "messageTitle": "Fixed image path for Haliq",
            "messageBody": "",
            "insertions": 1,
            "deletions": 1
          }
        ]
      }
    ],
    "PhireHandy": [],
    "shawnpunchew11": [],
    "timothyleong97": [
      {
        "insertions": 7,
        "deletions": 5,
        "date": "2019-09-12",
        "commitResults": [
          {
            "hash": "9d94b84c302b0c93b0047a819dd57e777347107b",
            "messageTitle": "Create test.txt",
            "messageBody": "Testing travis\n",
            "insertions": 1,
            "deletions": 0
          },
          {
            "hash": "c8a72013a89456ec0a2e01e4bce3b6b439f4f11b",
            "messageTitle": "Update README.adoc",
            "messageBody": "changed build status to that of our own repo\n",
            "insertions": 1,
            "deletions": 1
          },
          {
            "hash": "a84ba85174a46dcff7d93ff98187a8df7ddce4b4",
            "messageTitle": "Update README.adoc",
            "messageBody": "added coverall badge",
            "insertions": 1,
            "deletions": 1
          },
          {
            "hash": "69af62d4cd4078873b5189de588ab9cd34025fa7",
            "messageTitle": "Update README.adoc",
            "messageBody": "undo coverall badge",
            "insertions": 2,
            "deletions": 1
          },
          {
            "hash": "8a1559302a6d6ab980f991ac7794d9b05d61c5f9",
            "messageTitle": "Update README.adoc",
            "messageBody": "changed urls\n",
            "insertions": 2,
            "deletions": 2
          }
        ]
      },
      {
        "insertions": 0,
        "deletions": 1,
        "date": "2019-09-13",
        "commitResults": [
          {
            "hash": "09ba59ebb8efc351c9b8f0595af5de5d8e6c5995",
            "messageTitle": "Delete test.txt",
            "messageBody": "deleted test.txt\n",
            "insertions": 0,
            "deletions": 1
          }
        ]
      },
      {
        "insertions": 4,
        "deletions": 4,
        "date": "2019-09-28",
        "commitResults": [
          {
            "hash": "978744449567d1475620d7b231238db0032ae936",
            "messageTitle": "replace links in adocs",
            "messageBody": "changed repo link in developer guide and user guide and build file to that of team repo\u0027s\n",
            "insertions": 4,
            "deletions": 4
          }
        ]
      },
      {
        "insertions": 99,
        "deletions": 18,
        "date": "2019-09-29",
        "commitResults": [
          {
            "hash": "1a6b791679cca0be463e0ac20b55a30aeb9438bc",
            "messageTitle": "updated aboutus.doc",
            "messageBody": "added timothy.png and description in aboutus.adoc\n",
            "insertions": 82,
            "deletions": 3
          },
          {
            "hash": "d97150a912d07f9c88f58f02a7297fbf05313ebe",
            "messageTitle": "update contactus.adoc",
            "messageBody": "updated email address\n",
            "insertions": 1,
            "deletions": 1
          },
          {
            "hash": "db05e8530e7619bf7adc9f5fb83eca2f1b5ddf6e",
            "messageTitle": "Add newline to eof in aboutus.adoc",
            "messageBody": "add newline\n",
            "insertions": 1,
            "deletions": 1
          },
          {
            "hash": "7e087774372ff5811494e78d0f55ab283cf859ca",
            "messageTitle": "add newline to aboutus and updated Ui.png",
            "messageBody": "add newline and new mockup\n",
            "insertions": 1,
            "deletions": 1
          },
          {
            "hash": "0943f1e3b54b1b2648de00b15f7dc5dc70aded61",
            "messageTitle": "Update README.adoc",
            "messageBody": "removed appveyor badge and updated travis badge\n",
            "insertions": 1,
            "deletions": 2
          },
          {
            "hash": "759c442425daec1334fb9c7133ca03ddfa73ec8d",
            "messageTitle": "Update README.adoc",
            "messageBody": "updated coverall badge\n",
            "insertions": 2,
            "deletions": 4
          },
          {
            "hash": "e5a556e509914842f5e634a282306df0b4abbb0c",
            "messageTitle": "Update README.adoc",
            "messageBody": "mentioned targeting audience and added a marketing blurb\n",
            "insertions": 4,
            "deletions": 0
          },
          {
            "hash": "3e9013fa817e29239b92ea4d288c5d249b41174e",
            "messageTitle": "Update AboutUs.adoc",
            "messageBody": "reformatted page\n",
            "insertions": 5,
            "deletions": 0
          },
          {
            "hash": "3966136593c1afdd1d0acd7bfe3b45fbe0f61f92",
            "messageTitle": "Update AboutUs.adoc",
            "messageBody": "deleted newlines\n",
            "insertions": 0,
            "deletions": 4
          },
          {
            "hash": "45e7849512422366a8618a1bc4f25d6d7acb13dd",
            "messageTitle": "update aboutus.adoc",
            "messageBody": "update name of portfolio file\n",
            "insertions": 1,
            "deletions": 1
          },
          {
            "hash": "1d350b4fe6e3c4a80869de862368b6ac78892adf",
            "messageTitle": "rename picture to be consistent with github username",
            "messageBody": "",
            "insertions": 1,
            "deletions": 1
          }
        ]
      },
      {
        "insertions": 5,
        "deletions": 4,
        "date": "2019-10-04",
        "commitResults": [
          {
            "hash": "8b8430776ac8571d01fd9f5946c6fa33128534ca",
            "messageTitle": "Update README.adoc",
            "messageBody": "Added Netlify status badge\n",
            "insertions": 1,
            "deletions": 0
          },
          {
            "hash": "0f039bdc591a63922d0b6eb2d7737859690e002a",
            "messageTitle": "Update README.adoc",
            "messageBody": "changed markdown to asciidoc format\n",
            "insertions": 4,
            "deletions": 2
          },
          {
            "hash": "38d1059750defa41c499ba6676cd047785cbe810",
            "messageTitle": "Update README.adoc",
            "messageBody": "removed chat on gitter badge\n",
            "insertions": 0,
            "deletions": 2
          }
        ]
      }
    ],
    "huiminlim": [
      {
        "insertions": 3,
        "deletions": 3,
        "date": "2019-09-17",
        "commitResults": [
          {
            "hash": "e5e9f6e201bc908f526224a293add4d6e213ff61",
            "messageTitle": "Update AboutUs.adoc",
            "messageBody": "",
            "insertions": 3,
            "deletions": 3
          }
        ]
      },
      {
        "insertions": 431,
        "deletions": 431,
        "date": "2019-09-18",
        "commitResults": [
          {
            "hash": "082985584fe5734f4e5147d0eaceeeccd7d00a26",
            "messageTitle": "Refactor: Removed address class",
            "messageBody": "",
            "insertions": 74,
            "deletions": 357
          },
          {
            "hash": "d40535184c7f8fe22df7df125963f08f5efcf26c",
            "messageTitle": "Revert \"Refactor: Removed address class\"",
            "messageBody": "This reverts commit 082985584fe5734f4e5147d0eaceeeccd7d00a26.\n",
            "insertions": 357,
            "deletions": 74
          }
        ]
      },
      {
        "insertions": 7,
        "deletions": 42,
        "date": "2019-09-24",
        "commitResults": [
          {
            "hash": "1ca1d264a2c25851267af5f602ac79d1cda91724",
            "messageTitle": "Update AboutUs.adoc",
            "messageBody": "",
            "insertions": 1,
            "deletions": 1
          },
          {
            "hash": "37817683aa97bb78ae07b6d653764689edccccb8",
            "messageTitle": "Update AboutUs.adoc",
            "messageBody": "",
            "insertions": 0,
            "deletions": 35
          },
          {
            "hash": "6a2376c2d47fdc3c60f87ef55169d453193c4d68",
            "messageTitle": "Update AboutUs.adoc",
            "messageBody": "",
            "insertions": 1,
            "deletions": 1
          },
          {
            "hash": "9ffcae854099a86cf26c15d00d8555e9c57b2688",
            "messageTitle": "Added: project contribution adoc",
            "messageBody": "",
            "insertions": 1,
            "deletions": 1
          },
          {
            "hash": "8910b2527314b0b3d447889b72b037b6005383ba",
            "messageTitle": "Update AboutUs.adoc",
            "messageBody": "",
            "insertions": 1,
            "deletions": 1
          },
          {
            "hash": "8543fc4bc97610001441f06131eb825703d68f78",
            "messageTitle": "Update ContactUs.adoc",
            "messageBody": "",
            "insertions": 1,
            "deletions": 1
          },
          {
            "hash": "2bae6df791e86e3891d8dcd142fe154be1bb65ad",
            "messageTitle": "Update ContactUs.adoc",
            "messageBody": "",
            "insertions": 1,
            "deletions": 1
          },
          {
            "hash": "9683354c9bf820d3384ad115f57f29b80c1ffca5",
            "messageTitle": "Update ContactUs.adoc",
            "messageBody": "",
            "insertions": 1,
            "deletions": 1
          }
        ]
      },
      {
        "insertions": 212,
        "deletions": 169,
        "date": "2019-09-29",
        "commitResults": [
          {
            "hash": "59048fccfe8cc53e66c2eb31c9bc3d4f469c949d",
            "messageTitle": "Update ContactUs.adoc",
            "messageBody": "",
            "insertions": 1,
            "deletions": 1
          },
          {
            "hash": "f6b7978d7edb13069eb41d48b53bbc9a4e0c7009",
            "messageTitle": "Update UserGuide.adoc",
            "messageBody": "",
            "insertions": 15,
            "deletions": 4
          },
          {
            "hash": "2f8825c6ef236a89fe26e5e18769ed5ea2f2ea52",
            "messageTitle": "Update UserGuide.adoc",
            "messageBody": "",
            "insertions": 12,
            "deletions": 8
          },
          {
            "hash": "f6cabf26a34f97fc87aea3e011cb5e67225f070a",
            "messageTitle": "Update UserGuide.adoc",
            "messageBody": "",
            "insertions": 85,
            "deletions": 70
          },
          {
            "hash": "fccb5e9ee09418857a0cd3180d6a7af9382b2aa5",
            "messageTitle": "Update UserGuide.adoc",
            "messageBody": "",
            "insertions": 14,
            "deletions": 14
          },
          {
            "hash": "dd0d75185c63de61e99825d8cfdde171c5c314cb",
            "messageTitle": "Update UserGuide.adoc",
            "messageBody": "",
            "insertions": 28,
            "deletions": 14
          },
          {
            "hash": "1cee42765cb102f0a07512eda7f25e49c8168289",
            "messageTitle": "Update UserGuide.adoc",
            "messageBody": "",
            "insertions": 8,
            "deletions": 0
          },
          {
            "hash": "78f0496be170a94bf2e0993349a93b7790246c57",
            "messageTitle": "Update UserGuide.adoc",
            "messageBody": "",
            "insertions": 2,
            "deletions": 1
          },
          {
            "hash": "8793810db90405073a821b65cd4f81482364b0e4",
            "messageTitle": "Update UserGuide.adoc",
            "messageBody": "",
            "insertions": 23,
            "deletions": 17
          },
          {
            "hash": "dea5714b8f425803e85892fdb0ba92280c84c5f1",
            "messageTitle": "Update UserGuide.adoc",
            "messageBody": "",
            "insertions": 14,
            "deletions": 29
          },
          {
            "hash": "f54021ebab77f504c8cf2f3db24845749f292482",
            "messageTitle": "Update README.adoc",
            "messageBody": "",
            "insertions": 1,
            "deletions": 1
          },
          {
            "hash": "d412ed61a82f635c47fad1d081e46eb2316fbb9c",
            "messageTitle": "Update README.adoc",
            "messageBody": "",
            "insertions": 2,
            "deletions": 4
          },
          {
            "hash": "b743c8271972e47171a5020e43d9d3b48dca2294",
            "messageTitle": "Update README.adoc",
            "messageBody": "",
            "insertions": 1,
            "deletions": 0
          },
          {
            "hash": "5f0b6ab3cd13149c291f4add4f03f704a95cbf85",
            "messageTitle": "Update README.adoc",
            "messageBody": "",
            "insertions": 1,
            "deletions": 1
          },
          {
            "hash": "af68f2f9185503d98e177025a915291ac3b9c910",
            "messageTitle": "Update README.adoc",
            "messageBody": "",
            "insertions": 1,
            "deletions": 1
          },
          {
            "hash": "969f34babbb1cb6c89348cad81bbf6806c8d5e55",
            "messageTitle": "Update DeveloperGuide.adoc",
            "messageBody": "",
            "insertions": 2,
            "deletions": 2
          },
          {
            "hash": "a48c2cec4d316ab6e7b73a52fd3f00aa1b1c9e40",
            "messageTitle": "Update DevOps.adoc",
            "messageBody": "",
            "insertions": 1,
            "deletions": 1
          },
          {
            "hash": "fa9cfba6125716501538196ddb9632fbfb508a7a",
            "messageTitle": "Update AboutUs.adoc",
            "messageBody": "",
            "insertions": 1,
            "deletions": 1
          }
        ]
      },
      {
        "insertions": 28,
        "deletions": 9,
        "date": "2019-09-30",
        "commitResults": [
          {
            "hash": "6faad282b25a6bb6153c9b27da0cf413eba10a4a",
            "messageTitle": "Update UserGuide.adoc",
            "messageBody": "",
            "insertions": 24,
            "deletions": 4
          },
          {
            "hash": "04a7713147cd90d4146a492d1a9420c22e42b712",
            "messageTitle": "Update UserGuide.adoc",
            "messageBody": "",
            "insertions": 1,
            "deletions": 3
          },
          {
            "hash": "82e1aa3c11383e668e6833ee6d06dc0d2ada249c",
            "messageTitle": "Update UserGuide.adoc",
            "messageBody": "",
            "insertions": 1,
            "deletions": 1
          },
          {
            "hash": "24a8c1acbaa916508690d53630ce42bfc5ab7d9c",
            "messageTitle": "Update UserGuide.adoc",
            "messageBody": "",
            "insertions": 2,
            "deletions": 1
          }
        ]
      },
      {
        "insertions": 68,
        "deletions": 33,
        "date": "2019-10-03",
        "commitResults": [
          {
            "hash": "5dde05fdd80bf6f897d36a811fbd69b0efded9c7",
            "messageTitle": "Update DeveloperGuide.adoc",
            "messageBody": "",
            "insertions": 2,
            "deletions": 1
          },
          {
            "hash": "5761a6b1df6042208df2268cbc0f4b2305a9c3e2",
            "messageTitle": "Updated Value Proposition",
            "messageBody": "",
            "insertions": 1,
            "deletions": 1
          },
          {
            "hash": "744242c7166a54cf4f2bd22cd9b19831d99a6af8",
            "messageTitle": "Update DeveloperGuide.adoc",
            "messageBody": "",
            "insertions": 3,
            "deletions": 2
          },
          {
            "hash": "06f133f515dd99d3d22c6f6307ade0d41f60f777",
            "messageTitle": "Update DeveloperGuide.adoc",
            "messageBody": "",
            "insertions": 5,
            "deletions": 17
          },
          {
            "hash": "4d0d4f252f5ac0edca963ec5e051d0328589d742",
            "messageTitle": "Update DeveloperGuide.adoc",
            "messageBody": "",
            "insertions": 1,
            "deletions": 1
          },
          {
            "hash": "828365391bc79523dc2a51a742fca6c5a4e7de61",
            "messageTitle": "Update DeveloperGuide.adoc",
            "messageBody": "",
            "insertions": 14,
            "deletions": 0
          },
          {
            "hash": "d96e1ad99f5dd81a610acfdc147be07be5a05e98",
            "messageTitle": "Update DeveloperGuide.adoc",
            "messageBody": "",
            "insertions": 17,
            "deletions": 0
          },
          {
            "hash": "b4b1350945bff077e3156dc8985c3d79c24fb352",
            "messageTitle": "Update DeveloperGuide.adoc",
            "messageBody": "",
            "insertions": 1,
            "deletions": 0
          },
          {
            "hash": "165826d61290a2554adf35fdf425757978157fea",
            "messageTitle": "Update DeveloperGuide.adoc",
            "messageBody": "",
            "insertions": 16,
            "deletions": 0
          },
          {
            "hash": "36f526692aced134cd689e5abecd0c067c34dd73",
            "messageTitle": "Update DeveloperGuide.adoc",
            "messageBody": "",
            "insertions": 6,
            "deletions": 9
          },
          {
            "hash": "3c6037c61e5d5955052de2c97297e72fada8f3dc",
            "messageTitle": "Update DeveloperGuide.adoc",
            "messageBody": "",
            "insertions": 2,
            "deletions": 2
          }
        ]
      }
    ]
  },
  "authorFinalContributionMap": {
    "nattanyz": 76,
    "AHaliq": 4,
    "PhireHandy": 0,
    "shawnpunchew11": 0,
    "timothyleong97": 89,
    "huiminlim": 208
  },
  "authorFileTypeContributionMap": {
    "nattanyz": {
      "docs": 76,
      "tests": 0,
      "functional": 0
    },
    "AHaliq": {
      "docs": 4,
      "tests": 0,
      "functional": 0
    },
    "PhireHandy": {
      "docs": 0,
      "tests": 0,
      "functional": 0
    },
    "shawnpunchew11": {
      "docs": 0,
      "tests": 0,
      "functional": 0
    },
    "timothyleong97": {
      "docs": 87,
      "tests": 0,
      "functional": 0,
      "other": 2
    },
    "huiminlim": {
      "docs": 208,
      "tests": 0,
      "functional": 0
    }
  },
  "authorContributionVariance": {
    "nattanyz": 1576.8895,
    "AHaliq": 53.359375,
    "PhireHandy": 0.0,
    "shawnpunchew11": 0.0,
    "timothyleong97": 415.7412,
    "huiminlim": 26180.35
  },
  "authorDisplayNameMap": {
    "nattanyz": "CS2103-F09-2 TAN Y ... TALIE",
    "AHaliq": "CS2103-F09-2 ABDUL ... ATIFF",
    "PhireHandy": "CS2103-F09-2 MUHAM ... ILANI",
    "shawnpunchew11": "CS2103-F09-2 SHAWN ...  CHEW",
    "timothyleong97": "CS2103-F09-2 LEONG ... MOTHY",
    "huiminlim": "CS2103-F09-2 LIM H ... I MIN"
  }
}
