{
  "authorDailyContributionsMap": {
    "nattanyz": [
      {
        "insertions": 0,
        "deletions": 216,
        "date": "2019-10-02",
        "commitResults": [
          {
            "hash": "ef10eb9909dc00f3d92f16a81cae2598a6a6fc8d",
            "messageTitle": "Delete LearningOutcomes.adoc",
            "messageBody": "",
            "insertions": 0,
            "deletions": 216
          }
        ]
      },
      {
        "insertions": 81,
        "deletions": 0,
        "date": "2019-10-03",
        "commitResults": [
          {
            "hash": "321ebe52600ee73f58ddf96801d325828b7138ef",
            "messageTitle": "Update AboutUs.adoc",
            "messageBody": "",
            "insertions": 9,
            "deletions": 0
          },
          {
            "hash": "d7a9e17d8078ce6326b9fcb2e64ce04dce2f49de",
            "messageTitle": "Create nattanyz.adoc",
            "messageBody": "",
            "insertions": 72,
            "deletions": 0
          }
        ]
      },
      {
        "insertions": 266,
        "deletions": 165,
        "date": "2019-10-17",
        "commitResults": [
          {
            "hash": "ff17d0973c6bbf15b21724b0383687ef00469ba3",
            "messageTitle": "remove references to Ui interface, begin rewriting simplified MainWindow class",
            "messageBody": "",
            "insertions": 158,
            "deletions": 158
          },
          {
            "hash": "694825cde1ee798af7879735cffd5b8c4719c934",
            "messageTitle": "edit MainWindow.java to add methods that are called in UiManager",
            "messageBody": "",
            "insertions": 23,
            "deletions": 6
          },
          {
            "hash": "ed49923f6aa974e00d49902a547f5de162acb525",
            "messageTitle": "add first draft of mockups, initial implementation of UI components",
            "messageBody": "",
            "insertions": 85,
            "deletions": 1
          }
        ]
      }
    ],
    "AHaliq": [
      {
        "insertions": 3,
        "deletions": 39,
        "date": "2019-10-04",
        "commitResults": [
          {
            "hash": "944854b2c57d3a0cbbdbaf91ffed31d94db90a52",
            "messageTitle": "update about us",
            "messageBody": "",
            "insertions": 3,
            "deletions": 39
          }
        ]
      },
      {
        "insertions": 347,
        "deletions": 73,
        "date": "2019-10-07",
        "commitResults": [
          {
            "hash": "01967093423e399b8294e56dc58f24343d69c15d",
            "messageTitle": "Fixed image path for Haliq",
            "messageBody": "",
            "insertions": 1,
            "deletions": 1
          },
          {
            "hash": "c9867991c3d59d61758c04f539a6cce519f77120",
            "messageTitle": "implemented FlashCard interface",
            "messageBody": "",
            "insertions": 29,
            "deletions": 1
          },
          {
            "hash": "aade08d1227a665ac35eb0e6a90b84bd3f0d426a",
            "messageTitle": "added frontbackcard test",
            "messageBody": "",
            "insertions": 15,
            "deletions": 0
          },
          {
            "hash": "d9f805595e18de76e2ac70bb9e770f7b1a742fd5",
            "messageTitle": "implemented frontbackcard",
            "messageBody": "",
            "insertions": 32,
            "deletions": 1
          },
          {
            "hash": "262b02a833beaa517616b540edda56cfe9be9730",
            "messageTitle": "write skeleton for JavascriptCard",
            "messageBody": "",
            "insertions": 46,
            "deletions": 1
          },
          {
            "hash": "80905fe5eba7ed59208c525ccd511fb97cb06566",
            "messageTitle": "skeleton for Deck",
            "messageBody": "",
            "insertions": 35,
            "deletions": 0
          },
          {
            "hash": "829d3212afc3369528394c5c92a1b050fa81139e",
            "messageTitle": "refactor toJSON to its own interface",
            "messageBody": "",
            "insertions": 19,
            "deletions": 9
          },
          {
            "hash": "17828623387d649155408c937ff1b91881f8acb4",
            "messageTitle": "implemented skeleton multiplechoicecard",
            "messageBody": "",
            "insertions": 25,
            "deletions": 0
          },
          {
            "hash": "55895cc7631446ff31ef2a965851c43300bc0bad",
            "messageTitle": "implemented responsefunc interface",
            "messageBody": "",
            "insertions": 13,
            "deletions": 1
          },
          {
            "hash": "45f7dd380003c15f442be8e7bee972b3361fc53b",
            "messageTitle": "implemented state with decks",
            "messageBody": "",
            "insertions": 16,
            "deletions": 1
          },
          {
            "hash": "093ad0ac9511ac04deff0be72bd7531477029d93",
            "messageTitle": "fixed checkstylemain errors",
            "messageBody": "",
            "insertions": 116,
            "deletions": 56
          },
          {
            "hash": "aa22f357dfaebbc87c31dc4b8f6463a2dca37819",
            "messageTitle": "fixed checkstyletest errors",
            "messageBody": "",
            "insertions": 0,
            "deletions": 2
          }
        ]
      },
      {
        "insertions": 1661,
        "deletions": 99,
        "date": "2019-10-12",
        "commitResults": [
          {
            "hash": "b51247325fba8ba78b5472c64f8a302ea39f4ed5",
            "messageTitle": "implemented Printer for string utils",
            "messageBody": "",
            "insertions": 60,
            "deletions": 0
          },
          {
            "hash": "4c0d59acb7ebefb794232cac7b417c94298217b1",
            "messageTitle": "added tests for printer",
            "messageBody": "",
            "insertions": 25,
            "deletions": 0
          },
          {
            "hash": "07716e603e23831038025331cba43b6bdd2da6e2",
            "messageTitle": "implemented JsonFormatException",
            "messageBody": "",
            "insertions": 98,
            "deletions": 2
          },
          {
            "hash": "19fbb84ee17349c22d5178c3d277465625472709",
            "messageTitle": "added tests for JsonFormatException",
            "messageBody": "",
            "insertions": 12,
            "deletions": 0
          },
          {
            "hash": "b4a3d8eb894faf4d3d2fbf1343e62546c74deb7e",
            "messageTitle": "implemented JsonValueTypes",
            "messageBody": "",
            "insertions": 3,
            "deletions": 2
          },
          {
            "hash": "c368fab1d2c5e719fd069ebdac828576a0beb22f",
            "messageTitle": "implemented JsonWrongValueException",
            "messageBody": "",
            "insertions": 7,
            "deletions": 2
          },
          {
            "hash": "1e5be08fff0bf9284827fa72e989970cf64c9913",
            "messageTitle": "implemented json values, exception and string parse",
            "messageBody": "",
            "insertions": 409,
            "deletions": 6
          },
          {
            "hash": "9e7d938b858c2017913a729639e3404fad3cf526",
            "messageTitle": "added test for JsonValue",
            "messageBody": "",
            "insertions": 87,
            "deletions": 0
          },
          {
            "hash": "0c04d85bbe84843776543d964a9a62a92013d792",
            "messageTitle": "implemented pair type",
            "messageBody": "",
            "insertions": 12,
            "deletions": 0
          },
          {
            "hash": "5e5917e995ae942012ee0bd35301a7bc928c4399",
            "messageTitle": "fixed index at length errors",
            "messageBody": "",
            "insertions": 376,
            "deletions": 1
          },
          {
            "hash": "ce92df5eb5fbe6922a8d635c3fa1076014fb4200",
            "messageTitle": "implemented JsonParser and fixed Pair to comply to checkstyle",
            "messageBody": "",
            "insertions": 48,
            "deletions": 35
          },
          {
            "hash": "f2464f9eefe12e35e1c03f5166cfbaf02fcd1e5f",
            "messageTitle": "added test for JsonParser",
            "messageBody": "",
            "insertions": 28,
            "deletions": 0
          },
          {
            "hash": "17cfa11dd15564be6a6bcba80fee5b51e0776cfd",
            "messageTitle": "implemented FileReadWrite",
            "messageBody": "",
            "insertions": 95,
            "deletions": 0
          },
          {
            "hash": "d26379fc64cc564b65a6468e40ddf6d36b4566ba",
            "messageTitle": "added test for FileReadWrite",
            "messageBody": "",
            "insertions": 31,
            "deletions": 0
          },
          {
            "hash": "a402427f79e4b83e7a43331e6d62b40beee476cf",
            "messageTitle": "fix checkstyle errors",
            "messageBody": "",
            "insertions": 11,
            "deletions": 1
          },
          {
            "hash": "e52d37768fb62653a0f6ef0d2decf2e59a60e1b1",
            "messageTitle": "made FlashCard interface extends JsonInterface",
            "messageBody": "",
            "insertions": 9,
            "deletions": 6
          },
          {
            "hash": "cd41952935da9552de7c034e9d810af6c90ff972",
            "messageTitle": "added fileExists method",
            "messageBody": "",
            "insertions": 10,
            "deletions": 0
          },
          {
            "hash": "528d1ff4d070c184f126aae3dc7bcef47eaf89af",
            "messageTitle": "implemented toJson",
            "messageBody": "",
            "insertions": 20,
            "deletions": 3
          },
          {
            "hash": "f1861d9f6523f3a5be94a0d560162ee6836c340a",
            "messageTitle": "added Schema for json object keys",
            "messageBody": "",
            "insertions": 87,
            "deletions": 7
          },
          {
            "hash": "dec40f86ff98e5baf3abd4bb49fd3a067c342758",
            "messageTitle": "implemented toJson",
            "messageBody": "",
            "insertions": 44,
            "deletions": 6
          },
          {
            "hash": "cdd725cf3b0a05dde4b4fc0c7db9e9fb2fb2f791",
            "messageTitle": "implemented writeDeck for StorageManager",
            "messageBody": "",
            "insertions": 2,
            "deletions": 4
          },
          {
            "hash": "a30a35d6b5f504bd5e041db7362584c50563abc2",
            "messageTitle": "made schema final",
            "messageBody": "",
            "insertions": 13,
            "deletions": 7
          },
          {
            "hash": "788361ff76ef3f90bffebf604204410fbdc14dce",
            "messageTitle": "refactor to use Scheme",
            "messageBody": "",
            "insertions": 5,
            "deletions": 4
          },
          {
            "hash": "4fbcc9f0fc8bf5f9b6a554be8d0deb884fea6021",
            "messageTitle": "update for randomize MCQ",
            "messageBody": "",
            "insertions": 3,
            "deletions": 2
          },
          {
            "hash": "6c37a91b86f38c556e0c4fa1ded96c411620d42d",
            "messageTitle": "updated docs",
            "messageBody": "",
            "insertions": 1,
            "deletions": 1
          },
          {
            "hash": "75773bb4ebe2ca92e6b5961c1e4e4fc24d522ba5",
            "messageTitle": "implemented loading of decks",
            "messageBody": "",
            "insertions": 108,
            "deletions": 5
          },
          {
            "hash": "d016376a86f5801f23382130ce6610cd2c37635b",
            "messageTitle": "implemented tests for storageManager",
            "messageBody": "",
            "insertions": 50,
            "deletions": 0
          },
          {
            "hash": "521c68d822f6b9b93cd15e977e8e59c39ac073c0",
            "messageTitle": "fixed checkstyle errors",
            "messageBody": "",
            "insertions": 7,
            "deletions": 5
          }
        ]
      },
      {
        "insertions": 17,
        "deletions": 9,
        "date": "2019-10-15",
        "commitResults": [
          {
            "hash": "7c2553169a3ab7f34fbae471e241e0af494559bf",
            "messageTitle": "fixed merge issues and checkstyle issues",
            "messageBody": "",
            "insertions": 17,
            "deletions": 9
          }
        ]
      }
    ],
    "PhireHandy": [
      {
        "insertions": 94,
        "deletions": 2,
        "date": "2019-10-09",
        "commitResults": [
          {
            "hash": "b036e92d8c801ffaa1d1975fc4b20df02b96e616",
            "messageTitle": "Implemented the all the command regex and updated AboutUs doc",
            "messageBody": "",
            "insertions": 94,
            "deletions": 2
          }
        ]
      },
      {
        "insertions": 135,
        "deletions": 97,
        "date": "2019-10-14",
        "commitResults": [
          {
            "hash": "f7fdcb034ddd2d56840702c9fbcbfbc7554c9292",
            "messageTitle": "Implement Regex in Responses.java.",
            "messageBody": "",
            "insertions": 72,
            "deletions": 89
          },
          {
            "hash": "e63ae01798c3d202732207f3646592b4a3e31b95",
            "messageTitle": "Fixed checkstyle errors.",
            "messageBody": "",
            "insertions": 56,
            "deletions": 4
          },
          {
            "hash": "cff5d5b1caaa788c3099188af62eb3bf0fcc8360",
            "messageTitle": "Fixed some bugs in the Responses.java.",
            "messageBody": "The regex for TEST, EXIT and EDIT commands were wrong.\n",
            "insertions": 5,
            "deletions": 4
          },
          {
            "hash": "0c3f1fdc049d497bbedc11909dec040a5bec4fce",
            "messageTitle": "Added a missing import statement in Responder.java.",
            "messageBody": "",
            "insertions": 2,
            "deletions": 0
          }
        ]
      }
    ],
    "shawnpunchew11": [
      {
        "insertions": 10,
        "deletions": 1,
        "date": "2019-10-09",
        "commitResults": [
          {
            "hash": "7ed18469f1ec6acbd7e1a9a4117ac66f0842c2dc",
            "messageTitle": "update about us",
            "messageBody": "",
            "insertions": 9,
            "deletions": 0
          },
          {
            "hash": "ad355fe3252f38beadef2a50812db07fcd35321c",
            "messageTitle": "Added newline to please Travis",
            "messageBody": "",
            "insertions": 1,
            "deletions": 1
          }
        ]
      },
      {
        "insertions": 72,
        "deletions": 5,
        "date": "2019-10-13",
        "commitResults": [
          {
            "hash": "e14364eabc0f798c285f7ce4be346b6c5f83dc4c",
            "messageTitle": "Added initial barebone ExamRunner class",
            "messageBody": "",
            "insertions": 49,
            "deletions": 0
          },
          {
            "hash": "9d721c3b649e179802866a83ab755ca2a6aadd26",
            "messageTitle": "Fixed checkstyle",
            "messageBody": "",
            "insertions": 6,
            "deletions": 2
          },
          {
            "hash": "9264d4b6de3d369b6d6f5a3542ac2a1565ca3937",
            "messageTitle": "Added renderBack() to finish the IterateThroughDeck method",
            "messageBody": "",
            "insertions": 3,
            "deletions": 1
          },
          {
            "hash": "8acdaee6649862806a9cf0fe728759dcf11e9bd1",
            "messageTitle": "Added Exam interface",
            "messageBody": "",
            "insertions": 9,
            "deletions": 1
          },
          {
            "hash": "0c6cb90671a718b2168d96984e6674a1962e9a2b",
            "messageTitle": "Checkstyle fixes",
            "messageBody": "",
            "insertions": 5,
            "deletions": 1
          }
        ]
      },
      {
        "insertions": 148,
        "deletions": 39,
        "date": "2019-10-14",
        "commitResults": [
          {
            "hash": "836d84177b179c38877944ee49c3b9269e81d7cb",
            "messageTitle": "Added Getters for Cards",
            "messageBody": "",
            "insertions": 25,
            "deletions": 2
          },
          {
            "hash": "58e54516e00cc4b0638ba4bf4b6cd30ec03d9253",
            "messageTitle": "Adjusted potential merge conflicts",
            "messageBody": "",
            "insertions": 0,
            "deletions": 23
          },
          {
            "hash": "9b7fd6358fe8569afef4f56a59a2166acee0d5f8",
            "messageTitle": "More merge conflict fixing",
            "messageBody": "",
            "insertions": 117,
            "deletions": 8
          },
          {
            "hash": "74534c4fa3800cd15667b6939ede07542a8b467a",
            "messageTitle": "Added newlines at EOF",
            "messageBody": "",
            "insertions": 6,
            "deletions": 6
          }
        ]
      }
    ],
    "timothyleong97": [
      {
        "insertions": 7,
        "deletions": 5,
        "date": "2019-09-12",
        "commitResults": [
          {
            "hash": "9d94b84c302b0c93b0047a819dd57e777347107b",
            "messageTitle": "Create test.txt",
            "messageBody": "Testing travis\n",
            "insertions": 1,
            "deletions": 0
          },
          {
            "hash": "c8a72013a89456ec0a2e01e4bce3b6b439f4f11b",
            "messageTitle": "Update README.adoc",
            "messageBody": "changed build status to that of our own repo\n",
            "insertions": 1,
            "deletions": 1
          },
          {
            "hash": "a84ba85174a46dcff7d93ff98187a8df7ddce4b4",
            "messageTitle": "Update README.adoc",
            "messageBody": "added coverall badge",
            "insertions": 1,
            "deletions": 1
          },
          {
            "hash": "69af62d4cd4078873b5189de588ab9cd34025fa7",
            "messageTitle": "Update README.adoc",
            "messageBody": "undo coverall badge",
            "insertions": 2,
            "deletions": 1
          },
          {
            "hash": "8a1559302a6d6ab980f991ac7794d9b05d61c5f9",
            "messageTitle": "Update README.adoc",
            "messageBody": "changed urls\n",
            "insertions": 2,
            "deletions": 2
          }
        ]
      },
      {
        "insertions": 0,
        "deletions": 1,
        "date": "2019-09-13",
        "commitResults": [
          {
            "hash": "09ba59ebb8efc351c9b8f0595af5de5d8e6c5995",
            "messageTitle": "Delete test.txt",
            "messageBody": "deleted test.txt\n",
            "insertions": 0,
            "deletions": 1
          }
        ]
      },
      {
        "insertions": 4,
        "deletions": 4,
        "date": "2019-09-28",
        "commitResults": [
          {
            "hash": "978744449567d1475620d7b231238db0032ae936",
            "messageTitle": "replace links in adocs",
            "messageBody": "changed repo link in developer guide and user guide and build file to that of team repo\u0027s\n",
            "insertions": 4,
            "deletions": 4
          }
        ]
      },
      {
        "insertions": 99,
        "deletions": 18,
        "date": "2019-09-29",
        "commitResults": [
          {
            "hash": "1a6b791679cca0be463e0ac20b55a30aeb9438bc",
            "messageTitle": "updated aboutus.doc",
            "messageBody": "added timothy.png and description in aboutus.adoc\n",
            "insertions": 82,
            "deletions": 3
          },
          {
            "hash": "d97150a912d07f9c88f58f02a7297fbf05313ebe",
            "messageTitle": "update contactus.adoc",
            "messageBody": "updated email address\n",
            "insertions": 1,
            "deletions": 1
          },
          {
            "hash": "db05e8530e7619bf7adc9f5fb83eca2f1b5ddf6e",
            "messageTitle": "Add newline to eof in aboutus.adoc",
            "messageBody": "add newline\n",
            "insertions": 1,
            "deletions": 1
          },
          {
            "hash": "7e087774372ff5811494e78d0f55ab283cf859ca",
            "messageTitle": "add newline to aboutus and updated Ui.png",
            "messageBody": "add newline and new mockup\n",
            "insertions": 1,
            "deletions": 1
          },
          {
            "hash": "0943f1e3b54b1b2648de00b15f7dc5dc70aded61",
            "messageTitle": "Update README.adoc",
            "messageBody": "removed appveyor badge and updated travis badge\n",
            "insertions": 1,
            "deletions": 2
          },
          {
            "hash": "759c442425daec1334fb9c7133ca03ddfa73ec8d",
            "messageTitle": "Update README.adoc",
            "messageBody": "updated coverall badge\n",
            "insertions": 2,
            "deletions": 4
          },
          {
            "hash": "e5a556e509914842f5e634a282306df0b4abbb0c",
            "messageTitle": "Update README.adoc",
            "messageBody": "mentioned targeting audience and added a marketing blurb\n",
            "insertions": 4,
            "deletions": 0
          },
          {
            "hash": "3e9013fa817e29239b92ea4d288c5d249b41174e",
            "messageTitle": "Update AboutUs.adoc",
            "messageBody": "reformatted page\n",
            "insertions": 5,
            "deletions": 0
          },
          {
            "hash": "3966136593c1afdd1d0acd7bfe3b45fbe0f61f92",
            "messageTitle": "Update AboutUs.adoc",
            "messageBody": "deleted newlines\n",
            "insertions": 0,
            "deletions": 4
          },
          {
            "hash": "45e7849512422366a8618a1bc4f25d6d7acb13dd",
            "messageTitle": "update aboutus.adoc",
            "messageBody": "update name of portfolio file\n",
            "insertions": 1,
            "deletions": 1
          },
          {
            "hash": "1d350b4fe6e3c4a80869de862368b6ac78892adf",
            "messageTitle": "rename picture to be consistent with github username",
            "messageBody": "",
            "insertions": 1,
            "deletions": 1
          }
        ]
      },
      {
        "insertions": 5,
        "deletions": 4,
        "date": "2019-10-04",
        "commitResults": [
          {
            "hash": "8b8430776ac8571d01fd9f5946c6fa33128534ca",
            "messageTitle": "Update README.adoc",
            "messageBody": "Added Netlify status badge\n",
            "insertions": 1,
            "deletions": 0
          },
          {
            "hash": "0f039bdc591a63922d0b6eb2d7737859690e002a",
            "messageTitle": "Update README.adoc",
            "messageBody": "changed markdown to asciidoc format\n",
            "insertions": 4,
            "deletions": 2
          },
          {
            "hash": "38d1059750defa41c499ba6676cd047785cbe810",
            "messageTitle": "Update README.adoc",
            "messageBody": "removed chat on gitter badge\n",
            "insertions": 0,
            "deletions": 2
          }
        ]
      },
      {
        "insertions": 485,
        "deletions": 8464,
        "date": "2019-10-07",
        "commitResults": [
          {
            "hash": "c11e2271e4f3e6375338da6f143c61299f1cd133",
            "messageTitle": "Remove all files in test folder except /java",
            "messageBody": "Retain only the java subdirectory for putting our own tests and delete all resources, data, and tests pertaining to AB3\n",
            "insertions": 0,
            "deletions": 4712
          },
          {
            "hash": "4970d15c520340095bdce7474d07db3a3a6a707f",
            "messageTitle": "safely remove delete command",
            "messageBody": "",
            "insertions": 1,
            "deletions": 87
          },
          {
            "hash": "7cc246b442249730adeced11f085d58bc3286cdf",
            "messageTitle": "safely remove clear command",
            "messageBody": "",
            "insertions": 0,
            "deletions": 27
          },
          {
            "hash": "678d033b2e974868c2ae4e94ad31f7dde803351d",
            "messageTitle": "safely remove find command",
            "messageBody": "",
            "insertions": 0,
            "deletions": 79
          },
          {
            "hash": "330ae24f65928b9b239d27f81d257073e0dbf0c9",
            "messageTitle": "safe delete list command",
            "messageBody": "",
            "insertions": 1,
            "deletions": 29
          },
          {
            "hash": "4ccddfea16bc8e747d50e0537d25be6ecea1ebde",
            "messageTitle": "safely delete exit and help command",
            "messageBody": "",
            "insertions": 1,
            "deletions": 48
          },
          {
            "hash": "c9ffa90cbe01041a74bd56af744539d31c7cddb2",
            "messageTitle": "safely delete add command",
            "messageBody": "",
            "insertions": 2,
            "deletions": 132
          },
          {
            "hash": "91f95b1743e192815d1118ea088f5b2fcd8c19cf",
            "messageTitle": "safely deleted Email class",
            "messageBody": "",
            "insertions": 9,
            "deletions": 183
          },
          {
            "hash": "79e278ee4cdbdd4938f6e3c0495ae01606b8bced",
            "messageTitle": "deleted 1 reference to Email",
            "messageBody": "",
            "insertions": 1,
            "deletions": 1
          },
          {
            "hash": "e18f7d0cedfb2a8fdca099ae9bc27a2c6981badc",
            "messageTitle": "safely delete address, name, phone",
            "messageBody": "",
            "insertions": 12,
            "deletions": 360
          },
          {
            "hash": "c1d31442d25d9c0fbc1e97336421574211a528be",
            "messageTitle": "Update PersonListCard.fxml",
            "messageBody": "remove references to name, phone, address and email\n",
            "insertions": 0,
            "deletions": 4
          },
          {
            "hash": "c5591ef62a0e7b1a70d98520b0914008668529a5",
            "messageTitle": "Update PersonCard.java",
            "messageBody": "remove references to name, phone, address and email\n",
            "insertions": 0,
            "deletions": 12
          },
          {
            "hash": "e3e50a687cb28875297046fe7fb8bdff2c2a9ea9",
            "messageTitle": "safely delete edit command",
            "messageBody": "",
            "insertions": 1,
            "deletions": 265
          },
          {
            "hash": "caf2bcf59525c6c761a8dd85fa31a0f79462b7c5",
            "messageTitle": "rename and remove classes",
            "messageBody": "rename seedu.address to dream.fcard, restored sampleutil, deleted commandresult and emptied command class\n",
            "insertions": 283,
            "deletions": 400
          },
          {
            "hash": "619ba276864635c97666ab170391cb1e7e8667be",
            "messageTitle": "safely delete tag",
            "messageBody": "",
            "insertions": 13,
            "deletions": 221
          },
          {
            "hash": "69946148ad81a26ed41b71f8456749a49d29d594",
            "messageTitle": "rename ui to gui",
            "messageBody": "",
            "insertions": 24,
            "deletions": 26
          },
          {
            "hash": "a4b8aeb6aa4df66cf367fa11de5f59f5a8293b6c",
            "messageTitle": "changed person folder to cards",
            "messageBody": "",
            "insertions": 6,
            "deletions": 6
          },
          {
            "hash": "e0c1d534bb916b88f2e878c88e47479bde469cb5",
            "messageTitle": "safely delete addressBookParser",
            "messageBody": "",
            "insertions": 0,
            "deletions": 46
          },
          {
            "hash": "61c7a760b9ccdc4bd3b335fa5c38eda1019fab2f",
            "messageTitle": "safe delete Parser and ParserUtil",
            "messageBody": "",
            "insertions": 0,
            "deletions": 45
          },
          {
            "hash": "188c04bf1295fe6d23412e3e58cedc7951bb0581",
            "messageTitle": "safely delete argument processing files",
            "messageBody": "",
            "insertions": 0,
            "deletions": 247
          },
          {
            "hash": "2af95889298b0d9ca850619a0cf3fc30f4d92c80",
            "messageTitle": "safe delete unused methods",
            "messageBody": "",
            "insertions": 4,
            "deletions": 37
          },
          {
            "hash": "09cca56a50314dfcfe1ad03129f811304e30dbde",
            "messageTitle": "remove more unused methods",
            "messageBody": "",
            "insertions": 2,
            "deletions": 39
          },
          {
            "hash": "d90c2404949a4f6a80c0969b8a201757a1d6517a",
            "messageTitle": "remove unused methods",
            "messageBody": "",
            "insertions": 2,
            "deletions": 36
          },
          {
            "hash": "da1be23d8da32991cfde2aa2eeeb2e8af8b92145",
            "messageTitle": "Delete ParseException.java",
            "messageBody": "",
            "insertions": 0,
            "deletions": 17
          },
          {
            "hash": "c5d6b25f850044af54be549c5617cd49e59975ed",
            "messageTitle": "turn storage into util",
            "messageBody": "",
            "insertions": 41,
            "deletions": 484
          },
          {
            "hash": "82b4a560bc6eff6fd2ec4083d4c226724f2afdce",
            "messageTitle": "refactored file structure",
            "messageBody": "",
            "insertions": 82,
            "deletions": 921
          }
        ]
      },
      {
        "insertions": 151,
        "deletions": 1,
        "date": "2019-10-09",
        "commitResults": [
          {
            "hash": "68f876ed499c573c73e3415cc7273c17b8da1aa5",
            "messageTitle": "Added js code evaluation files",
            "messageBody": "",
            "insertions": 116,
            "deletions": 1
          },
          {
            "hash": "565a803231987f2a7ef572e467ab61cb5721fb3a",
            "messageTitle": "Add tests for code evaluator",
            "messageBody": "",
            "insertions": 35,
            "deletions": 0
          }
        ]
      },
      {
        "insertions": 199,
        "deletions": 105,
        "date": "2019-10-11",
        "commitResults": [
          {
            "hash": "38d2db7a6d73ef0a3273180316b5a0332fd81036",
            "messageTitle": "Added Java and JS runner class with accompanying tests",
            "messageBody": "",
            "insertions": 199,
            "deletions": 105
          }
        ]
      },
      {
        "insertions": 13,
        "deletions": 9,
        "date": "2019-10-14",
        "commitResults": [
          {
            "hash": "86ba763347df0056a61a4c947645afdbdedf6058",
            "messageTitle": "Changed hardcoded file paths to relative paths",
            "messageBody": "",
            "insertions": 2,
            "deletions": 4
          },
          {
            "hash": "d9a9f295173dc4b2134e7be62be2c354ebf1e449",
            "messageTitle": "Fixed error in relative path",
            "messageBody": "",
            "insertions": 10,
            "deletions": 4
          },
          {
            "hash": "16f61fdbc53e4342bcac55e3036ba9cf8b958bf4",
            "messageTitle": "Update FileImporterTest.java",
            "messageBody": "Changed double backslashes to forward slash for system compatibility issues\n",
            "insertions": 1,
            "deletions": 1
          }
        ]
      }
    ],
    "huiminlim": [
      {
        "insertions": 3,
        "deletions": 3,
        "date": "2019-09-17",
        "commitResults": [
          {
            "hash": "e5e9f6e201bc908f526224a293add4d6e213ff61",
            "messageTitle": "Update AboutUs.adoc",
            "messageBody": "",
            "insertions": 3,
            "deletions": 3
          }
        ]
      },
      {
        "insertions": 431,
        "deletions": 431,
        "date": "2019-09-18",
        "commitResults": [
          {
            "hash": "082985584fe5734f4e5147d0eaceeeccd7d00a26",
            "messageTitle": "Refactor: Removed address class",
            "messageBody": "",
            "insertions": 74,
            "deletions": 357
          },
          {
            "hash": "d40535184c7f8fe22df7df125963f08f5efcf26c",
            "messageTitle": "Revert \"Refactor: Removed address class\"",
            "messageBody": "This reverts commit 082985584fe5734f4e5147d0eaceeeccd7d00a26.\n",
            "insertions": 357,
            "deletions": 74
          }
        ]
      },
      {
        "insertions": 7,
        "deletions": 42,
        "date": "2019-09-24",
        "commitResults": [
          {
            "hash": "1ca1d264a2c25851267af5f602ac79d1cda91724",
            "messageTitle": "Update AboutUs.adoc",
            "messageBody": "",
            "insertions": 1,
            "deletions": 1
          },
          {
            "hash": "37817683aa97bb78ae07b6d653764689edccccb8",
            "messageTitle": "Update AboutUs.adoc",
            "messageBody": "",
            "insertions": 0,
            "deletions": 35
          },
          {
            "hash": "6a2376c2d47fdc3c60f87ef55169d453193c4d68",
            "messageTitle": "Update AboutUs.adoc",
            "messageBody": "",
            "insertions": 1,
            "deletions": 1
          },
          {
            "hash": "9ffcae854099a86cf26c15d00d8555e9c57b2688",
            "messageTitle": "Added: project contribution adoc",
            "messageBody": "",
            "insertions": 1,
            "deletions": 1
          },
          {
            "hash": "8910b2527314b0b3d447889b72b037b6005383ba",
            "messageTitle": "Update AboutUs.adoc",
            "messageBody": "",
            "insertions": 1,
            "deletions": 1
          },
          {
            "hash": "8543fc4bc97610001441f06131eb825703d68f78",
            "messageTitle": "Update ContactUs.adoc",
            "messageBody": "",
            "insertions": 1,
            "deletions": 1
          },
          {
            "hash": "2bae6df791e86e3891d8dcd142fe154be1bb65ad",
            "messageTitle": "Update ContactUs.adoc",
            "messageBody": "",
            "insertions": 1,
            "deletions": 1
          },
          {
            "hash": "9683354c9bf820d3384ad115f57f29b80c1ffca5",
            "messageTitle": "Update ContactUs.adoc",
            "messageBody": "",
            "insertions": 1,
            "deletions": 1
          }
        ]
      },
      {
        "insertions": 212,
        "deletions": 169,
        "date": "2019-09-29",
        "commitResults": [
          {
            "hash": "59048fccfe8cc53e66c2eb31c9bc3d4f469c949d",
            "messageTitle": "Update ContactUs.adoc",
            "messageBody": "",
            "insertions": 1,
            "deletions": 1
          },
          {
            "hash": "f6b7978d7edb13069eb41d48b53bbc9a4e0c7009",
            "messageTitle": "Update UserGuide.adoc",
            "messageBody": "",
            "insertions": 15,
            "deletions": 4
          },
          {
            "hash": "2f8825c6ef236a89fe26e5e18769ed5ea2f2ea52",
            "messageTitle": "Update UserGuide.adoc",
            "messageBody": "",
            "insertions": 12,
            "deletions": 8
          },
          {
            "hash": "f6cabf26a34f97fc87aea3e011cb5e67225f070a",
            "messageTitle": "Update UserGuide.adoc",
            "messageBody": "",
            "insertions": 85,
            "deletions": 70
          },
          {
            "hash": "fccb5e9ee09418857a0cd3180d6a7af9382b2aa5",
            "messageTitle": "Update UserGuide.adoc",
            "messageBody": "",
            "insertions": 14,
            "deletions": 14
          },
          {
            "hash": "dd0d75185c63de61e99825d8cfdde171c5c314cb",
            "messageTitle": "Update UserGuide.adoc",
            "messageBody": "",
            "insertions": 28,
            "deletions": 14
          },
          {
            "hash": "1cee42765cb102f0a07512eda7f25e49c8168289",
            "messageTitle": "Update UserGuide.adoc",
            "messageBody": "",
            "insertions": 8,
            "deletions": 0
          },
          {
            "hash": "78f0496be170a94bf2e0993349a93b7790246c57",
            "messageTitle": "Update UserGuide.adoc",
            "messageBody": "",
            "insertions": 2,
            "deletions": 1
          },
          {
            "hash": "8793810db90405073a821b65cd4f81482364b0e4",
            "messageTitle": "Update UserGuide.adoc",
            "messageBody": "",
            "insertions": 23,
            "deletions": 17
          },
          {
            "hash": "dea5714b8f425803e85892fdb0ba92280c84c5f1",
            "messageTitle": "Update UserGuide.adoc",
            "messageBody": "",
            "insertions": 14,
            "deletions": 29
          },
          {
            "hash": "f54021ebab77f504c8cf2f3db24845749f292482",
            "messageTitle": "Update README.adoc",
            "messageBody": "",
            "insertions": 1,
            "deletions": 1
          },
          {
            "hash": "d412ed61a82f635c47fad1d081e46eb2316fbb9c",
            "messageTitle": "Update README.adoc",
            "messageBody": "",
            "insertions": 2,
            "deletions": 4
          },
          {
            "hash": "b743c8271972e47171a5020e43d9d3b48dca2294",
            "messageTitle": "Update README.adoc",
            "messageBody": "",
            "insertions": 1,
            "deletions": 0
          },
          {
            "hash": "5f0b6ab3cd13149c291f4add4f03f704a95cbf85",
            "messageTitle": "Update README.adoc",
            "messageBody": "",
            "insertions": 1,
            "deletions": 1
          },
          {
            "hash": "af68f2f9185503d98e177025a915291ac3b9c910",
            "messageTitle": "Update README.adoc",
            "messageBody": "",
            "insertions": 1,
            "deletions": 1
          },
          {
            "hash": "969f34babbb1cb6c89348cad81bbf6806c8d5e55",
            "messageTitle": "Update DeveloperGuide.adoc",
            "messageBody": "",
            "insertions": 2,
            "deletions": 2
          },
          {
            "hash": "a48c2cec4d316ab6e7b73a52fd3f00aa1b1c9e40",
            "messageTitle": "Update DevOps.adoc",
            "messageBody": "",
            "insertions": 1,
            "deletions": 1
          },
          {
            "hash": "fa9cfba6125716501538196ddb9632fbfb508a7a",
            "messageTitle": "Update AboutUs.adoc",
            "messageBody": "",
            "insertions": 1,
            "deletions": 1
          }
        ]
      },
      {
        "insertions": 28,
        "deletions": 9,
        "date": "2019-09-30",
        "commitResults": [
          {
            "hash": "6faad282b25a6bb6153c9b27da0cf413eba10a4a",
            "messageTitle": "Update UserGuide.adoc",
            "messageBody": "",
            "insertions": 24,
            "deletions": 4
          },
          {
            "hash": "04a7713147cd90d4146a492d1a9420c22e42b712",
            "messageTitle": "Update UserGuide.adoc",
            "messageBody": "",
            "insertions": 1,
            "deletions": 3
          },
          {
            "hash": "82e1aa3c11383e668e6833ee6d06dc0d2ada249c",
            "messageTitle": "Update UserGuide.adoc",
            "messageBody": "",
            "insertions": 1,
            "deletions": 1
          },
          {
            "hash": "24a8c1acbaa916508690d53630ce42bfc5ab7d9c",
            "messageTitle": "Update UserGuide.adoc",
            "messageBody": "",
            "insertions": 2,
            "deletions": 1
          }
        ]
      },
      {
        "insertions": 68,
        "deletions": 33,
        "date": "2019-10-03",
        "commitResults": [
          {
            "hash": "5dde05fdd80bf6f897d36a811fbd69b0efded9c7",
            "messageTitle": "Update DeveloperGuide.adoc",
            "messageBody": "",
            "insertions": 2,
            "deletions": 1
          },
          {
            "hash": "5761a6b1df6042208df2268cbc0f4b2305a9c3e2",
            "messageTitle": "Updated Value Proposition",
            "messageBody": "",
            "insertions": 1,
            "deletions": 1
          },
          {
            "hash": "744242c7166a54cf4f2bd22cd9b19831d99a6af8",
            "messageTitle": "Update DeveloperGuide.adoc",
            "messageBody": "",
            "insertions": 3,
            "deletions": 2
          },
          {
            "hash": "06f133f515dd99d3d22c6f6307ade0d41f60f777",
            "messageTitle": "Update DeveloperGuide.adoc",
            "messageBody": "",
            "insertions": 5,
            "deletions": 17
          },
          {
            "hash": "4d0d4f252f5ac0edca963ec5e051d0328589d742",
            "messageTitle": "Update DeveloperGuide.adoc",
            "messageBody": "",
            "insertions": 1,
            "deletions": 1
          },
          {
            "hash": "828365391bc79523dc2a51a742fca6c5a4e7de61",
            "messageTitle": "Update DeveloperGuide.adoc",
            "messageBody": "",
            "insertions": 14,
            "deletions": 0
          },
          {
            "hash": "d96e1ad99f5dd81a610acfdc147be07be5a05e98",
            "messageTitle": "Update DeveloperGuide.adoc",
            "messageBody": "",
            "insertions": 17,
            "deletions": 0
          },
          {
            "hash": "b4b1350945bff077e3156dc8985c3d79c24fb352",
            "messageTitle": "Update DeveloperGuide.adoc",
            "messageBody": "",
            "insertions": 1,
            "deletions": 0
          },
          {
            "hash": "165826d61290a2554adf35fdf425757978157fea",
            "messageTitle": "Update DeveloperGuide.adoc",
            "messageBody": "",
            "insertions": 16,
            "deletions": 0
          },
          {
            "hash": "36f526692aced134cd689e5abecd0c067c34dd73",
            "messageTitle": "Update DeveloperGuide.adoc",
            "messageBody": "",
            "insertions": 6,
            "deletions": 9
          },
          {
            "hash": "3c6037c61e5d5955052de2c97297e72fada8f3dc",
            "messageTitle": "Update DeveloperGuide.adoc",
            "messageBody": "",
            "insertions": 2,
            "deletions": 2
          }
        ]
      },
      {
        "insertions": 173,
        "deletions": 112,
        "date": "2019-10-09",
        "commitResults": [
          {
            "hash": "9fdfc3a4542ee1fed09dbd98948d9875d38dd245",
            "messageTitle": "Edited: MCQ Flashcard and tests",
            "messageBody": "",
            "insertions": 9,
            "deletions": 0
          },
          {
            "hash": "7092bb102661fe40d249f937a4feda94a779539d",
            "messageTitle": "Edited: MCQ Flashcard and tests",
            "messageBody": "",
            "insertions": 46,
            "deletions": 3
          },
          {
            "hash": "5700731dc6aba382f374ce5ae719487703abea6b",
            "messageTitle": "Revert \"Implemented the Responder regex for all Commands and updated AboutUs doc\"",
            "messageBody": "",
            "insertions": 2,
            "deletions": 90
          },
          {
            "hash": "671a8a0eb68ce7ac4cbdf54ecb5e374078009f72",
            "messageTitle": "Edited: deck and state",
            "messageBody": "",
            "insertions": 95,
            "deletions": 4
          },
          {
            "hash": "dce43d9c2a6e4a21b3bd7fccf1b0d383c229aa4e",
            "messageTitle": "Edit: checkstyle EOF",
            "messageBody": "",
            "insertions": 1,
            "deletions": 1
          },
          {
            "hash": "f9cddef97129f87b7687eedb72ee8b823083f8c9",
            "messageTitle": "Edited: checkstyle",
            "messageBody": "",
            "insertions": 11,
            "deletions": 6
          },
          {
            "hash": "79be057c39cb362a9a0a883178ab2d8431cd1afc",
            "messageTitle": "Edit: checkstyle",
            "messageBody": "",
            "insertions": 3,
            "deletions": 0
          },
          {
            "hash": "bf79b2371ff0c0095751695ce4b52e01200c156d",
            "messageTitle": "Edited: checkstyle",
            "messageBody": "",
            "insertions": 4,
            "deletions": 6
          },
          {
            "hash": "776ff3f7c7ee5f321bcc549b0e3b60184e9d6482",
            "messageTitle": "Edited: checkstyle",
            "messageBody": "",
            "insertions": 2,
            "deletions": 2
          }
        ]
      },
      {
        "insertions": 396,
        "deletions": 268,
        "date": "2019-10-10",
        "commitResults": [
          {
            "hash": "56e117279aa285292eaf986d0ca50ffa9ff6d25a",
            "messageTitle": "Added: edit cards functionality",
            "messageBody": "",
            "insertions": 35,
            "deletions": 0
          },
          {
            "hash": "7ad264ab049ef1fae5bd83b4501cc8757658a40d",
            "messageTitle": "Added: tests for choice edit",
            "messageBody": "",
            "insertions": 309,
            "deletions": 219
          },
          {
            "hash": "836459ac2e81c13db45a6814eb76ad201f713b24",
            "messageTitle": "Added: newline at EOF",
            "messageBody": "",
            "insertions": 1,
            "deletions": 1
          },
          {
            "hash": "1b81889167a39270c8761b4e3ec49ee921d5022a",
            "messageTitle": "Edit: checkstyle",
            "messageBody": "",
            "insertions": 16,
            "deletions": 19
          },
          {
            "hash": "5b232fb9e8669e3608397414ded208170d88ce8d",
            "messageTitle": "Edit: checkstyle",
            "messageBody": "",
            "insertions": 3,
            "deletions": 4
          },
          {
            "hash": "c4463913db7f044e784a6e1ade809072b91c59b1",
            "messageTitle": "Edit: checkstyle",
            "messageBody": "",
            "insertions": 2,
            "deletions": 2
          },
          {
            "hash": "6f288215b8b812c6b6dc827312f0b22e98fc44d9",
            "messageTitle": "Edit: checkstyle",
            "messageBody": "",
            "insertions": 1,
            "deletions": 1
          },
          {
            "hash": "ea16b424d2d89ed78b5211a920cc46f6ac1a9d6f",
            "messageTitle": "Edit: checkstyle",
            "messageBody": "",
            "insertions": 3,
            "deletions": 2
          },
          {
            "hash": "5f8a335940709754bca3a3c5c6b22aeee274cb24",
            "messageTitle": "Edit: checkstyle",
            "messageBody": "",
            "insertions": 2,
            "deletions": 2
          },
          {
            "hash": "2325dfe8c8818323c398b185d991756b18a1d068",
            "messageTitle": "Edit: checkstyle",
            "messageBody": "",
            "insertions": 1,
            "deletions": 3
          },
          {
            "hash": "7d31b2bacdede8b7c51a8f7f1021ebfd1da903bc",
            "messageTitle": "Edit: checkstyle",
            "messageBody": "",
            "insertions": 2,
            "deletions": 3
          },
          {
            "hash": "9a4e4f803605dedc7ff8ffdc309dc126d0cbc7e8",
            "messageTitle": "Edit: temporary fix for checkstyle, import order",
            "messageBody": "",
            "insertions": 15,
            "deletions": 7
          },
          {
            "hash": "bf05aea319c6a1615e66695e9aeedb993235a8fc",
            "messageTitle": "Edit: checkstyle",
            "messageBody": "",
            "insertions": 1,
            "deletions": 1
          },
          {
            "hash": "3e7e2b51a6ab8b6500ff9abc0b9832404a8e8865",
            "messageTitle": "Edit: checkstyle",
            "messageBody": "",
            "insertions": 2,
            "deletions": 1
          },
          {
            "hash": "62ad3ebe30911d2d39688da3180e36604a33e2e5",
            "messageTitle": "Edit: checkstyle",
            "messageBody": "",
            "insertions": 3,
            "deletions": 3
          }
        ]
      },
      {
        "insertions": 151,
        "deletions": 98,
        "date": "2019-10-13",
        "commitResults": [
          {
            "hash": "63fa2f48fcade7fe7035b6241f3d70124acb12f9",
            "messageTitle": "Added: MCQ choice exceptions",
            "messageBody": "",
            "insertions": 11,
            "deletions": 18
          },
          {
            "hash": "7ee72f8d2783d9f62ddaa142ae20ba22387e1a1f",
            "messageTitle": "Edit: checkstyle",
            "messageBody": "",
            "insertions": 4,
            "deletions": 1
          },
          {
            "hash": "b5d478af0433bc1ebee881be504cee6616379a1e",
            "messageTitle": "Edit: checkstyle",
            "messageBody": "",
            "insertions": 3,
            "deletions": 8
          },
          {
            "hash": "f042f66e6b79adcfe50b0d5e1ee7f8a2587f85f2",
            "messageTitle": "Edit: checkstyle",
            "messageBody": "",
            "insertions": 0,
            "deletions": 2
          },
          {
            "hash": "312ab7ccf5331769a23cce4e630983f35531f6a3",
            "messageTitle": "Edit: checkstyle",
            "messageBody": "",
            "insertions": 0,
            "deletions": 32
          },
          {
            "hash": "99c33145b082855be2312c84b7923606f4138f97",
            "messageTitle": "Added: edit card in deck",
            "messageBody": "",
            "insertions": 51,
            "deletions": 15
          },
          {
            "hash": "6e01ddfda3b2be9e857940e8f8606868cc5bcf5f",
            "messageTitle": "Added: Error messages for exception",
            "messageBody": "",
            "insertions": 4,
            "deletions": 2
          },
          {
            "hash": "8a52a4e61b466b2e014f760c04388542138cc966",
            "messageTitle": "Added: Error messages for exception",
            "messageBody": "",
            "insertions": 2,
            "deletions": 2
          },
          {
            "hash": "7a9d65cec9596147fe44814bdeb82bf989906c4d",
            "messageTitle": "Edited: MCQ Junit tests",
            "messageBody": "",
            "insertions": 3,
            "deletions": 4
          },
          {
            "hash": "70538cf94b15173528ca5bf6f628d5ac39b570ff",
            "messageTitle": "Edit: checkstyle",
            "messageBody": "",
            "insertions": 2,
            "deletions": 2
          },
          {
            "hash": "323880260950bdc740a3739f890581772bcdeb8b",
            "messageTitle": "Edit: checkstyle",
            "messageBody": "",
            "insertions": 2,
            "deletions": 1
          },
          {
            "hash": "190ecd67af8100808ba28854cd0ff904ee919e5b",
            "messageTitle": "Added: State test",
            "messageBody": "",
            "insertions": 21,
            "deletions": 0
          },
          {
            "hash": "4aac5416d79345b36fccbff85b41193b5eaaf155",
            "messageTitle": "Added: User stories",
            "messageBody": "",
            "insertions": 5,
            "deletions": 0
          },
          {
            "hash": "536b92f3ea4cbfa9fe95df6b576b73e7c765f665",
            "messageTitle": "Commented away statetest",
            "messageBody": "",
            "insertions": 5,
            "deletions": 5
          },
          {
            "hash": "60cf384d5ffa43e7e936967f1306a7af0128b653",
            "messageTitle": "Added: getter setter for card front back",
            "messageBody": "",
            "insertions": 32,
            "deletions": 0
          },
          {
            "hash": "3026fd8f9c0c71fee63256edddc5611ccb2197ee",
            "messageTitle": "Edit: checkstyle",
            "messageBody": "",
            "insertions": 6,
            "deletions": 6
          }
        ]
      }
    ]
  },
  "authorFinalContributionMap": {
    "nattanyz": 196,
    "AHaliq": 1877,
    "PhireHandy": 128,
    "shawnpunchew11": 70,
    "timothyleong97": 441,
    "huiminlim": 610
  },
  "authorFileTypeContributionMap": {
    "nattanyz": {
      "docs": 76,
      "tests": 0,
      "functional": 120
    },
    "AHaliq": {
      "docs": 4,
      "tests": 264,
      "functional": 1609
    },
    "PhireHandy": {
      "docs": 1,
      "tests": 0,
      "functional": 127
    },
    "shawnpunchew11": {
      "docs": 4,
      "tests": 0,
      "functional": 66
    },
    "timothyleong97": {
      "docs": 87,
      "tests": 84,
      "functional": 262,
      "other": 8
    },
    "huiminlim": {
      "docs": 212,
      "tests": 84,
      "functional": 314
    }
  },
  "authorContributionVariance": {
    "nattanyz": 5389.5083,
    "AHaliq": 75145.67,
    "PhireHandy": 1439.9636,
    "shawnpunchew11": 933.7715,
    "timothyleong97": 1857908.4,
    "huiminlim": 31455.822
  },
  "authorDisplayNameMap": {
    "nattanyz": "CS2103-F09-2 TAN Y ... TALIE",
    "AHaliq": "CS2103-F09-2 ABDUL ... ATIFF",
    "PhireHandy": "CS2103-F09-2 MUHAM ... ILANI",
    "shawnpunchew11": "CS2103-F09-2 SHAWN ...  CHEW",
    "timothyleong97": "CS2103-F09-2 LEONG ... MOTHY",
    "huiminlim": "CS2103-F09-2 LIM H ... I MIN"
  }
}
